???"TABLE_NAME","TABLE_COMMENT"
"ABW_ANALYSIS_RESULTS",""
"ABW_CREATE_AISLE",""
"ABW_CREATE_AISLE_HDR",""
"ACCEPTANCE_STATUS",""
"ACCESSORIAL","* Accessorial"
"ACCESSORIAL_PARAM_SET_ERRORS","* Accessorial Param Set Errors"
"ACTION_TYPE",""
"ACTIVITY_TYPE",""
"ADJUSTMENT_REASON_CONFIG","Stores data for reason codes configured at Warehouse and Business Unit ,Transaction within WM and at User access level"
"AI_MASTER","Stores the Application Identifier (AI) definitions. Data is this table is pre-defined and shipped to customer as static data. AI is used as a differentiator in barcodes to identify which article the barcode refers to"
"AI_TRAN_CONFIG","AI?s can be configured at a transaction level in the AI_TRAN_CONFIG.  This will define how each transaction will use each piece of data from the barcode.  The barcode is currently supported in the receiving, pack case and cycle counting RF transactions"
"ALLOC_INVN_DTL","This table contains the output of allocation.  This stores which inventory (case # or locn id) that was allocated, how much (Qty_Alloc) and why (Int)"
"ALLOC_PARM","This table defines allocation paramaters for a specific Inventory Need Type (INT) and task priority  (i.e. different priorities of replenishment may have different values in this table).  These alloca"
"APPLICATION_CONFIGURATION","USed for Application configuration"
"APPOINTMENT_REPORT","Appointment Report data will be stored"
"APPOINTMENT_TYPE",""
"APPT_OBJECT_FEASIBLE_APPT","Defines about the appointment feasibility"
"APPT_OBJECT_INFEASIBLE_APPT","Stores feasible appointment and times for planning"
"APPT_OBJECT_PK","Stores primary key for the tables which are used in appointment report"
"APPT_OBJECT_SLOT_GROUP_SLOT","Different slot groups for slot in a appointment set up"
"APPT_SETUP_UPLOAD","Used to set up the Priority, Total capacity, Appointment Slot and Slot groups and Rate exceptions"
"APPT_UPLOAD_STATUS","Static table for storing status values"
"APPT_UPLOAD_TYPE","Static data - Daily Capacity, Total Capacity, Priority Setup, Infeasibility Setup"
"APP_SERVER_STATUS","Table to store the heartbeat or health of applications"
"AP_ALERT","It is used for capturing all the alerts generated during YM transactions"
"AP_ALERT_ACTIVITY_DETAILS",""
"AP_ALERT_ARGS",""
"AP_ALERT_DEF",""
"AP_ALERT_DEF_LCLZD_MSG",""
"AP_ALERT_DEF_NOTIFICATION","Captures to whom the notification alert email has to be sent "
"AP_ALERT_DEF_USER_GROUP_MAP",""
"AP_ALERT_ESCALATION_DETAILS",""
"AP_ALERT_OBJECTS",""
"AP_SYSTEM_ALERT_DEF",""
"AR_ACCT","This describes the information necessary to provide ""Customer Master"" -type details in required tags of various XML schemas."
"AR_ACCT_DTL","Describes the information necessary to provide ""Customer Master"" -details required for various XML schemas."
"ASN","Stores ASN (Advanced LOAD Notice) Objects - header"
"ASN_ATTRIBUTE","Custom attributes for the ASN object."
"ASN_COMMUNICATION_METHOD",""
"ASN_DETAIL","Stores ASN (Advanced Shipment Notice) Objects - detail"
"ASN_DETAIL_ATTRIBUTE","Custom attributes for the ASN detail object."
"ASN_DETAIL_GS1",""
"ASN_DETAIL_REF",""
"ASN_DETAIL_STATUS","Status codes for asn_detail"
"ASN_EVENT","Audited ASN events."
"ASN_LEVEL","Static values to define ASN type."
"ASN_NOTE","Holds comments for the ASN object."
"ASN_RECEIVED_CODES",""
"ASN_REF",""
"ASN_SEAL_NUMBER","Stores multiple seal #s for an ASN. Added for ILS integration"
"ASN_STATUS",""
"ASN_TYPE",""
"ASN_UNIT_DETAIL","Stores the unit level receiving condition information"
"ATTRIBUTE_DETAIL",""
"AUDIT_FIELD_NAME",""
"AUTOMATION",""
"AUTO_CREATE_RULE",""
"A_IN_EXCEL",""
"A_IN_EXCEL_WHSE",""
"BASEDATA_LOG",""
"BASE_ACTIVITY_TYPE",""
"BASE_DATA_DELTA","For use by Babylon, this table holds the output of a series of triggers designed to detect when certain data has changed with respect to this application's integration with Order Streaming."
"BASIC_QUARTZ_CONFIG",""
"BATCH_HIST_SHIP","Belongs to the Batch_Master set of tables. Used to track shipping history of Lots"
"BATCH_HIST_STAT","Belongs to the Batch_Master set of tables. Used to track shipping statistics of Lots"
"BATCH_HIST_WORK_ORD","Belongs to the Batch_Master set of tables. Used to track shipping statistics of Lots"
"BATCH_MASTER","Keeps a record of Lots or Batches in WM inventory as well as their characteristics "
"BAY_TYPES",""
"BAY_TYPE_LEVEL",""
"BEAN_VALIDATOR",""
"BINDING_DETAILS",""
"BINDING_TYPE",""
"BINS",""
"BIN_XREF",""
"BOL_OUTPT_CARR_INFO","This table is used to store the carrier information section in BOL"
"BOL_OUTPT_CUST_ORD","This table is used to store the customer order information in BOL"
"BOL_OUTPT_SHPMT_ATTR","This table is used to store the shipment attribute details for BOL reports"
"BOL_OUTPT_STOP_ATTR","This table is used to store the Stop attribute details for BOL reports"
"BOOKING_ACTION",""
"BORROWING",""
"BP_RESTRICTION","stores the restricted attributes for vendor"
"BRCD_STRUCT","Defines the valid barcode characteristics (length, prefix, etc.) for different entities like ASN, LPN, etc"
"BROKEN_CONSTRAINTS",""
"BR_ADDL_ITEMS",""
"BR_DETAIL",""
"BR_HEADER",""
"BR_TARGET",""
"BUNDLE_META_DATA","Resource bundle meta data table. This table is used to identify whether a resource bundle is DB based or not."
"BUSINESS_GROUP",""
"BUSINESS_ORDER_MAPPING","TABLE TO STORE BUSINESS ORDER MAPPING  DATA"
"CALENDAR_DTL",""
"CALLOUT_EVENT","CALLOUT_EVENT"
"CALLOUT_MAPPING","CALLOUT_MAPPING"
"CALLOUT_SCRIPT","CALLOUT_SCRIPT"
"CARRIER_BILLING_METHODS",""
"CARRIER_CODE_NOTE",""
"CARRIER_INVOICE_MASK",""
"CARRIER_RGLANE_REJECT","Routing Lane Shipment Tender Rejection information of the Carrier"
"CART_PLAN","This setup is used in the pick cart planning of the picking process which generates tasks for the pickers to execute. This table stores the cart plans used in the planning process "
"CASE_LOCN_FIT",""
"CATEGORY",""
"CAT_CODE",""
"CD_MASTER","Stores a list of Companies"
"CD_MASTER_DTL","Stores a list of attributes used by WM for Company level configuration"
"CFMF_STATUS",""
"CHANNEL_TYPE","CHANNEL_TYPE reference table"
"CHECK_DIGIT_TYPE",""
"CHUTE_ASSIGN_PRTY","Defines the priorities for chute assignment for a given Chute Assignment Type"
"CHUTE_MASTER","Contains a list of all available chutes"
"CLAIM_ACTION_CODE",""
"CLAIM_ACTION_TYPE",""
"CLAIM_CATEGORY",""
"CLAIM_CLASSIFICATION",""
"CLAIM_PARAMETER",""
"CLAIM_SYSTEM_ACTION_CODE",""
"CLAIM_TYPE",""
"CLASSIFICATION_CODE","Stores Classification Code Entries"
"CL_ALERT","Internal table. Core language services."
"CL_CLUSTER","Internal table. Core language services."
"CL_CONNECT_MODE",""
"CL_CONNECT_WHEN",""
"CL_CONTROL_FILE_FORMAT",""
"CL_CONTROL_FILE_OPTION",""
"CL_CONVERSATION","Internal table. Core language services."
"CL_CRON","Internal table. Core language services."
"CL_CRON_GROUP","Internal table. Core language services."
"CL_DATA_ENCODING",""
"CL_DATA_FORMAT",""
"CL_DATA_TRANSFER",""
"CL_DIRECTION",""
"CL_DISCONNECT_WHEN",""
"CL_DRIVER","Internal table. Core language services."
"CL_DRIVER_INTERCEPTOR","Internal table. Core language services."
"CL_ENABLE_OPTION",""
"CL_ENDPOINT","Internal table. Core language services."
"CL_ENDPOINT_EXT",""
"CL_ENDPOINT_QUEUE","Internal table. Core language services."
"CL_ENDPOINT_QUEUE_HISTORY","Internal table. Core language services."
"CL_ENDPOINT_STATUS_DETAIL","Holds Information about End Point Status Detail"
"CL_ENGINE","Internal table. Core language services."
"CL_ENGINE_CONFIG",""
"CL_ENGINE_GROUP","Internal table. Core language services."
"CL_ENGINE_GROUP_XREF","Internal table. Core language services."
"CL_EVENT_MASTER","Internal table. Core language services."
"CL_EVENT_PUBLICATION","Internal table. Core language services."
"CL_EVENT_SUBSCRIPTION","Internal table. Core language services."
"CL_EXTENDED_CONFIGURATION","Internal table. Core language services."
"CL_FAILOVER_TRACKING","Internal table. Core language services."
"CL_FRAMING_STYLE",""
"CL_FTP_CONNECT_MODE",""
"CL_HEARTBEAT_TYPE",""
"CL_HTTP_GROUP","Internal table. Core language services."
"CL_HTTP_HEADER","Internal table. Core language services."
"CL_INTERCEPTOR","Internal table. Core language services."
"CL_MACHINE","Internal table. Core language services."
"CL_MACHINE_XREF","Mapping data between CL_CLUSTER and CL_MACHINE"
"CL_MESSAGE","Internal table. Core language services."
"CL_MESSAGE_HISTORY","Internal table. Core language services."
"CL_MESSAGE_KEYS","Internal table. Core language services."
"CL_MESSAGE_KEYS_HISTORY","Internal table. Core language services."
"CL_MESSAGE_STATUS",""
"CL_PRIORITY",""
"CL_PROTOCOL",""
"CL_PROTOCOL_FILE","Internal table. Core language services."
"CL_PROTOCOL_FTP","Internal table. Core language services."
"CL_PROTOCOL_HTTP","Internal table. Core language services."
"CL_PROTOCOL_JMS",""
"CL_PROTOCOL_MQS","Internal table. Core language services."
"CL_PROTOCOL_RFID1","Internal table. Core language services."
"CL_PROTOCOL_TCP","Internal table. Core language services."
"CL_PROTOCOL_TCPMUX","Internal table. Core language services."
"CL_PROTOCOL_UDP","Internal table. Core language services."
"CL_SEQUENCE","Internal table. Core language services."
"CL_SERVER_CONFIG","Contains an entry for each DIF instance"
"CL_SERVER_TYPE",""
"CL_SIZE_ENCODING",""
"CL_SIZE_SCOPE",""
"CL_SOURCE_FILE_OPTION",""
"CL_STATUS",""
"CL_TRANSFER_TYPE",""
"CL_VOCO_CONFIG",""
"CM_DATA_LOAD_RUNS","* Cm Data Load Runs"
"CNFG_FRAME_MASTER","Internal table. Configuration tool."
"CNFG_SCRN_FRAME","Internal table. Configuration tool."
"CNFG_SCRN_MASTER","Internal table. Configuration tool."
"CNSTR_DTL",""
"CNSTR_GRP",""
"CNSTR_MULT_LOC",""
"CNSTR_RACK_LEVEL",""
"CNTR_TYPE",""
"CNT_INVN_DTL","Table used to store details of inventory counted. Couting process - Both Physical and Cycle count use this table"
"CNT_INVN_HDR","Table used to store details of inventory counted. Couting process - Both Physical and Cycle count use this table"
"CNT_INVN_SRL_NBR","Table used to store details of inventory counted with serial numbers. Couting process - Both Physical and Cycle count use this table"
"COGI_DETAIL",""
"COLM_MASTER","Internal reference table"
"COLOR_CODE_DTL",""
"COLOR_CODE_HDR",""
"COMMENT_TYPE",""
"COMPANY_OPT_ENGINE","list of the engines to which this shipper has access"
"COMPANY_PARAMETER",""
"COMPANY_REF",""
"COMPOSITE_SERVICE_ARGS",""
"COMPOSITE_SERVICE_REPOSITORY",""
"CONDITION_TYPE",""
"CONFIG_TOOL_DEPENDENT_STEPS","Contains a list of steps in the Configuration Wizards that are dependent upon the configuration contained in other steps"
"CONFIG_TOOL_DTL","Contains the steps contained in the Configuration Wizards"
"CONFIG_TOOL_HDR","Contains a list of Configuration Wizards"
"CONFIG_TOOL_PREF_ANSWER","Contains a list of Answers to Questions contains in the Configuration Wizards"
"CONFIG_TOOL_PREF_DISABLED_STEP","Contains information on steps that are marked as 'Not Required' depending on an answer provided in the Preferences section"
"CONFIG_TOOL_PREF_QUESTION","Contains a list of Questions contained in the Configuration Wizards"
"CONSTEMP_SCHED_EVENT","CONSTEMP_SCHED_EVENT"
"CONSTEMP_SCHED_EVENT_HISTORY","CONSTEMP SCHED EVENT HISTORY"
"CONSTRAINTS",""
"CONSTRAINT_FILTER_MIGR","Table to store old filter constraints that needed to be deleted as a part of the 2016 to 2017 slotting upgrade"
"CONS_ORDER_PATH","CONS_ORDER_PATH"
"CONS_REGION",""
"CONS_RUN","Routing Run IDs"
"CONS_RUN_DTL","Routing Run Details are added"
"CONS_RUN_DTL_TYPE","CONS_RUN_DTL_TYPE"
"CONS_TEMPLATE"," Routing Run Templates created"
"CONTACT_FILTER_MAP",""
"CONTAINER_TYPE",""
"CONTEXT_REPO","maintains the context information of SOAP calls"
"COST_TYPE_CBO",""
"CREATION_TYPE",""
"CREDIT_CARD_TYPE","CREDIT CARD TYPE reference table"
"CRON_JOB","This table takes care of running batch jobs in back end using specific commands and input parameters"
"CRON_JOB_HISTORY","This table is used to track History of Jobs run through CRON_JOB table"
"CROSSREF",""
"CS_EXECUTION_CONFIG_CONTEXT",""
"CS_EXE_NOTIFICATION_PARAMS",""
"CUSTOMER_CONTACT",""
"CUSTOMER_CREDIT_LIMIT",""
"CUSTOMER_DOC_DELIVERY_DTL",""
"CUSTOMER_LETTER_OF_CREDIT",""
"CUSTOMIZE_VIEW_TYPE",""
"CUSTOM_BEHAVIORAL_DETAIL",""
"CUSTOM_BEHAVIORAL_VIEW",""
"CUSTOM_BINDING_DETAILS",""
"CUSTOM_DISPLAY",""
"CUSTOM_DISPLAY_DATATYPE",""
"CUSTOM_DISPLAY_DETAIL",""
"CUSTOM_DISPLAY_FIELD",""
"CUSTOM_DISPLAY_FIELD_ATTRIB",""
"CUSTOM_DISPLAY_FIELD_PERMIS",""
"CUSTOM_DISPLAY_OPT_TABLES",""
"CUSTOM_DISPLAY_TYPE",""
"CUSTOM_FIELD","This TABLE holds THE DATA related TO a custom field IN THE panel associated WITH CUSTOM_PANEL_ID"
"CUSTOM_FILTER_LAYOUT",""
"CUSTOM_FRAGMENT","This TABLE holds THE DATA related TO a custom page fragment IN THE PARENT page fragment/page associated WITH PARENT_CUSTOM_FRAGMENT_ID/ CUSTOM_PAGE_ID"
"CUSTOM_LISTENER",""
"CUSTOM_OPERATOR","Internal reference table"
"CUSTOM_OPERATOR_TYPE","Internal reference table"
"CUSTOM_PAGE","This TABLE holds THE DATA related TO a custom page"
"CUSTOM_PAGE_INFO","This TABLE holds THE information about THE page"
"CUSTOM_PANEL","This TABLE holds THE DATA related TO a custom panel IN THE PARENT panel/page fragment/page associated WITH PARENT_CUSTOM_PANEL_ID / CUSTOM_FRAGMENT_ID / CUSTOM_PAGE_ID"
"CUSTOM_QUICK_FILTER_LAYOUT",""
"CUSTOM_REPORT_FILTER_LAYOUT","CUSTOM_REPORT_FILTER_LAYOUT table denotes an attribute for a report type (see REPORT_DEF_ID column)."
"CUSTOM_STYLE_VIEW",""
"CUSTOM_USER_ROLE_MAPPING",""
"CUSTOM_VIEW_UIATTR",""
"CUSTOM_VIEW_UIATTR_LOG","Internal reference table"
"CUSTOM_WINDOW_FORMAT","Table describes any customized views of standard PkMS GUI forms"
"CUST_INV_SCHED_CONFIG","* Cust Inv Sched Config"
"CUST_INV_SCHED_CONFIG_DTL","* Cust Inv Sched Config Dtl"
"CW",""
"CYCLE_COUNT_TRIG","Predefined cycle count triggers are stored here. Cycle count trigger codes are used to initiate cycle counts on suspect locations."
"C_ASN",""
"C_ASN_ATTRIBUTE",""
"C_ASN_DETAIL",""
"C_ASN_NOTE",""
"C_ASRS_STATUS",""
"C_CARTON_DTL",""
"C_CARTON_HDR",""
"C_GSP_NBR_TRKG",""
"C_GSP_NBR_TRKG_BAK",""
"C_GSP_NBR_VLDG",""
"C_GUI_SESSION",""
"C_ORDERS",""
"C_ORDERS_ASN_CANCEL",""
"C_ORDER_ATTRIBUTE",""
"C_ORDER_LINE_ITEM",""
"C_ORDER_NOTE",""
"C_OSR_REQUEST",""
"C_OSR_STORAGE",""
"C_QI_INSPECTION",""
"C_QI_INSPECTION_BAK0707",""
"C_RFDTPD_ALL",""
"C_RFDTPD_ALL_BAK",""
"C_RFPD_ALL",""
"C_RFPD_ALL_BAK",""
"C_SPL_LEAN_REPL_TASK",""
"C_TMP_PICKING_INVN",""
"C_WEBSERVICE_MSG",""
"C_WEBSERVICE_MSG_ERROR",""
"DAILY_UTILIZATION","* Daily Utilization"
"DATASOURCE","Internal reference table"
"DATASOURCE_SOA","Internal reference table"
"DATASOURCE_SQL","Internal reference table"
"DATASOURCE_SQL_CONNECTION","Internal reference table"
"DATASOURCE_STOREDPROCEDURE","Internal reference table"
"DATASOURCE_TEXT","Internal reference table"
"DATA_LOADER_LISTENER",""
"DATA_LOADER_MESSAGE_TYPE","Stores Data Loader message types"
"DATA_LOADER_UPLOAD_LOG",""
"DATA_SOURCE","* Data Source"
"DATA_TYPE",""
"DATE_TYPE",""
"DAY_OF_WEEK_CBO",""
"DAY_OF_WEEK_OCCURANCE_CBO",""
"DB_BUILD_HISTORY",""
"DB_CR_HISTORY","Table is used to store all the addressed 2014 DB tickets from WIP files"
"DB_LISTENER",""
"DD_TRAN_LOG_ID_GTT",""
"DEBUG_SETUP","* Debug Setup"
"DEBUG_SQL","* Debug Sql"
"DELIVERY_AREA_SURCHARGE_TYPE",""
"DELIVERY_CHANNEL",""
"DELIVERY_METHOD",""
"DELIVERY_REQ",""
"DEP_ACCESSORIAL_CODE_MAP","* Dep Accessorial Code Map"
"DESTINATION","Not Used."
"DESTINATION_SYSTEM",""
"DHL_POSTAL_CODE","* Dhl Postal Code"
"DHL_SERVICE_LEVEL","* Dhl Service Level"
"DHL_TRANSIT_TIME","* Dhl Transit Time"
"DIRECTION",""
"DISPATCH_STATUS",""
"DISPOSITION_TYPE","Disposition types are used to control behavior of WM during pre-receipt allocation processing and LPN disposition processing of LPNs, A disposition type controls allocation type, disposition determination method, labels, MHE message generation options"
"DISTRIBUTION_LIST",""
"DISTRIB_LIST_MEMBER",""
"DISTRIB_LIST_MEMBER_DL",""
"DIVRT_HIST","Material Handling Equipment (MHE) table that holds  historical information of diverts."
"DOCK_DOOR_AVAIL_DATE","Not Used."
"DOCK_DOOR_AVAIL_DAY","Not Used."
"DOCK_DOOR_AVAIL_SCHED","Not Used."
"DOCK_DOOR_MASTER","Not Used."
"DOCK_DOOR_REF","Table created for WM-YM Decoupling - 2013 enhancement MACR0074-7678/8091 Remove Appt requirement"
"DOCK_RATE_TYPE",""
"DOCUMENT",""
"DOCUMENT_DESCRIPTOR",""
"DOCUMENT_EVENT_TYPE",""
"DOCUMENT_FORMAT_TYPE",""
"DOCUMENT_GENERATOR_TYPE",""
"DOCUMENT_MANAGEMENT",""
"DOCUMENT_STATUS",""
"DOCUMENT_TYPE",""
"DOC_DELIVERY",""
"DOC_DELIVERY_DTL",""
"DOC_STATUS",""
"DOC_TYPE",""
"DO_LINE_CLASSIFICATION_CODE","Stores Classification Code for DISTRIBUTION ORDER"
"DO_LINE_CLS_CODE_TEMPLATE","Stores Classification Code for DISTRIBUTION ORDER TEMPLATE Table"
"DO_LINE_WMPROCESSINFO",""
"DO_STATUS",""
"DO_TYPE",""
"DO_WMPROCESSINFO",""
"DRIVER",""
"DRIVER_CALENDAR_MAP",""
"DRIVER_DOMICILE",""
"DRIVER_PREFERENCE",""
"DRIVER_SCHED_EXCEPTION",""
"DRIVER_SCHED_EXC_TYPE",""
"DRIVER_SHIPMENT","An additional table that is used by PoD when it receives an XML message assigning a driver to a shipment"
"DRIVER_TRAVEL_INFO",""
"DROPOFF_PICKUP",""
"DSP_DISPATCH_TYPE",""
"DSP_DR",""
"DSP_DR_CONFIGURATION",""
"DSP_DR_PARAMETER",""
"DSP_DR_PARAMETER_SET",""
"DSP_DR_SET",""
"DSP_DR_TYPE",""
"DT_CACHE2","* Dt Cache2"
"DT_CALCULATOR",""
"DT_OVERRIDE","Distance Time Overrides"
"DT_OVERRIDE_DETAIL","Details of  Distance Time Overrides"
"DT_OVERRIDE_STATE_TAX","* Dt Override State Tax"
"DT_OVERRIDE_WINDOW","Window information of Distance Time Overrides"
"DT_PARM_LIST",""
"DT_PARM_LIST_DTL",""
"DWM_ACTOR_SYSTEM",""
"DWM_WORK_EVENT_LOG",""
"DWM_WORK_REQUEST",""
"DWM_WORK_REQUEST_ERROR",""
"DWM_WORK_TYPE_ACTOR_SYS_MAP",""
"DWM_WORK_TYPE_CONFIG",""
"DYNAMICCONTROL",""
"DYNAMIC_CONTROL_FIELDS",""
"DYNAMIC_CONTROL_INFO",""
"DYNAMIC_ROUTE","Route configuration. This table is used to store dynamic routes."
"DYNAMIC_ROUTE_DETAIL","Route configuration. This table is used to store dynamic routes."
"EC_CONSUMER","EC_CONSUMER"
"EC_CONSUMER_MSG_TYPE","EC_CONSUMER_MSG_TYPE"
"EC_MESSAGE","EC_MESSAGE"
"EC_MESSAGE_CONSUMER","EC_MESSAGE_CONSUMER"
"EDI_XREF","Table for configuring EDI Xref"
"EMPLOYEE",""
"EMP_OVLP_TRACKING_REPORT_TABLE","defines the columns for the event overlap tracking report"
"EMP_TRACKING_REPORT_TABLE","The Employee tracking report is using this table."
"EMP_TRACKING_REPORT_TABLE_COG","The Employee tracking report is using this table."
"ENGINE_INPUT_PARM","Stores engine input parameters"
"ENGINE_LOG_PARM","Stores engine log"
"ENGINE_OUTPUT_PARM","Stores engine output configuration "
"ENTERPRISE","Not Used."
"ENTERPRISE_MASTER","Enterprise level flags and configurations."
"EPI_END_OF_DAY","new table for End of Day process aka close manifest"
"EPI_END_OF_DAY_SERVICE_LEVEL","Table to store the service levels for which EPI EOD is performed"
"EPI_TRANSACTION_LOG","TABLE TO STORE EPI TRANSACTION LOG."
"EQUIPMENT_CUS_REF_FIELDS","Not used by WM"
"EQUIPMENT_NOTE",""
"EQUIPMENT_OVERFLOW",""
"EQUIP_CURR_DOMICILE",""
"EQUIP_INSTANCE_CURR_DOMICILE",""
"EQUIP_INST_SCHED_PLANNED",""
"EQUIP_INST_SCHED_TYPE",""
"ERP_PIX_CROSSREF",""
"ERR$_GEN605_LPN_CATCH_WT_GTT","DML Error Logging table for ""GEN605_LPN_CATCH_WT_GTT"""
"ERR$_GEN605_LPN_LOCK_GTT","DML Error Logging table for ""GEN605_LPN_LOCK_GTT"""
"ERR$_GEN605_PIX_TRAN_GTT","DML Error Logging table for ""GEN605_PIX_TRAN_GTT"""
"ERR$_GEN605_PKT_DTL_GTT","DML Error Logging table for ""GEN605_PKT_DTL_GTT"""
"ERR$_GEN605_SKU_ATTR_GTT","DML Error Logging table for ""GEN605_SKU_ATTR_GTT"""
"ERR$_GEN605_SKU_GTT","DML Error Logging table for ""GEN605_SKU_GTT"""
"ERR$_GEN605_SRL_NBR_TRACK_GTT","DML Error Logging table for ""GEN605_SRL_NBR_TRACK_GTT"""
"ERR$_GEN605_WM_INVENTORY_GTT","DML Error Logging table for ""GEN605_WM_INVENTORY_GTT"""
"ERR$_ITEM_HISTORY","DML Error Logging table for ""ITEM_HISTORY"""
"ERR$_LPN","DML Error Logging table for ""LPN"""
"ERR$_LPN_CATCH_WEIGHT","DML Error Logging table for ""LPN_CATCH_WEIGHT"""
"ERR$_LPN_DETAIL","DML Error Logging table for ""LPN_DETAIL"""
"ERR$_MANH_BRIDGE_SUMMARY","DML Error Logging table for ""MANH_BRIDGE_SUMMARY"""
"ERR$_MSG_LOG","DML Error Logging table for ""MSG_LOG"""
"ERR$_ORDERS","DML Error Logging table for ""ORDERS"""
"ERR$_ORDER_LINE_ITEM","DML Error Logging table for ""ORDER_LINE_ITEM"""
"ERR$_OUTPT_DELV_NOTIFICATION","DML Error Logging table for ""OUTPT_DELV_NOTIFICATION"""
"ERR$_OUTPT_LPN","DML Error Logging table for ""OUTPT_LPN"""
"ERR$_OUTPT_LPN_CATCH_WEIGHT","DML Error Logging table for ""OUTPT_LPN_CATCH_WEIGHT"""
"ERR$_OUTPT_LPN_DETAIL","DML Error Logging table for ""OUTPT_LPN_DETAIL"""
"ERR$_OUTPT_LPN_MINOR_SL_NBR","DML Error Logging table for ""OUTPT_LPN_MINOR_SERIAL_NBR"""
"ERR$_OUTPT_LPN_SERIAL_NBR","DML Error Logging table for ""OUTPT_LPN_SERIAL_NBR"""
"ERR$_OUTPT_ORDERS","DML Error Logging table for ""OUTPT_ORDERS"""
"ERR$_OUTPT_ORDER_LINE_ITEM","DML Error Logging table for ""OUTPT_ORDER_LINE_ITEM"""
"ERR$_OUTPT_ORDER_LN_ITEM_SIZE","DML Error Logging table for ""OUTPT_ORDER_LINE_ITEM_SIZE"""
"ERR$_OUTPT_SHIPMENT_RETN","DML Error Logging table for ""OUTPT_SHIPMENT_RETN"""
"ERR$_PIX_SUMM","DML Error Logging table for ""PIX_SUMM"""
"ERR$_PIX_TRAN","DML Error Logging table for ""PIX_TRAN"""
"ERR$_PKT_CONSOL_LOCN","DML Error Logging table for ""PKT_CONSOL_LOCN"""
"ERR$_RESV_LOCN_HDR","DML Error Logging table for ""RESV_LOCN_HDR"""
"ERR$_SLOT_ITEM","DML Error Logging table for ""SLOT_ITEM"""
"ERR$_SRL_NBR_TRACK","DML Error Logging table for ""SRL_NBR_TRACK"""
"ERR$_SRL_PIX_TRAN","DML Error Logging table for ""SRL_PIX_TRAN"""
"ERR$_TMP_INVC_LPN_LIST","DML Error Logging table for ""TMP_INVC_LPN_LIST"""
"ERR$_TMP_INVC_LPN_MASTR_LIST","DML Error Logging table for ""TMP_INVC_LPN_MASTR_LIST"""
"ERR$_TMP_INVC_ORIG_OLI","DML Error Logging table for ""TMP_INVC_ORIG_OLI"""
"ERR$_TMP_REFACTORED_LPN_DTLS","DML Error Logging table for ""TMP_REFACTORED_LPN_DTLS"""
"ERR$_WM_INVENTORY","DML Error Logging table for ""WM_INVENTORY"""
"ERROR_LOG",""
"ERROR_LOG_ARGS",""
"ERROR_MESSAGE","Static: Defines the system error messages"
"ERROR_TYPE",""
"ER_COLUMNS","All the tables which are supported for E-Signature transactions"
"ER_TABLES","All the columns which are supported for E-Signature transactions"
"ESC_RESULT_GSP",""
"EVENT_ARACCT","Describes whether a particular event is enabled for a warehouse/ AR Account combination"
"EVENT_CATEGORY",""
"EVENT_HANDLER",""
"EVENT_LOG",""
"EVENT_MESSAGE","Event message is used to write out messages that can be sent to other systems asynchronously. For eg, if infolink needs to know that a carton is packed, we write a message record in this table. SendMe"
"EVENT_MESSAGE_HISTORY","Event message is used to write out messages that can be sent to other systems asynchronously. For eg, if infolink needs to know that a carton is packed, we write a message record in this table. SendMe"
"EVENT_PARM","This table will be used to define Rule based Events"
"EVENT_RULE_ATTRIB","This defines, if rule is required or not and to determine the sequence in which it is displayed in the list"
"EVENT_RULE_PARM","This table is used as an extension to the Task Rule Parm to capture additional parms for the Recall Inventory function. This table has an optional one-to-one relationship with the Task Rule Parm and s"
"EVENT_SEVERITY",""
"EXCEL_IMPORT_DETAILS",""
"EXCEL_MESSAGE_TYPE",""
"EXCEPTIONS",""
"EXCLUDE_TABLE","Not Used."
"EXE_NOTIFICATION_TYPES",""
"EXPT_W17_ASN",""
"EXPT_W17_COMPANY",""
"EXPT_W17_FACILITY",""
"EXPT_W17_ITEM",""
"EXPT_W17_ORDERS",""
"EXTERNAL_RESOURCE",""
"EXTERNAL_RESOURCE_TYPE",""
"EXTERNAL_TRACKING_ORDERS","For tracking external orders"
"E_ACT","Stores warehouse speciifc activity records"
"E_ACT_ELM","Stores activity element assignment"
"E_ACT_ELM_CRIT","Stores activity element criteria assignment"
"E_ACT_ELM_FCT","Sores activity element factor assignment"
"E_ACT_ELM_FCT_CRIT","Stores activity element factor-criteria assignment"
"E_ACT_ELM_HIST","Holds the history of changes made to E_ACT_ELM table due to MLS copy functions."
"E_ACT_ELM_PFD","Stores activity element pf&d assignment"
"E_ACT_HIST","Holds the history of changes made to E_ACT table due to MLS copy functions."
"E_ASN_DTL","Table not being used"
"E_ASN_HDR","Table not being used"
"E_AUD_LOG","Stores transaction audit log information"
"E_AUD_LOG_FACTOR","Stores factor audit lof information"
"E_AUD_LOG_TRVL","Stores travel audit log"
"E_AVG_CALCS","Stores average performance by job function"
"E_AVG_ESP","Stores average employee performance based on SAM"
"E_AVG_HRLY_LABOR_COST_RATE","Stores average hourly labor cost rate"
"E_AVG_PICKING","Stores average picking time by activity"
"E_COND_ACCESS_DIST","Stores vehicle conditional access distance information"
"E_CONSOL_PERF_SMRY","Stores consolidated performance summary of employees"
"E_CRIT_VAL","Stores criteria values"
"E_DAY_CODE","Stores day codes"
"E_DEPT","Stores department codes"
"E_DTL_CRIT_MSG_LOG","Table not being used"
"E_DYN_ACT","Dynamic activity"
"E_DYN_ACT_RULE","To create rule for Dynamic Activity"
"E_DYN_ACT_RULE_CONDITION","To give the condition and statements for dynamic activity rule"
"E_ELM","Stores elements"
"E_ELM_CRIT","Stores element criteria assignment"
"E_ELM_FCT","Stores element factor assignment"
"E_ELM_FCT_CRIT","Stores element factor-criteria assignment"
"E_ELM_HIST","Stores elements"
"E_ELM_PFD","Stores element pf&d assingment"
"E_ELS_LAP","Table for storing each observation details"
"E_ELS_NOTES","Table for storing work standard observation notes"
"E_ELS_VALIDATE","Table for storing work standard values"
"E_EMP_ABSENT","Stores employee absence period information"
"E_EMP_DTL","Stores employee status records"
"E_EMP_HDR","Table for storing Employee images"
"E_EMP_INC","Stores employee incentive pay information"
"E_EMP_INC_PAY","Stores employee incentive pay configuration"
"E_EMP_JF_WORK","Used for tracking employee performance goal by job function"
"E_EMP_JF_WORK_DTL","Used for tracking employee performance goal by job function"
"E_EMP_METRICS","This stores the employee and the list of associated metrics for which the employee is subscribed."
"E_EMP_METRIC_DTL","Employee Scorecard data"
"E_EMP_METRIC_HDR","Employee scorecard Metric names with threshold values"
"E_EMP_PAY","Stores employee payroll information"
"E_EMP_PAY_OVERRIDE","Stores employee pay override information"
"E_EMP_PERF_GOAL","Stores employee performance goals"
"E_EMP_PERF_SMRY","Stores employee performance summary information by clock in/out sessions"
"E_EMP_REFLECT_STD","Stores employee reflective standard assignment"
"E_EMP_REFLECT_STD_CONFIG","Stores employee reflective standard configuration"
"E_EMP_SAFE","Stores employee safety information"
"E_EMP_STAT_CODE","Stores employee status code configuration"
"E_EMP_SUBSCRIPTION_LOG","This is a history table that stores all the subscription and un-subscription requests along with the notification information that are sent to an employee as an audit information"
"E_EMP_TRAIN_OVERRIDE","Stores employee training details"
"E_EMP_WHSEDAY","Table not being used"
"E_ENGINE_OUTPUT_MSG","Stores 535 messages"
"E_ERROR_LOG","Stores error logs"
"E_ERROR_LOG_DTL","Table not being used"
"E_EVNT_ADJ_CODE","Stores event adjustment codes"
"E_EVNT_ADJ_SMRY","Stores event adjustment summary header"
"E_EVNT_ADJ_SMRY_DTL","Stores event adjustment summary details"
"E_EVNT_CTGRY","Stores event category configuration"
"E_EVNT_SMRY_ELM_DTL","Stores element level detail for event messages"
"E_EVNT_SMRY_HDR","Stores event summary for all incoming events for employees"
"E_EVNT_STAT_CODE","Stores the different event status codes"
"E_EVNT_TEMPL_ACT","Stores activities selected for the event template"
"E_EVNT_TEMPL_CRIT","Stores criteria for the activities selected for the event template"
"E_EVNT_TEMPL_HDR","Stores event template header"
"E_EVNT_TEMPL_UOM","Stores UOMs for the activities selected for the event template"
"E_FAC_PERF_GOAL","Stores facility performance goals"
"E_FCT","Stores factor values"
"E_FCT_CRIT","Stores factor criteria assignment"
"E_FORECAST_PROC_ZONE","Stores forecast template UOM and job function process zone configuration for Labor Forecasting"
"E_FORECAST_PROC_ZONE_DTL","Stores forecast template process zone configuration detail for Labor Forecasting "
"E_FORECAST_RESULT_DTL","Stores the Labor Forecast result detail level information"
"E_FORECAST_RESULT_HDR","Stores the Labor Forecast result header level information"
"E_FORECAST_TEMPLATE","Stores forecast template configuration for Labor Forecasting "
"E_FORECAST_TEMPLATE_DAYS","Stores forecast template configuration for Labor Forecasting for specific forecast dates"
"E_FORECAST_TEMPLATE_EMP_STATUS","Stores eligible employee statuses selected from the Labor Forecast template"
"E_FORECAST_TEMPLATE_SHIFTS","Stores forecast template configuration for Labor Forecasting for specific shifts"
"E_FORECAST_WORKFLOW","Stores workflow configuration header for Labor Forecasting "
"E_FORECAST_WORKFLOW_DTL","Stores workflow configuration detail for Labor Forecasting "
"E_FOUR_WALL","Stores four wall data"
"E_HDR_CRIT_MSG_LOG","Table not being used"
"E_HIST_TEMPL","Stores configured history templates"
"E_HIST_TEMPL_DATES","Stores the history dates calculated from the templates by the batch process"
"E_HIST_TEMPL_DAY","Stores the weekdays assigned to Forecast history template"
"E_HIST_TEMPL_SHIFT","Stores the shifts assigned to Forecast history template "
"E_HIST_THRUPUT_GOAL","Table to store Historical Throughput Goal Calculation Batch"
"E_HNDLG_ATTR","Stores handling attribute values"
"E_INC_CODE","Stores incentive codes"
"E_INC_CODE_JF","Stores job functions assigned to an incentive code.  "
"E_INC_CODE_LAB_TYPE","Stores labor types assigned to an incentive code"
"E_INC_CODE_RULE","Stores incentive code rule numbers and their status as well as the Pay Calculation Name "
"E_INTERFACE","Stores outbound interface configuration"
"E_INTERM_EMP","Stores employee status records that failed to load into LM during the bridge process"
"E_INTERM_EMP_INC_PAY","Stores payroll records that failed to be exported during outbound payroll bridge"
"E_INTERM_EMP_PAY","Stores incentive records that failed to be exported during outbound payroll bridge"
"E_INTERM_HNDLG_ATTR","Table not being used"
"E_INTERM_LOCN","Table not being used"
"E_INTERM_QA","Stores quality audit records that failed to load into LM during ther bridge process"
"E_INTERM_TA","Stores time and attendance records that failed to load into LM during ther bridge process"
"E_JOB_FUNCTION","Stores job function values"
"E_JOB_FUNCTION_ROLE","Stores job function role association - used for Labor Scheduling"
"E_JOB_FUNC_PERF_GOAL","Stores performance goal by job function"
"E_JOB_FUNC_QA_REASON","Stores job function QA reason code assignment"
"E_LABOR_TYPE_CODE","Stores the labor type codes"
"E_MANUAL_ENTRY","Table not being used"
"E_METRIC_CONFIGURATION","This stores all of the metric configuration that are defined in the system"
"E_METRIC_IMPLEMENTATION","This stores the different types of implementation that are used to calculate the metric. This is referenced in the E_METRIC_CONFIGURATION and used when configuring the metrics."
"E_MILESTONE","Stores milestone codes"
"E_MILESTONE_EMP","Stores milestone employee assignment"
"E_MILESTONE_TEAM","Stores milestone team assignment"
"E_MONITOR_GRP","Stores the monitor groups"
"E_MONITOR_SMRY","Stores monitoring summary data"
"E_MONITOR_WORKFLOW_ACT","Stores the activity and UOM level information for the monitoring workflow"
"E_MSRMNT","Stores unit of measures"
"E_MSRMNT_RULE","Stores UOM rules"
"E_MSRMNT_RULE_CALC","Stores UOM rule statement"
"E_MSRMNT_RULE_CONDITION","Stores UOM rule condition"
"E_OBS_COACH","Table for storing Observation Coaching Types"
"E_OBS_EMAIL_TEMPL","Stores the observation management email template content"
"E_OBS_INT","Table for storing Observation Interaction Types"
"E_OBS_MGMT","Stores the records that need observation and that have been observed"
"E_OBS_MGMT_DOC","Holds details of Observation Management document"
"E_OBS_MGMT_DOC_ANS","Answers  Observation Management for questions"
"E_OBS_MGMT_QUESTION","Observation Management Questions."
"E_OPS_CODE","Stores operation codes"
"E_OPS_CODE_SPVSR","Stores supervisor operation codes assignment"
"E_PAY_CALC_GRP","Stores All group options selected while creating pay or incentive conditions"
"E_PAY_DUR","Stores payroll duration"
"E_PAY_RATE","Stores pay rates"
"E_PAY_RATE_CALC_NAME_DTL","IBP module uses this table to store the Pay rate Conditions"
"E_PAY_RATE_CALC_NAME_HDR","IBP module uses this table to store the Pay rate Conditions"
"E_PAY_RATE_DTL","Stores pay rate detail information"
"E_PAY_RATE_RULE","Stores rules to follow for the given pay rate detail when calculating base pay."
"E_PAY_SCALE","Stores pay scales"
"E_PAY_TYPE","Stores pay types"
"E_PFD_DTL","Stores pf&d code details"
"E_PFD_HDR","Stores pf&d codes"
"E_PKT_HDR","Table not being used"
"E_PLAN_DTL","Stores different transactions setup for a Labor plan and the rule and workflow templates tied to each transaction."
"E_PLAN_HDR","Stores Labor Plan header information "
"E_PLAN_RESULTS","Stores results of running a Labor Plan grouped by Job function or level"
"E_PLAN_RULE_CONDITION","Stores details of the conditions for each Labor Plan rule."
"E_PLAN_RULE_HDR","Stores the rules configured as part of a Labor Plan. "
"E_PLAN_TEMPLATE_DTL","Stores different transactions setup for the Labor Plan template and the rule and workflow templates tied to each transaction"
"E_PLAN_TEMPLATE_HDR","Stores different transactions setup for the Labor Plan template and the rule and workflow templates tied to each transaction"
"E_PLAN_TRANSACTION_ACT","Stores the activity and UOM level information after the Labor Plan runs through the workflow."
"E_PLAN_TRANSACTION_ACT_ZONE","Stores the activity, UOM and zone level information after the Labor Plan runs through the workflow"
"E_PLAN_TRANSACTION_GRP","Stores Labor Plan estimation at group level"
"E_PLAN_TRANSACTION_HDR","Stores the actual transaction values (Orders and ASNs) that will be considered to calculate the workload of the Labor Plan."
"E_PLAN_WORKFLOW_GRP","Stores the different workflow groups configured for the Labor Plan"
"E_PLAN_WORKFLOW_HDR","Stores the workflows configured as part of a Labor Plan"
"E_PLAN_WORKFLOW_UOM","Stores the different UOMs selected for a workflow group within a Labor Plan"
"E_PROC_LOCK_DTL","Stores the details of jobs that ran for all batch processes"
"E_PROC_LOCK_HDR","Stores list of batch processes"
"E_PROC_LOCK_SCHED","Stores scheduled batch process information"
"E_PROC_ZONE","Stores process zones"
"E_PROC_ZONE_LOCN_RANGE","Stores process zone - location range configuration"
"E_PROC_ZONE_TEMPL","Stores process zone templates"
"E_PURGE_DTL","Stores details of tables to be purged for a given purge module"
"E_QA","Stores Quality Audit information by employee and team and total qty audited"
"E_QA_DTL","Stores details of Quality Audit information by QA reason code"
"E_QA_REASON","Stores Quality Audit reason codes"
"E_QA_SMRY","Store Quality Audit summary information"
"E_REFLECT_STD","Stores reflective standard groups"
"E_REFLECT_STD_DTL","Stores a reflective standards group?s detail records selected for a source group type"
"E_REFLECT_STD_GROUP_SMRY","Stores earned minutes, total time, approved and scheduled indirect labor time and event adjustments for all employees included in each reflective standards source group type."
"E_REFLECT_STD_SOURCE_SMRY","stores earned minutes, total time, approved and scheduled indirect labor time and event adjustments for each reflective standards source group.  "
"E_REPROCESS_INFO","Basic infrastructure changes for decoupling events"
"E_RSG_REPROCESS","Stores reflective standard batch process reprocess status"
"E_RULE_TEMPLATE_CONDITION","Stores Labor Plan rule template conditions"
"E_RULE_TEMPLATE_HDR","Stores Labor Plan rule template header information ? rule type, transaction type, template name"
"E_SAFE_ANNUAL","Stores annual safety data"
"E_SAFE_CODE","Stores safety codes"
"E_SAFE_SMRY","Stores summary of safety information"
"E_SCHEDULER","Last grabbed information will be stored in this table"
"E_SCHEDULE_ASGMNT","Stores Labor Schedule result detail assignment information"
"E_SCHEDULE_RMNG","Stores Labor Schedule remaining workloads that have not been scheduled."
"E_SCHEDULE_RSLT_HDR","Stores Labor Schedule result detail information"
"E_SCHEDULE_RSLT_SMRY","Stores Labor Schedule result summary information"
"E_SCHEDULE_TEMPLATE","Sores Labor Scheduling templates"
"E_SHIFT","Stores warehouse shfts"
"E_SHIFT_DAYS","Stores shift day assignment"
"E_SHIFT_DTL","Stores specific breaks for the days of the shift"
"E_SHIFT_EMP","Stores employee shift assignment"
"E_SIMULATION_ADJ_LEVER","Table for simulation adjustment levers"
"E_SIMULATION_COND","Used in Simulation.  It is like a temp table, after copying the list of tables to new warehouse then we are deleting this table data."
"E_SIMULATION_ELM_SMRY","Simaultion summary for elements"
"E_SIMULATION_METRIC","Simulation metrics"
"E_SIMULATION_METRIC_PORTLETS","Simulation Portlets"
"E_SIMULATION_SMRY","Simualtion Summary table"
"E_SIMULATION_TABLES","Cofiguration table for specifying tables need to be copied during simulation process"
"E_SIMULATION_TABLES_TRACK","Table to track Copy process of Simulation"
"E_SIMULATION_VHCL_DTL","Simulation Vehicle  parameters."
"E_SIMULATION_VHCL_SMRY","Simaultion summary for vehicles"
"E_SIMULATION_WHSE","Table to track and define new Simulation"
"E_SLOT_TYPE","Stores slot types"
"E_SUBSYSTEM","Last grabbed information will be stored in this table"
"E_TEAM_EMP","Stores employee team assignment"
"E_TEAM_EMP_CONFIG","Stores employee team configuration"
"E_TEAM_EMP_DTL","Stores employee team assignment based on team composition changes"
"E_TEAM_EMP_SMRY","Stores employee team standard group performance summary "
"E_TEAM_REPROCESS","Stores reprocess information for team standard batch process"
"E_TEAM_STD","Stores team standard groups"
"E_TEAM_STD_DTL","Stores team standard groups details"
"E_TEAM_STD_SMRY","Stores team standard group performance summary"
"E_THRUPUT_HIST","Stores historical throughput data "
"E_THRUPUT_SMRY","Stores throughput summary information"
"E_THRUPUT_SMRY_DTL","Stores throughput summary detail information by UOM"
"E_TIME_WINDOW","Stores Labor Scheduling time windows"
"E_TIME_WINDOW_ASGMNT","Stores Labor Scheduling job function time window assignment"
"E_TIME_WINDOW_DTL","Stores Labor Scheduling time window detail information "
"E_TRVL_AISLE","Stores travel aisles"
"E_UNIT_PICK","Used for SAM Calculation"
"E_VHCL","Stores Labor specific vehicle information "
"E_VHCL_AISLE_DIR","Stores information specific to vehicle aisle direction"
"E_VHCL_WHSE","Stores vehicle information by warehouse"
"E_VHCL_ZONE_TIME","Sores vehicle zone time information"
"E_WHSE_DTL","Stores warehouse level miscellaneous fields as name value pairs"
"E_WMS_EVNT_MSG","Stores event messages coming into Labor from Wmi and stand alone customers"
"E_WMS_EVNT_MSG_DTL","Stores event message details coming into Labor from Wmi and stand alone customers"
"E_WORKFLOW_TEMPLATE_GRP","Stores groups associated with a Labor Plan Workflow template"
"E_WORKFLOW_TEMPLATE_HDR","Stores header information of the Labor Plan workflow template ? template name, transaction type, etc"
"E_WORKFLOW_TEMPLATE_UOM","Stores UOMs selected for a Labor Plan workflow template."
"E_ZONE_MSG_LOG","Stores event messages information by zones"
"E_ZONE_TRAN_DATA","Stores Labor Monitoring event message information by zones"
"FACILITY_REF",""
"FEASIBILITY_ATTRIBUTE","Feasibility Attribute Configuration"
"FEDEX_ACC_OPT_DYNSURGE_MAP","Table to store Static Data Map for FedEx Accessorial Option Group & Dynamic surcharge field in Transaction 120"
"FEDEX_LPN","* Fedex Lpn"
"FEDEX_SERVICE_LEVEL","* Fedex Service Level"
"FEDEX_SERVICE_LEVEL_MAP","* Fedex Service Level Map"
"FEDEX_TRAN","* Fedex Tran"
"FILTER",""
"FILTER_DETAIL",""
"FILTER_FIELD_MASTER",""
"FILTER_FORMAT",""
"FILTER_FORMAT_DETAIL",""
"FILTER_FROM_CLAUSE",""
"FILTER_GROUPBY_DETAIL",""
"FILTER_GROUPBY_LAYOUT",""
"FILTER_GROUP_BY",""
"FILTER_GROUP_DEFINITION",""
"FILTER_LAYOUT",""
"FILTER_OBJECT",""
"FILTER_OBJECT_MAPPING",""
"FILTER_ORDERBY_DETAIL",""
"FILTER_ORDERBY_LAYOUT",""
"FILTER_SCREEN_TYPE",""
"FILTER_SLOT_ITEM",""
"FORECAST",""
"FREQUENCY_TYPE","* Frequency Type"
"FROZN_INVN_CONFIG","Table used to store details of inventory count configuration Couting process - Both Physical and Cycle count use this table"
"FROZN_INVN_DTL","Table used to store details of inventory counted. Couting process - Both Physical and Cycle count use this table"
"FROZN_INVN_HDR","Table used to store details of inventory counted. Couting process - Both Physical and Cycle count use this table"
"FROZN_INVN_SRL_NBR","Table used to store details of inventory counted with serial numbers. Couting process - Both Physical and Cycle count use this table"
"FTP_LISTENER",""
"FUEL_FEED_URL_MAP","Fuel Field URL Mapping"
"FULFILL_MODE","*Defines different Order Fulfillment modes"
"GEN605_LPN_CATCH_WT_GTT",""
"GEN605_LPN_LOCK_GTT",""
"GEN605_PIX_TRAN_GTT",""
"GEN605_PKT_DTL_GTT",""
"GEN605_RUN_DIFF","Table to support a new functionality to compare 2 605 runs"
"GEN605_SKU_ATTR_GTT",""
"GEN605_SKU_GTT",""
"GEN605_SKU_INVN_DTL_GTT",""
"GEN605_SRL_NBR_TRACK_GTT",""
"GEN605_WM_INVENTORY_GTT",""
"GRAPHICAL_YARD_CONFIGURATION","For mapping colors to the yard objects in the graphical yard view"
"GRAPH_ATTR","Attribute table to store the properties and other attributes of a graph."
"GRP_CAT_CODE",""
"GTMP_ARCH_ID_LIST",""
"GTMP_ARCH_LPN_IDS",""
"GTMP_ARCH_ORDER_IDS",""
"GTMP_ARCH_SHIP_IDS",""
"GTMP_PURGE_ORDERS","Table used for orders purge"
"G_TMP_ORDER_LINE_ITEM",""
"G_TMP_ORDER_LINE_ITEM_SIZE",""
"G_TMP_ORDER_SPLIT_SIZE",""
"G_TMP_PKT_DTL",""
"G_T_TAB","Table not being used"
"HANDLER","*Defines different types of Handlers like Carrier / Lumper / Stop Owner etc"
"HANDLING_ATTR_DTL","Defines labor item handling attribute criteria - defines weight/volume characteristics for each handling attribute defined"
"HANDLING_ATTR_HDR","Defines labor item handling attribute criteria - defines weight/volume characteristics for each handling attribute defined"
"HAVES_NEEDS",""
"HAVES_RESULTS_DTL",""
"HAZMAT","Not Used."
"HAZMAT_FEDEX_GND"," Table to include Hazmat Classes for Fedex"
"HAZMAT_UPS_DOM"," Table to include Hazmat Classes for UPS Domestic"
"HAZMAT_UPS_INTL"," Table to include Hazmat Classes for UPS International"
"HIERARCHY_DEFINITIONS","Store definitions for domain hierarchy framework objects"
"HIERARCHY_LEVELS","Defines the set of Levels and associated metadata for a given Hierarchy"
"HIERARCHY_NODES","The nodes of a particular Hierarchy Level and the links to their parent nodes (if any)."
"HIERARCHY_TYPES","Contains hierarchy types"
"HISTORY_VALUE_MAP",""
"HN_FAILURE",""
"HN_RACK_TYPES",""
"HN_RANGES",""
"HN_RESULTS_HDR",""
"HOUR_SAMPLING_GTK",""
"IFW_ALERT_DEF",""
"IFW_ALERT_MSG_TYPE_CRITERIA",""
"IFW_ALERT_RES_CODE_CRITERIA",""
"IFW_ALERT_ROUTER_CRITERIA",""
"ILM_ACTIVITY_TYPES","Table stores the Different activity types like Task Executed and Close"
"ILM_ANCHOR_TYPES","Table stores the Different Anchor types like First Pickup and Pickup All"
"ILM_APPOINTMENTS","All the Appointments created in the facility gets saved in this table"
"ILM_APPOINTMENTS_CHARGEBACK","Appointment chargeback data stores values for the appointment ID, chargeback code and appt object"
"ILM_APPOINTMENT_CREATION_TYPE","Defines the Creation type for appointments like when does the appoinment created At Dock Door after Load, Before Check In and During Check In "
"ILM_APPOINTMENT_EVENTS","for Audit Trailer data for the appointment"
"ILM_APPOINTMENT_OBJECTS","This is for storing the object information associated to an appointment like ASN/PO/Shipment"
"ILM_APPOINTMENT_STATUS","Defines the Different status for an Appointment in the Yard. "
"ILM_APPOINTMENT_TYPE","Describes the different types of an Appointment types"
"ILM_APPOINTMENT_UTILIZATION","This stores the information on the capacity for slot"
"ILM_APPT_CHARGE_BACK_CODES","Defines the different vendor and carrier codes like appt cancelled/re-scheduled requiredfor chargeback"
"ILM_APPT_CUSTOM_ATTRIBUTE","For recording the custom attributes for the appointment"
"ILM_APPT_DOCKS","All the docks information is stored"
"ILM_APPT_EQUIPMENTS","Appointment Equipment association is stored in this table"
"ILM_APPT_LOAD_CONFIG","The load configuration of an appointment determines the type of unloading that can be done for an appointment. "
"ILM_APPT_NOTES","Notes for particular appointment if any will be stored in this table"
"ILM_APPT_OBJ_TYPE",""
"ILM_APPT_SIZES","Indicates the sizes of order on the appointment"
"ILM_APPT_SLOTS","Table stores the slot in which appointment is created."
"ILM_APPT_SLOT_UTILIZATION","It indicates about the particular slot utilization time and the capacity used"
"ILM_APPT_UTIL_NEW","Utilization details of capacity will be stored here"
"ILM_DOCK_DOOR_EVENTS","All the events associated to the Dock door status gets stores in this table like first event may be dock door open and later event may be pending In-use."
"ILM_LOAD_POSITION","Finite value table describes about the position of the Load like Nose or Tail"
"ILM_REASON_CODES",""
"ILM_REQUESTOR_TYPE","Finite values showing different levels CARRIER,SHIPPER and VENDOR"
"ILM_TASKS","All the Tasks like Move,Close an Seal tasks associated with the Appointment check in and check out gets saved in this table"
"ILM_TASK_EVENTS","All the events associated to the task status gets stores in this table like first event may be task released and subsequent event may be task completed."
"ILM_TASK_HISTORY","All the Task executed in the yard gets stored in the table"
"ILM_TASK_STATUS","It shows the finite values for the different status of the tasks associated with the Trailer"
"ILM_TASK_TEMP",""
"ILM_TASK_TYPES","It shows the finite values for the different Types of the tasks like close,Seal,Move and Audit"
"ILM_TRAILER_EVENTS","All the events associated to the Equipment status gets stores in this table like first event may be Off Yard and later event may be OB On Yard."
"ILM_YARD_ACTIVITY","It indicates about the Yard Activity happens inside the yard"
"ILM_YARD_AUDIT","It captures the data on Yard Audit"
"ILS_DEBUG","* Ils Debug"
"ILS_OBJECT_TYPE",""
"ILS_PRODUCT_TYPE",""
"IMMD_NEEDS","Contains the transactional (non-template) records for the Immediate Needs functionality"
"IMMD_NEEDS_TEMPLATE","Contains the template records for the Immediate Needs functionality"
"IMPORT_ACCESSORIAL_PARAM_SET","* Import Accessorial Param Set"
"IMPORT_ACCESSORIAL_RATE","* Import Accessorial Rate"
"IMPORT_AUTOMATION","Keeps track of automation import runs for slotting optimization"
"IMPORT_CM_RATE_DISCOUNT","* Import Cm Rate Discount"
"IMPORT_COLM_LIST",""
"IMPORT_DAILY_UTILIZATION","* Import Daily Utilization"
"IMPORT_ERROR_MESSAGE",""
"IMPORT_EXCLUSIONS_CBO",""
"IMPORT_FORMATS",""
"IMPORT_FORMAT_ODBC",""
"IMPORT_FORMAT_OFFSETS",""
"IMPORT_FORMAT_PREFS",""
"IMPORT_MASTER",""
"IMPORT_OFFSET_MASTER",""
"IMPORT_STOP_OFF_CHARGE","* Import Stop Off Charge"
"IMPORT_TEMP",""
"IMPORT_TYPE_COLM_XREF",""
"IMP_DAS_RS","* Imp Das Rs"
"IMP_EXCLUDED_APS_ACC","* Imp Excluded Aps Acc"
"IMP_EXCLUDED_LANE_ACC","* Imp Excluded Lane Acc"
"INPT_ACC_ZONE","Input table for Parcel Accessorial related Zones"
"INPT_CARRIER","Staging Table for Carriers"
"INPT_CARRIER_DIM_WEIGHT","Input Table for Dimensional Weights"
"INPT_CARRIER_FACILITY","Carrier Facilities used for Parcel Tariffs"
"INPT_CARRIER_HOLIDAY","Input table for Carrier Holidays"
"INPT_CARRIER_HOLIDAY_ZONE","Input table for Carrier Holiday related Zones"
"INPT_CARRIER_LABEL","Input table for Carrier Label Data"
"INPT_CARRIER_ROUTING_CODE","Input table for Carrier Routing Codes"
"INPT_CARRIER_SERVICE","Staging Table for Service Levels"
"INPT_PACKAGE_TYPE","Input table for Package Types"
"INPT_PARCL_ADDNL_OPTN","Input table for Parcel Rate Accessorial Data"
"INPT_PARCL_ADDNL_OPTN_CMB","Input table for Parcel Rate Accessorial Relations"
"INPT_PARCL_RATE","Input table for Parcel Rates"
"INPT_PARCL_ZONE","Input table for Parcel Rate related Zones"
"INPT_PICK_DEMAND_FORECAST","The demand forecast will be provided to PkMS by the host system using a downloading interface.  Forecast data will be passed into the INPT_PICK_DEMAND_FORECAST table.  The data will contain the estima"
"INPT_SLOTINFO_MOVE_LIST","This table contains the contents of the INPT_SLOTINFO_MOVE_LIST.txt file. These are moves from one pick location to another, from a pick location to a reserve location or from reserve to a pick locati"
"INPT_SLOTINFO_WIDTH","Slot interface table"
"INPT_TRANSIT_TIME","Staging Table for Carrier Transit Times"
"INPUT_PARAM",""
"INPUT_PARAM_MAX_RESLOT",""
"INPUT_PARAM_RACKORDER",""
"INPUT_PARAM_SLOT_LIST",""
"INSTANT_REPORT_SQL",""
"INSTANT_REPORT_SQLHEADER",""
"INTERFACE_CONFIG","Configuration table that  holds information about events setup for various interfaces such as Voice,MHE etc"
"INTERFACE_ERROR","Table to record interface (like FEDEX, UPS, etc.) error details."
"INTL_LANG","Not Used."
"INTMT_AIR_CMT","Not Used."
"INTMT_AIR_CMT_RANGE","Not Used."
"INTMT_AKHI_ZONE","Not Used."
"INTMT_ORGN_ZIP","Not Used."
"INTMT_ZONE","Not Used."
"INT_ALLOC_LOCK_CODES","Defines labore rates associated with an inventory need type - Configuration table"
"INT_LABOR_RATE","Defines allocation lock codes associated with an inventory need type - Configuration table"
"INT_MASTER","Contains the list of INTs which are used in allocation and tasking"
"INT_PATH_DEFN","Defines valid path for an inventory need type - Configuration table - used to determine task eligibilty"
"INVC_PARM","Ship confirm rules configuration table"
"INVC_RULE_PARM","Ship confirm rules configuration table"
"INVENTORY_ALLOCATION",""
"INVENTORY_SEGMENT","Table to hold Inventory Segment related Information"
"INVN_ALLOC_PRTY","Table defines the sequence and attributes that the allocation process will use to determine which inventory source to allocate from. It uses Whse / Co / Div / INT / Invn Type / Allocation Type as sele"
"INVN_NEED_TYPE","Operationally, INTs corresponds to allocation or tasks (cycle count, pulling, etc.) being performed and why it is required (replenishment of active, full case pull from reserve, etc.). They determine"
"INVN_VARI_HDR","Table used to store counting variances. Used by both Physical and Cycle Count Process."
"INVN_VARI_SRL_NBR","Table used to store counting variances serial numbers. Used by both Physical and Cycle Count Process."
"INVOICE",""
"INVOICE_RESP_CODE",""
"INVOICE_TYPE",""
"INV_ENTRY_TYPE",""
"IN_YARD_EQUIP_AVAIL_CONFIG",""
"IN_YARD_EQUIP_UTILIZATION",""
"IN_YARD_EQUIP_UTIL_SHIPMENT",""
"IPS_USER_VIEW",""
"IPS_USER_VIEW_DETAIL",""
"ISSUE",""
"ISSUE_COMMENT",""
"ISSUE_STATUS",""
"ITEM_BOM_DETAIL_WMS",""
"ITEM_BOM_HEADER_WMS",""
"ITEM_BUDGETED_COST_TMS",""
"ITEM_CAT_XREF",""
"ITEM_CBO","*Common object ITEM or SKU and its details"
"ITEM_CBO_PROFILE",""
"ITEM_CLASSIFICATION_CODE","Stores Classification Code for ITEM"
"ITEM_CNTRY_CMMDTY_CODE","Item- Country - commodity code cross reference"
"ITEM_COST_CBO",""
"ITEM_EPC_PREFIX_WMS",""
"ITEM_FACILITY_MAPPING_WMS",""
"ITEM_FACILITY_SLOTTING",""
"ITEM_FAC_MAPPING_WMS_PROFILE","This table is used to define item profile information and parameters for a specific warehouse."
"ITEM_GROUP_WMS",""
"ITEM_HISTORY",""
"ITEM_MISC_INSTR","Captures to whom the notification alert email has to be sent "
"ITEM_MISC_INSTR_PROFILE","Captures to whom the notification alert email has to be sent "
"ITEM_PACKAGE_CBO",""
"ITEM_PACKAGE_CBO_PROFILE",""
"ITEM_PRICE_CBO",""
"ITEM_REF",""
"ITEM_SIZE_TMS","*Extension table for ITEM_CBO"
"ITEM_SUBSTITUTION_CBO",""
"ITEM_SUBSTITUTION_DTL_CBO",""
"ITEM_SUPPLIER_XREF_CBO",""
"ITEM_TMS",""
"ITEM_VAS_APPLICABLE","Indicates the Applicable VAS for the item"
"ITEM_VAS_APPLICABLE_PROFILE","Indicates the Applicable VAS for the item"
"ITEM_VENDOR","Item Vendor Header"
"ITEM_WMS",""
"ITEM_WMS_PROFILE",""
"JMS_DESTINATION_INFO",""
"JMS_LISTENER",""
"JMS_PROVIDER_INFO",""
"JMS_ROLES",""
"JMS_SUBSCRIPTIONS",""
"JMS_USERS",""
"JOB_CONFIG","List for scheduler jobs"
"JOB_HIST","Stores task job history information"
"JOIN_TYPE",""
"JUNITEE_RESULT","Database table containing test results of JUnit test"
"KAFKA_LISTENER","Table holds Apache Kafka listener configuration"
"KIT",""
"KIT_ITEM",""
"KPI_COMPARE",""
"LABEL",""
"LABEL_DISPLAY","Label display table, initial data in this table gets created by LABEL table's trigger"
"LABEL_SUBSTITUTIONS","Label printing substitutions can be specified here."
"LABOR_MSG",""
"LABOR_MSG_CRIT",""
"LABOR_MSG_DTL",""
"LABOR_MSG_DTL_CRIT",""
"LABOR_MSG_MONITOR","Labor Messages mapping to Matched Labor Tran"
"LABOR_MSG_TRACKING","Keeps Track of Labor Messages that getting processed by various servers"
"LABOR_PLAN_EXPORT_CONTROL","Stores Labor Plan export control information"
"LABOR_PLAN_EXPORT_HDR","Stores Labor Plan export header information"
"LABOR_PLAN_EXPORT_SUMMARY","Stores Labor Plan export summary information"
"LABOR_TRAN",""
"LABOR_TRAN_CRIT",""
"LABOR_TRAN_DTL",""
"LABOR_TRAN_DTL_CRIT",""
"LABOR_TRAN_TRACKING","Keeps Track of Labor Transactions"
"LEAN_TIME_REPL_PARM","Holds the parameters used to perform lean time replenishment."
"LEMA_RULEATTRIBUTE","Internal table to configure rules for the Workflow engine"
"LEMA_RULESETRELATION","Internal table to configure rules for the Workflow engine"
"LEMA_RULE_CONF_RES_ATTR",""
"LEMA_RULE_CONF_RES_ATTR_VAL",""
"LEMA_RULE_TEMPLATE",""
"LEMA_WORKFLOW","Workflow definition"
"LEVEL_TAB",""
"LICENSE_ACTIVE",""
"LICENSE_MASTER",""
"LICENSE_USAGE","Table to monitor the session usage."
"LISTENER",""
"LISTENER_STATUS_DETAIL",""
"LIST_CD_MASTER_ID",""
"LIST_VIEW","Saved view configurations for datatable (freeze/sort/groupby)"
"LIST_VIEW_DETAIL","Column detail for saved views"
"LITERAL",""
"LM_MISC_ACTIVITY","Configuration table to setup Labor management miscellaneous activity"
"LM_MONITOR_DFLTS","Configuration table to setup  Labor Management monitor defaults"
"LOADING_TYPE",""
"LOAD_CONFIGURATION",""
"LOAD_TYPE",""
"LOCATION_RANGE",""
"LOCK_CODE_PERMISSION","Defines the Permissions associated to different lock codes"
"LOCK_STATUS",""
"LOCN_GRP",""
"LOCN_HDR_0405",""
"LOCN_HDR_0506",""
"LOCN_SIZE_TYPE",""
"LOCN_WIZARD_LOCN_COMP_TMP","Temporary Table for Location Wizard Stored Proc"
"LOCN_WIZARD_LOCN_TMP","Temporary Table for Location Wizard Stored Proc"
"LOCN_WIZ_DTL","Internal table to process Location wizard transactions"
"LOCN_WIZ_HDR","Internal table to process Location wizard transactions"
"LOGCOM","Needed for CLS Logging."
"LOGKEYWORDS","Needed for CLS Logging."
"LOGRECORDS","Needed for CLS Logging."
"LOGSESSION","Needed for CLS Logging."
"LOGSTACKTRACE","Needed for CLS Logging."
"LOGSUBSTITUTIONVALUES","Needed for CLS Logging."
"LOOKUP",""
"LPN",""
"LPN_ACCESSORIAL","Defines the individual Accessorial costs applied to an LPN."
"LPN_ADDRESS",""
"LPN_ATTRIBUTE","Custom attributes for the LPN object."
"LPN_AUDIT_RESULTS","Stores the Audited LPN results"
"LPN_BAK",""
"LPN_CATCH_WEIGHT",""
"LPN_DETAIL",""
"LPN_DETAIL_ATTRIBUTE",""
"LPN_DETAIL_BAK",""
"LPN_DISP_METHOD_PRTY","Not Used."
"LPN_EVENT",""
"LPN_FACILITY_STATUS",""
"LPN_LOCK",""
"LPN_LOCK_BAK1210",""
"LPN_MOVEMENT",""
"LPN_NOTES",""
"LPN_SHIPPABLE_TYPE",""
"LPN_SIZE_TYPE",""
"LPN_STATUS",""
"LPN_TYPE",""
"LRF_EVENT",""
"LRF_EVENT_HISTORY","LRF EVENT HISTORY"
"LRF_LISTENER_CONFIG",""
"LRF_PRINT_STATUS",""
"LRF_PRT_QUEUE",""
"LRF_PRT_QUEUE_DEST",""
"LRF_PRT_QUEUE_SERVICE",""
"LRF_PRT_Q_TYPES",""
"LRF_PRT_REQUESTOR",""
"LRF_REPORT",""
"LRF_REPORT_AUDIT",""
"LRF_REPORT_AUDIT_HISTORY","LRF REPORT AUDIT HISTORY"
"LRF_REPORT_HISTORY","LRF REPORT HISTORY"
"LRF_REPORT_PARAM_VALUE",""
"LRF_REPORT_PARAM_VALUE_DTL",""
"LRF_REPORT_PARAM_VALUE_HISTORY","LRF REPORT PARAM VALUE HISTORY"
"LRF_REP_SCHD_PARAM",""
"LRF_REP_SCHD_PARAM_DTL",""
"LRF_REP_SCHD_PARAM_DTL_HISTORY","LRF REP SCHD PARAM DTL HISTORY"
"LRF_REP_SCHD_PARAM_HISTORY","LRF REP SCHD PARAM HISTORY"
"LRF_RPT_PARM_VALUE_DTL_HISTORY","Table to temporarily store LRF_RPT_PARM_VALUE_DTL records"
"LRF_SCHED_EVENT_REPORT",""
"LRF_SCHED_EVENT_REPORT_HISTORY","LRF SCHED EVENT REPORT HISTORY"
"LRF_SERVER",""
"LRF_SERVER_AUDIT",""
"LRF_SERVER_CONFIG",""
"LRF_SERVER_CONFIG_AUDIT",""
"LRF_USER_PRO",""
"LXL_IMPORT_ITEM",""
"LXL_IMPORT_LOT",""
"LXL_IMPORT_LOTS",""
"MANH_BRIDGE_SUMMARY","Not Used."
"MANH_CONFIG","Not Used."
"MANH_DATABASE_OBJECT_LIST","This Table holds the list of Database Objects Product wise"
"MANH_LAYOUTS_MAP","Not Used."
"MANH_PRODUCT_PURGING_TABLES","Metadata table for list of purging tables for product schema"
"MANH_SEQ_MAPPING",""
"MANH_VAS_PKT",""
"MANIFESTED_LPN","Defines attributes that apply to an LPN once added to a manifest."
"MANIFEST_HDR","Defines attributes of the Manifest object, used in parcel shipping."
"MANIFEST_TYPE","Defines the valid list of Manifest Types, used as part of the logic to determine the Manifest and LPN belongs on."
"MAN_CONS_SHIPMENT_LIST_GTT",""
"MASTER",""
"MASTER_ORDER_STATUS",""
"MAX_TF_WINDOW_PARAM","Stores Maximum TF Windows for various move types applicable for Manual Forward Start"
"MESSAGE_BU_MAPPING",""
"MESSAGE_BU_MAPPING_DETAILS",""
"MESSAGE_DISPLAY","Message display table, initial data in this table gets created by MESSAGE_MASTER table's trigger"
"MESSAGE_MASTER",""
"MESSAGE_MASTER_TMP",""
"MESSAGE_MODULE",""
"MESSAGE_STORE_INBOUND",""
"MESSAGE_STORE_OUTBOUND",""
"MESSAGE_TYPE",""
"MHE_CONFIG","MHE Scheduler configurations"
"MHE_ENDPOINT_CONFIG","MHE Endpoint configurations"
"MHE_MSG_FORMAT","Material Handling Equipment (MHE) interface configuration table"
"MHE_MSG_FORMAT_DTL","Material Handling Equipment (MHE) interface configuration table"
"MHE_PARM_DTL","Material Handling Equipment (MHE) interface configuration table"
"MHE_PARM_HDR","Material Handling Equipment (MHE) interface configuration table"
"MHE_RULE_GROUP","It define rule group per MHE and facility combination. Functionality is used to configure rules in order to send a message from Warehouse Management to MHE systems. Each MHE event cannot be associated with more than one MHE Rule Group"
"MHE_SORT_DIVRT_ACTION","Material Handling Equipment (MHE) interface configuration table"
"MHE_SORT_RULE_HDR","Material Handling Equipment (MHE) interface configuration table"
"MHE_SORT_RULE_PARM_DTL","Material Handling Equipment (MHE) interface configuration table"
"MIGRATE_FILTER_OBJECT",""
"MINOR_SRL_TRACK","Table to track minor serial numbers "
"MIN_DENSITY_CALC_METHOD",""
"MLP_WS_MONITOR","MLP_WS_MONITOR"
"MLS_ACT","Holds the list of Manhattan Labor Standard (MLS) Activities"
"MLS_ACT_ELM","Holds the list of Manhattan Labor Standard (MLS)  activities with assigned elements."
"MLS_ELM","Holds the list of Manhattan Labor Standard (MLS) elements."
"MLS_LOG_DTL","It is log of MLS Data Process result"
"MLS_LOG_SMRY","It is log of  MLS Data Process result"
"MMC_AUDIT_DTL",""
"MMC_AUDIT_HDR",""
"MONITORING_ALERT",""
"MONTH_CBO",""
"MOVEMENT",""
"MOVEMENT_OPTION",""
"MOVEMENT_TYPE",""
"MOVE_LIST",""
"MOVE_LIST_HDR",""
"MOVE_LIST_REPORT",""
"MOVE_LIST_REPORT_HDR",""
"MOVE_TYPE",""
"MO_AUTO_CREATE_METHOD",""
"MO_EXECUTION_STATUS",""
"MQ_LISTENER",""
"MSG_LOG","Used to log Error Messages If Non-interactive of log_flag enabled for messages"
"MSG_PROCESS_CONFIG",""
"MSG_TYPE",""
"MULT_LOC_ZONE",""
"MULT_LOC_ZONE_HDR",""
"MULT_ORIENT_CALC",""
"NAVIGATION",""
"NAVIGATION_APP_MOD_PERM",""
"NAVIGATION_PARAMETER",""
"NEEDS_LAYER","*Defines different layers and their needs for processing"
"NEEDS_RESULTS_DTL",""
"NODE_INTVAL_GTT",""
"NOTE_TYPE",""
"NOTIFICATION_CONTEXT","Stores Contexual information for Push Notification"
"NOTIFICATION_DATA","contains the different parts of a notification"
"NOTIFICATION_DEVICE","Stores Device Id and Device Token for Push Notification"
"NOTIFICATION_PARAMS",""
"NOTIFICATION_USER","contains information about the subscribers for a notification"
"NTD_LOCK","This table is used to specify if a trailer is selected for NTD process"
"NXT_UP_CNT",""
"OAUTH_ACCESS_TOKEN",""
"OAUTH_CLIENT_DETAILS",""
"OAUTH_CLIENT_TOKEN",""
"OAUTH_CODE",""
"OAUTH_REFRESH_TOKEN",""
"OBJECT_DBFIELD",""
"OBJECT_DD",""
"OBJECT_JOIN",""
"OBJECT_JOIN_DBFIELD",""
"OBJECT_JOIN_REPORT_DBFIELD",""
"OBJECT_MASKDBFIELD",""
"OBJECT_REASON_CODES",""
"OBJECT_REPORT_DBFIELD",""
"OBJECT_TYPE_TABLE",""
"OBJECT_UIDBFIELD",""
"OBJECT_VALIDATION_SCRIPT","Used by Babylon to determine which script, if any, will be run to determine whether or not the object in question should be sent."
"OM_SCHED_ACTION",""
"OM_SCHED_EVENT","All the events occurred during YM transactions will be recorded in this table"
"OM_SCHED_EVENT_HISTORY","All the events occurred during YM transactions will be recorded in this table"
"OM_SCHED_EVENT_REPORT","OM_SCHED_EVENT_REPORT denotes an attribute for a scheduled report event."
"OM_SCHED_RECURRING",""
"OM_SCHED_RECURRING_KEY_DATE",""
"OM_SCHED_RECURRING_PERIOD",""
"OM_SCHED_RECURRING_TYPE",""
"ONTIME_PERF_METHOD",""
"OPT_ENGINE"," Planning Engines"
"OPT_ENGINE_TYPE","list of the engines to which the shipper has access"
"OPT_PARAM","Routing Wave Params of each of the Routing Wave Parameter created"
"OPT_PARAM_LIST","Routing Wave Parameters Created List"
"ORDERS","*Captures details for an ORDER. In DOM it is Distribution Order"
"ORDERS_EXTN_TLM",""
"ORDERS_GTT",""
"ORDERS_TEMPLATE","*Template for ORDERS"
"ORDERS_TEMPLATE_RUN","*Template for ORDER RUNS"
"ORDER_ACCESSORIAL_OPTION_GRP",""
"ORDER_ACC_OPTION_GRP_TEMPLATE",""
"ORDER_ATTRIBUTE",""
"ORDER_ATTRIBUTE_TEMPLATE",""
"ORDER_BASELINE_COST",""
"ORDER_CHG_RULE","*Audit table defining Audit creiteria as applicable to changes to Orders"
"ORDER_CHG_RULE_DTL","*Details for ORDER_CHG_RULE"
"ORDER_DTL",""
"ORDER_EVENT","*Audit table for changes to ORDERS"
"ORDER_HDR",""
"ORDER_LINE_ITEM","*LINE ITEM details for an ORDER"
"ORDER_LINE_ITEM_ATTRIBUTE",""
"ORDER_LINE_ITEM_ATTR_TEMPLATE",""
"ORDER_LINE_ITEM_GS1",""
"ORDER_LINE_ITEM_GS1_TMP",""
"ORDER_LINE_ITEM_REF",""
"ORDER_LINE_ITEM_SIZE",""
"ORDER_LINE_ITEM_SIZE_TEMPLATE",""
"ORDER_LINE_ITEM_TEMPLATE",""
"ORDER_MASTER_ORDER",""
"ORDER_MOVEMENT",""
"ORDER_NOTE","*NOTE as applicable to an ORDER"
"ORDER_NOTE_TEMPLATE",""
"ORDER_REASON_CODE","The table stores the reason codes for orders and order line items"
"ORDER_REF",""
"ORDER_RNDNG","Configuration table to define order rounding setup"
"ORDER_SCHED_ACTION",""
"ORDER_SPLIT","*Details for an ORDER if it has been split"
"ORDER_SPLIT_LINE_ITEM",""
"ORDER_SPLIT_SIZE","*attributes for ORDER_SPLIT"
"ORDER_SRL_NBR","*running serial number for an ORDER if applicable"
"ORDER_SRL_NBR_TEMPLATE",""
"ORDER_STATUS","*Defines pre-determined statuses for an ORDER"
"ORDER_STREAM_WORKFLOW_STATUS","This table captures the WM processing status for every allocation batch that originating from the order streaming allocation component."
"ORDER_TEMPLATE_OD_PAIR",""
"ORDER_TYPE","*Defines pre-determined types for an ORDER"
"ORDER_WMS_STATUS",""
"ORDER_WORK_TYPE",""
"ORDER_WORK_TYPE_TEMPLATE",""
"OUTBD_QA","Outbound Quality Audit configuration table"
"OUTBD_QA_PARM_DTL","Outbound Quality Audit configuration table"
"OUTBD_QA_PARM_HDR","Outbound Quality Audit configuration table"
"OUTPT_CARTON_DTL_YGPT",""
"OUTPT_DELV_NOTIFICATION","Output table that holds information of delivery notifications - used to construct output XMLs"
"OUTPT_LPN","Table to hold the item_attr information for a lpn record"
"OUTPT_LPN_CATCH_WEIGHT","Table to hold the catch weight information for a lpn record."
"OUTPT_LPN_DETAIL","Table to hold the item_attr information for a lpn record"
"OUTPT_LPN_MINOR_SERIAL_NBR","Table to hold the serial# information for a lpn detail record."
"OUTPT_LPN_SERIAL_NBR","Table to hold the serial# information for a lpn record."
"OUTPT_ORDERS","Table to hold the serial# or item_attr information for an orders record."
"OUTPT_ORDER_LINE_ITEM","Table to hold the serial# or item_attr information for an order line item record."
"OUTPT_ORDER_LINE_ITEM_SIZE","Table to hold the serial# or item_attr information for an order line item size record."
"OUTPT_PKT_HDR",""
"OUTPT_SHIPMENT_RETN","Output table that holds information of pallet returnables for a shipment - used to construct output XMLs"
"OUTPUT_PIX",""
"OUTPUT_PKT",""
"OUTPUT_RESULT_TABLE",""
"OUTWARD_EVENTS","SOA Outward Events Configuration"
"OUTWARD_EVENT_SUBSCRIBERS","SOA Outward Event Subscribers"
"OUTWARD_GEN_EVENTS","SOA Outward Generated Events"
"PACKAGING",""
"PACK_WAVE_PARM_DTL","Wave configuration table. Pack waves - MHE driven - can be setup here"
"PACK_WAVE_PARM_HDR","Wave configuration table. Pack waves - MHE driven - can be setup here"
"PACK_WKSTN_EFFNCY","Table that tracks pack station activity for efficiency calculations"
"PACK_WKSTN_MASTER","Configuration table to maintain pack stations"
"PADDING_TYPE",""
"PALLETS",""
"PALLET_XREF",""
"PARAM_DEF",""
"PARAM_GROUP",""
"PARAM_GROUPING",""
"PARAM_SPEC_VALUE",""
"PARAM_SUBGROUP",""
"PARCEL_RATE_CALENDER","Parcel Carriers Rates List"
"PARCEL_RATE_DATA"," Parcel Carriers Rates for each Service to operate in each zone"
"PARCEL_SERVICE_LEVEL","* Parcel Service Level"
"PARCEL_SERVICE_LEVEL_MAP","* Parcel Service Level Map"
"PARCEL_TRANSIT_TIME"," Parcel Carriers Transit times for each of the service"
"PARCEL_ZONE_DATA"," Parcel Carrier Zones info"
"PATH_SETS_GTT",""
"PATH_SET_RETRIEVAL_GTT",""
"PATH_SET_SHIPPING_PARAM","* Path Set Shipping Param"
"PAYMENT_METHOD",""
"PAYMENT_TERMS",""
"PGM_PARM","Not Used."
"PHYS_INVN_HDR","Table to configure counting. Use by both Physical and Cycle Count"
"PICKING_SHORT_ITEM","To identify items that have been shorted by the user during picking and for re-allocation"
"PICKLINE_GROUP",""
"PICK_DEMAND_FORECAST","The demand forecast will be provided to PkMS by the host system using a downloading interface.  Forecast data will be passed into the INPT_PICK_DEMAND_FORECAST table.  The data will contain the estima"
"PICK_LINE2_SP_AS_TMP",""
"PICK_LOCN_ASSIGN_PRTY","Table to maintain pcik location assignment priorities. This table is used during location determination"
"PICK_LOCN_DTL",""
"PICK_LOCN_DTL_BAK",""
"PICK_LOCN_DTL_SLOTTING","Table is used to store pick location detail for slotting."
"PICK_LOCN_HDR",""
"PICK_LOCN_HDR_0504",""
"PICK_LOCN_HDR_0507",""
"PICK_LOCN_HDR_SLOTTING","Table is used to store pick location header for slotting."
"PICK_ZONE",""
"PIX_HIST","Perpetual Inventory Transaction History Table "
"PIX_INTRNL_CONFIG","Perpetual Inventory Transaction Configuration Table "
"PIX_REF_CODE_MASTER","Perpetual Inventory Transaction Configuration Table "
"PIX_REF_GRP_MASTER","Perpetual Inventory Transaction Configuration Table "
"PIX_SUMM","Perpetual Inventory Transaction Configuration Table "
"PIX_SYNC","Perpetual Inventory Transaction Synchronization Table "
"PIX_TRAN","Perpetual Inventory Transaction Table sent to host.List of reference codes can be gotten from Sys Code S009"
"PIX_TRAN_CODE","Perpetual Inventory Transaction Configuration Table "
"PIX_TRAN_CODE_DTL","Perpetual Inventory Transaction Configuration Table "
"PKT_CONSOL_ATTR_SUMM","PkMS uses this table to specify the order consolidation locations for a pickticket"
"PKT_CONSOL_DETRM_TYPE","This table specifies the range of consolidation locations and their assignment sequence based each Pkt Consolidation Determine Type. If not defined, the wave will default to the PRTY_SEQ_NBR defined o"
"PKT_CONSOL_LOCN","Wave Order consolidation process configuration table."
"PKT_CONSOL_PARM","Wave Order consolidation process configuration table."
"PKT_CONSOL_PROF_HDR","Wave Order consolidation process configuration table."
"PKT_DTL","Pickticker detail - transactional table"
"PKT_DTL_SKU_INVN","Not Used."
"PKT_HDR","Pickticket Header records bridged into the system. An Order also can be bridged into this table. Pkt-status column will indicate whether the bridged in data is an Order or Pickticket. If the value of"
"PLGCLC_GTT",""
"PLG_RANGES",""
"PLG_TREE_ATTRIBUTE_DTL",""
"PLG_TREE_ATTRIBUTE_DTL_CALC",""
"PNH_PARM","Wave pack and hold process configuration table."
"POCC_EXCLUSION","Configuration table. The Purchase Order Carton Consolidation exclusion transaction allows users to exclude orders from POCC logic based on user-configurable criteria for the current warehouse"
"POD_COMMANDS","Stores a record of activities at each stop.Roughly five records are written to this table at each visit to a stop"
"POD_INTERACTION","represents lifecycle and results of interaction with store manager via PoD questionnaire function"
"POD_INTERACTION_PARAMETER","map of names and values that are associated with pod_interaction table"
"POD_REASON_CODE","POD stores reason codes in POD_REASON_CODE table"
"POD_UNIT_OF_DELIVERY","Records the status of each delivered pallet, tote, trolley, etc. as it was delivered at the stop.At each stop, there is a record written for each LPN, etc."
"PO_CHANGE_RULE",""
"PO_CHANGE_RULE_DTL",""
"PO_CRITICAL_FIELD_FV",""
"PO_LINE_CLASSIFICATION_CODE","Stores Classification Code for PURCHASE ORDER"
"PO_LINE_ITEMS_EXTN_EEM",""
"PO_LINE_ITEM_ATTRIBUTE","*PURCHASE ORDER LINE ATTRIBUTES"
"PO_LINE_ITEM_ATTR_TEMPLATE",""
"PO_LINE_ITEM_REF_FIELDS","*PURCHASE ORDER LINE REFRENCE FIEDS"
"PO_LINE_ITEM_SIZE_TEMPLATE",""
"PO_LINE_WMPROCESSINFO","*PURCHASE ORDER LINE WM related process info"
"PO_REF_FIELDS","*PURCHASE ORDER REFRENCE FIEDS"
"PO_RTS_ACTION",""
"PO_SRL_NBR",""
"PO_TERMS",""
"PO_TERMS_BUSINESS_PARTNER_MAP",""
"PO_TERMS_LEGAL_TEXT",""
"PO_WMPROCESSINFO","*PURCHASE ORDER WM related process info"
"PO_WORK_TYPE",""
"PRE_RCPT_ALLC_REPT_DATA","Pre-Receipt eligibility report for ASNs data is stored after validating for pre-receipt."
"PRICE_TYPE_CBO",""
"PRINTER",""
"PRINTER_LOCN_XREF","Table created as part of 2013 enhancement-MACR00748955-Break Pick List ,For Assigning printers to printer locations"
"PRINT_AND_APPLY","Printing labels"
"PRIORITY_TYPE",""
"PROC_E_CONSOL_PERF_SMRY_TABLE","Stores performance information used in reports"
"PROC_LABOR_ABC_TABLE","Stores Activity Based Costing information used in reports"
"PROC_LOCK","This table is used to lock the process by locking the row in DB.  This will avoid running waves parallel."
"PROC_MNTR","Interal table"
"PROC_MNTR_DTL","Interal table"
"PROC_SCHED","This table will be used to hold the schedule of batch processes that are to be released programmatically.  a batch scheduling process will query this table every xx amount of time and initiate the app"
"PROD_TRKG_TRAN","Entity to track productivity tracking"
"PROFILE_ACCESS",""
"PROFILE_MASTER",""
"PRT_QUEUE_MONITOR","To represent current availability of the printers in the system"
"PULL_NEEDS","Not Used."
"PURCHASE_ORDERS","*Purchase Orders info. Aka PO, SO"
"PURCHASE_ORDERS_ATTRIBUTE","*PO attributes"
"PURCHASE_ORDERS_EVENT","*Audit table for changes to PUCRHASE ORDERS"
"PURCHASE_ORDERS_EXTN_TLM",""
"PURCHASE_ORDERS_LINE_ITEM","*Line Item details for PURCHASE ORDER"
"PURCHASE_ORDERS_LINE_ITEM_SIZE","*Line Item size details for PURCHASE ORDER"
"PURCHASE_ORDERS_LINE_NEEDS","*Line Needs for PURCHASE ORDER"
"PURCHASE_ORDERS_LINE_STATUS","*Statuses for PURCHASE ORDER LINE ITEM"
"PURCHASE_ORDERS_NOTE","*Applicable NOTE for a PURCHASE_ORDER"
"PURCHASE_ORDERS_STATUS","*Pre determined Valid STATUS values for a PURCHASE ORDER"
"PURCHASE_ORDERS_TYPE","*Pre determined TYPEs for a PURCHASE ORDER"
"PURCHASE_ORDER_BP","Table for PO Business Partner"
"PURCHASE_ORDER_BP_CONTACT","Table for PO Business Partner Contact"
"PURCHASE_ORDER_LINE_COMPONENTS",""
"PURGE_CONFIG","Configuration table for Purges"
"PURGE_HIST","Purge History"
"PURGE_LOG_DPNDT_DATA","storing the information of non-eligible child objects whose associated parents are eligible for purging"
"PURGE_LOG_DPNDT_DATA_HIST","storing the information of non-eligible child objects whose associated parents are eligible for purging"
"PUSHED_NOTIFICATION","Stores Information about Notifications that were pushed to cloud servers"
"PUTAWAY_LOCK","This table is used to specify if a location is selected for putaway process"
"PUTWALL_HDR","This table is used to store the putwall and its related configuration data"
"PUTWALL_TXN","This table is used to store the relationship between oLPN and Cubbies in a putwall"
"PUTWY_METHOD_PRTY","Putway Configuration table. Method Priority."
"PUTWY_TYPE_PRTY","Putway Configuration table. Zone Priority."
"PUTWY_ZONE_ITEM","Putway Configuration table. Zone Items."
"PUTWY_ZONE_PRTY","In many warehouses, there is a need to group product with similar characteristics (product size, velocity, refrigeration requirements, etc.) together in reserve storage. This table can be used by the"
"P_ANALYZE_PIX_LOG","接口处理日志表"
"P_GOODSOWNER_SEND","接口处理日货主配置志表"
"QRTZ_PIX_JOB_CONFIG",""
"QUALITY_LEVEL","*Defines SKU Quality Level"
"QUAL_INSPCT","Quality inspection  table. This table will have values for the column names specified in the qual_inspct_rule_dtl table. Also will have the requirements definition interms of % or numbers."
"QUAL_INSPCT_RULE_DTL","Detail table for the qual_inspct_rule_hdr. Identifies the column names that participates in the rule."
"QUAL_INSPCT_RULE_HDR","This table is used to define the rules to create immd_need records from quality inspection table."
"QUERY",""
"QUERYENTRY",""
"QUERY_MASK_TYPE",""
"QUERY_SQL","Slotting table. Stores intermediate SQL statements generated by the java layer to be used by back end C code."
"QUESTION_ANS","This table will get populated with questions during ASN bridge based on the conditions specified in the Ques_detrm table.  The answer will be updated subsequently based on the response given by the us"
"QUESTION_ANS_FILTER_HISTORY","Question Answer History"
"QUESTION_DETRM","Using Question_master, this table will get populated. This table will have conditions in which the questions need to be asked. Eg. For vendor ABC ask this question for every sku received."
"QUESTION_MASTER","Question Master is used to pre-define system generated questions for a specific warehouse.  These questions can be used to prompt users for additional information or checkpoints throughout the system."
"QUEUE_TYPE_LOOKUP",""
"RACK_BIN_XREF",""
"RACK_LEVEL_MAP",""
"RACK_PALLET_XREF",""
"RACK_TYPE",""
"RACK_TYPE_LEVEL",""
"RAIL_ROUTE_DETAIL","table used to store detail part of rail route"
"RAIL_ROUTE_HEADER","table used to store header part of rail route"
"RAND_LOOKUP",""
"RAND_MILEMAKER_COUNTY",""
"RANGES_FOR_AUTO_TASKS",""
"RANGE_IDS_TABLE10",""
"RANGE_IDS_TABLE11",""
"RANGE_IDS_TABLE13",""
"RANGE_IDS_TABLE15",""
"RANGE_IDS_TABLE17",""
"RANGE_IDS_TABLE19",""
"RANGE_IDS_TABLE21",""
"RANGE_IDS_TABLE3",""
"RANGE_IDS_TABLE5",""
"RATE_TYPE",""
"RATING_CARRIER_SPECS_GTT",""
"RATING_ENGINE_PKG_CO_GTT",""
"RATING_ENGINE_PKG_DTL_GTT",""
"RATING_ENGINE_PKG_MATCH_CO_GTT",""
"RATING_ENGINE_PKG_MATCH_GTT",""
"RATING_LANE_ERRORS","* Rating Lane Errors"
"RATING_LEVELS","* Rating Levels"
"RATING_PKG_DTL_GTT",""
"REACT_HANDLER",""
"RECEIPT_ADJUSTMENT",""
"RECENTLY_APPLIED_FILTERS",""
"RECV_MSG_DATA","MHE transaction table - Receivied messages repository"
"RECV_MSG_DATA_HISTORY","MHE transaction table - Receivied messages repository"
"RELEASE_TASK_EVENT","Table for Dependent Picking Task Release Service Implementation logic"
"REPLEN_IMPORT_TEMP",""
"REPLEN_MATCHING",""
"REPORT","REPORT table denotes an report created."
"REPORT_DEF","REPORT_DEF table denotes a report type supported by the product."
"REPORT_DEF_LAYOUT","REPORT_DEF_LAYOUT table denotes an attribute for a report type (see REPORT_DEF_ID column)."
"REPORT_PARAM_VALUE","REPORT_PARAM_VALUE table denotes the values used for an attribute of a report instance."
"REP_SCHD_PARAM","REP_SCHD_PARAM table denotes a scheduled value for attributes defined in REPORT_DEF_LAYOUT or CUSTOM_REPORT_FILTER_LAYOUT tables."
"REQST_TYPE","Request Types"
"RESERVE_BIN_XREF",""
"RESERVE_PALLET_XREF",""
"RESOURCES","Table contains the information of all the resources"
"RESOURCE_BID_STATUS",""
"RESOURCE_PERMISSION","This table governs the RESOURCES table with the set of permissions for each resource"
"RESOURCE_SYNC","Internal Table"
"RESTRICTION_ATTRIBUTES","contains fields eligible for vendor restriction"
"RESTRICTION_OBJECT","contains objects eligible for vendor restriction"
"RESV_LOCN_HDR",""
"RES_ANALYSIS_RESULT",""
"RETN_DISP_CODE_MASTER","Holds the values for the user defined Disposition Codes to be used when receiving Returns"
"RETN_DISP_DETERM","Holds information on determining the Final Disposition Code for a combination of Returns and Buyer Disposition Codes.  Used for receiving Returns"
"RETN_IB_HIST","Pallet returnables tracking table"
"RETN_IB_SUMM","Pallet returnables tracking table"
"RETN_OB_HIST","Pallet returnables tracking table"
"RETN_OB_SUMM","Pallet returnables tracking table"
"RETN_SUMM","Pallet returnables tracking table"
"RE_MODULE_TYPE",""
"RE_RULATR_BEHAVIOR",""
"RE_RULATR_CATNOPER",""
"RE_RULATR_CAT_OPER",""
"RE_RULATR_DATATYPE",""
"RE_RULATR_OPERATOR",""
"RE_RULE_ATTRIBUTE",""
"RE_RULE_OBJ_TYPE",""
"RFUSER_CURRENT_LOCATION","RF User tracking/messaging process table"
"RF_BIND_KEY","All control keys table"
"RF_MESSAGE","RF User tracking/messaging process table"
"RF_MESSAGE_RESPONSE","RF User tracking/messaging process table"
"RG_LANE_ERRORS","* Rg Lane Errors"
"RG_LANE_HIERARCHY","* Rg Lane Hierarchy"
"ROI_PARAMETERS",""
"ROLE_CUSTOM_WINDOW_FORMAT","Table describes the customized formats that should be used by roles"
"ROLE_MASTER","Master table to list all the Roles. Role is created to group bunch of users based on their work category. Eg., Picker, Packer.  Role can be used to restrict access rights within the system."
"ROUTER",""
"RS300CLIENT","* Rs300Client"
"RS300COST_LABEL","* Rs300Cost Label"
"RS300PERFORM_TYPE","* Rs300Perform Type"
"RS300PERFORM_TYPE_RATING_TYPE","* Rs300Perform Type Rating Type"
"RS300RATING_CLASS","* Rs300Rating Class"
"RS300RATING_CLASS_PERFORM_TYPE","* Rs300Rating Class Perform Type"
"RS300RATING_COMP","* Rs300Rating Comp"
"RS300RATING_COMP_BEHAVIOR","* Rs300Rating Comp Behavior"
"RS300RATING_SYSTEM","* Rs300Rating System"
"RS300RATING_TABLE","* Rs300Rating Table"
"RS300RATING_TABLE_CELL","* Rs300Rating Table Cell"
"RS300RATING_TABLE_CLASS","* Rs300Rating Table Class"
"RS300RATING_TABLE_COLUMN","* Rs300Rating Table Column"
"RS300RATING_TABLE_COMMENT","* Rs300Rating Table Comment"
"RS300RATING_TABLE_CONDITION","* Rs300Rating Table Condition"
"RS300RATING_TABLE_PLANE","* Rs300Rating Table Plane"
"RS300RATING_TABLE_ROW","* Rs300Rating Table Row"
"RS300RATING_TABLE_TYPE","* Rs300Rating Table Type"
"RS300RATING_TOKEN","* Rs300Rating Token"
"RS300RATING_TOKEN_PERFORM_TYPE","* Rs300Rating Token Perform Type"
"RS300RATING_TOKEN_RATING_TYPE","* Rs300Rating Token Rating Type"
"RS300RATING_TYPE","* Rs300Rating Type"
"RS300REASON_CLASS","* Rs300Reason Class"
"RS300REASON_CODE","* Rs300Reason Code"
"RS300REASON_GROUP","* Rs300Reason Group"
"RS300REASON_GROUP_PERFORM_TYPE","* Rs300Reason Group Perform Type"
"RS300VERSION","* Rs300Version"
"RS_CONFIG",""
"RS_CONFIG_CYCLE_DL",""
"RS_TYPE",""
"RTS",""
"RTS_CHANGE_RULE",""
"RTS_CHANGE_RULE_DTL",""
"RTS_CRITICAL_FIELD_FV",""
"RTS_EVENT",""
"RTS_LINE_ITEM",""
"RTS_LINE_STATUS",""
"RTS_SIZES",""
"RTS_STATUS",""
"RULES","This table will be used to define Rules based on rule type"
"RULE_COLM_LIST",""
"RULE_COLM_REF",""
"RULE_HDR","Defines the rules that can be used in our system to limit(prioritize) the selection and sorting of data"
"RULE_PARM","This table is used as an extension to the Rule Set to capture additional parms"
"RULE_SEL_COL_DTL","Rule selection columns"
"RULE_SEL_DTL","Detail table to list the selection condtions for a rule."
"RULE_SORT_DTL","Detail table to list the sort  rules (Order By condtion)."
"SAILING_LANE_ERRORS","* Sailing Lane Errors"
"SAILING_SCHDL_TRNSPRTR","* Sailing Schdl Trnsprtr"
"SAILING_SCHDL_TRNSPRTR_VIA","* Sailing Schdl Trnsprtr Via"
"SAILING_SCHEDULE","* Sailing Schedule"
"SALES_ORDERS_STATUS",""
"SCHEDULER_EVENT_TYPE","This table represent the different event types of scheduler"
"SCHEDULE_B",""
"SCHEDULE_B_CHAPTER",""
"SCREEN_TYPE","Screen type finite value table."
"SCRIPT","For use by Babylon to store scripts configured for execution at different configurable exit-points throughout the process of exporting data during datasync."
"SCRIPTS",""
"SCRIPT_PAYLOAD","Used to hold the actual expression language content for execution by the exit points in Babylon."
"SEASONAL",""
"SEASONAL_DETAIL",""
"SEC_USER","SEC_USER"
"SERVER_MASTER",""
"SERVICE_REPO","Defines the mapping b/n a service endpoint address and the set of permissions required for a user to be able to invoke that service"
"SESSION_AUDIT",""
"SHELF",""
"SHELF_SLOT_XREF",""
"SHIFT","Defines the facility???s Shift name and there start and end date/time"
"SHIPMENT",""
"SHIPMENT_ACCESSORIAL",""
"SHIPMENT_ACCESSORIAL_TEMPLATE",""
"SHIPMENT_ATTRIBUTE",""
"SHIPMENT_ATTRIBUTE_TEMPLATE",""
"SHIPMENT_CHG_RULE",""
"SHIPMENT_CHG_RULE_DTL",""
"SHIPMENT_COMMODITY",""
"SHIPMENT_COMMODITY_TEMPLATE",""
"SHIPMENT_EVENT",""
"SHIPMENT_EXTN_TLM",""
"SHIPMENT_NOTE",""
"SHIPMENT_NOTE_TEMPLATE",""
"SHIPMENT_ORIGIN_TYPE",""
"SHIPMENT_SCHED_ACTION",""
"SHIPMENT_SEAL_NUMBER",""
"SHIPMENT_SIZE",""
"SHIPMENT_SIZE_OVERRIDE",""
"SHIPMENT_SIZE_TEMPLATE",""
"SHIPMENT_STATUS",""
"SHIPMENT_TEMPLATE",""
"SHIPMENT_TRACKING",""
"SHIPMENT_TYPE",""
"SHIPMENT_WMS_STATUS",""
"SHIPPING_ACTION",""
"SHIP_PLAN_HDR","Not Used."
"SHIP_VIA_CROSS_REF","* Ship Via Cross Ref"
"SHIP_VIA_EXCLUDE"," ShipVias to exclude during Hazmat Shipping"
"SHIP_WAVE_PARM","Wave parameters"
"SHP_STOP_ATTRIBUTE",""
"SINGLE_SIGNON","Internal table"
"SITC_CHAPTER",""
"SITC_CODE",""
"SIZE_CONVERSIONS",""
"SIZE_DESC","The size description is used to define the size range which is the category of the size (e.g. 'Men' or 'Women'), size relative position which is the actual size (e.g. large), and the size description which is a description of the size."
"SKU_LOCATION","*SKU or ITEM location"
"SKU_SUMM_TRAN","Not Used."
"SLOT_ITEM",""
"SLOT_ITEM_SCORE",""
"SLOT_ITEM_TEMP",""
"SLOT_LIST_TREE",""
"SLOT_RECOMMENDATION_CRITERIA","Recommendation criteria at slot level will be stored here"
"SLOT_STG",""
"SLOT_TOTAL_CAP_USAGE_DETAIL","It is detail level for the slot's total capacity usage in the yard location"
"SLOT_UNUSED",""
"SLOT_USAGE_DETAIL","It gives picture on the usage on the slots"
"SL_FAILURE_REASONS",""
"SMARTLABEL_ARN_EVENT_DTL","Smart Label processing table"
"SMARTLABEL_ARN_EVENT_HDR","Smart Label processing table"
"SMARTLABEL_BMC_DATA","Smart Label processing table"
"SMARTLABEL_CARTON_HDR_HIST","Smart Label processing table"
"SMARTLABEL_CLASS_OF_SERVICE","Smart Label configuration table"
"SMARTLABEL_FEE","Smart Label configuration table"
"SMARTLABEL_PARM_DTL","Smart Label configuration table"
"SMARTLABEL_PARM_HDR","Smart Label configuration table"
"SMARTLABEL_RULE_MAP","Smart Label configuration table"
"SMARTLABEL_SKU_HIST","Smart Label processing table"
"SMARTLABEL_ZIP_DATA","Smart Label configuration table"
"SM_CNSTR_DTL","Copy of CNSTR_DTL table"
"SM_CONFIG","Copy of INPUT_PARAM_MAX_RESLOT table"
"SM_CONSTRAINTS","Copy of CONSTRAINTS table"
"SM_DTL_COST","Scenario Management Detail Table for cost"
"SM_DTL_SCORE","Scenario Management Detail Table for score"
"SM_HDR","Scenario Management Header Table"
"SM_MOVE_LIST","Copy of move_list table"
"SM_MOVE_LIST_HDR","Copy of move_list_hdr table"
"SM_PLB_CONFIG","To store the PLB configuration"
"SM_RESLOT_PREFS","Scenario Management Slotting Preference Table"
"SM_RESULT","Table introduced to store before and after Reslot results"
"SNS_CALC",""
"SNS_DTL",""
"SNS_MAX_MIN",""
"SNS_MIGR",""
"SOA_BUCKET_ALIAS","Outward event processing/configuration table"
"SOA_FILTER","Outward event processing/configuration table"
"SOA_FILTERMODULE_ALIAS_XREF","Outward event processing/configuration table"
"SOA_FILTER_CATEGORY","Outward event processing/configuration table"
"SOA_FILTER_CATEGORY_XREF","Outward event processing/configuration table"
"SOA_FILTER_MODULE_XREF","Outward event processing/configuration table"
"SOA_HTTPHEADER","Outward event processing/configuration table"
"SOA_HTTPHEADERGROUP","Outward event processing/configuration table"
"SOA_HTTPHEADERGROUP_XREF","Outward event processing/configuration table"
"SOA_JYTHONVARIABLE","Outward event processing/configuration table"
"SOA_JYTHON_VARIABLE_XREF","Outward event processing/configuration table"
"SOA_LISTENER","Outward event processing/configuration table"
"SOA_LISTENER_ALLOWDENY","Outward event processing/configuration table"
"SOA_LISTENER_HTTP","Outward event processing/configuration table"
"SOA_LISTENER_RESOURCEMAPPING","Outward event processing/configuration table"
"SOA_MESSAGE_FRAGMENT","Outward event processing/configuration table"
"SOA_MODULE","Outward event processing/configuration table"
"SOA_MODULE_ALIAS_XREF","Outward event processing/configuration table"
"SOA_MODULE_CATEGORY","Outward event processing/configuration table"
"SOA_MODULE_CATEGORY_XREF","Outward event processing/configuration table"
"SOA_MODULE_CLSPARSER","Outward event processing/configuration table"
"SOA_MODULE_COMLINK","Outward event processing/configuration table"
"SOA_MODULE_COM_CLSID","Outward event processing/configuration table"
"SOA_MODULE_COM_IBUSOBJ","Outward event processing/configuration table"
"SOA_MODULE_COM_PROGID","Outward event processing/configuration table"
"SOA_MODULE_CORBA","Outward event processing/configuration table"
"SOA_MODULE_DDR","Outward event processing/configuration table"
"SOA_MODULE_DDR_RULE","Outward event processing/configuration table"
"SOA_MODULE_DLL_CPLUSPLUS","Outward event processing/configuration table"
"SOA_MODULE_DTS","Outward event processing/configuration table"
"SOA_MODULE_HTTP_XML","Outward event processing/configuration table"
"SOA_MODULE_JAVA_MAIN","Outward event processing/configuration table"
"SOA_MODULE_JYTHON","Outward event processing/configuration table"
"SOA_MODULE_MSSCRIPT","Outward event processing/configuration table"
"SOA_MODULE_XSL","Outward event processing/configuration table"
"SOA_PROXY","Outward event processing/configuration table"
"SOA_PROXY_COMLINK","Outward event processing/configuration table"
"SOA_PROXY_HTTP","Outward event processing/configuration table"
"SOA_XSLEXTENSION","Outward event processing/configuration table"
"SOA_XSL_EXTENSION_XREF","Outward event processing/configuration table"
"SOLR_ARCHIVE_INFO",""
"SORTER_GRP","Configuration table for sorter groups. "
"SORT_LOCN_CONFIG_DTL","sort location table"
"SORT_LOCN_CONFIG_HDR","sort location table"
"SO_DB_BUILD_HISTORY",""
"SO_FULFILL_STATUS",""
"SO_FULLFILL_OPTION",""
"SO_ITEM_MASTER_UNUSED",""
"SO_LN_FULFILL_OPTION","*Pre determined values for SO fulfill options"
"SO_LN_FULFILL_STATUS","*Pre determined values for SO fulfill status"
"SO_LOGGER_FACTORY","Keeps track of Engine Logger Factories with log levels"
"SO_OPERATION_STATUS",""
"SO_ORDER_CCLFIELD","CREDIT CARD TYPE reference table"
"SO_ORDER_CHG_VALUE","Table to temporarily store updated values of Order in case of locked Orders"
"SO_ORDER_CHG_VALUE_HISTORY","Table to temporarily store updated values of Order in case of locked Orders"
"SO_PAYMENT_STATUS",""
"SO_PRIORITY",""
"SO_STATUS",""
"SO_TYPE",""
"SO_USER_MASTER",""
"SPL_2_ZS_SHIPMENT",""
"SPL_ASN_DTL",""
"SPL_ASN_HDR",""
"SPL_ASN_INVOICE",""
"SPL_ASN_PRINT_TIME",""
"SPL_ASN_THRMT",""
"SPL_CARTON_BREAK_ATTR",""
"SPL_CARTON_DTL_PACKING",""
"SPL_CASE_LOCK_PROCEDURE_LOG",""
"SPL_CL_MESSAGE",""
"SPL_CODE_ID",""
"SPL_CODE_TYPE",""
"SPL_DSP_LOCN",""
"SPL_FILTER_LAYOUT_TMP",""
"SPL_FND_PARTY",""
"SPL_FND_PARTY_FILE",""
"SPL_FND_PARTY_PROF",""
"SPL_FND_REJECT",""
"SPL_GSP_BUSTBL_I_1",""
"SPL_GSP_BUSTBL_I_4",""
"SPL_GSP_BUSTBL_O_1",""
"SPL_GSP_BUSTBL_O_2",""
"SPL_GSP_BUSTBL_O_4",""
"SPL_GSP_BUSTBL_RULE",""
"SPL_GSP_EXPORT_IN_DATA",""
"SPL_ITEM_BRCD",""
"SPL_ITEM_MASTER_PROF",""
"SPL_ITEM_MNTN",""
"SPL_ITEM_MNTN_DTL",""
"SPL_ITEM_MNTN_TMP",""
"SPL_ITEM_WHSE_MASTER_PROF",""
"SPL_LOCN_HDR",""
"SPL_MAINTAIN_REPORT",""
"SPL_ORDER_LOSS",""
"SPL_ORDER_NBR_THRMT",""
"SPL_ORG_CREDIT_CODE",""
"SPL_OSR_CYCLE_COUNT",""
"SPL_OWNER",""
"SPL_OWNER_DRIVER",""
"SPL_OWNER_TRUCK",""
"SPL_PALLET_REALTIME_INFO","托盘实时信息表"
"SPL_PKTDT_DTL",""
"SPL_PKTDT_HDR",""
"SPL_PS_CONFIG",""
"SPL_PURCHASE_BACK_REPORT",""
"SPL_PURCHASE_CHECK_REPORT",""
"SPL_PURCHASE_RECEIVE_REPORT",""
"SPL_QUALITY_REPROT_ERROR_LOG",""
"SPL_QUALITY_RULE",""
"SPL_REJECT_REPORT",""
"SPL_RF_ACTIVE_SCAN_DTL",""
"SPL_RF_ACTIVE_SCAN_HDR",""
"SPL_RF_CARTON_SCAN",""
"SPL_RF_POSITION",""
"SPL_RF_UN_CARTON",""
"SPL_SALE_BACK_REPORT",""
"SPL_SALE_CHECK_REPORT",""
"SPL_SEASON_SUPPLIER_RLT",""
"SPL_STD_ASN_BACK_REPORT",""
"SPL_STD_ASN_CHECK_REPORT",""
"SPL_STD_ASN_RECEIVE_REPORT",""
"SPL_STD_MAINTAIN_REPORT",""
"SPL_STD_REJECT_REPORT",""
"SPL_STD_SALE_BACK_REPORT",""
"SPL_STD_SALE_CHECK_REPORT",""
"SPL_STORAGE_SUMMARY_DTL",""
"SPL_STORAGE_SUMMARY_HDR",""
"SPL_STORE",""
"SPL_SYS_ENV",""
"SPL_SYS_FILE",""
"SPL_SYS_FILE_CONTENT",""
"SPL_SYS_FILE_RLT",""
"SPL_SYS_NUMBER",""
"SPL_SYS_NUMBER_PART",""
"SPL_SYS_NUMBER_POOL",""
"SPL_TOOLS_ASN_FILES",""
"SPL_UNQLF_CASE",""
"SPL_UNQLF_CASE_PROF",""
"SPL_WMS_TOOL_UPDATE",""
"SPL_XH_NBR_TRKG",""
"SPL_ZS_LOCN",""
"SQL_SCRIPT",""
"SQS_LISTENER",""
"SRL_NBR_TRACK","Serial number transaction table"
"SRL_PIX_TRAN","Serial number PIX  transaction table"
"SR_ALERT_DTL","* Sr Alert Dtl"
"SR_DRILL_DN_ACT",""
"SR_FIELD_DETAIL","* Sr Field Detail"
"SR_FUNCTION",""
"SR_HEADER",""
"SR_LAYOUT_DTL",""
"SR_LAYOUT_DTL_FN",""
"SR_LAYOUT_HEADER",""
"SR_OBJECT_TYPE",""
"SR_OPTION_DETAIL","* Sr Option Detail"
"SR_SHIPMENT_TIER_DTL","* Sr Shipment Tier Dtl"
"STABILIZATION_CODE","Stabilization Codes"
"STAGING",""
"STAGING_TRAC_CODG_SN","药品追溯码临时表"
"STATEMENT_MASK_TYPE",""
"STATS_SNAPSHOT","Capture snapshots of statistics for each module, entity and instance"
"STATS_SNAPSHOT_EVENT","Statistics data for each event captured for each snapshot"
"STATS_SNAPSHOT_EVENT_DATA","Data with maximum processing times for snapshot events"
"STCC_CHAPTER",""
"STCC_CODE",""
"STG_OFFSET_XREF",""
"STOP",""
"STOP_ACTION",""
"STOP_ACTION_ORDER",""
"STOP_ACTION_SHIPMENT",""
"STOP_ACTION_TEMPLATE",""
"STOP_ADDITIONAL_SIZE",""
"STOP_ADDITIONAL_SIZE_TEMPLATE",""
"STOP_COMMODITY",""
"STOP_COMMODITY_TEMPLATE",""
"STOP_SCHED_ACTION",""
"STOP_SIZE",""
"STOP_SIZE_TEMPLATE",""
"STOP_STATUS",""
"STOP_TEMPLATE",""
"STORE_PACK_LOCN_DTL","Store pack locations"
"STORE_PACK_LOCN_HDR","Store pack locations"
"STORE_SKU_QLTY_MAP","STORE_SKUQUALITY_MAP"
"STORE_SKU_SOURCE",""
"STORE_TYPE","*Define different types of Stores"
"SUBSTITUTION_LEVEL",""
"SUBSTITUTION_TYPE",""
"SUBSTITUTION_TYPE_CBO",""
"SUFFIX",""
"SUMMARYCHART1_SP_AS_TMP","*Table to store summary chart info"
"SUMMARYCHART2_SP_AS_TMP",""
"SUPPLY_STATUS",""
"SURE_POST_ADDRESS_DATA","Table to indicate Surepost Addresses"
"SYSTEM_CODE",""
"SYSTEM_CODE_DTL",""
"SYS_EXPORT_FULL_01","Data Pump Master Table EXPORT                         FULL                          "
"SYS_EXPORT_FULL_02","Data Pump Master Table EXPORT                         FULL                          "
"SYS_EXPORT_FULL_03","Data Pump Master Table EXPORT                         FULL                          "
"SYS_EXPORT_FULL_04","Data Pump Master Table EXPORT                         FULL                          "
"SYS_EXPORT_FULL_05","Data Pump Master Table EXPORT                         FULL                          "
"SYS_EXPORT_FULL_06","Data Pump Master Table EXPORT                         FULL                          "
"SYS_EXPORT_FULL_07","Data Pump Master Table EXPORT                         FULL                          "
"SYS_EXPORT_FULL_08","Data Pump Master Table EXPORT                         FULL                          "
"SYS_EXPORT_FULL_09","Data Pump Master Table EXPORT                         FULL                          "
"SYS_EXPORT_FULL_10","Data Pump Master Table EXPORT                         FULL                          "
"SYS_EXPORT_FULL_11","Data Pump Master Table EXPORT                         FULL                          "
"SYS_EXPORT_FULL_12","Data Pump Master Table EXPORT                         FULL                          "
"SYS_EXPORT_FULL_13","Data Pump Master Table EXPORT                         FULL                          "
"TARIFF_SIZE_GTT",""
"TASK_ACTION","Search order:INT/TT/Mode INT/*/Mode"
"TASK_BATCH","Task Batch tracking table. This is different from Lots"
"TASK_DTL","Detailed information for Tasks"
"TASK_GRP_ELGBLTY","This table will be used by the client to maintain Task Group Eligibility for the current warehouse. Task Group Eligibility definitions are used to determine whether or not a user (or task group) is el"
"TASK_GRP_EQUIP_ELGBLTY","Used to determine the Task Eligibility.  If a User's tasking group does not have an entry in this table for both the starting and next work group/area of a task, the user is not eligible to perform th"
"TASK_HDR","Header information for Tasks"
"TASK_PARM","Rec Type P or A will have details in Sel_dtl and sort_dtl tables, as well as a template for actual SQL statements in SQL_parms table. Rec Type N will  have details in SQL_parms table only."
"TASK_PRTY_DETRM","Table is used to determine the task priority on (a) Task Creation or (b)  Approaching latest start time."
"TASK_PRT_SORT_DTL","This table is used to sort the task details with in the task. PB uses this to store print sort columns and populates Rule sql detail (for C++) with verb type = P for these columns."
"TASK_RLS_DETRM","Task Release determination rules setup table"
"TASK_RULE_PARM","Rec Type P or A will have details in Sel_dtl and sort_dtl tables, as well as a template for actual SQL statements in SQL_parms table. Rec Type N will  have details in SQL_parms table only."
"TAX_BAND",""
"TAX_BAND_DETAIL",""
"TBLINTERFACE","Not Used."
"TBLINTERFACECONNECTION","Not Used."
"TC_GEN_ID_RULES",""
"TEMP2_SLOT_ITEM",""
"TEMP_BAY_POS",""
"TEMP_ITEMS",""
"TEMP_RULE_HDR",""
"TEMP_SLOTITEMS",""
"TEMP_SLOTS",""
"TEMP_SLOT_ITEM",""
"TEMP_UPD_LOC_SEQ",""
"TERMDICTIONARY","Not Used."
"TEXTREPOSITORY","Not Used."
"TEXTREPOSITORYGROUPS","Not Used."
"TEXTREPOSITORYGROUPXREF","Not Used."
"TEXTREPOSITORYKEYS","Not Used."
"TEXTSUBSTITUTIONALIASES","Not Used."
"TEXT_TEMPTX_GETGROUP_LONGTEXT",""
"TEXT_TEMPTX_GETGROUP_SHORTTEXT",""
"TEXT_TEMPTX_GETGROUP_TEXT",""
"TF_PENALTY","Penalty Values of each Time Feasibility Penalty group for a company"
"TF_PENALTY_GROUP_FACILITY","facilities that belong to a Time Feasibility Penalty group for a company."
"TF_SHIPMENT_CONFIG","This table is used for shipment configuration"
"THEME_CUSTOM_USER_TYPE","Contains user types supported for the Theme Manager."
"THEME_DATA","This table contains the data related to particular theme having details like name, icon color, theme type (canned, user defined etc.) and repository details about theme if any."
"THEME_MANAGER","This table contains the custom id, type and role for the user of a company and theme associated with that custom id. This Custom id can be company id, role id or user id. This will have a foreign key THEME_DATA_ID to assign theme for that custom id."
"THEME_REPOSITORY_TYPE","Contains Repository Types supported by Themes."
"THEME_RESOURCE","This table contains icons/images resource and stores them as blob object in the Resource data column."
"THEME_RESOURCE_TYPE","Contains Resource Types supported by the Theme."
"THEME_SECTION","This table contains the details of theme based on the sections of the page and their externalized attributes. Attribute will refer to icon/image resource in THEME_RESOURCE table."
"THEME_TYPE","Master Types of themes supported by Theme Manager."
"THREAD_CONFIG","For use by Thyme, this table holds all configuration information necessary to start up threads designed to poll BASE_DATA_DELTA and operate on the information populated there."
"TIME_FEAS_CALC",""
"TMP1",""
"TMP_ACTIVITY_TRKG_TRAN",""
"TMP_ACT_TRK_LPNS",""
"TMP_AGGREGATION_LINE_GROUPS",""
"TMP_AGGREGATION_LINE_ITEMS",""
"TMP_AGGREGATION_ORDERS",""
"TMP_AGGREGATION_ORDER_GROUPS",""
"TMP_ALLOWED_LOCK_CODE",""
"TMP_ARN_EVENT",""
"TMP_CARTON_HDR_HIST",""
"TMP_CL_PURGE",""
"TMP_DEALLOC_OLI",""
"TMP_DOCK_DOOR","Assignment and management of dock doors"
"TMP_DYNAMIC_REPL_CACHE",""
"TMP_ER_GENERATE_TRIGGER",""
"TMP_EVENT_MESSAGE",""
"TMP_GET_NXT_UP_CNT_ID",""
"TMP_HN_HDR_ID",""
"TMP_INTG_ORDERS",""
"TMP_INTG_ORDER_SHIPMENTS",""
"TMP_INVC_LPN_LIST",""
"TMP_INVC_LPN_MASTR_LIST",""
"TMP_INVC_ORDER_LIST",""
"TMP_INVC_ORDER_MASTR_LIST",""
"TMP_INVC_ORIG_OLI",""
"TMP_LINE_ITEM",""
"TMP_LOG_PARM",""
"TMP_LPN",""
"TMP_LPN_ACTUAL_QTY",""
"TMP_LPN_ALLOCATED_QTY",""
"TMP_LPN_ALLOC_DTL",""
"TMP_LPN_DTL",""
"TMP_LPN_LIST",""
"TMP_LPN_SIZE_VALUE",""
"TMP_LRF_EVENT",""
"TMP_LRF_REPORT_PARAM_VALUE_DTL",""
"TMP_LRF_SCHED_EVENT_REPORT",""
"TMP_MERGE_RTL_PKT_DTL",""
"TMP_MERGE_SELECTED_ORDERS",""
"TMP_MERGE_SPLIT_ORDERS",""
"TMP_OLD_ORD_STATUS",""
"TMP_OLI_CNTR_TYPE",""
"TMP_OLI_SPLITS",""
"TMP_OM_SCHED_EVENT",""
"TMP_ORDER",""
"TMP_ORDERS",""
"TMP_ORDERS_MASTER",""
"TMP_ORDER_SPLITS_MASTER",""
"TMP_ORDER_SPLITS_SCRATCH",""
"TMP_ORD_DTL_SKU_INVN",""
"TMP_ORIG_OLI_QTY",""
"TMP_PACK_LPN_ALLOC_DTL",""
"TMP_PACK_MOP_LPN_DTLS",""
"TMP_PACK_WAVE_SELECTED_CHUTES",""
"TMP_PACK_WAVE_SELECTED_LPNS",""
"TMP_PCK_SHRT_ITEM",""
"TMP_PLANNED_ORDERS",""
"TMP_PLANNED_ORDER_SPLITS",""
"TMP_PREF_BINS",""
"TMP_PREF_PLTS",""
"TMP_PW_ASSIGNED_LPNS",""
"TMP_REFACTORED_LPN_DTLS",""
"TMP_SLOT_ITEM",""
"TMP_SLOT_ITEM_HIST",""
"TMP_SPLA_ATTR_GROUPS",""
"TMP_SPLA_SELECTED_ORDERS",""
"TMP_STOP_ACTION",""
"TMP_STOP_PRE_UNASSIGN",""
"TMP_STORE_MASTER",""
"TMP_TASK_CREATION_LM_TASK_DTLS",""
"TMP_TASK_CREATION_RULES",""
"TMP_TASK_CREATION_SELECTED_AID",""
"TMP_TASK_CREATION_TASK_SEQ_NBR",""
"TMP_TASK_LPN_MIN_LOCN_SEQ",""
"TMP_UNDO_INITIATE_ORDER_DTLS",""
"TMP_UNLOADED_LPNS",""
"TMP_UNPLAN_SPLITS",""
"TMP_VAL_PARM",""
"TMP_VARIANCE_LPNS",""
"TMP_WAVE_GROUP_REJECTED_ITEMS",""
"TMP_WAVE_GROUP_REJECTED_ORDERS",""
"TMP_WAVE_GROUP_REJECTED_SWCS",""
"TMP_WAVE_MOLPN_ORDERS",""
"TMP_WAVE_OLD_ORDER_STATUS",""
"TMP_WAVE_PIX_620_10_01",""
"TMP_WAVE_PREPACK_COMPONENTS",""
"TMP_WAVE_REJECTED_LINES",""
"TMP_WAVE_SELECTED_ORDERS",""
"TMP_WAVE_SELECTION_PARMS",""
"TMP_WAVE_SELECTION_RULES",""
"TMP_WAVE_SKU_INVN_CACHE",""
"TMP_WAVE_TE_SELECTED_SHPMTS",""
"TMP_WAVE_WORK_TYPE_STATS",""
"TMP_WM_ARCH_ASN_2",""
"TMP_WM_ARCH_LPN_1",""
"TMP_WM_ARCH_LPN_2",""
"TMP_WM_ID_1",""
"TMP_WM_ID_2",""
"TMP_WM_ID_3",""
"TMP_WM_ID_4",""
"TMP_ZONE_LIST",""
"TPE_RULE_DTL",""
"TPM_CONFIGURATION",""
"TPM_CONFIGURATION_DETAIL",""
"TRACKING_MESSAGE","* Tracking Message"
"TRACKING_VENDORS","For tracking external vendors"
"TRAILER_CONTENTS","Trailer contents records contents of the trailer shipped into or from facility"
"TRAILER_REF","Trailer ref provides the reference data of the trailer"
"TRAILER_VISIT","Trailer visit table records the trailer visit to the facility"
"TRAILER_VISIT_DETAIL","Trailer visit detail records details of the trailer visit to the facility"
"TRANSPORT_ENV","This needs to be dropped"
"TRANSPORT_SET","This needs to be dropped"
"TRANSPORT_TABLE","This needs to be dropped"
"TRANS_ITEM",""
"TRANS_QUERY","Not Used."
"TRANS_RESP_CODE",""
"TRANS_SLOT",""
"TRANS_SLOT_ITEM",""
"TRAN_LOG",""
"TRAN_LOG_MESSAGE",""
"TRAN_LOG_RESPONSE_MESSAGE",""
"TRAN_LOG_RULE",""
"TRAN_MASTER","This table contains a list of all available transactions."
"TRAN_MASTER_PARM","Table used to store WH or C/D level parm values, when the parm is defined with a W or C/D level system code."
"TRAN_PARM","This table contains a list of the parameters sent to a program called by a transaction.  Only programs that are used by a transaction are listed in this table."
"TRAN_ROLE","Not Used."
"TRAVEL_AISLE_CONFIG","Travel Aisle Configuration"
"TRAVEL_PLAN_ACTIVITY_TYPE",""
"TREE_DTL",""
"TT_COUNT_TAB",""
"TT_RANGE_IDS_TABLE",""
"TT_RANGE_IDS_TABLE10",""
"TT_RANGE_IDS_TABLE11",""
"TT_RANGE_IDS_TABLE12",""
"TT_RANGE_IDS_TABLE13",""
"TT_RANGE_IDS_TABLE14",""
"TT_RANGE_IDS_TABLE15",""
"TT_RANGE_IDS_TABLE16",""
"TT_RANGE_IDS_TABLE17",""
"TT_RANGE_IDS_TABLE18",""
"TT_RANGE_IDS_TABLE19",""
"TT_RANGE_IDS_TABLE2",""
"TT_RANGE_IDS_TABLE20",""
"TT_RANGE_IDS_TABLE21",""
"TT_RANGE_IDS_TABLE22",""
"TT_RANGE_IDS_TABLE3",""
"TT_RANGE_IDS_TABLE4",""
"TT_RANGE_IDS_TABLE5",""
"TT_RANGE_IDS_TABLE6",""
"TT_RANGE_IDS_TABLE7",""
"TT_RANGE_IDS_TABLE8",""
"TT_RANGE_IDS_TABLE9",""
"TT_ROI_REPLENISH",""
"TT_ROI_REPLENISH_COST",""
"TT_ROI_REPLENISH_SAVING",""
"TT_STACK",""
"TT_TBLHITSBYBAY",""
"TT_TBLHITSBYLEVEL",""
"TT_TBLHITSCOMPARE",""
"TT_TBLLEVEL_COSTS",""
"TT_TBLOUTPUT","*Temp Table to store summary chart color info"
"TT_TBLOUTPUT2",""
"TT_TBLOVERALLRESULTS",""
"TT_TBLPLGIDS",""
"TT_TBLPLGIDS3",""
"TT_TBLRESULTS",""
"TT_TBLUNPROCESSEDMOVES",""
"TT_TEMP_ITEM_HISTORY_INST",""
"TT_TEMP_ITEM_HISTORY_INST2",""
"TT_TEMP_ITEM_HISTORY_INST3",""
"TT_TEMP_ITEM_HISTORY_SMRY",""
"TT_TEMP_ITEM_HISTORY_SMRY2",""
"TT_TEMP_ITEM_HISTORY_SMRY3",""
"TT_TEMP_ITEM_HISTORY_UNSLOTTED",""
"TT_TEMP_NEG_HITS_SLOT_ITEM",""
"TT_TEMP_NEG_INV_SLOT_ITEM",""
"TT_TEMP_NEG_MVMT_SLOT_ITEM",""
"TT_TEMP_SLOT_ITEM_INTERESTED",""
"TT_TEMP_SLOT_ITEM_SLOTTED",""
"TT_TEMP_SLOT_ITEM_UNSLOTTED",""
"TXN_MASTER",""
"T_SYS_QUEUEERROR",""
"UCLJMSSTATE",""
"UCLJMSSTORE",""
"UCLWLSTORE",""
"UI_CONTROL_TYPE",""
"UI_CU_DATA_TYPE",""
"UI_CU_OBJECT_TYPE",""
"UI_CU_PARM_DEF",""
"UI_CU_PARM_GROUP",""
"UI_CU_PARM_SUBGRP",""
"UI_CU_PRODUCT",""
"UI_CU_UIBEHARTYPE",""
"UI_CU_USER_PARAM",""
"UI_CU_USER_PARVAL",""
"UI_ELEMENT_TYPE","Internal table"
"UI_MENU",""
"UI_MENU_ITEM",""
"UI_MENU_ITEM_PERMISSION",""
"UI_MENU_SCREEN",""
"UI_ROLLUP_CELL","Not Used."
"UI_ROLLUP_CELL_RATING_XREF","Not Used."
"UI_ROLLUP_GROUP","Not Used."
"UI_ROLLUP_GROUP_ROW_XREF","Not Used."
"UI_ROLLUP_RATING","Not Used."
"UI_ROLLUP_ROW","Not Used."
"UI_ROLLUP_ROW_CELL_XREF","Not Used."
"UI_ROLLUP_SCREEN","Not Used."
"UI_ROLLUP_SCREEN_GROUP_XREF","Not Used."
"UI_SCREEN","Internal table"
"UI_TYPE",""
"UI_VALIDATION_MASK",""
"UI_VIEWCOMPANYCTRL",""
"UI_VIEWCUSTCONTROLMD",""
"UI_VIEWFIELDMETADATA",""
"UI_VIEWMENUMETADATA",""
"UI_VIEWPANELMETADATA",""
"UNIQUE_IDS",""
"UN_ASSIGNED_APPT_OBJECT","Details of PO or Shipment which is not associated with any appointment after planner run"
"UOM_CONV","Table to define the unit of measurement conversion rules. RF and fixed station functions use these records to determine their associated entry/display length of a field. Refer to system code S597"
"UPS_DDU_DATA","UPS DDU Info"
"UPS_EMT_UPLOAD_RPT"," UPS Upload info logged here"
"UPS_LANE_DATA","UPS Lane Info"
"URI_TYPE","Holds the resource_type information"
"USER_ACCESS","Not Used."
"USER_AUDIT_DETAIL_GTK",""
"USER_AUDIT_EVENT_GTK",""
"USER_NAVIGATION",""
"USER_PROFILE","This table is used to store user profile details"
"USER_PROFILE_XREF",""
"USER_RANGE_XREF",""
"USER_SECURITY_CONTEXT","Not Used."
"USER_SYS_PREF","Not Used."
"USER_TASK_GRP","This table is used to specify task groups that user is eligible"
"VAL_EXPECTED_RESULTS","repository of expected results"
"VAL_JOB_DTL","repository of job details"
"VAL_JOB_HDR","repository of job header"
"VAL_JOB_SEQ","repository of job details execution sequence"
"VAL_JOB_TAGS","repository of job tags"
"VAL_PARSED_SELECT_LIST","repository of selected columns in the sql's in jobs"
"VAL_RESULT_HIST","repository of job result history"
"VAL_RUNTIME_BINDS","repository to store run time binds provided for job sql"
"VAL_SQL","sql repository"
"VAL_SQL_BINDS","repository of static binds"
"VAL_SQL_TAGS","repository of sql tags"
"VAL_TAG","repository of tag descriptions"
"VAL_TAG_TYPE","repository of tag types descriptions"
"VAL_TAG_TYPE_XREF","repository of tag types"
"VAS_CARTON","Value added services (VAS) processing table"
"VAS_PATH_DTL","Value added services (VAS) configuration table"
"VAS_PATH_HDR","Value added services (VAS) configuration table"
"VAS_PKT","Value added services (VAS) processing table"
"VCP_COMPANY_PARAMETER",""
"VENDOR_ESC",""
"VENDOR_MASTER","Contains a list of all Business Partners of the type Vendor that are used by WM"
"VENDOR_MASTER_GSP",""
"VEND_PERF_CODE","Contains a list of Performance Codes to be used for tracking Vendor Performance"
"VEND_PERF_QUAL_RSLT","Vendor performance tracking"
"VEND_PERF_TRAN","Contains transactional records containing Vendor Performance data"
"VEND_QUAL_AUDIT_LVL","Contains the definitions for the different Inspection Groups that can be setup for Vendors"
"VERSION_INFO",""
"VOCOLLECT_ACTIVE_CARTON","Voice configuration/Processing"
"VOCOLLECT_PARM","Voice configuration/Processing"
"VOCOLLECT_USER_LOGIN","Voice configuration/Processing"
"VOCOLLECT_WORK_TYPE","Voice configuration/Processing"
"WAVE",""
"WAVE_DISPATCHER","It denotes the number of dispatcher involved during wave processing"
"WAVE_OPTION",""
"WAVE_OPTION_LIST",""
"WAVE_OPTION_LIST_USED","* Wave Option List Used"
"WAVE_PARM","The paramters used from wave_pick table for the wave processing."
"WAVE_PROC_TYPE","Wave configuration/Processing table"
"WAVE_QUEUE","Wave configuration/Processing table"
"WAVE_QUEUE_LOAD","Wave configuration/Processing table"
"WAVE_QUEUE_PKT","Wave configuration/Processing table"
"WAVE_QUEUE_WORK_ORD","Wave configuration/Processing table"
"WAVE_RULE_PARM","Table to store the wave parameters for a wave+rule"
"WAVE_STATS","Wave visibility and exception logging"
"WAVE_TASK_CRIT","Wave configuration/Processing table"
"WAVE_WORK_TYPE_STATS","Wave configuration/Processing table"
"WA_DETAIL",""
"WA_HEADER",""
"WHPREFS",""
"WHSE_ENGINE_CONFIG","Stores engine configuration by warehouse"
"WHSE_IMPORT_PREFS",""
"WHSE_LABOR_PARAMETERS","Stores the LM specific warehouse level parameters"
"WHSE_LOCN_MASK","Voice mask denotes the WM location components that will be passed to the Talkman terminal for each of the Vocollect location components PREAISLEDIRECTION, AISLE,POSTAISLEDIRECTION and SLOT."
"WHSE_MASTER",""
"WHSE_MASTER_DTL",""
"WHSE_PARAMETERS",""
"WHSE_PAY","Stores payroll and incentive configuration at warehouse level"
"WHSE_PAY_DATE","Stores pay frequency at warehouse level"
"WHSE_PROCESS",""
"WHSE_PROCESS_STAGE","Staging table for WHSE_PROCESS. This table would store incoming requests from DM-Mobile."
"WHSE_PROCESS_STAGE_PARM","Dynamic parameters passed into the slotting warehouse processes"
"WHSE_SAFE_PERIOD","Stores warehouse safety information"
"WHSE_SERVER",""
"WMARCH_C_GSP_NBR_TRKG",""
"WMSFE_MESSAGES",""
"WMSFE_MSG_LOG",""
"WMSFE_MSG_LOG_BAK",""
"WM_INVENTORY","Single source of warehouse inventory information. All Inhouse warehouse inventory irrespective of whether invetory is in location or in LPN is tracked in this table."
"WM_INVENTORY_BACK20230922",""
"WM_INVENTORY_BAK0509",""
"WM_INVENTORY_BAK0624",""
"WM_MHE_MSG_FORMAT_DTL","All the Rules are stored for a sortation event against common column and MA objects"
"WM_MHE_MSG_FORMAT_HDR","Events configured for facility will be stored in this table"
"WM_PURGE_DEPENDENCY","Table for knowing dependencies among the purge codes"
"WM_QUEUE_CLASS","Internal table"
"WM_RULE_TAB_COLUMNS",""
"WORKFLOW_COMPONENT","Custom attributes of the components of a workflow"
"WORKFLOW_COMPONENT_PERM","Stores the cross references from workflow components to permissions"
"WORKFLOW_MSG_ASSOCIATION","follow-up messages to certain system messages in the context of a workflow definition of a warehouse transaction"
"WORKFLOW_SCRIPT","To store the content/location of the  DSL(groovy) script."
"WORKFLOW_VALUE_ASSOCIATION","STORES  WORKFLOW VALUE ASSOCIATION DATA"
"WORK_AREA_MASTER",""
"WORK_GRP_PRXMTY","This table will be used by the client to define the relative distance between different Work Group (WG) / Work Area (WA) combinations.   During task assignment, the proximity of an eligible task is ta"
"WORK_ORD_CMNT","Work Order object representation table"
"WORK_ORD_DTL","Work Order object representation table"
"WORK_ORD_HDR","Work Order object representation table"
"WORK_ORD_VAS","Work Order object representation table"
"WORK_ORD_WORK_TYPE","Work Order object representation table"
"WSDL_BINDINGS",""
"WSDL_IMPORTS",""
"WSDL_MESSAGES",""
"WSDL_MSG_PARTS",""
"WSDL_PARTNERLINK_TYPE_ROLE",""
"WSDL_PARTNER_LINK_TYPE",""
"WSDL_PORT_TYPES",""
"WSDL_PT_OPERATIONS",""
"WSDL_PT_OPERATIONS_ARGS",""
"WSDL_TYPES",""
"WSDL_TYPES_SCHEMA_IMPTS",""
"WZ_IMPORT_LOTS",""
"WZ_TMP1",""
"WZ_TMP2",""
"WZ_TMP3",""
"WZ_TMP4",""
"WZ_TMP5",""
"WZ_TMP6",""
"WZ_TMP7",""
"WZ_TMP8",""
"WZ_USERLIST",""
"XBASE_MENU_ITEM",""
"XBASE_MENU_PART",""
"XBASE_MENU_PART_PERMISSION",""
"XBASE_MENU_SECTION",""
"XBASE_MENU_SECTION_PERMISSION",""
"XCUSTOM_ATTRIBUTE_METADATA","Contains metadata information about custom attribute tables"
"XFIELD_RESTRICTION",""
"XFILTER",""
"XFILTER_MIGR","This table will be used by the product for migration of Filter"
"XFILTER_PREF",""
"XLAYOUT",""
"XLAYOUT_COMPANY_GROUP",""
"XLAYOUT_COMPONENT","Contains Mapping between Layout Id and Component Id"
"XLAYOUT_ITEM",""
"XLAYOUT_PART","Contains sections for the layout components"
"XLAYOUT_SECTION","Contains sections for the layout components"
"XLAYOUT_USER",""
"XLAYOUT_USER_GROUP",""
"XMAUI_MIGRATION","This table contains migrated filter and layout xmls which will be applied post MAUI2 DB migration"
"XMENU_ITEM",""
"XMENU_ITEM_APP",""
"XMENU_ITEM_PARAMETER",""
"XMENU_ITEM_PERMISSION",""
"XML_TRANSLATOR_TYPE",""
"XPREFERENCES","Contains solution preferences"
"XQUICK_MENU",""
"XQUICK_MENU_ITEM",""
"XQUICK_MENU_PART",""
"XQUICK_MENU_SECTION",""
"XREF","The Item Cross Reference option allows the user to inquiry/maintain the Item Cross Reference table (XREF table).  This list matches up vendor SKU barcodes with PkMS SKU barcodes located in the Item Ma"
"XREMOTE_LOG_CONFIG","Table contains configuration information for remote login"
"XTHEME_RESOURCE","This table contains CSS files  as clob object in the Resource data column."
"XTILE",""
"XWORKSPACE",""
"YARD_AUDIT_DETAIL","YARD_AUDIT_DETAIL"
"YARD_AUDIT_TASK","YARD_AUDIT_TASK"
"YARD_RECURRING_TASK","YARD_RECURRING_TASK is used to store recurring details of a yard audit task"
"YARD_TASK_GRP_ELGBLTY","YMS TAS GRP ELGBLTY"
"YARD_TASK_PATH_DEFN","YMS TASK PATH DEFN"
"YARD_USER_PROFILE","YMS USER PROFILE"
"YARD_USER_TASK_GRP","This will define the eligible task group for the user defined in Yard_user_profile table"
"Z_ADD_LOCK_CODE",""
"Z_WMS_ORDER_TMP_LOCAL",""
"Z_WZ_ASN_REF",""
"Z_WZ_CAR",""
"Z_WZ_CAR_MILEAGE",""
"Z_WZ_CAR_MILEAGE_SUMMARY",""
"Z_WZ_CAR_SOURCE",""
"Z_WZ_DESTRUCTION",""
"Z_WZ_DICT",""
"Z_WZ_GS1NBR",""
"Z_WZ_INSIDE_AUD",""
"Z_WZ_ITEMGSP",""
"Z_WZ_ITEM_CONVER",""
"Z_WZ_LINE",""
"Z_WZ_LINE_ITEM_REF",""
"Z_WZ_LOCNTMP",""
"Z_WZ_LOCN_HDR",""
"Z_WZ_ORDER_HDR",""
"Z_WZ_PRINT_PSD",""
"Z_WZ_PRINT_PSD_BAK0707",""
"Z_WZ_PRINT_PSD_BAK0914",""
"Z_WZ_PRINT_PSD_MB",""
"Z_WZ_PUTAWAY_PRINT",""
"Z_WZ_SERVICE_COST",""
"Z_WZ_TMP_GRP_UPDATE",""
