"   ","TABLE_NAME","CONSTRAINT_NAME","CONSTRAINT_TYPE","COLUMN_NAME","POSITION"
"1","ABW_ANALYSIS_RESULTS","PK_ABW_ANALYSIS_RESULTS","P","ABW_ANALYSIS_RESULTS_ID","1"
"2","ABW_CREATE_AISLE","PK_ABW_CREATE_AISLE","P","ABW_CREATE_AISLE_DTL_ID","1"
"3","ABW_CREATE_AISLE_HDR","PK_ABW_CREATE_AISLE_HDR","P","ABW_CREATE_AISLE_ID","1"
"4","ACCEPTANCE_STATUS","ACCEP_STATUS_PK","P","ACCEPTANCE_STATUS","1"
"5","ACCESSORIAL","ACCESSORIAL_PK","P","ACCESSORIAL_ID","1"
"6","ACCESSORIAL_PARAM_SET_ERRORS","ACC_PRM_SET_ERR_PK","P","ACCESSORIAL_PARAM_SET_ERROR","1"
"7","ACTION_TYPE","ACTION_TYPE_PK","P","ACTION_TYPE","1"
"8","ACTIVITY_TYPE","ACTIVITY_TYPE_PK","P","ACTIVITY_TYPE_ID","1"
"9","ADJUSTMENT_REASON_CONFIG","ADJUSTMENT_REASON_CONFIG_PK","P","ADJUSTMENT_REASON_CONFIG_ID","1"
"10","AI_MASTER","PK_AI_MASTER","P","AI_MASTER_ID","1"
"11","AI_MASTER","UK_AI_MASTER","U","AI","1"
"12","AI_TRAN_CONFIG","PK_AI_TRAN_CONFIG","P","AI_TRAN_CONFIG_ID","1"
"13","AI_TRAN_CONFIG","UK_AI_TRAN_CONFIG","U","TRAN_GRP","1"
"14","AI_TRAN_CONFIG","UK_AI_TRAN_CONFIG","U","AI","2"
"15","ALLOC_INVN_DTL","PK_ALLOC_INVN_DTL","P","ALLOC_INVN_DTL_ID","1"
"16","ALLOC_PARM","PK_ALLOC_PARM","P","ALLOC_PARM_ID","1"
"17","APPLICATION_CONFIGURATION","APP_CONFIG_PK","P","KEY","1"
"18","APPLICATION_CONFIGURATION","APP_CONFIG_PK","P","APPLY_TO_SERVER","2"
"19","APPOINTMENT_REPORT","APPOINTMENT_REPORT_PK","P","APPOINTMENT_REPORT_ID","1"
"20","APPOINTMENT_TYPE","APPT_TYPE_PK","P","APPOINTMENT_TYPE","1"
"21","APPT_OBJECT_FEASIBLE_APPT","APPT_OBJECT_FEASIBLE_APPT_PK","P","APPT_OBJECT_PK_ID","1"
"22","APPT_OBJECT_INFEASIBLE_APPT","APPT_OBJECT_INFEASIBLE_APPT_PK","P","APPT_OBJECT_PK_ID","1"
"23","APPT_OBJECT_PK","APPT_OBJECT_PK_PK","P","APPT_OBJECT_PK_ID","1"
"24","APPT_OBJECT_SLOT_GROUP_SLOT","APPT_OBJECT_SLOT_GROUP_SLOT_PK","P","APPT_OBJECT_PK_ID","1"
"25","APPT_SETUP_UPLOAD","APPT_SETUP_UPLOAD_PK","P","APPT_SETUP_UPLOAD_ID","1"
"26","APPT_UPLOAD_STATUS","APPT_UPLOAD_STATUS_UX","U","APPT_UPLOAD_STATUS","1"
"27","APPT_UPLOAD_TYPE","APPT_UPLOAD_TYPE_UX","U","APPT_UPLOAD_TYPE","1"
"28","APP_SERVER_STATUS","APP_SERVER_STATUS_PK","P","APP_INST_SHORT_NAME","1"
"29","AP_ALERT","AP_ALERT_PK","P","ALERT_ID","1"
"30","AP_ALERT_ACTIVITY_DETAILS","AP_ALERT_DTS_PK","P","ALERT_ACTIVITY_ID","1"
"31","AP_ALERT_ARGS","AP_ALERT_ARGS_PK","P","ALERT_ID","1"
"32","AP_ALERT_ARGS","AP_ALERT_ARGS_PK","P","ALERT_GLOBALIZATION_ID","2"
"33","AP_ALERT_ARGS","AP_ALERT_ARGS_PK","P","ARG_SEQ_NBR","3"
"34","AP_ALERT_DEF","AP_ALERT_DEF_PK","P","ALERT_DEF_ID","1"
"35","AP_ALERT_DEF_LCLZD_MSG","AP_LCLZD_PK","P","ALERT_DEF_ID","1"
"36","AP_ALERT_DEF_LCLZD_MSG","AP_LCLZD_PK","P","LOCALE_CODE","2"
"37","AP_ALERT_DEF_NOTIFICATION","AP_ALRT_DEF_NOTI_PK","P","ALERT_DEF_ID","1"
"38","AP_ALERT_DEF_USER_GROUP_MAP","AP_ALERT_USR_PK","P","ALERT_DEF_ID","1"
"39","AP_ALERT_DEF_USER_GROUP_MAP","AP_ALERT_USR_PK","P","USER_GROUP","2"
"40","AP_ALERT_ESCALATION_DETAILS","APALERTED_PK","P","ALERT_ACTIVITY_ID","1"
"41","AP_ALERT_ESCALATION_DETAILS","APALERTED_PK","P","ALERT_ID","2"
"42","AP_ALERT_ESCALATION_DETAILS","APALERTED_PK","P","ALERT_ESCALATION_ID","3"
"43","AP_ALERT_ESCALATION_DETAILS","APALERTED_PK","P","USER_ID","4"
"44","AP_ALERT_OBJECTS","AP_ALERT_OBJ_PK","P","ALERT_ID","1"
"45","AP_ALERT_OBJECTS","AP_ALERT_OBJ_PK","P","OBJECT_ID","2"
"46","AP_ALERT_OBJECTS","AP_ALERT_OBJ_PK","P","OBJECT_TYPE","3"
"47","AP_SYSTEM_ALERT_DEF","APSYSALERTDEF_PK","P","SYSTEM_ALERT_DEF_ID","1"
"48","AR_ACCT","PK_AR_ACCT","P","AR_ACCT_ID","1"
"49","AR_ACCT","UK_AR_ACCT","U","ACCT_RCVBL_ACCT_NBR","1"
"50","AR_ACCT","UK_AR_ACCT","U","FACILITY_ID","2"
"51","AR_ACCT","UK_AR_ACCT","U","TC_COMPANY_ID","3"
"52","AR_ACCT_DTL","PK_AR_ACCT_DTL","P","AR_ACCT_DTL_ID","1"
"53","ASN","ASN_PK","P","ASN_ID","1"
"54","ASN_ATTRIBUTE","ASN_ATTRIBUTE_PK","P","ASN_ID","1"
"55","ASN_ATTRIBUTE","ASN_ATTRIBUTE_PK","P","ATTRIBUTE_NAME","2"
"56","ASN_ATTRIBUTE","ASN_ATTRIBUTE_PK","P","ATTRIBUTE_SEQ","3"
"57","ASN_COMMUNICATION_METHOD","ASN_COMM_PK","P","ASN_COMMUNICATION_METHOD","1"
"58","ASN_DETAIL","ASN_DETAIL_PK","P","ASN_ID","1"
"59","ASN_DETAIL","ASN_DETAIL_PK","P","ASN_DETAIL_ID","2"
"60","ASN_DETAIL_ATTRIBUTE","ASN_DT_ATTRIB_PK","P","ASN_ID","1"
"61","ASN_DETAIL_ATTRIBUTE","ASN_DT_ATTRIB_PK","P","ASN_DETAIL_ID","2"
"62","ASN_DETAIL_ATTRIBUTE","ASN_DT_ATTRIB_PK","P","ATTRIBUTE_NAME","3"
"63","ASN_DETAIL_ATTRIBUTE","ASN_DT_ATTRIB_PK","P","ATTRIBUTE_SEQ","4"
"64","ASN_DETAIL_REF","ASN_DETAIL_REF_PK","P","ASN_ID","1"
"65","ASN_DETAIL_REF","ASN_DETAIL_REF_PK","P","ASN_DETAIL_ID","2"
"66","ASN_DETAIL_STATUS","ASN_DT_STATUS_PK","P","ASN_DETAIL_STATUS","1"
"67","ASN_EVENT","ASN_EVENT_PK","P","ASN_EVENT_ID","1"
"68","ASN_EVENT","ASN_EVENT_PK","P","ASN_ID","2"
"69","ASN_LEVEL","ASN_LEVEL_PK","P","ASN_LEVEL","1"
"70","ASN_NOTE","ASN_NOTE_PK","P","ASN_ID","1"
"71","ASN_NOTE","ASN_NOTE_PK","P","NOTE_ID","2"
"72","ASN_RECEIVED_CODES","PK_ASN_RECEIVED_CODES","P","SHPMT_NBR","1"
"73","ASN_REF","ASN_REF_PK","P","ASN_ID","1"
"74","ASN_SEAL_NUMBER","ASN_SEAL_NUMBER_PK","P","ASN_ID","1"
"75","ASN_SEAL_NUMBER","ASN_SEAL_NUMBER_PK","P","SEAL_ID","2"
"76","ASN_STATUS","ASN_STATUS_PK","P","ASN_STATUS","1"
"77","ASN_TYPE","ASN_TYPE_PK","P","ASN_TYPE","1"
"78","ASN_UNIT_DETAIL","ASN_UNIT_DETAIL_PK","P","ASN_UNIT_ID","1"
"79","AUDIT_FIELD_NAME","AUDIT_FIELD_NAME_PK","P","AUDIT_FIELD_NAME","1"
"80","AUTOMATION","PK_AUTOMATION","P","AUTO_ID","1"
"81","AUTO_CREATE_RULE","AUTO_CRT_PK","P","AUTO_CREATE_ID","1"
"82","BASE_ACTIVITY_TYPE","BASE_ACT_PL","P","BASE_ACTIVITY_TYPE_ID","1"
"83","BASE_DATA_DELTA","BASE_DATA_DELTA_PK","P","BASE_DATA_DELTA_ID","1"
"84","BASIC_QUARTZ_CONFIG","SYS_C0063290","P","JOB_KEY","1"
"85","BATCH_HIST_SHIP","PK_BATCH_HIST_SHIP","P","BATCH_HIST_SHIP_ID","1"
"86","BATCH_HIST_STAT","PK_BATCH_HIST_STAT","P","BATCH_HIST_STAT_ID","1"
"87","BATCH_HIST_WORK_ORD","PK_BATCH_HIST_WORK_ORD","P","BATCH_HIST_WORK_ORD_ID","1"
"88","BATCH_MASTER","PK_BATCH_MASTER","P","BATCH_MASTER_ID","1"
"89","BATCH_MASTER","UK_BATCH_MASTER","U","BATCH_NBR","1"
"90","BATCH_MASTER","UK_BATCH_MASTER","U","ITEM_ID","2"
"91","BAY_TYPES","PK_BAY_TYPES","P","BAY_TYPE_ID","1"
"92","BAY_TYPE_LEVEL","PK_BAY_TYPE_LEVEL","P","BAY_TYPE_LEVEL_ID","1"
"93","BEAN_VALIDATOR","BEAN_VALIDTR_PK","P","BEAN_VALIDATOR_ID","1"
"94","BEAN_VALIDATOR","BEAN_VALIDTR_UK","U","SCOPE","1"
"95","BEAN_VALIDATOR","BEAN_VALIDTR_UK","U","CONTEXT","2"
"96","BINDING_DETAILS","BINDING_DETAILS_PK","P","BINDING_DETAILS_ID","1"
"97","BINDING_TYPE","BINDING_TYPE_PK","P","BINDING_TYPE_ID","1"
"98","BINDING_TYPE","BINDING_TYPE_UK","U","TYPE_NAME","1"
"99","BINS","PK_BINS","P","BIN_ID","1"
"100","BIN_XREF","PK_BIN_XREF","P","BINXREF_ID","1"
"101","BOL_OUTPT_CARR_INFO","PK_BOL_OUTPT_CARR_INFO_ID","P","BOL_OUTPT_CARR_INFO_ID","1"
"102","BOL_OUTPT_SHPMT_ATTR","PK_BOL_OUTPT_SHPMT_ATTR","P","RUN_ID","1"
"103","BOL_OUTPT_STOP_ATTR","PK_BOL_OUTPT_STOP_ATTR","P","RUN_ID","1"
"104","BOL_OUTPT_STOP_ATTR","PK_BOL_OUTPT_STOP_ATTR","P","STOP_SEQ","2"
"105","BOOKING_ACTION","BOOKING_ACTION_PK","P","BOOKING_ACTION","1"
"106","BORROWING","PK_BORROWING","P","BORROWING_ID","1"
"107","BP_RESTRICTION","BP_REST_PK","P","TC_COMPANY_ID","1"
"108","BP_RESTRICTION","BP_REST_PK","P","BUSINESS_PARTNER_ID","2"
"109","BP_RESTRICTION","BP_REST_PK","P","RES_ATTRIBUTE_ID","3"
"110","BRCD_STRUCT","PK_BRCD_STRUCT","P","BRCD_STRUCT_ID","1"
"111","BRCD_STRUCT","UK_BRCD_STRUCT","U","BRCD_TYPE","1"
"112","BRCD_STRUCT","UK_BRCD_STRUCT","U","BRCD_LEN","2"
"113","BRCD_STRUCT","UK_BRCD_STRUCT","U","SEQ_NBR","3"
"114","BROKEN_CONSTRAINTS","PK_BRKN_CONS_LGL_FT_RSN","P","LEGAL_FIT_REASON","1"
"115","BR_ADDL_ITEMS","PK_BR_ADDL_ITEMS","P","BR_ADDL_ITEMS_ID","1"
"116","BR_DETAIL","PK_BR_DETAIL","P","BR_DTL_ID","1"
"117","BR_HEADER","PK_BR_HEADER","P","BR_HDR_ID","1"
"118","BR_TARGET","PK_BR_TARGET","P","BR_TARGET_ID","1"
"119","BUNDLE_META_DATA","BUNDLE_META_DATA_PK","P","BUNDLE_META_DATA_ID","1"
"120","BUNDLE_META_DATA","BUNDLE_META_DATA_UX1","U","BUNDLE_NAME","1"
"121","BUSINESS_GROUP","BUSINESS_GRP_PK","P","BUSINESS_GROUP_ID","1"
"122","BUSINESS_ORDER_MAPPING","BUSINESS_ORDER_MAPPING_PK","P","BUSINESS_ORDER_MAPPING_ID","1"
"123","CALENDAR_DTL","CALENDAR_DTL_PK","P","CALENDAR_ID","1"
"124","CALENDAR_DTL","CALENDAR_DTL_PK","P","CALENDAR_DTL_ID","2"
"125","CALLOUT_EVENT","CALLOUT_EVENT_PK","P","CALLOUT_EVENT_ID","1"
"126","CALLOUT_EVENT","CALLOUT_EVENT_UK1","U","EVENT_NAME","1"
"127","CALLOUT_EVENT","CALLOUT_EVENT_UK2","U","EVENT_CLASS_NAME","1"
"128","CALLOUT_MAPPING","CALLOUT_MAPPING_PK","P","CALLOUT_MAPPING_ID","1"
"129","CALLOUT_MAPPING","CALLOUT_MAPPING_UK1","U","CALLOUT_EVENT_ID","1"
"130","CALLOUT_MAPPING","CALLOUT_MAPPING_UK1","U","FACILITY_ID","2"
"131","CALLOUT_MAPPING","CALLOUT_MAPPING_UK1","U","COMPANY_ID","3"
"132","CALLOUT_SCRIPT","CALLOUT_SCRIPT_PK","P","CALLOUT_SCRIPT_ID","1"
"133","CALLOUT_SCRIPT","CALLOUT_SCRIPT_UK1","U","SCRIPT_NAME","1"
"134","CARRIER_BILLING_METHODS","CARR_BILL_MTHD_PK","P","BILLING_METHOD","1"
"135","CARRIER_BILLING_METHODS","CARR_BILL_MTHD_PK","P","CARRIER_ID","2"
"136","CARRIER_CODE_NOTE","CARRIER_CNOTE_PK","P","CARRIER_ID","1"
"137","CARRIER_CODE_NOTE","CARRIER_CNOTE_PK","P","NOTE_SEQ","2"
"138","CARRIER_INVOICE_MASK","CARRIER_IMASK_PK","P","CARRIER_ID","1"
"139","CARRIER_INVOICE_MASK","CARRIER_IMASK_PK","P","CARR_INV_MASK_ID","2"
"140","CARRIER_RGLANE_REJECT","CARRIER_RGLANE_REJECT_PK","P","CAR_RG_REG_ID","1"
"141","CART_PLAN","PK_CART_PLAN","P","CART_PLAN_ID","1"
"142","CASE_LOCN_FIT","PK_CASE_LOCN_FIT","P","CASE_LOCN_FIT_ID","1"
"143","CATEGORY","PK_CATEGORY","P","CAT_ID","1"
"144","CAT_CODE","PK_CAT_CODE","P","CAT_CODE_ID","1"
"145","CD_MASTER","PK_CD_MASTER","P","CD_MASTER_ID","1"
"146","CD_MASTER_DTL","PK_CD_MASTER_DTL","P","CD_MASTER_DTL_ID","1"
"147","CFMF_STATUS","CFMF_STATUS_PK","P","CFMF_STATUS","1"
"148","CHANNEL_TYPE","CHANNEL_TYPE_PK1","P","CHANNEL_TYPE","1"
"149","CHECK_DIGIT_TYPE","CHECK_DTYPE_PK","P","CHECK_DIGIT_TYPE","1"
"150","CHUTE_ASSIGN_PRTY","PK_CHUTE_ASSIGN_PRTY","P","CHUTE_ASSIGN_PRTY_ID","1"
"151","CHUTE_ASSIGN_PRTY","UK_CHUTE_ASGN_PRTY_CHT_PRTY_ID","U","CHUTE_PRTY_ID","1"
"152","CHUTE_MASTER","PK_CHUTE_MASTER","P","CHUTE_MASTER_ID","1"
"153","CHUTE_MASTER","UK_CHUTE_MASTER","U","WHSE","1"
"154","CHUTE_MASTER","UK_CHUTE_MASTER","U","CHUTE_ID","2"
"155","CLAIM_ACTION_CODE","CLAIM_ACODE_PK","P","CLAIM_ACTION_CODE","1"
"156","CLAIM_ACTION_CODE","CLAIM_ACODE_PK","P","CLAIM_ACTION_TYPE","2"
"157","CLAIM_ACTION_CODE","CLAIM_ACODE_PK","P","TC_COMPANY_ID","3"
"158","CLAIM_ACTION_TYPE","CLAIM_ACTIONT_PK","P","CLAIM_ACTION_TYPE","1"
"159","CLAIM_CATEGORY","CLAIM_CATEGORY_PK","P","CLAIM_CATEGORY","1"
"160","CLAIM_CLASSIFICATION","CLAIM_CLFS_PK","P","CLAIM_CLASSIFICATION","1"
"161","CLAIM_PARAMETER","CLAIM_PARAMETER_PK","P","CLAIM_PARAM_ID","1"
"162","CLAIM_SYSTEM_ACTION_CODE","CLAIM_SCODE_PK","P","CLAIM_ACTION_CODE","1"
"163","CLAIM_SYSTEM_ACTION_CODE","CLAIM_SCODE_PK","P","CLAIM_ACTION_TYPE","2"
"164","CLAIM_TYPE","CLAIM_TYPE_PK","P","CLAIM_TYPE","1"
"165","CLASSIFICATION_CODE","CLASSIFICATION_CODE_PK","P","CLASSIFICATION_CODE_ID","1"
"166","CLASSIFICATION_CODE","CLASSIFICATION_CODE_UK","U","TYPE","1"
"167","CLASSIFICATION_CODE","CLASSIFICATION_CODE_UK","U","CLASSIFICATION_CODE","2"
"168","CLASSIFICATION_CODE","CLASSIFICATION_CODE_UK","U","COMPANY_ID","3"
"169","CL_ALERT","CL_ALERT_PK","P","ALERT_ID","1"
"170","CL_CLUSTER","CL_CLUSTER_PK","P","CLUSTER_ID","1"
"171","CL_CONNECT_MODE","CL_CONNECT_MODE_PK","P","CONNECT_MODE_ID","1"
"172","CL_CONNECT_WHEN","CL_CONNECT_WHEN_PK","P","CONNECT_WHEN_ID","1"
"173","CL_CONTROL_FILE_FORMAT","CL_CONTROL_FILE_FORMAT_PK","P","CONTROL_FILE_FORMAT_ID","1"
"174","CL_CONTROL_FILE_OPTION","CL_CONTROL_FILE_OPTION_PK","P","CONTROL_FILE_OPTION_ID","1"
"175","CL_CONVERSATION","CL_CONVERSATION_PK","P","CONVERSATION_ID","1"
"176","CL_CRON","CL_CRON_PK","P","CRON_ID","1"
"177","CL_CRON_GROUP","CL_CRON_GROUP_PK","P","CRON_GROUP_ID","1"
"178","CL_DATA_ENCODING","CL_DATA_ENCODING_PK","P","DATA_ENCODING_ID","1"
"179","CL_DATA_FORMAT","CL_DATA_FORMAT_PK","P","DATA_FORMAT_ID","1"
"180","CL_DATA_TRANSFER","CL_DATA_TRANSFER_PK","P","DATA_TRANSFER_ID","1"
"181","CL_DIRECTION","CL_DIRECTION_PK","P","DIRECTION_ID","1"
"182","CL_DISCONNECT_WHEN","CL_DISCONNECT_WHEN_PK","P","DISCONNECT_WHEN_ID","1"
"183","CL_DRIVER","CL_DRIVER_PK","P","DRIVER_ID","1"
"184","CL_DRIVER_INTERCEPTOR","CL_DRIVER_INTERCEPTOR_PK","P","DRIVER_ID","1"
"185","CL_DRIVER_INTERCEPTOR","CL_DRIVER_INTERCEPTOR_PK","P","INTERCEPTOR_ID","2"
"186","CL_ENABLE_OPTION","CL_ENABLE_OPTION_PK","P","ENABLE_OPTION_ID","1"
"187","CL_ENDPOINT","CL_ENDPOINT_PK","P","ENDPOINT_ID","1"
"188","CL_ENDPOINT_EXT","CL_ENDPOINT_EXT_PK","P","ENDPOINT_EXT_ID","1"
"189","CL_ENDPOINT_QUEUE","CL_ENDPOINT_QUEUE_PK","P","ENDPOINT_QUEUE_ID","1"
"190","CL_ENDPOINT_QUEUE_HISTORY","CL_ENDPOINT_QUEUE_HIST_PK","P","ENDPOINT_QUEUE_ID","1"
"191","CL_ENDPOINT_STATUS_DETAIL","CL_ENDPOINT_STATUS_DETAIL_PK","P","CL_ENDPOINT_STATUS_DETAIL_ID","1"
"192","CL_ENGINE","CL_ENGINE_PK","P","ENGINE_ID","1"
"193","CL_ENGINE_CONFIG","CL_ENGINE_CONFIG_PK","P","ENGINE_CONFIG_ID","1"
"194","CL_ENGINE_GROUP","CL_ENGINE_GROUP_PK","P","ENGINE_GROUP_ID","1"
"195","CL_ENGINE_GROUP_XREF","CL_ENGINE_GROUP_XREF_PK","P","ENGINE_GROUP_ID","1"
"196","CL_ENGINE_GROUP_XREF","CL_ENGINE_GROUP_XREF_PK","P","ENGINE_ID","2"
"197","CL_EVENT_MASTER","CL_EVENT_MASTER_PK","P","EVENT_ID","1"
"198","CL_EVENT_PUBLICATION","CL_EVENT_PUBLICATION_PK","P","EVENT_ID","1"
"199","CL_EVENT_PUBLICATION","CL_EVENT_PUBLICATION_PK","P","ENDPOINT_ID","2"
"200","CL_EVENT_SUBSCRIPTION","CL_EVENT_SUBSCRIPTION_PK","U","EVENT_ID","1"
"201","CL_EVENT_SUBSCRIPTION","CL_EVENT_SUBSCRIPTION_PK","U","ENDPOINT_ID","2"
"202","CL_EVENT_SUBSCRIPTION","CL_EVENT_SUBSCRIPTION_PK","U","C_MHE_RULE_GROUP","3"
"203","CL_EXTENDED_CONFIGURATION","CL_EXTENDED_CONFIGURATION_PK","P","CONFIG_ID","1"
"204","CL_FAILOVER_TRACKING","CL_FAILOVER_TRACKING_PK","P","CLUSTER_ID","1"
"205","CL_FAILOVER_TRACKING","CL_FAILOVER_TRACKING_PK","P","DRIVER_ID","2"
"206","CL_FRAMING_STYLE","CL_FRAMING_STYLE_PK","P","FRAMING_STYLE_ID","1"
"207","CL_FTP_CONNECT_MODE","CL_FTP_CONNECT_MODE_PK","P","FTP_CONNECT_MODE_ID","1"
"208","CL_HEARTBEAT_TYPE","CL_HEARTBEAT_TYPE_PK","P","HEARTBEAT_TYPE_ID","1"
"209","CL_HTTP_GROUP","CL_HTTP_GROUP_PK","P","HTTP_GROUP_ID","1"
"210","CL_HTTP_HEADER","CL_HTTP_HEADER_PK","P","HTTP_HEADER_ID","1"
"211","CL_INTERCEPTOR","CL_INTERCEPTOR_PK","P","INTERCEPTOR_ID","1"
"212","CL_MACHINE","CL_MACHINE_PK","P","MACHINE_ID","1"
"213","CL_MACHINE_XREF","CL_MACHINE_XREF_PK","P","CLUSTER_ID","1"
"214","CL_MACHINE_XREF","CL_MACHINE_XREF_PK","P","SERVER_CONFIG_ID","2"
"215","CL_MESSAGE","CL_MESSAGE_PK","P","MSG_ID","1"
"216","CL_MESSAGE_HISTORY","CL_MESSAGE_HIST_PK","P","MSG_ID","1"
"217","CL_MESSAGE_KEYS","CL_MESSAGE_KEYS_PK","P","MSG_ID","1"
"218","CL_MESSAGE_KEYS","CL_MESSAGE_KEYS_PK","P","KEY_ID","2"
"219","CL_MESSAGE_KEYS","CL_MESSAGE_KEYS_PK","P","VALUE","3"
"220","CL_MESSAGE_KEYS_HISTORY","CL_MESSAGE_KEYS_HIST_PK","P","MSG_ID","1"
"221","CL_MESSAGE_KEYS_HISTORY","CL_MESSAGE_KEYS_HIST_PK","P","KEY_ID","2"
"222","CL_MESSAGE_KEYS_HISTORY","CL_MESSAGE_KEYS_HIST_PK","P","VALUE","3"
"223","CL_MESSAGE_STATUS","CL_MESSAGE_STATUS_PK","P","STATUS_ID","1"
"224","CL_PRIORITY","CL_PRIORITY_PK","P","PRIORITY_ID","1"
"225","CL_PROTOCOL","CL_PROTOCOL_PK","P","PROTOCOL_ID","1"
"226","CL_PROTOCOL_FILE","CL_PROTOCOL_FILE_PK","P","PROTOCOL_FILE_ID","1"
"227","CL_PROTOCOL_FTP","CL_PROTOCOL_FTP_PK","P","PROTOCOL_FTP_ID","1"
"228","CL_PROTOCOL_HTTP","CL_PROTOCOL_HTTP_PK","P","PROTOCOL_HTTP_ID","1"
"229","CL_PROTOCOL_JMS","CL_PROTOCOL_JMS_PK","P","PROTOCOL_JMS_ID","1"
"230","CL_PROTOCOL_MQS","CL_PROTOCOL_MQS_PK","P","PROTOCOL_MQS_ID","1"
"231","CL_PROTOCOL_RFID1","CL_PROTOCOL_RFID1_PK","P","PROTOCOL_RFID1_ID","1"
"232","CL_PROTOCOL_TCP","CL_PROTOCOL_TCP_PK","P","PROTOCOL_TCP_ID","1"
"233","CL_PROTOCOL_TCPMUX","CL_PROTOCOL_TCPMUX_PK","P","PROTOCOL_TCPMUX_ID","1"
"234","CL_PROTOCOL_UDP","CL_PROTOCOL_UDP_PK","P","PROTOCOL_UDP_ID","1"
"235","CL_SEQUENCE","CL_SEQUENCE_PK","P","SEQUENCE_NAME","1"
"236","CL_SERVER_CONFIG","CL_SERVER_CONFIG_PK","P","MACHINE_ID","1"
"237","CL_SERVER_CONFIG","CL_SERVER_CONFIG_PK","P","PORT","2"
"238","CL_SERVER_CONFIG","CL_SERVER_CONFIG_UNQ","U","SERVER_CONFIG_ID","1"
"239","CL_SERVER_TYPE","CL_SERVER_TYPE_PK","P","SERVER_TYPE_ID","1"
"240","CL_SIZE_ENCODING","CL_SIZE_ENCODING_PK","P","SIZE_ENCODING_ID","1"
"241","CL_SIZE_SCOPE","CL_SIZE_SCOPE_PK","P","SIZE_SCOPE_ID","1"
"242","CL_SOURCE_FILE_OPTION","CL_SOURCE_FILE_OPTION_PK","P","SOURCE_FILE_OPTION_ID","1"
"243","CL_STATUS","CL_STATUS_PK","P","STATUS_ID","1"
"244","CL_TRANSFER_TYPE","CL_TRANSFER_TYPE_PK","P","TRANSFER_TYPE_ID","1"
"245","CL_VOCO_CONFIG","CL_VOCO_CONFIG_PK","P","CONFIG_VOCO_ID","1"
"246","CNFG_FRAME_MASTER","PK_CNFG_FRAME_MASTER","P","CNFG_FRAME_MASTER_ID","1"
"247","CNFG_FRAME_MASTER","UK_CNFG_FRAME_MASTER","U","FRAME_ID","1"
"248","CNFG_SCRN_FRAME","PK_CNFG_SCRN_FRAME","P","CNFG_SCRN_FRAME_ID","1"
"249","CNFG_SCRN_FRAME","UK_CNFG_SCRN_FRAME","U","SCRN_ID","1"
"250","CNFG_SCRN_FRAME","UK_CNFG_SCRN_FRAME","U","FRAME_ID","2"
"251","CNFG_SCRN_FRAME","UK_CNFG_SCRN_FRAME","U","LOGIN_USER_ID","3"
"252","CNFG_SCRN_FRAME","UK_CNFG_SCRN_FRAME","U","ROLE_ID","4"
"253","CNFG_SCRN_MASTER","PK_CNFG_SCRN_MASTER","P","CNFG_SCRN_MASTER_ID","1"
"254","CNFG_SCRN_MASTER","UK_CNFG_SCRN_MASTER","U","SCRN_ID","1"
"255","CNSTR_DTL","PK_CNSTR_DTL","P","CONST_XREF_ID","1"
"256","CNSTR_GRP","PK_CNSTR_GRP","P","CNSTR_GRP_ID","1"
"257","CNSTR_MULT_LOC","PK_CNSTR_MULT_LOC","P","CNSTR_MULT_LOC_ID","1"
"258","CNSTR_RACK_LEVEL","PK_CNSTR_RACK_LEVEL","P","CNSTR_RACK_LEVEL_ID","1"
"259","CNTR_TYPE","CNTR_TYPE_PK","P","CNTR_TYPE_ID","1"
"260","CNT_INVN_DTL","PK_CNT_INVN_DTL","P","CNT_INVN_DTL_ID","1"
"261","CNT_INVN_HDR","PK_CNT_INVN_HDR","P","CNT_INVN_HDR_ID","1"
"262","CNT_INVN_SRL_NBR","PK_CNT_INVN_SRL_NBR","P","CNT_INVN_SRL_NBR_ID","1"
"263","COGI_DETAIL","COGI_DETAIL_PK","P","TC_COMPANY_ID","1"
"264","COGI_DETAIL","COGI_DETAIL_PK","P","COGI_ID","2"
"265","COGI_DETAIL","COGI_DETAIL_PK","P","COGI_DETAIL_ID","3"
"266","COLM_MASTER","PK_COLM_MASTER","P","COLM_MASTER_ID","1"
"267","COLOR_CODE_DTL","PK_COLOR_CODE_DTL","P","COLOR_CODE_DTL_ID","1"
"268","COLOR_CODE_HDR","PK_COLOR_ATTRIBUTE_HDR","P","COLOR_CODE_ID","1"
"269","COMMENT_TYPE","COMMENT_TYPE_PK","P","CODE","1"
"270","COMPANY_OPT_ENGINE","COMPANY_OPT_ENGINE_PK","P","COMPANY_ID","1"
"271","COMPANY_OPT_ENGINE","COMPANY_OPT_ENGINE_PK","P","OPT_ENGINE_ID","2"
"272","COMPANY_REF","COMPANY_REF_PK","P","COMPANY_ID","1"
"273","COMPOSITE_SERVICE_ARGS","COMPSERVARGS_PK","P","ARG_ID","1"
"274","COMPOSITE_SERVICE_REPOSITORY","COMP_SERV_REP_PK","P","CS_ID","1"
"275","COMPOSITE_SERVICE_REPOSITORY","COMP_SERV_REP_UK","U","NAME","1"
"276","COMPOSITE_SERVICE_REPOSITORY","COMP_SERV_REP_UK","U","TARGET_NAMESPACE","2"
"277","COMPOSITE_SERVICE_REPOSITORY","COMP_SERV_REP_UK","U","DOMAINGROUPID","3"
"278","COMPOSITE_SERVICE_REPOSITORY","COMP_SERV_REP_UK","U","STATUS","4"
"279","CONDITION_TYPE","CTYPE_PK","P","CONDITION_TYPE","1"
"280","CONFIG_TOOL_DEPENDENT_STEPS","PK_CONTOOLDEPSTEPS","P","CONFIG_TOOL_DEPENDENT_STEPS_ID","1"
"281","CONFIG_TOOL_DTL","PK_CONTOOLDTL","P","CONFIG_TOOL_DTL_ID","1"
"282","CONFIG_TOOL_HDR","PK_CONFIGTOOLHDR","P","CONFIG_TOOL_HDR_ID","1"
"283","CONFIG_TOOL_PREF_ANSWER","PK_CONTOOLPREFANS","P","CONFIG_TOOL_PREF_ANSWER_ID","1"
"284","CONFIG_TOOL_PREF_DISABLED_STEP","PK_CONTOOLPREFDISSTEP","P","CONFIG_TOOL_PREF_DSBLD_STEP_ID","1"
"285","CONFIG_TOOL_PREF_QUESTION","PK_CONFIGTOOLPREFQUES","P","CONFIG_TOOL_PREF_QUESTION_ID","1"
"286","CONSTEMP_SCHED_EVENT","CTEMP_SCHDEVENT_PK","P","TC_COMPANY_ID","1"
"287","CONSTEMP_SCHED_EVENT","CTEMP_SCHDEVENT_PK","P","EVENT_ID","2"
"288","CONSTEMP_SCHED_EVENT","CTEMP_SCHDEVENT_PK","P","DAY_OF_WEEK","3"
"289","CONSTEMP_SCHED_EVENT","CTEMP_SCHDEVENT_PK","P","CONS_TEMPLATE_ID","4"
"290","CONSTEMP_SCHED_EVENT_HISTORY","CTEMP_SCHDEVENT_HIST_PK","P","TC_COMPANY_ID","1"
"291","CONSTEMP_SCHED_EVENT_HISTORY","CTEMP_SCHDEVENT_HIST_PK","P","EVENT_ID","2"
"292","CONSTEMP_SCHED_EVENT_HISTORY","CTEMP_SCHDEVENT_HIST_PK","P","DAY_OF_WEEK","3"
"293","CONSTEMP_SCHED_EVENT_HISTORY","CTEMP_SCHDEVENT_HIST_PK","P","CONS_TEMPLATE_ID","4"
"294","CONSTRAINTS","PK_CONSTRAINTS","P","CNSTR_ID","1"
"295","CONS_ORDER_PATH","CONS_ORD_PATH_PK","P","CONS_ORDER_PATH_ID","1"
"296","CONS_REGION","CONS_REGION_PK","P","TC_COMPANY_ID","1"
"297","CONS_REGION","CONS_REGION_PK","P","CONS_REGION_CODE","2"
"298","CONS_RUN","CONS_RUN_PK","P","CONS_RUN_ID","1"
"299","CONS_RUN_DTL","CONS_RUN_DTL_PK","P","CONS_RUN_DTL_ID","1"
"300","CONS_RUN_DTL_TYPE","CONS_RUN_DTL_TY_PK","P","CONS_RUN_DTL_TYPE","1"
"301","CONS_TEMPLATE","CONS_TEMPLATE_PK","P","CONS_TEMPLATE_ID","1"
"302","CONTACT_FILTER_MAP","CONTACT_FILTER_MAP_PK","P","CONTACT_ID","1"
"303","CONTACT_FILTER_MAP","CONTACT_FILTER_MAP_PK","P","FILTER_OBJECT","2"
"304","CONTAINER_TYPE","PK_CONTAINER_TYPE","P","CNTR_TYPE","1"
"305","CONTEXT_REPO","CONTEXT_REPO_PK","P","CONTEXT_ID","1"
"306","COST_TYPE_CBO","COST_TYPE_CBO_PK","P","COST_TYPE_ID","1"
"307","CREATION_TYPE","CREATION_TYPE_PK","P","CREATION_TYPE","1"
"308","CREDIT_CARD_TYPE","CREDIT_CARDTYPE_PK","P","CREDIT_CARD_TYPE","1"
"309","CRON_JOB_HISTORY","PK_CRON_JOB_HISTORY","P","CRON_JOB_HISTORY_ID","1"
"310","CROSSREF","CROSSREF_PK","P","CROSSREF_ID","1"
"311","CS_EXECUTION_CONFIG_CONTEXT","CS_EXE_CONFIG_PK","P","EXE_CONFIG_ID","1"
"312","CS_EXE_NOTIFICATION_PARAMS","CSEXENOTIFPARAM_PK","P","EXE_NOTIFICATION_ID","1"
"313","CUSTOMER_CONTACT","CUST_CONTACT_PK","P","CUSTOMER_ID","1"
"314","CUSTOMER_CONTACT","CUST_CONTACT_PK","P","CUST_CONTACT_ID","2"
"315","CUSTOMER_CREDIT_LIMIT","CUST_CLIMIT_PK","P","CUSTOMER_CREDIT_LIMIT_ID","1"
"316","CUSTOMER_DOC_DELIVERY_DTL","CUST_DOC_DDTL_PK","P","CUSTOMER_DOC_DELIVERY_DTL_ID","1"
"317","CUSTOMER_LETTER_OF_CREDIT","CUST_LOC_PK","P","TC_COMPANY_ID","1"
"318","CUSTOMER_LETTER_OF_CREDIT","CUST_LOC_PK","P","CUSTOMER_ID","2"
"319","CUSTOMER_LETTER_OF_CREDIT","CUST_LOC_PK","P","CUSTOMER_LOC_ID","3"
"320","CUSTOMIZE_VIEW_TYPE","CUSTOMIZE_VW_TYP_PK","P","CUSTOMIZE_VIEW_TYPE_ID","1"
"321","CUSTOM_BEHAVIORAL_DETAIL","CUST_BHVL_DTL_PK","P","BEHAVIORAL_VIEW_ID","1"
"322","CUSTOM_BEHAVIORAL_VIEW","CUST_BEHA_VIE_PK","P","VIEW_ATTR_ID","1"
"323","CUSTOM_BINDING_DETAILS","CUSTOM_BINDDTLS_PK","P","CST_BINDING_DETAILS_ID","1"
"324","CUSTOM_DISPLAY","CUSTOM_DISPLAY_PK","P","CUSTOM_DISPLAY_ID","1"
"325","CUSTOM_DISPLAY_DATATYPE","CUSTOM_DISPLAY_DATATYPE_PK","P","CUSTOM_DISPLAY_DATATYPE","1"
"326","CUSTOM_DISPLAY_DETAIL","CUSTOM_DISPLAY_DETAIL_PK","P","CUSTOM_DISPLAY_ID","1"
"327","CUSTOM_DISPLAY_DETAIL","CUSTOM_DISPLAY_DETAIL_PK","P","DISPLAY_SEQ","2"
"328","CUSTOM_DISPLAY_FIELD","CUSTOM_DSP_FIELD_PK","P","CUSTOM_DISPLAY_FIELD_ID","1"
"329","CUSTOM_DISPLAY_FIELD_ATTRIB","CUSTOM_DISPLAY_FIELD_ATTRIB_PK","P","CUSTOM_DISPLAY_FIELD_ID","1"
"330","CUSTOM_DISPLAY_FIELD_ATTRIB","CUSTOM_DISPLAY_FIELD_ATTRIB_PK","P","CUSTOM_DISPLAY_ATTRIB_SEQ","2"
"331","CUSTOM_DISPLAY_FIELD_PERMIS","CUSTOM_DISPLAY_FIELD_PERM_PK","P","CUSTOM_DISPLAY_FIELD_ID","1"
"332","CUSTOM_DISPLAY_FIELD_PERMIS","CUSTOM_DISPLAY_FIELD_PERM_PK","P","PERMISSION","2"
"333","CUSTOM_DISPLAY_OPT_TABLES","CUSTOM_DISPLAY_OPT_TABLES_PK","P","CUSTOM_DISPLAY_TYPE","1"
"334","CUSTOM_DISPLAY_OPT_TABLES","CUSTOM_DISPLAY_OPT_TABLES_PK","P","TABLE_NAME","2"
"335","CUSTOM_DISPLAY_TYPE","CUSTOM_DISPLAY_TYPE_PK","P","CUSTOM_DISPLAY_TYPE","1"
"336","CUSTOM_FIELD","CUSTOM_FIELD_PK","P","CUSTOM_FIELD_ID","1"
"337","CUSTOM_FILTER_LAYOUT","CUS_FIL_LAY_PK","P","FILTER_LAYOUT_ID","1"
"338","CUSTOM_FRAGMENT","CUSTOM_FRAGMENT_PK","P","CUSTOM_FRAGMENT_ID","1"
"339","CUSTOM_OPERATOR","CUSTOM_OPERATOR_PK","P","CUSTOM_OPERATOR_ID","1"
"340","CUSTOM_OPERATOR_TYPE","CUSTOM_OPRTR_TY_PK","P","CUSTOM_OPERATOR_TYPE_ID","1"
"341","CUSTOM_PAGE","CUSTOM_PAGE_PK","P","CUSTOM_PAGE_ID","1"
"342","CUSTOM_PAGE_INFO","CUSTOM_PAGE_INFO_PK","P","CUSTOM_PAGE_INFO_ID","1"
"343","CUSTOM_PANEL","CUSTOM_PANEL_PK","P","CUSTOM_PANEL_ID","1"
"344","CUSTOM_QUICK_FILTER_LAYOUT","CUSTQKFLTRLYT_PK","P","QUICK_FILTER_ID","1"
"345","CUSTOM_REPORT_FILTER_LAYOUT","CUSTREPOLOUT_PK","P","REPORT_DEF_LAYOUT_ID","1"
"346","CUSTOM_STYLE_VIEW","CUST_STL_VW_PK","P","STYLE_VIEW_ID","1"
"347","CUSTOM_USER_ROLE_MAPPING","CUSTOM_URP_PK","P","CUSTOM_USER_ROLE_ID","1"
"348","CUSTOM_USER_ROLE_MAPPING","CUSTOM_URP_UX","U","CUSTOM_PAGE_ID","1"
"349","CUSTOM_USER_ROLE_MAPPING","CUSTOM_URP_UX","U","USER_ID","2"
"350","CUSTOM_USER_ROLE_MAPPING","CUSTOM_URP_UX","U","ROLE_ID","3"
"351","CUSTOM_VIEW_UIATTR","CUST_VW_UIATTR_PK","P","CUSTOM_VIEW_UIATTR_ID","1"
"352","CUSTOM_WINDOW_FORMAT","PK_CUSTOM_WINDOW_FORMAT","P","CUSTOM_WINDOW_FORMAT_ID","1"
"353","CUST_INV_SCHED_CONFIG","CST_INV_SCH_CFG_PK","P","CONFIG_ID","1"
"354","CUST_INV_SCHED_CONFIG_DTL","CUSINVSCDCFGDTL_PK","P","CONFIG_ID","1"
"355","CUST_INV_SCHED_CONFIG_DTL","CUSINVSCDCFGDTL_PK","P","CONFIG_DTL_ID","2"
"356","CW","SYS_C0078109","P","A","1"
"357","CYCLE_COUNT_TRIG","PK_CYCLE_COUNT_TRIG","P","CYCLE_COUNT_TRIG_ID","1"
"358","CYCLE_COUNT_TRIG","UK_CYCLE_COUNT_TRIG","U","TRIG_CODE","1"
"359","CYCLE_COUNT_TRIG","UK_CYCLE_COUNT_TRIG","U","WHSE","2"
"360","C_ASRS_STATUS","PK_C_ASRS_STATUS","P","WHSE","1"
"361","C_ASRS_STATUS","PK_C_ASRS_STATUS","P","CRANE","2"
"362","C_CARTON_DTL","PK_C_CARTON_DTL","P","CARTON_NBR","1"
"363","C_CARTON_DTL","PK_C_CARTON_DTL","P","CARTON_SEQ_NBR","2"
"364","C_CARTON_HDR","PK_C_CARTON_HDR","P","CARTON_NBR","1"
"365","C_GSP_NBR_TRKG","PK_C_GSP_NBR_TRKG","P","C_GSP_NBR_TRKG_ID","1"
"366","C_GSP_NBR_VLDG","GSP_SKUID","U","GSP_NBR","1"
"367","C_GSP_NBR_VLDG","GSP_SKUID","U","SKU_ID","2"
"368","C_GUI_SESSION","PK_C_GUI_SESSION","P","TOKEN","1"
"369","C_ORDERS_ASN_CANCEL","SYS_C0063225","P","ORDERS_ASN_CANCEL_ID","1"
"370","C_OSR_REQUEST","SYS_C0063288","P","REQUEST_ID","1"
"371","C_OSR_STORAGE","PK_C_OSR_STORAGE","P","REQUEST_ID","1"
"372","C_OSR_STORAGE","PK_C_OSR_STORAGE","P","SEQ_NBR","2"
"373","C_QI_INSPECTION","SYS_C0063221","P","SEQ_ID","1"
"374","C_RFDTPD_ALL","SYS_C0068553","P","ID","1"
"375","C_RFDTPD_ALL_BAK","SYS_C0068556","P","ID","1"
"376","C_RFPD_ALL","SYS_C0068547","P","ID","1"
"377","C_RFPD_ALL_BAK","SYS_C0068550","P","ID","1"
"378","C_SPL_LEAN_REPL_TASK","SYS_C0066696","P","PK_TASK_ID","1"
"379","DAILY_UTILIZATION","DAILY_UTILIZATION_PK","P","UTILIZATION_DATE","1"
"380","DAILY_UTILIZATION","DAILY_UTILIZATION_PK","P","INTERNAL_SEQ","2"
"381","DATASOURCE","PK_DATASOURCE","P","ID","1"
"382","DATASOURCE_SOA","PK_DATASOURCE_SOA","P","ID","1"
"383","DATASOURCE_SQL","PK_DATASOURCE_SQL","P","ID","1"
"384","DATASOURCE_SQL_CONNECTION","PK_DATASOURCE_SQL_CONN","P","ID","1"
"385","DATASOURCE_STOREDPROCEDURE","PK_DATASOURCE_STOREDPROCEDURE","P","ID","1"
"386","DATASOURCE_TEXT","PK_DATASOURCE_TEXT","P","ID","1"
"387","DATA_LOADER_LISTENER","DATA_LOADER_LISTENER_PK","P","DATA_LOADER_LISTENER_ID","1"
"388","DATA_LOADER_UPLOAD_LOG","DATA_LOADER_UPLOAD_LOG_PK","P","DATA_LOADER_UPLOAD_LOG_ID","1"
"389","DATA_SOURCE","DATA_SOURCE_PK","P","DATA_SOURCE","1"
"390","DATA_TYPE","DATA_TYPE_PK","P","DATA_TYPE","1"
"391","DATE_TYPE","DATE_TYPE_PK","P","DATE_TYPE","1"
"392","DAY_OF_WEEK_CBO","PK_DAY_OF_WEEK_CBO","P","DAY_OF_WEEK_ID","1"
"393","DAY_OF_WEEK_OCCURANCE_CBO","PK_DAY_OF_WEEK","P","DAY_OF_WEEK_OCCURANCE","1"
"394","DB_BUILD_HISTORY","DB_BLD_HST_PK","P","VERSION_LABEL","1"
"395","DB_CR_HISTORY","DB_CR_HISTORY_PK","P","DB_CR_HISTORY_ID","1"
"396","DB_CR_HISTORY","DB_CR_HISTORY_UK","U","CR_NUMBER","1"
"397","DB_CR_HISTORY","DB_CR_HISTORY_UK","U","DB_LAYER","2"
"398","DB_LISTENER","DB_LISTENER_PK","P","DB_LISTENER_ID","1"
"399","DELIVERY_AREA_SURCHARGE_TYPE","DASURCHGTYP_PK","P","DELIVERY_AREA_SURCHG_TYPE_ID","1"
"400","DELIVERY_CHANNEL","DELIVERY_CH_PK","P","DELIVERY_CHANNEL_ID","1"
"401","DELIVERY_METHOD","DELIVERYM_PK","P","DELIVERY_METHOD","1"
"402","DELIVERY_REQ","DELIVERY_REQ_PK","P","DELIVERY_REQ","1"
"403","DEP_ACCESSORIAL_CODE_MAP","DEP_ACCES_CD_MP_PK","P","ACCESSORIAL_ID","1"
"404","DEP_ACCESSORIAL_CODE_MAP","DEP_ACCES_CD_MP_PK","P","DEP_ACCESSORIAL_ID","2"
"405","DESTINATION","PK_DESTINATION","P","DESTINATION_ID","1"
"406","DESTINATION","UK_DESTINATION_DEST_ID","U","DEST_ID","1"
"407","DESTINATION_SYSTEM","DESTINATION_SYSTEM_PK","P","DESTINATION_SYSTEM_ID","1"
"408","DHL_POSTAL_CODE","DHL_POSTAL_CODE_PK","P","DHL_POSTAL_CODE_ID","1"
"409","DHL_SERVICE_LEVEL","DHL_SERVICE_LEVEL_PK","P","DHL_SERVICE_LEVEL_ID","1"
"410","DHL_TRANSIT_TIME","DHL_TRANSIT_TIME_PK","P","DHL_TRANSIT_TIME_ID","1"
"411","DIRECTION","DIRECTION_PK","P","DIRECTION","1"
"412","DISPATCH_STATUS","DISPATCHS_PK","P","DISPATCH_STATUS","1"
"413","DISPOSITION_TYPE","PK_DISPOSITION_TYPE","P","DISPOSITION_TYPE_ID","1"
"414","DISTRIBUTION_LIST","DLIST_PK","P","DL_ID","1"
"415","DISTRIB_LIST_MEMBER","DLIST_MBR_PK","P","DL_ID","1"
"416","DISTRIB_LIST_MEMBER","DLIST_MBR_PK","P","TP_COMPANY_ID","2"
"417","DISTRIB_LIST_MEMBER_DL","DLIST_MBRDL_PK","P","PARENT_DL_ID","1"
"418","DISTRIB_LIST_MEMBER_DL","DLIST_MBRDL_PK","P","MEMBER_DL_ID","2"
"419","DIVRT_HIST","PK_DIVRT_HIST","P","DIVRT_HIST_ID","1"
"420","DOCK_DOOR_AVAIL_DATE","PK_DOCK_DOOR_AVAIL_DATE","P","DOCK_DOOR_AVAIL_DATE_ID","1"
"421","DOCK_DOOR_AVAIL_DATE","UK_DOCK_DOOR_AVAIL_DATE","U","WHSE","1"
"422","DOCK_DOOR_AVAIL_DATE","UK_DOCK_DOOR_AVAIL_DATE","U","DOCK","2"
"423","DOCK_DOOR_AVAIL_DATE","UK_DOCK_DOOR_AVAIL_DATE","U","DOOR","3"
"424","DOCK_DOOR_AVAIL_DATE","UK_DOCK_DOOR_AVAIL_DATE","U","AVAIL_DATE","4"
"425","DOCK_DOOR_AVAIL_DATE","UK_DOCK_DOOR_AVAIL_DATE","U","START_TIME","5"
"426","DOCK_DOOR_AVAIL_DAY","PK_DOCK_DOOR_AVAIL_DAY","P","DOCK_DOOR_AVAIL_DAY_ID","1"
"427","DOCK_DOOR_AVAIL_DAY","UK_DOCK_DOOR_AVAIL_DAY","U","WHSE","1"
"428","DOCK_DOOR_AVAIL_DAY","UK_DOCK_DOOR_AVAIL_DAY","U","DOCK","2"
"429","DOCK_DOOR_AVAIL_DAY","UK_DOCK_DOOR_AVAIL_DAY","U","DOOR","3"
"430","DOCK_DOOR_AVAIL_DAY","UK_DOCK_DOOR_AVAIL_DAY","U","DAY_OF_WEEK","4"
"431","DOCK_DOOR_AVAIL_DAY","UK_DOCK_DOOR_AVAIL_DAY","U","START_TIME","5"
"432","DOCK_DOOR_AVAIL_SCHED","PK_DOCK_DOOR_AVAIL_SCHED","P","DOCK_DOOR_AVAIL_SCHED_ID","1"
"433","DOCK_DOOR_AVAIL_SCHED","UK_DOCK_DOOR_AVAIL_SCHED","U","REC_TYPE","1"
"434","DOCK_DOOR_AVAIL_SCHED","UK_DOCK_DOOR_AVAIL_SCHED","U","WHSE","2"
"435","DOCK_DOOR_AVAIL_SCHED","UK_DOCK_DOOR_AVAIL_SCHED","U","DOCK","3"
"436","DOCK_DOOR_AVAIL_SCHED","UK_DOCK_DOOR_AVAIL_SCHED","U","DOOR","4"
"437","DOCK_DOOR_AVAIL_SCHED","UK_DOCK_DOOR_AVAIL_SCHED","U","START_DATE_TIME","5"
"438","DOCK_DOOR_MASTER","PK_DOCK_DOOR_MASTER","P","DOCK_DOOR_MASTER_ID","1"
"439","DOCK_DOOR_MASTER","UK_DOCK_DOOR_MASTER","U","WHSE","1"
"440","DOCK_DOOR_MASTER","UK_DOCK_DOOR_MASTER","U","DOCK","2"
"441","DOCK_DOOR_MASTER","UK_DOCK_DOOR_MASTER","U","DOOR","3"
"442","DOCK_DOOR_REF","DOCK_DOOR_REF_PK","P","DOCK_DOOR_ID","1"
"443","DOCK_RATE_TYPE","DOCK_RTYPE_PK","P","DOCK_RATE_TYPE","1"
"444","DOCUMENT","DOCUMENT_PK","P","DOCUMENT_ID","1"
"445","DOCUMENT_DESCRIPTOR","DOCUMENT_DESC_PK","P","TC_COMPANY_ID","1"
"446","DOCUMENT_DESCRIPTOR","DOCUMENT_DESC_PK","P","DOCUMENT_TYPE","2"
"447","DOCUMENT_DESCRIPTOR","DOCUMENT_DESC_PK","P","DOCUMENT_EVENT_TYPE","3"
"448","DOCUMENT_EVENT_TYPE","DOC_ETYPE_PK","P","DOCUMENT_EVENT_TYPE","1"
"449","DOCUMENT_FORMAT_TYPE","DOC_FTYPE_PK","P","DOCUMENT_FORMAT_TYPE","1"
"450","DOCUMENT_GENERATOR_TYPE","DOC_GTYPE_PK","P","DOCUMENT_GENERATOR_TYPE","1"
"451","DOCUMENT_MANAGEMENT","DOCUMENT_MANAGEMENT_PK","P","DOC_ID","1"
"452","DOCUMENT_MANAGEMENT","DOCUMENT_MANAGEMENT_PK","P","DOC_TYPE","2"
"453","DOCUMENT_MANAGEMENT","DOCUMENT_MANAGEMENT_PK","P","DOC_REVISION","3"
"454","DOCUMENT_STATUS","DOC_STATUS_PK","P","DOCUMENT_STATUS","1"
"455","DOCUMENT_TYPE","DOC_TYPE_PK","P","DOCUMENT_TYPE","1"
"456","DOC_DELIVERY","DOC_DELIVERY_PK","P","DOC_DELIVERY_ID","1"
"457","DOC_DELIVERY_DTL","DOC_DLVRY_DTL_PK","P","DOC_DELIVERY_ID","1"
"458","DOC_DELIVERY_DTL","DOC_DLVRY_DTL_PK","P","DOC_DELIVERY_DTL_ID","2"
"459","DO_LINE_CLASSIFICATION_CODE","DO_LINE_CLSCODE_PK","P","DO_LINE_CLS_CODE_ID","1"
"460","DO_LINE_CLS_CODE_TEMPLATE","DO_LINE_CLS_CODE_TEMPLATE_PK","P","DO_LINE_CLS_CODE_ID","1"
"461","DO_LINE_WMPROCESSINFO","DO_LINE_WMPRCSINF_PK","P","LINE_ITEM_ID","1"
"462","DO_STATUS","DO_STATUS_PK","P","ORDER_STATUS","1"
"463","DO_TYPE","DO_TYPE_PK","P","DO_TYPE","1"
"464","DO_WMPROCESSINFO","DO_WMPRSNF_PK","P","ORDER_ID","1"
"465","DRIVER","DRIVER_PK","P","CARRIER_ID","1"
"466","DRIVER","DRIVER_PK","P","DRIVER_ID","2"
"467","DRIVER_CALENDAR_MAP","DRIVER_CMAP_PK","P","DRIVER_CALENDAR_MAP_ID","1"
"468","DRIVER_DOMICILE","DRIVER_DOMIC_PK","P","DRIVER_DOMICILE_ID","1"
"469","DRIVER_PREFERENCE","DRVR_PREF_PK","P","DRIVER_PREFERENCE_ID","1"
"470","DRIVER_SCHED_EXCEPTION","DRIVER_SE_PK","P","CARRIER_ID","1"
"471","DRIVER_SCHED_EXCEPTION","DRIVER_SE_PK","P","DRIVER_ID","2"
"472","DRIVER_SCHED_EXCEPTION","DRIVER_SE_PK","P","DRIVER_SCHED_EXCEPTION_ID","3"
"473","DRIVER_SCHED_EXC_TYPE","DRIVER_STYPE_PK","P","DRIVER_SCHED_EXC_TYPE","1"
"474","DRIVER_SHIPMENT","PK_ROW_UID","P","ROW_UID","1"
"475","DRIVER_TRAVEL_INFO","DRIVER_TINFO_PK","P","DRIVER_TRAVEL_INFO_ID","1"
"476","DROPOFF_PICKUP","DROPOFF_PICKUP_PK","P","DROPOFF_PICKUP","1"
"477","DSP_DISPATCH_TYPE","DSP_DSPTH_TYPE_PK","P","DSP_DISPATCH_TYPE","1"
"478","DSP_DR","DSP_DR_PK","P","DSP_DR_ID","1"
"479","DSP_DR_CONFIGURATION","DSP_DR_CON_PK","P","DSP_DR_CONFIGURATION_ID","1"
"480","DSP_DR_PARAMETER","DSP_DR_PAR_PK","P","DSP_DR_PARAMETER_ID","1"
"481","DSP_DR_PARAMETER_SET","DSP_DR_PSET_PK","P","DSP_DR_PARAMETER_SET_ID","1"
"482","DSP_DR_SET","DSP_DR_SET_PK","P","DSP_DR_SET_ID","1"
"483","DSP_DR_TYPE","DSP_DR_TYPE_PK","P","DSP_DR_TYPE_ID","1"
"484","DT_CACHE2","DT_CACHE2_PK","P","DT_PARM_LIST_ID","1"
"485","DT_CACHE2","DT_CACHE2_PK","P","ORIG","2"
"486","DT_CACHE2","DT_CACHE2_PK","P","DEST","3"
"487","DT_CALCULATOR","DT_CALCULATOR_PK","P","DT_CALCULATOR","1"
"488","DT_OVERRIDE","DT_OVERRIDE_PK","P","OVERRIDE_SEQ","1"
"489","DT_OVERRIDE","DT_OVERRIDE_PK","P","COMPANY_ID","2"
"490","DT_OVERRIDE_DETAIL","DT_OR_DTL_PK","P","DT_OVERRIDE_DETAIL_ID","1"
"491","DT_OVERRIDE_STATE_TAX","PK_STATE_TAX_SEQ","P","STATE_TAX_SEQ","1"
"492","DT_OVERRIDE_WINDOW","DT_OVRRD_WIN_PK","P","DT_OVERRIDE_WINDOW_ID","1"
"493","DT_PARM_LIST","DT_PARM_LIST_PK","P","DT_PARM_LIST_ID","1"
"494","DT_PARM_LIST_DTL","DT_PARM_LDTL_PK","P","DT_PARM_LIST_ID","1"
"495","DT_PARM_LIST_DTL","DT_PARM_LDTL_PK","P","DT_PARM_LIST_DTL_SEQ","2"
"496","DWM_ACTOR_SYSTEM","ACTOR_SYS_ID_PK","P","ACTOR_SYS_ID","1"
"497","DWM_ACTOR_SYSTEM","DWM_ACTOR_SYSTEM_UK","U","HOST_NAME","1"
"498","DWM_ACTOR_SYSTEM","DWM_ACTOR_SYSTEM_UK","U","PORT","2"
"499","DWM_WORK_EVENT_LOG","WORK_EVENT_ID_PK","P","WORK_EVENT_ID","1"
"500","DWM_WORK_REQUEST","WORK_REQUEST_ID_PK","P","WORK_REQUEST_ID","1"
"501","DWM_WORK_REQUEST_ERROR","ERROR_ID_PK","P","ERROR_ID","1"
"502","DWM_WORK_TYPE_ACTOR_SYS_MAP","DWM_WORK_TYPE_ACTOR_SYS_MAP_PK","P","WORK_TYPE_MAP_ID","1"
"503","DWM_WORK_TYPE_ACTOR_SYS_MAP","DWM_WORK_TYPE_ACTOR_SYS_MAP_UK","U","WORK_TYPE_CONFIG_ID","1"
"504","DWM_WORK_TYPE_ACTOR_SYS_MAP","DWM_WORK_TYPE_ACTOR_SYS_MAP_UK","U","ACTOR_SYS_ID","2"
"505","DWM_WORK_TYPE_CONFIG","WORK_TYPE_ID_PK","P","WORK_TYPE_CONFIG_ID","1"
"506","DWM_WORK_TYPE_CONFIG","WORK_TYPE_NAME_UK","U","WORK_TYPE_NAME","1"
"507","DYNAMICCONTROL","DYNAMICCONTROL_UX","U","TC_COMPANY_ID","1"
"508","DYNAMICCONTROL","DYNAMICCONTROL_UX","U","FIELD_NAME","2"
"509","DYNAMICCONTROL","DYNAMICCONTROL_UX2","U","TC_COMPANY_ID","1"
"510","DYNAMICCONTROL","DYNAMICCONTROL_UX2","U","DISPLAY_SEQ","2"
"511","DYNAMIC_CONTROL_FIELDS","DC_FIELDS_PK","P","FIELD_ID","1"
"512","DYNAMIC_CONTROL_INFO","DC_INFO_PK","P","DYNAMIC_CONTROL_INFO_ID","1"
"513","DYNAMIC_ROUTE","PK_DYNAMIC_ROUTE","P","DYNAMIC_ROUTE_ID","1"
"514","DYNAMIC_ROUTE_DETAIL","PK_DYNAMIC_ROUTE_DETAIL","P","DYNAMIC_ROUTE_DETAIL_ID","1"
"515","EC_CONSUMER","PK_EC_CONSUMER","P","EC_CONSUMER_ID","1"
"516","EC_CONSUMER_MSG_TYPE","PK_EC_CONSUMER_MSG_TYPE","P","EC_CONSUMER_MSG_TYPE_ID","1"
"517","EC_MESSAGE","PK_EC_MESSAGE","P","EC_MESSAGE_ID","1"
"518","EC_MESSAGE_CONSUMER","PK_EC_MESSAGE_CONSUMER","P","EC_MESSAGE_CONSUMER_ID","1"
"519","EDI_XREF","PK_EDI_XREF","P","EDI_XREF_ID","1"
"520","EMPLOYEE","EMPLOYEES_PK","P","IEMPOYEECODE","1"
"521","ENGINE_INPUT_PARM","PK_ENGINE_INPUT_PARM","P","ENGINE_ID","1"
"522","ENGINE_LOG_PARM","PK_ENGINE_LOG_PARM","P","ENGINE_ID","1"
"523","ENGINE_LOG_PARM","PK_ENGINE_LOG_PARM","P","WHSE","2"
"524","ENGINE_OUTPUT_PARM","PK_ENGINE_OUTPUT_PARM","P","ENGINE_ID","1"
"525","ENTERPRISE","PK_ENTERPRISE","P","ENTERPRISEID","1"
"526","ENTERPRISE_MASTER","PK_ENTERPRISE_MASTER","P","ENTERPRISE_MASTER_ID","1"
"527","EPI_END_OF_DAY","PK_EPI_END_OF_DAY_ID","P","EOD_REQUEST_ID","1"
"528","EPI_END_OF_DAY_SERVICE_LEVEL","PK_EPI_EOD_SRVC_LVL","P","EPI_EOD_SERVICE_LEVEL_ID","1"
"529","EPI_TRANSACTION_LOG","EPI_TRANSACTION_LOG_PK","P","EPI_TRANSACTION_LOG_ID","1"
"530","EQUIPMENT_CUS_REF_FIELDS","EQUIPCUSREFFLDS_PK","P","TC_COMPANY_ID","1"
"531","EQUIPMENT_CUS_REF_FIELDS","EQUIPCUSREFFLDS_PK","P","EQUIPMENT_INSTANCE_ID","2"
"532","EQUIPMENT_CUS_REF_FIELDS","EQUIPCUSREFFLDS_PK","P","ATTRIBUTE_NAME","3"
"533","EQUIPMENT_NOTE","EQUIP_NT_PK","P","EQUIPMENT_ID","1"
"534","EQUIPMENT_NOTE","EQUIP_NT_PK","P","NOTE_SEQ","2"
"535","EQUIPMENT_OVERFLOW","EQUIP_OVF_PK","P","EQUIPMENT_OVERFLOW","1"
"536","EQUIP_CURR_DOMICILE","EQUIP_CURR_PK","P","EQUIP_CURR_DOMICILE_ID","1"
"537","EQUIP_INSTANCE_CURR_DOMICILE","EQUIP_ICD_PK","P","EQUIP_INST_CURR_DOMICILE_ID","1"
"538","EQUIP_INST_SCHED_PLANNED","EQUIP_INST_SPK","P","EQUIPMENT_INSTANCE_ID","1"
"539","EQUIP_INST_SCHED_PLANNED","EQUIP_INST_SPK","P","EQUIP_INST_SCHED_PLAN_ID","2"
"540","EQUIP_INST_SCHED_TYPE","EQUIP_INST_PK","P","EQUIP_INST_SCHED_TYPE","1"
"541","ERP_PIX_CROSSREF","ERP_PIX_CROSSREF_PK","P","ERP_PIX_CROSSREF_ID","1"
"542","ERROR_LOG","ERROR_LOG_PK","P","ERROR_ID","1"
"543","ERROR_LOG_ARGS","ERROR_LOG_ARGS_PK","P","ERROR_ID","1"
"544","ERROR_LOG_ARGS","ERROR_LOG_ARGS_PK","P","ARG_SEQ_NBR","2"
"545","ERROR_MESSAGE","ERROR_MESSAGE_PK","P","ERROR_MSG_ID","1"
"546","ERROR_TYPE","ERROR_TYPE_PK","P","ERROR_TYPE","1"
"547","ER_COLUMNS","ER_COLUMNS_PK","P","ER_COLUMN_ID","1"
"548","ER_TABLES","ER_TABLES_PK","P","ER_TABLE_ID","1"
"549","EVENT_ARACCT","PK_EVENT_ARACCT","P","EVENT_ARACCT_ID","1"
"550","EVENT_ARACCT","UK_EVENT_ARACCT","U","EVENT_ID","1"
"551","EVENT_ARACCT","UK_EVENT_ARACCT","U","WHSE","2"
"552","EVENT_ARACCT","UK_EVENT_ARACCT","U","TC_COMPANY_ID","3"
"553","EVENT_ARACCT","UK_EVENT_ARACCT","U","ACCT_RCVBL_ACCT_NBR","4"
"554","EVENT_CATEGORY","EVENT_CATEGORY_PK","P","EVENT_CATEGORY","1"
"555","EVENT_HANDLER","EVENT_HANDLER_PK","P","TC_COMPANY_ID","1"
"556","EVENT_HANDLER","EVENT_HANDLER_PK","P","JAVA_EVENT_TYPE","2"
"557","EVENT_LOG","EVENT_LOG_PK","P","EVENT_LOG_ID","1"
"558","EVENT_LOG","EVENT_LOG_PK","P","COMPANY_ID","2"
"559","EVENT_MESSAGE","PK_EVENT_MESSAGE","P","EVENT_MESSAGE_ID","1"
"560","EVENT_MESSAGE_HISTORY","PK_EVENT_MESSAGE_HISTORY","P","EVENT_MESSAGE_ID","1"
"561","EVENT_PARM","PK_EVENT_PARM","P","EVENT_PARM_ID","1"
"562","EVENT_RULE_ATTRIB","EVENT_RULE_ATTRIB_PK","P","EVENT_RULE_PARM_ID","1"
"563","EVENT_RULE_ATTRIB","EVENT_RULE_ATTRIB_PK","P","RULE_COLM_LIST_ID","2"
"564","EVENT_RULE_PARM","PK_EVENT_RULE_PARM","P","EVENT_RULE_PARM_ID","1"
"565","EVENT_RULE_PARM","UK_EVENT_RULE_PARM","U","EVENT_PARM_ID","1"
"566","EVENT_RULE_PARM","UK_EVENT_RULE_PARM","U","RULE_ID","2"
"567","EVENT_SEVERITY","EVENT_SEVERITY_PK","P","EVENT_SEVERITY","1"
"568","EXCEL_IMPORT_DETAILS","EXCEL_IMPORT_DETAILS_PK","P","IMPORT_FILE_ID","1"
"569","EXCEL_MESSAGE_TYPE","EXCEL_MESSAGE_TYPE_PK","P","MESSAGE_TYPE","1"
"570","EXCEPTIONS","PK_EXCEPTIONS","P","EX_ID","1"
"571","EXE_NOTIFICATION_TYPES","EXE_NOTIF_TYPES_PK","P","TYPE_ID","1"
"572","EXPT_W17_ASN","PK_EXPT_W17_ASN","P","EXPT_W17_ASN_PK","1"
"573","EXPT_W17_COMPANY","PK_EXPT_W17_COMPANY","P","EXPT_W17_COMPANY_PK","1"
"574","EXPT_W17_FACILITY","PK_EXPT_W17_FACILITY","P","EXPT_W17_FACILITY_PK","1"
"575","EXPT_W17_ITEM","PK_EXPT_W17_ITEM","P","EXPT_W17_ITEM_PK","1"
"576","EXPT_W17_ORDERS","PK_EXPT_W17_ORDERS","P","EXPT_W17_ORDERS_PK","1"
"577","EXTERNAL_RESOURCE","EXTERNAL_RESOURCE_PK","P","TC_COMPANY_ID","1"
"578","EXTERNAL_RESOURCE","EXTERNAL_RESOURCE_PK","P","RESOURCE_ID","2"
"579","EXTERNAL_RESOURCE_TYPE","EXTERNAL_RTYPE_PK","P","EXTERNAL_RESOURCE_TYPE","1"
"580","E_ACT","PK_E_ACT","P","ACT_ID","1"
"581","E_ACT","UX_E_ACT_ID","U","LABOR_ACTIVITY_ID","1"
"582","E_ACT","UX_E_ACT_ID","U","WHSE","2"
"583","E_ACT_ELM","PK_E_ACT_ELM","P","ACT_ID","1"
"584","E_ACT_ELM","PK_E_ACT_ELM","P","ELM_ID","2"
"585","E_ACT_ELM_CRIT","PK_E_ACT_ELM_CRIT","P","ACT_ID","1"
"586","E_ACT_ELM_CRIT","PK_E_ACT_ELM_CRIT","P","ELM_ID","2"
"587","E_ACT_ELM_CRIT","PK_E_ACT_ELM_CRIT","P","CRIT_VAL_ID","3"
"588","E_ACT_ELM_CRIT","PK_E_ACT_ELM_CRIT","P","CRIT_ID","4"
"589","E_ACT_ELM_FCT","PK_E_ACT_ELM_FCT","P","ACT_ID","1"
"590","E_ACT_ELM_FCT","PK_E_ACT_ELM_FCT","P","ELM_ID","2"
"591","E_ACT_ELM_FCT","PK_E_ACT_ELM_FCT","P","FCT_ID","3"
"592","E_ACT_ELM_FCT_CRIT","PK_E_ACT_ELM_FCT_CRIT","P","ACT_ID","1"
"593","E_ACT_ELM_FCT_CRIT","PK_E_ACT_ELM_FCT_CRIT","P","ELM_ID","2"
"594","E_ACT_ELM_FCT_CRIT","PK_E_ACT_ELM_FCT_CRIT","P","FCT_ID","3"
"595","E_ACT_ELM_FCT_CRIT","PK_E_ACT_ELM_FCT_CRIT","P","CRIT_ID","4"
"596","E_ACT_ELM_FCT_CRIT","PK_E_ACT_ELM_FCT_CRIT","P","CRIT_VAL_ID","5"
"597","E_ACT_ELM_HIST","PK_E_ACT_ELM_HIST","P","ACT_ELM_HIST_ID","1"
"598","E_ACT_ELM_PFD","PK_E_ACT_ELM_PFD","P","ACT_ID","1"
"599","E_ACT_ELM_PFD","PK_E_ACT_ELM_PFD","P","ELM_ID","2"
"600","E_ACT_ELM_PFD","PK_E_ACT_ELM_PFD","P","PFD_ID","3"
"601","E_ACT_HIST","PK_E_ACT_HIST","P","ACT_HIST_ID","1"
"602","E_ASN_DTL","PK_E_ASN_DTL","P","SHIPMENT_NBR","1"
"603","E_ASN_DTL","PK_E_ASN_DTL","P","SEQUENCE_NUMBER","2"
"604","E_ASN_HDR","PK_E_ASN_HDR","P","SHIPMENT_NBR","1"
"605","E_AUD_LOG","PK_E_AUD_LOG","P","AUD_ID","1"
"606","E_AUD_LOG_FACTOR","PK_E_AUD_LOG_FACTOR","P","AUD_FACTOR_ID","1"
"607","E_AUD_LOG_TRVL","PK_E_AUD_LOG_TRVL","P","AUD_TRVL_ID","1"
"608","E_AUD_LOG_TRVL","UX_AUD_TRVL_ID","U","TRAN_NBR","1"
"609","E_AUD_LOG_TRVL","UX_AUD_TRVL_ID","U","AUD_ID","2"
"610","E_AUD_LOG_TRVL","UX_AUD_TRVL_ID","U","SEQ_NBR","3"
"611","E_AUD_LOG_TRVL","UX_AUD_TRVL_ID","U","ALTERNATE_PATH_NBR","4"
"612","E_AUD_LOG_TRVL","UX_AUD_TRVL_ID","U","WHSE","5"
"613","E_AVG_CALCS","PK_E_AVG_CALCS","P","AVG_CALCS_ID","1"
"614","E_AVG_ESP","PK_E_AVG_ESP","P","AVG_ESP_ID","1"
"615","E_AVG_ESP","PK_E_AVG_ESP","P","UCL_USER_ID","2"
"616","E_AVG_ESP","PK_E_AVG_ESP","P","JOB_FUNC_ID","3"
"617","E_AVG_HRLY_LABOR_COST_RATE","PK_E_AVG_HRLY_LBR_COST_RATE","P","AVG_HRLY_LABOR_COST_RATE_ID","1"
"618","E_AVG_HRLY_LABOR_COST_RATE","UX_E_AVG_HRLY_LBR_COST_RATE","U","SHIFT_ID","1"
"619","E_AVG_HRLY_LABOR_COST_RATE","UX_E_AVG_HRLY_LBR_COST_RATE","U","WHSE","2"
"620","E_AVG_PICKING","PK_E_AVG_PICKING","P","AVG_PICKING_ID","1"
"621","E_AVG_PICKING","UX_E_AVG_PICKING","U","ACT_ID","1"
"622","E_AVG_PICKING","UX_E_AVG_PICKING","U","WHSE","2"
"623","E_COND_ACCESS_DIST","PK_E_COND_ACCESS_DIST","P","VHCL_ACCESS_DIST_ID","1"
"624","E_CONSOL_PERF_SMRY","PK_E_CONSOL_PERF_SMRY","P","PERF_SMRY_TRAN_ID","1"
"625","E_CRIT_VAL","PK_E_CRIT_VAL","P","CRIT_ID","1"
"626","E_CRIT_VAL","PK_E_CRIT_VAL","P","CRIT_VAL_ID","2"
"627","E_DAY_CODE","PK_E_DAY_CODE","P","DAY_ID","1"
"628","E_DEPT","PK_E_DEPT","P","DEPT_ID","1"
"629","E_DEPT","UX_E_DEPT","U","WHSE","1"
"630","E_DEPT","UX_E_DEPT","U","DEPT_CODE","2"
"631","E_DTL_CRIT_MSG_LOG","PK_E_DTL_CRIT_MSG_LOG","P","DTL_CRIT_MSG_ID","1"
"632","E_DYN_ACT","PK_E_DYN_ACT","P","DYN_ACT_ID","1"
"633","E_DYN_ACT","UNIQUE_E_DYN_ACT_NAME","U","NAME","1"
"634","E_DYN_ACT","UNIQUE_E_DYN_ACT_NAME","U","WHSE","2"
"635","E_DYN_ACT_RULE","PK_E_DYN_ACT_RULE","P","DYN_ACT_ID","1"
"636","E_DYN_ACT_RULE","PK_E_DYN_ACT_RULE","P","RULE_NBR","2"
"637","E_DYN_ACT_RULE_CONDITION","PK_E_DYN_ACT_RULE_CONDITION","P","DYN_ACT_ID","1"
"638","E_DYN_ACT_RULE_CONDITION","PK_E_DYN_ACT_RULE_CONDITION","P","RULE_NBR","2"
"639","E_DYN_ACT_RULE_CONDITION","PK_E_DYN_ACT_RULE_CONDITION","P","RULE_SEQ_NBR","3"
"640","E_ELM","PK_E_ELM","P","ELM_ID","1"
"641","E_ELM_CRIT","PK_E_ELM_CRIT","P","ELM_ID","1"
"642","E_ELM_CRIT","PK_E_ELM_CRIT","P","CRIT_ID","2"
"643","E_ELM_CRIT","PK_E_ELM_CRIT","P","CRIT_VAL_ID","3"
"644","E_ELM_FCT","PK_E_ELM_FCT","P","ELM_ID","1"
"645","E_ELM_FCT","PK_E_ELM_FCT","P","FCT_ID","2"
"646","E_ELM_FCT_CRIT","PK_E_ELM_FCT_CRIT","P","ELM_ID","1"
"647","E_ELM_FCT_CRIT","PK_E_ELM_FCT_CRIT","P","FCT_ID","2"
"648","E_ELM_FCT_CRIT","PK_E_ELM_FCT_CRIT","P","CRIT_ID","3"
"649","E_ELM_FCT_CRIT","PK_E_ELM_FCT_CRIT","P","CRIT_VAL_ID","4"
"650","E_ELM_HIST","PK_E_ELM_HIST","P","ELM_HIST_ID","1"
"651","E_ELM_PFD","PK_E_ELM_PFD","P","ELM_ID","1"
"652","E_ELM_PFD","PK_E_ELM_PFD","P","PFD_ID","2"
"653","E_ELS_LAP","ELS_LAP_ID_PK","P","ELS_LAP_ID","1"
"654","E_ELS_NOTES","NOTE_ID_PK","P","NOTE_ID","1"
"655","E_ELS_VALIDATE","ELS_VAL_ID_PK","P","ELS_VAL_ID","1"
"656","E_EMP_ABSENT","PK_E_EMP_ABSENT","P","EMP_ABSENT_ID","1"
"657","E_EMP_DTL","PK_E_EMP_DTL","P","EMP_DTL_ID","1"
"658","E_EMP_INC","PK_E_EMP_INC","P","EMP_INC_ID","1"
"659","E_EMP_INC_PAY","PK_E_EMP_INC_PAY","P","EMP_INC_PAY_ID","1"
"660","E_EMP_JF_WORK","PK_EMP_JF_WORK","P","EMP_JF_WORK_ID","1"
"661","E_EMP_JF_WORK_DTL","PK_EMP_JF_WORK_DTL","P","EMP_JF_WORK_DTL_ID","1"
"662","E_EMP_METRICS","PK_E_EMP_METRICS","P","EMP_METRICS_ID","1"
"663","E_EMP_METRICS","UK_E_EMP_METRICS","U","EMP_ID","1"
"664","E_EMP_METRICS","UK_E_EMP_METRICS","U","METRIC_ID","2"
"665","E_EMP_METRIC_DTL","E_EMP_METRIC_DTL_PK","P","METRIC_DTL_ID","1"
"666","E_EMP_METRIC_HDR","E_EMP_METRIC_HDR_PK","P","METRIC_ID","1"
"667","E_EMP_PAY","PK_E_EMP_PAY","P","EMP_PAY_ID","1"
"668","E_EMP_PAY_OVERRIDE","PK_E_EMP_PAY_OVERRIDE","P","EMP_PAY_OVERRIDE_ID","1"
"669","E_EMP_PERF_GOAL","PK_E_EMP_PERF_GOAL","P","EMP_ID","1"
"670","E_EMP_PERF_GOAL","PK_E_EMP_PERF_GOAL","P","ACT_ID","2"
"671","E_EMP_PERF_GOAL","PK_E_EMP_PERF_GOAL","P","EFF_DATE","3"
"672","E_EMP_PERF_SMRY","PK_E_EMP_PERF_SMRY","P","EMP_PERF_SMRY_ID","1"
"673","E_EMP_REFLECT_STD","PK_E_EMP_REFLECT_STD","P","SEQ_NBR","1"
"674","E_EMP_REFLECT_STD_CONFIG","PK_E_EMP_REFLECT_STD_CONFIG","P","EMP_REFLECT_STD_ID","1"
"675","E_EMP_SAFE","PK_E_EMP_SAFE","P","EMP_SAFE_ID","1"
"676","E_EMP_SAFE","UX_SAFE_CASE_NUM_WHSE","U","EMP_SAFE_CASE_NUM","1"
"677","E_EMP_SAFE","UX_SAFE_CASE_NUM_WHSE","U","WHSE","2"
"678","E_EMP_STAT_CODE","PK_E_EMP_STAT_CODE","P","EMP_STAT_ID","1"
"679","E_EMP_STAT_CODE","UX_E_EMP_STAT_CODE","U","EMP_STAT_CODE","1"
"680","E_EMP_SUBSCRIPTION_LOG","PK_E_EMP_SUBSCRIPTION_LOG","P","EMP_SUBSCRIPTION_LOG_ID","1"
"681","E_EMP_TRAIN_OVERRIDE","PK_E_EMP_TRAIN_OVERRIDE","P","EMP_TRAIN_OVERRIDE_ID","1"
"682","E_EMP_WHSEDAY","PK_E_EMP_WHSEDAY","P","EMP_WHSEDAY_ID","1"
"683","E_ENGINE_OUTPUT_MSG","PK_E_ENGINE_OUTPUT_MSG","P","SEQ_NBR","1"
"684","E_ERROR_LOG","PK_E_ERROR_LOG_ID","P","ERROR_LOG_ID","1"
"685","E_ERROR_LOG_DTL","PK_E_ERROR_LOG_DTL","P","ERROR_ID","1"
"686","E_EVNT_ADJ_CODE","PK_E_EVNT_ADJ_CODE","P","EVNT_ADJ_ID","1"
"687","E_EVNT_ADJ_CODE","UX_E_EVNT_ADJ_CODE","U","EVNT_ADJ_CODE","1"
"688","E_EVNT_ADJ_SMRY","PK_E_EVNT_ADJ_SMRY","P","EVNT_ADJ_SMRY_ID","1"
"689","E_EVNT_ADJ_SMRY_DTL","PK_E_EVNT_ADJ_SMRY_DTL","P","ADJ_ID","1"
"690","E_EVNT_CTGRY","PK_E_EVNT_CTGRY","P","EVNT_CTGRY_ID","1"
"691","E_EVNT_CTGRY","PK_E_EVNT_CTGRY","P","NAME","2"
"692","E_EVNT_CTGRY","PK_E_EVNT_CTGRY","P","WHSE","3"
"693","E_EVNT_SMRY_ELM_DTL","PK_E_EVNT_SMRY_ELM_DTL","P","ELM_DTL_ID","1"
"694","E_EVNT_SMRY_HDR","PK_E_EVNT_SMRY_HDR","P","ELS_TRAN_ID","1"
"695","E_EVNT_STAT_CODE","PK_E_EVNT_STAT_CODE","P","EVNT_STAT_ID","1"
"696","E_EVNT_STAT_CODE","UX_E_EVNT_STAT_CODE","U","EVNT_STAT_CODE","1"
"697","E_EVNT_TEMPL_ACT","PK_E_EVNT_TEMPL_ACT","P","TEMPL_ID","1"
"698","E_EVNT_TEMPL_ACT","PK_E_EVNT_TEMPL_ACT","P","ACT_ID","2"
"699","E_EVNT_TEMPL_CRIT","PK_E_EVNT_TEMPL_CRIT","P","TEMPL_ID","1"
"700","E_EVNT_TEMPL_CRIT","PK_E_EVNT_TEMPL_CRIT","P","ACT_ID","2"
"701","E_EVNT_TEMPL_CRIT","PK_E_EVNT_TEMPL_CRIT","P","CRIT_SEQ_NBR","3"
"702","E_EVNT_TEMPL_HDR","PK_E_EVNT_TEMPL_HDR","P","TEMPL_ID","1"
"703","E_EVNT_TEMPL_UOM","PK_E_EVNT_TEMPL_UOM","P","TEMPL_ID","1"
"704","E_EVNT_TEMPL_UOM","PK_E_EVNT_TEMPL_UOM","P","ACT_ID","2"
"705","E_EVNT_TEMPL_UOM","PK_E_EVNT_TEMPL_UOM","P","MSRMNT_ID","3"
"706","E_FAC_PERF_GOAL","PK_E_FAC_PERF_GOAL","P","WHSE","1"
"707","E_FAC_PERF_GOAL","PK_E_FAC_PERF_GOAL","P","EFF_DATE","2"
"708","E_FCT","PK_E_FCT","P","FCT_ID","1"
"709","E_FCT_CRIT","PK_E_FCT_CRIT","P","FCT_ID","1"
"710","E_FCT_CRIT","PK_E_FCT_CRIT","P","CRIT_ID","2"
"711","E_FCT_CRIT","PK_E_FCT_CRIT","P","CRIT_VAL_ID","3"
"712","E_FORECAST_PROC_ZONE","PK_E_FORECAST_PROC_ZONE","P","FORECAST_PROC_ZONE_ID","1"
"713","E_FORECAST_PROC_ZONE_DTL","PK_E_FORECAST_PZ_DTL","P","FORECAST_PROC_ZONE_DTL_ID","1"
"714","E_FORECAST_RESULT_DTL","PK_E_FORECAST_RESULT_DTL","P","FORECAST_RESULT_DTL_ID","1"
"715","E_FORECAST_RESULT_HDR","PK_E_FORECAST_RESULT_HDR","P","FORECAST_RESULT_HDR_ID","1"
"716","E_FORECAST_TEMPLATE","PK_E_FORECAST_TEMPLATE","P","TEMPLATE_ID","1"
"717","E_FORECAST_TEMPLATE","UX_E_FORECAST_TEMPLATE","U","TEMPLATE_NAME","1"
"718","E_FORECAST_TEMPLATE","UX_E_FORECAST_TEMPLATE","U","WHSE","2"
"719","E_FORECAST_TEMPLATE_DAYS","PK_E_FORECAST_TEMPLATE_DAYS","P","TEMPLATE_DAYS_ID","1"
"720","E_FORECAST_TEMPLATE_DAYS","UX_E_FORECAST_TEMPLATE_DAYS","U","TEMPLATE_ID","1"
"721","E_FORECAST_TEMPLATE_DAYS","UX_E_FORECAST_TEMPLATE_DAYS","U","HIST_DATE","2"
"722","E_FORECAST_TEMPLATE_DAYS","UX_E_FORECAST_TEMPLATE_DAYS","U","FORECAST_DATE","3"
"723","E_FORECAST_TEMPLATE_EMP_STATUS","PK_E_FORECAST_TEMPL_EMP_STATUS","P","TEMPLATE_EMP_STATUS_ID","1"
"724","E_FORECAST_TEMPLATE_SHIFTS","PK_E_FORECAST_TEMPLATE_SHIFTS","P","TEMPLATE_SHIFTS_ID","1"
"725","E_FORECAST_TEMPLATE_SHIFTS","UX_E_FORECAST_TEMPLATE_SHIFTS","U","TEMPLATE_ID","1"
"726","E_FORECAST_TEMPLATE_SHIFTS","UX_E_FORECAST_TEMPLATE_SHIFTS","U","HIST_SHIFT_ID","2"
"727","E_FORECAST_TEMPLATE_SHIFTS","UX_E_FORECAST_TEMPLATE_SHIFTS","U","FORECAST_SHIFT_ID","3"
"728","E_FORECAST_WORKFLOW","PK_E_FORECAST_WORKFLOW","P","WORKFLOW_ID","1"
"729","E_FORECAST_WORKFLOW","UX_E_FORECAST_WORKFLOW","U","WORKFLOW_NAME","1"
"730","E_FORECAST_WORKFLOW","UX_E_FORECAST_WORKFLOW","U","WHSE","2"
"731","E_FORECAST_WORKFLOW_DTL","PK_E_FORECAST_WORKFLOW_DTL","P","WORKFLOW_DTL_ID","1"
"732","E_FORECAST_WORKFLOW_DTL","UX_E_FORECAST_WKFLOW_DTL","U","WORKFLOW_ID","1"
"733","E_FORECAST_WORKFLOW_DTL","UX_E_FORECAST_WKFLOW_DTL","U","MSRMNT_ID","2"
"734","E_FORECAST_WORKFLOW_DTL","UX_E_FORECAST_WKFLOW_DTL","U","HIST_JOB_FUNC_ID","3"
"735","E_FORECAST_WORKFLOW_DTL","UX_E_FORECAST_WKFLOW_DTL","U","ACT_ID","4"
"736","E_FOUR_WALL","PK_E_FOUR_WALL","P","FOUR_WALL_ID","1"
"737","E_HDR_CRIT_MSG_LOG","PK_E_HDR_CRIT_MSG_LOG","P","HDR_CRIT_MSG_ID","1"
"738","E_HIST_TEMPL","PK_E_HIST_TEMPL","P","HIST_TEMPL_ID","1"
"739","E_HIST_TEMPL","UX_E_HIST_TEMPL","U","TEMPL_NAME","1"
"740","E_HIST_TEMPL","UX_E_HIST_TEMPL","U","WHSE","2"
"741","E_HIST_TEMPL_DATES","PK_HIST_TEMPL_DATES","P","HIST_TEMPL_ID","1"
"742","E_HIST_TEMPL_DATES","PK_HIST_TEMPL_DATES","P","HIST_DATE","2"
"743","E_HIST_TEMPL_DAY","PK_HIST_TEMPL_DAY","P","HIST_TEMPL_ID","1"
"744","E_HIST_TEMPL_DAY","PK_HIST_TEMPL_DAY","P","WEEK_DAY_ID","2"
"745","E_HIST_TEMPL_SHIFT","PK_HIST_TEMPL_SHIFT","P","HIST_TEMPL_ID","1"
"746","E_HIST_TEMPL_SHIFT","PK_HIST_TEMPL_SHIFT","P","SHIFT_ID","2"
"747","E_HIST_THRUPUT_GOAL","PK_E_HIST_THRUPUT_GOAL","P","HIST_THRUPUT_GOAL_ID","1"
"748","E_HNDLG_ATTR","PK_E_HNDLG_ATTR","P","HNDLG_ATTR_ID","1"
"749","E_HNDLG_ATTR","UX_E_HNDLG_ATTR","U","HNDLG_ATTR","1"
"750","E_INC_CODE","PK_E_INC_CODE","P","INC_CODE_ID","1"
"751","E_INC_CODE_JF","PK_E_INC_CODE_JF","P","INC_CODE_ID","1"
"752","E_INC_CODE_JF","PK_E_INC_CODE_JF","P","JOB_FUNC_ID","2"
"753","E_INC_CODE_JF","PK_E_INC_CODE_JF","P","WHSE","3"
"754","E_INC_CODE_LAB_TYPE","PK_E_INC_CODE_LAB_TYPE","P","INC_CODE_ID","1"
"755","E_INC_CODE_LAB_TYPE","PK_E_INC_CODE_LAB_TYPE","P","LABOR_TYPE_CODE","2"
"756","E_INC_CODE_RULE","PK_E_INC_CODE_RULE","P","INC_CODE_ID","1"
"757","E_INC_CODE_RULE","PK_E_INC_CODE_RULE","P","INC_CODE_RULE_ID","2"
"758","E_INTERFACE","PK_E_INTERFACE","P","INT_ID","1"
"759","E_INTERM_EMP","PK_E_INTERM_EMP","P","INTERM_CNTL_NBR","1"
"760","E_INTERM_EMP","PK_E_INTERM_EMP","P","INTERM_NXT_UP_NBR","2"
"761","E_INTERM_HNDLG_ATTR","PK_E_INTERM_HNDLG_ATTR","P","INTERM_CNTL_NBR","1"
"762","E_INTERM_HNDLG_ATTR","PK_E_INTERM_HNDLG_ATTR","P","INTERM_NXT_UP_NBR","2"
"763","E_INTERM_LOCN","PK_E_INTERM_LOCN","P","INTERM_CNTL_NBR","1"
"764","E_INTERM_LOCN","PK_E_INTERM_LOCN","P","INTERM_NXT_UP_NBR","2"
"765","E_INTERM_QA","PK_E_INTERM_QA","P","INTERM_CNTL_NBR","1"
"766","E_INTERM_QA","PK_E_INTERM_QA","P","INTERM_NXT_UP_NBR","2"
"767","E_INTERM_TA","PK_E_INTERM_TAS","P","INTERM_NXT_UP_NBR","1"
"768","E_JOB_FUNCTION","PK_E_JOB_FUNCTION","P","JOB_FUNC_ID","1"
"769","E_JOB_FUNCTION","UX_E_JOB_FUNCTION","U","WHSE","1"
"770","E_JOB_FUNCTION","UX_E_JOB_FUNCTION","U","NAME","2"
"771","E_JOB_FUNCTION_ROLE","PK_E_JOB_FUNCTION_ROLE","P","JOB_FUNC_ID","1"
"772","E_JOB_FUNCTION_ROLE","PK_E_JOB_FUNCTION_ROLE","P","ROLE_ID","2"
"773","E_JOB_FUNC_PERF_GOAL","PK_E_JOB_FUNC_PERF_GOAL","P","JOB_FUNC_PERF_GOAL_ID","1"
"774","E_JOB_FUNC_QA_REASON","PK_E_JOB_FUNC_QA_REASON","P","QA_REASON_ID","1"
"775","E_JOB_FUNC_QA_REASON","PK_E_JOB_FUNC_QA_REASON","P","JOB_FUNC_ID","2"
"776","E_JOB_FUNC_QA_REASON","PK_E_JOB_FUNC_QA_REASON","P","SEQ_NBR","3"
"777","E_LABOR_TYPE_CODE","PK_LABOR_TYPE_ID","P","LABOR_TYPE_ID","1"
"778","E_LABOR_TYPE_CODE","UX_E_LABOR_TYPE_CODE","U","LABOR_TYPE_CODE","1"
"779","E_MANUAL_ENTRY","PK_E_MANUAL_ENTRY","P","JOB_ID","1"
"780","E_METRIC_CONFIGURATION","PK_E_METRIC_CONFIGURATION","P","METRIC_CONFIGURATION_ID","1"
"781","E_METRIC_IMPLEMENTATION","PK_E_METRIC_IMPLEMENTATION","P","METRIC_IMPLEMENTATION_ID","1"
"782","E_MILESTONE","PK_E_MILESTONE","P","MILESTONE_ID","1"
"783","E_MILESTONE","UX_E_MILESTONE","U","MILESTONE_CODE","1"
"784","E_MILESTONE_EMP","PK_E_MILESTONE_EMP","P","MILESTONE_EMP_ID","1"
"785","E_MILESTONE_EMP","UX_E_MILESTONE_EMP","U","MILESTONE_ID","1"
"786","E_MILESTONE_EMP","UX_E_MILESTONE_EMP","U","EMP_ID","2"
"787","E_MILESTONE_EMP","UX_E_MILESTONE_EMP","U","MILESTONE_DATE_TIME","3"
"788","E_MILESTONE_EMP","UX_E_MILESTONE_EMP","U","WHSE","4"
"789","E_MILESTONE_TEAM","PK_E_MILESTONE_TEAM","P","MILESTONE_TEAM_ID","1"
"790","E_MILESTONE_TEAM","UX_E_MILESTONE_TEAM","U","MILESTONE_ID","1"
"791","E_MILESTONE_TEAM","UX_E_MILESTONE_TEAM","U","TEAM_ID","2"
"792","E_MILESTONE_TEAM","UX_E_MILESTONE_TEAM","U","MILESTONE_DATE_TIME","3"
"793","E_MILESTONE_TEAM","UX_E_MILESTONE_TEAM","U","WHSE","4"
"794","E_MONITOR_GRP","PK_E_MONITOR_GRP","P","MONITOR_GROUP_ID","1"
"795","E_MONITOR_SMRY","PK_E_MONITOR_SMRY_CONSTRAINT","P","MONITOR_SMRY_ID","1"
"796","E_MONITOR_WORKFLOW_ACT","PK_E_MONITOR_WORKFLOW_ACT","P","WORKFLOW_TEMPLATE_ACT_ID","1"
"797","E_MSRMNT","PK_E_MSRMNT","P","MSRMNT_ID","1"
"798","E_MSRMNT_RULE","PK_E_MSRMNT_RULE","P","MSRMNT_ID","1"
"799","E_MSRMNT_RULE","PK_E_MSRMNT_RULE","P","RULE_NBR","2"
"800","E_MSRMNT_RULE_CALC","PK_E_MSRMNT_RULE_CALC","P","MSRMNT_ID","1"
"801","E_MSRMNT_RULE_CALC","PK_E_MSRMNT_RULE_CALC","P","RULE_NBR","2"
"802","E_MSRMNT_RULE_CALC","PK_E_MSRMNT_RULE_CALC","P","CALC_SEQ_NBR","3"
"803","E_MSRMNT_RULE_CONDITION","PK_E_MSRMNT_RULE_CONDITION","P","MSRMNT_ID","1"
"804","E_MSRMNT_RULE_CONDITION","PK_E_MSRMNT_RULE_CONDITION","P","RULE_NBR","2"
"805","E_MSRMNT_RULE_CONDITION","PK_E_MSRMNT_RULE_CONDITION","P","RULE_SEQ_NBR","3"
"806","E_OBS_COACH","E_OBS_COACH_PK","P","COACH_TYPE_ID","1"
"807","E_OBS_EMAIL_TEMPL","PK_E_OBS_EMAIL_TEMPL","P","WHSE","1"
"808","E_OBS_INT","E_OBS_INT_PK","P","INT_TYPE_ID","1"
"809","E_OBS_MGMT","PK_OBS_ID_PK","P","OBS_ID","1"
"810","E_OPS_CODE","PK_E_OPS_CODE","P","OPS_CODE_ID","1"
"811","E_OPS_CODE_SPVSR","PK_OPS_SEQ_NO_OPS_CODE_SPVSR","P","OPS_CODE_SEQ_NO","1"
"812","E_PAY_CALC_GRP","PK_E_PAY_RT_CLC_GRP","P","E_PAY_CALC_GRP_ID","1"
"813","E_PAY_DUR","PK_E_PAY_DUR","P","DUR_ID","1"
"814","E_PAY_RATE","PK_E_PAY_RATE","P","PAY_RATE_ID","1"
"815","E_PAY_RATE_CALC_NAME_DTL","PK_E_PAY_RT_CLC_NM_DTL","P","PAY_RATE_CALC_NAME_ID","1"
"816","E_PAY_RATE_CALC_NAME_DTL","PK_E_PAY_RT_CLC_NM_DTL","P","STMT_SEQ_NBR","2"
"817","E_PAY_RATE_CALC_NAME_HDR","PK_E_PAY_RT_CLC_NM_HDR","P","PAY_RATE_CALC_NAME_ID","1"
"818","E_PAY_RATE_DTL","PK_E_PAY_RATE_DTL","P","PAY_RATE_DTL_ID","1"
"819","E_PAY_RATE_RULE","PK_E_PAY_RATE_RULE","P","PAY_RATE_DTL_ID","1"
"820","E_PAY_RATE_RULE","PK_E_PAY_RATE_RULE","P","PAY_RATE_RULE_ID","2"
"821","E_PAY_SCALE","PK_E_PAY_SCALE","P","PAY_SCALE_ID","1"
"822","E_PAY_TYPE","PK_E_PAY_TYPE","P","PAY_TYPE_ID","1"
"823","E_PFD_DTL","PK_E_PFD_DTL","P","PFD_ID","1"
"824","E_PFD_DTL","PK_E_PFD_DTL","P","SEQ_NBR","2"
"825","E_PFD_HDR","PK_E_PFD_HDR","P","PFD_ID","1"
"826","E_PKT_HDR","PK_E_PKT_HDR","P","PICKTICKET_CONTROL_NUMBER","1"
"827","E_PLAN_DTL","PK_E_PLAN_DTL","P","PLAN_DTL_ID","1"
"828","E_PLAN_HDR","PK_E_PLAN_HDR","P","PLAN_ID","1"
"829","E_PLAN_RULE_CONDITION","PK_E_PLAN_RULE_COND","P","PLAN_RULE_ID","1"
"830","E_PLAN_RULE_CONDITION","PK_E_PLAN_RULE_COND","P","PLAN_RULE_SEQ_NBR","2"
"831","E_PLAN_RULE_HDR","PK_E_PLAN_RULE_HDR","P","PLAN_RULE_ID","1"
"832","E_PLAN_TEMPLATE_DTL","PK_E_PLAN_TEMPLATE_DTL","P","PLAN_TEMPLATE_DTL_ID","1"
"833","E_PLAN_TEMPLATE_HDR","PK_E_PLAN_TEMPLATE_HDR","P","PLAN_TEMPLATE_ID","1"
"834","E_PLAN_TRANSACTION_ACT","PK_E_PLAN_TRNA_ACT","P","TRAN_NBR","1"
"835","E_PLAN_TRANSACTION_ACT_ZONE","PK_PLAN_TRANSACTION_ACT_ZONE","P","PLAN_TRANSACTION_ACT_ZONE_ID","1"
"836","E_PLAN_TRANSACTION_GRP","PK_E_PLAN_TRAN_GRP","P","PLAN_ID","1"
"837","E_PLAN_TRANSACTION_GRP","PK_E_PLAN_TRAN_GRP","P","TRANSACTION_SEQ","2"
"838","E_PLAN_TRANSACTION_GRP","PK_E_PLAN_TRAN_GRP","P","PLAN_GROUP","3"
"839","E_PLAN_TRANSACTION_GRP","PK_E_PLAN_TRAN_GRP","P","TRANSACTION_VALUE","4"
"840","E_PLAN_TRANSACTION_HDR","PK_E_PLAN_TRANSACTION_HDR","P","PLAN_TRANSACTION_ID","1"
"841","E_PLAN_WORKFLOW_GRP","PK_E_PLAN_WORKFLOW_GRP","P","PLAN_WORKFLOW_GRP_ID","1"
"842","E_PLAN_WORKFLOW_HDR","PK_E_PLAN_WORKFLOW_HDR","P","PLAN_WORKFLOW_ID","1"
"843","E_PLAN_WORKFLOW_UOM","PK_E_PLAN_WORKFLOW_UOM","P","PLAN_WORKFLOW_GRP_ID","1"
"844","E_PLAN_WORKFLOW_UOM","PK_E_PLAN_WORKFLOW_UOM","P","PLAN_UOM","2"
"845","E_PLAN_WORKFLOW_UOM","PK_E_PLAN_WORKFLOW_UOM","P","PLAN_UOM_SEQ","3"
"846","E_PROC_LOCK_DTL","PK_E_PROC_LOCK_DTL","P","JOB_ID","1"
"847","E_PROC_LOCK_HDR","PK_E_PROC_LOCK_HDR","P","PROC_ID","1"
"848","E_PROC_LOCK_SCHED","PK_E_PROC_LOCK_SCHED","P","PROC_SCHED_ID","1"
"849","E_PROC_LOCK_SCHED","PK_E_PROC_LOCK_SCHED","P","PROC_ID","2"
"850","E_PROC_ZONE","PK_E_PROC_ZONE","P","PROC_ZONE_ID","1"
"851","E_PROC_ZONE_LOCN_RANGE","PK_E_PROC_ZONE_LOCN_RANGE","P","PROC_ZONE_LOCN_RANGE_ID","1"
"852","E_PROC_ZONE_TEMPL","PK_E_PROC_ZONE_TEMPL","P","PROC_ZONE_TEMPL_ID","1"
"853","E_QA","PK_E_QA","P","QA_ID","1"
"854","E_QA_DTL","PK_E_QA_DTL","P","QA_ID","1"
"855","E_QA_DTL","PK_E_QA_DTL","P","QA_REASON_ID","2"
"856","E_QA_REASON","PK_E_QA_REASON","P","QA_REASON_ID","1"
"857","E_QA_SMRY","PK_E_QA_SMRY","P","JOB_FUNC_ID","1"
"858","E_QA_SMRY","PK_E_QA_SMRY","P","EMP_ID","2"
"859","E_QA_SMRY","PK_E_QA_SMRY","P","TEAM_ID","3"
"860","E_QA_SMRY","PK_E_QA_SMRY","P","QA_TOTALS_DATE","4"
"861","E_REFLECT_STD","PK_E_REFLECT_STD","P","REFLECT_STD_ID","1"
"862","E_REFLECT_STD_DTL","PK_E_REFLECT_STD_DTL","P","REFLECT_STD_ID","1"
"863","E_REFLECT_STD_DTL","PK_E_REFLECT_STD_DTL","P","REFLECT_STD_DTL_ID","2"
"864","E_REFLECT_STD_GROUP_SMRY","PK_E_REFLECT_STD_GROUP_SMRY","P","REFLECT_STD_ID","1"
"865","E_REFLECT_STD_GROUP_SMRY","PK_E_REFLECT_STD_GROUP_SMRY","P","TOTALS_DATE","2"
"866","E_REFLECT_STD_GROUP_SMRY","PK_E_REFLECT_STD_GROUP_SMRY","P","WHSE","3"
"867","E_REFLECT_STD_SOURCE_SMRY","PK_E_REFLECT_STD_SOURCE_SMRY","P","REFLECT_STD_DTL_ID","1"
"868","E_REFLECT_STD_SOURCE_SMRY","PK_E_REFLECT_STD_SOURCE_SMRY","P","TOTALS_DATE","2"
"869","E_REPROCESS_INFO","PK_E_REPROCESS_INFO","P","REPROCESS_INFO_ID","1"
"870","E_RSG_REPROCESS","PK_E_RSG_REPROCESS","P","REP_ID","1"
"871","E_RULE_TEMPLATE_CONDITION","PK_E_RULE_TEMPLATE_CONDITION","P","RULE_TEMPLATE_ID","1"
"872","E_RULE_TEMPLATE_CONDITION","PK_E_RULE_TEMPLATE_CONDITION","P","RULE_TEMPLATE_SEQ_NBR","2"
"873","E_RULE_TEMPLATE_HDR","PK_E_RULE_TEMPLATE_HDR","P","RULE_TEMPLATE_ID","1"
"874","E_SAFE_ANNUAL","PK_E_SAFE_ANNUAL","P","SAFE_ANNUAL_ID","1"
"875","E_SAFE_CODE","PK_E_SAFE_CODE","P","SAFE_CODE_ID","1"
"876","E_SAFE_CODE","UX_SAFE_CODE","U","SAFE_CODE","1"
"877","E_SAFE_CODE","UX_SAFE_CODE","U","WHSE","2"
"878","E_SAFE_SMRY","PK_E_SAFE_SMRY","P","SAFE_SMRY_ID","1"
"879","E_SCHEDULER","PK_E_SCHEDULER","P","SCHEDULER_ID","1"
"880","E_SCHEDULE_ASGMNT","PK_E_SCHEDULE_ASGMNT","P","SCHEDULE_RSLT_ASGMNT_ID","1"
"881","E_SCHEDULE_RMNG","PK_E_SCHEDULE_RMNG","P","SCHEDULE_RMNG_ID","1"
"882","E_SCHEDULE_RSLT_HDR","PK_E_SCHEDULE_RSLT_HDR","P","SCHEDULE_RSLT_HDR_ID","1"
"883","E_SCHEDULE_RSLT_HDR","UX_E_SCHEDULE_RSLT_HDR","U","SCHEDULE_RSLT_NAME","1"
"884","E_SCHEDULE_RSLT_HDR","UX_E_SCHEDULE_RSLT_HDR","U","WHSE","2"
"885","E_SCHEDULE_RSLT_SMRY","PK_E_SCHEDULE_RSLT_SMRY","P","SCHEDULE_RSLT_SMRY_ID","1"
"886","E_SCHEDULE_TEMPLATE","PK_E_SCHEDULE_TEMPLATE","P","SCHEDULE_TEMPLATE_ID","1"
"887","E_SCHEDULE_TEMPLATE","UX_E_SCHEDULE_TEMPLATE","U","SCHEDULE_TEMPLATE_NAME","1"
"888","E_SCHEDULE_TEMPLATE","UX_E_SCHEDULE_TEMPLATE","U","WHSE","2"
"889","E_SHIFT","PK_E_SHIFT","P","SHIFT_ID","1"
"890","E_SHIFT","UX_E_SHFT","U","WHSE","1"
"891","E_SHIFT","UX_E_SHFT","U","SHIFT_CODE","2"
"892","E_SHIFT_DAYS","PK_E_SHIFT_DAYS","P","SHIFT_ID","1"
"893","E_SHIFT_DAYS","PK_E_SHIFT_DAYS","P","DAY_ID","2"
"894","E_SHIFT_DTL","PK_E_SHIFT_DTL","P","SHIFT_DTL_ID","1"
"895","E_SHIFT_DTL","UX_E_SHIFT_DTL","U","SHIFT_ID","1"
"896","E_SHIFT_DTL","UX_E_SHIFT_DTL","U","DAY_ID","2"
"897","E_SHIFT_DTL","UX_E_SHIFT_DTL","U","START_TIME","3"
"898","E_SHIFT_DTL","UX_E_SHIFT_DTL","U","SHIFT_DAY_ID","4"
"899","E_SHIFT_DTL","UX_E_SHIFT_DTL","U","ACT_ID","5"
"900","E_SHIFT_EMP","PK_E_SHIFT_EMP_E_EMP","P","EMP_ID","1"
"901","E_SHIFT_EMP","PK_E_SHIFT_EMP_E_EMP","P","DAY_ID","2"
"902","E_SHIFT_EMP","PK_E_SHIFT_EMP_E_EMP","P","EFF_START_DATE","3"
"903","E_SIMULATION_ADJ_LEVER","PK_E_SIMULATION_ADJ_LEVER","P","SIMULATION_ADJ_LEVER_ID","1"
"904","E_SIMULATION_ELM_SMRY","PK_E_SIMULATION_ELM_SMRY","P","SIMULATION_ELM_SMRY_ID","1"
"905","E_SIMULATION_METRIC","PK_E_SIM_METRIC","P","METRIC_ID","1"
"906","E_SIMULATION_METRIC_PORTLETS","PK_E_SIM_METRIC_PORTLET","P","METRIC_PORTLET_ID","1"
"907","E_SIMULATION_SMRY","PK_E_SIMULATION_SMRY","P","SIMULATION_SMRY_ID","1"
"908","E_SIMULATION_TABLES_TRACK","E_SIMULATION_TABLES_TRACK_PK","P","TRAN_ID","1"
"909","E_SIMULATION_VHCL_DTL","PK_E_SIMULATION_VHCL_DTL","P","SIMULATION_VHCL_DTL_ID","1"
"910","E_SIMULATION_VHCL_SMRY","PK_E_SIMULATION_VHCL_SMRY","P","SIMULATION_VHCL_SMRY_ID","1"
"911","E_SIMULATION_WHSE","E_SIMULATION_WHSE_PK","P","SIMULATION_ID","1"
"912","E_SLOT_TYPE","PK_E_SLOT_TYPE","P","SLOT_TYPE_ID","1"
"913","E_SUBSYSTEM","PK_E_SUBSYSTEM","P","SUBSYSTEM_ID","1"
"914","E_TEAM_EMP","PK_E_TEAM_EMP","P","TEAM_EMP_ID","1"
"915","E_TEAM_EMP_CONFIG","PK_E_TEAM_CONFIG","P","TEAM_EMP_CONFIG_ID","1"
"916","E_TEAM_EMP_DTL","PK_E_TEAM_EMP_DTL","P","TEAM_EMP_DTL_ID","1"
"917","E_TEAM_EMP_SMRY","PK_E_TEAM_EMP_SMRY","P","TEAM_EMP_SMRY_ID","1"
"918","E_TEAM_REPROCESS","PK_E_TEAM_REPROCESS","P","TEAM_REPROCESS_ID","1"
"919","E_TEAM_REPROCESS","UX_E_TEAM_REPROCESS","U","WHSE","1"
"920","E_TEAM_REPROCESS","UX_E_TEAM_REPROCESS","U","TOTALS_DATE","2"
"921","E_TEAM_REPROCESS","UX_E_TEAM_REPROCESS","U","TEAM_ID","3"
"922","E_TEAM_STD","PK_E_TEAM_STD","P","TEAM_ID","1"
"923","E_TEAM_STD_DTL","PK_E_TEAM_STD_DTL","P","SEQ_NBR","1"
"924","E_TEAM_STD_SMRY","PK_E_TEAM_STD_SMRY","P","SMRY_ID","1"
"925","E_THRUPUT_HIST","PK_E_THRUPUT_HIST","P","THRUPUT_HIST_ID","1"
"926","E_THRUPUT_HIST","UX_E_THRUPUT_HIST","U","TOTALS_DATE","1"
"927","E_THRUPUT_HIST","UX_E_THRUPUT_HIST","U","SHIFT_ID","2"
"928","E_THRUPUT_HIST","UX_E_THRUPUT_HIST","U","JOB_FUNC_ID","3"
"929","E_THRUPUT_HIST","UX_E_THRUPUT_HIST","U","PROC_ZONE_ID","4"
"930","E_THRUPUT_HIST","UX_E_THRUPUT_HIST","U","MSRMNT_ID","5"
"931","E_THRUPUT_HIST","UX_E_THRUPUT_HIST","U","WHSE","6"
"932","E_THRUPUT_SMRY","PK_E_THRUPUT_SMRY","P","THRUPUT_ID","1"
"933","E_THRUPUT_SMRY_DTL","PK_E_THRUPUT_SMRY_DTL","P","THRUPUT_DTL_ID","1"
"934","E_THRUPUT_SMRY_DTL","UX_E_THRUPUT_SMRY_DTL","U","WHSE","1"
"935","E_THRUPUT_SMRY_DTL","UX_E_THRUPUT_SMRY_DTL","U","THRUPUT_ID","2"
"936","E_THRUPUT_SMRY_DTL","UX_E_THRUPUT_SMRY_DTL","U","MSRMNT_ID","3"
"937","E_TIME_WINDOW","PK_E_TIME_WINDOW","P","TIME_WINDOW_ID","1"
"938","E_TIME_WINDOW","UX_E_TIME_WIN_NAME_WHSE","U","TIME_WINDOW_NAME","1"
"939","E_TIME_WINDOW","UX_E_TIME_WIN_NAME_WHSE","U","WHSE","2"
"940","E_TIME_WINDOW_ASGMNT","PK_E_TIME_WINDOW_ASGMNT","P","TIME_WINDOW_ASGMNT_ID","1"
"941","E_TIME_WINDOW_ASGMNT","UX_E_TIM_WIND_ID_JOB_FUN_ID","U","TIME_WINDOW_ID","1"
"942","E_TIME_WINDOW_ASGMNT","UX_E_TIM_WIND_ID_JOB_FUN_ID","U","JOB_FUNC_ID","2"
"943","E_TIME_WINDOW_DTL","PK_E_TIME_WINDOW_DTL","P","TIME_WINDOW_DTL_ID","1"
"944","E_TRVL_AISLE","PK_E_TRVL_AISLE","P","TRVL_AISLE_ID","1"
"945","E_UNIT_PICK","PK_E_UNIT_PICK","P","SLOT_TYPE_ID","1"
"946","E_UNIT_PICK","PK_E_UNIT_PICK","P","HNDLG_ATTR","2"
"947","E_VHCL","PK_E_VHCL","P","VHCL_TYPE_ID","1"
"948","E_VHCL_AISLE_DIR","PK_E_VHCL_AISLE_DIR","P","VHCL_TYPE_ID","1"
"949","E_VHCL_AISLE_DIR","PK_E_VHCL_AISLE_DIR","P","TRVL_AISLE_ID","2"
"950","E_VHCL_WHSE","PK_E_V_W_WHSE","P","WHSE_VHCL_TYPE_ID","1"
"951","E_VHCL_WHSE","UK_E_V_W_TYPE_ID_WHSE","U","VHCL_TYPE_ID","1"
"952","E_VHCL_WHSE","UK_E_V_W_TYPE_ID_WHSE","U","WHSE","2"
"953","E_VHCL_ZONE_TIME","PK_E_VHCL_ZONE_TIME","P","VHCL_ZONE_TIME_ID","1"
"954","E_WHSE_DTL","E_WHSE_DTL_PK","P","CNFG_ID","1"
"955","E_WMS_EVNT_MSG","PK_E_WMS_EVNT_MSG","P","MSG_ID","1"
"956","E_WMS_EVNT_MSG","PK_E_WMS_EVNT_MSG","P","MODULE_TYPE","2"
"957","E_WMS_EVNT_MSG","PK_E_WMS_EVNT_MSG","P","WHSE","3"
"958","E_WMS_EVNT_MSG_DTL","PK_E_WMS_EVNT_MSG_DTL","P","DTL_MSG_ID","1"
"959","E_WMS_EVNT_MSG_DTL","PK_E_WMS_EVNT_MSG_DTL","P","MODULE_TYPE","2"
"960","E_WMS_EVNT_MSG_DTL","PK_E_WMS_EVNT_MSG_DTL","P","WHSE","3"
"961","E_WORKFLOW_TEMPLATE_GRP","PK_E_WORKFLOW_TEMPLATE_GRP","P","WORKFLOW_TEMPLATE_GRP_ID","1"
"962","E_WORKFLOW_TEMPLATE_HDR","PK_E_WORKFLOW_TEMPLATE_HDR","P","WORKFLOW_TEMPLATE_ID","1"
"963","E_WORKFLOW_TEMPLATE_UOM","PK_E_WORKFLOW_TEMPLATE_UOM","P","WORKFLOW_TEMPLATE_GRP_ID","1"
"964","E_WORKFLOW_TEMPLATE_UOM","PK_E_WORKFLOW_TEMPLATE_UOM","P","UOM","2"
"965","E_WORKFLOW_TEMPLATE_UOM","PK_E_WORKFLOW_TEMPLATE_UOM","P","UOM_SEQ","3"
"966","E_ZONE_MSG_LOG","PK_E_ZONE_MSG_LOG","P","ZONE_MSG_ID","1"
"967","E_ZONE_TRAN_DATA","PK_E_ZONE_TRAN_DATA","P","ZONE_TRAN_ID","1"
"968","FACILITY_REF","FACILITY_ID_PK","P","FACILITY_ID","1"
"969","FEASIBILITY_ATTRIBUTE","FEASIBILITY_ATTRIBUTE_PK","P","FEASIBILITY_ATTRIBUTE_ID","1"
"970","FEDEX_ACC_OPT_DYNSURGE_MAP","FEDEX_ACCOPT_DYNSRCG_PK","P","RESP_SUR_FIELD_ID","1"
"971","FEDEX_LPN","FEDEX_LPN_PK","P","FEDEX_LPN_ID","1"
"972","FEDEX_SERVICE_LEVEL","FSL_PK","P","CODE","1"
"973","FEDEX_SERVICE_LEVEL_MAP","FSLM_PK","P","TC_COMPANY_ID","1"
"974","FEDEX_SERVICE_LEVEL_MAP","FSLM_PK","P","CODE","2"
"975","FEDEX_TRAN","FEDEX_TRAN_PK","P","FEDEX_TRAN_ID","1"
"976","FILTER","FILTER_PK","P","FILTER_ID","1"
"977","FILTER_DETAIL","FILTER_DETAIL_PK","P","FILTER_ID","1"
"978","FILTER_DETAIL","FILTER_DETAIL_PK","P","FILTER_DETAIL_ID","2"
"979","FILTER_DETAIL","FILTER_DETAIL_PK","P","COMPANY_ID","3"
"980","FILTER_FIELD_MASTER","PK_FILTER_FIELD_MASTER","P","FIELD_ID","1"
"981","FILTER_FORMAT","PK_FILTER_FORMAT","P","FORMAT_ID","1"
"982","FILTER_FORMAT_DETAIL","PK_FILTER_FORMAT_DETAIL","P","FORMAT_DETAIL_ID","1"
"983","FILTER_FROM_CLAUSE","FLTR_FCLAUSE_PK","P","FILTER_FROM_CLAUSE_ID","1"
"984","FILTER_GROUPBY_DETAIL","FILTER_GROUPBY_DETAIL_PK","P","FILTER_ID","1"
"985","FILTER_GROUPBY_DETAIL","FILTER_GROUPBY_DETAIL_PK","P","FIELD_NAME","2"
"986","FILTER_GROUPBY_LAYOUT","FILTER_GROUPBY_LAYOUT_PK","P","FILTER_LAYOUT_GROUPBYID","1"
"987","FILTER_GROUP_BY","FLTR_GRP_BY_PK","P","FILTER_ID","1"
"988","FILTER_GROUP_BY","FLTR_GRP_BY_PK","P","GROUP_BY_ID","2"
"989","FILTER_GROUP_DEFINITION","FILTER_GROUP_DEFIN_PK","P","FILTER_ID","1"
"990","FILTER_GROUP_DEFINITION","FILTER_GROUP_DEFIN_PK","P","GROUP_NUMBER","2"
"991","FILTER_LAYOUT","FILTER_LAYOUT_PK","P","FILTER_LAYOUT_ID","1"
"992","FILTER_OBJECT","FILTER_OBJECT_PK","P","FILTER_OBJECT","1"
"993","FILTER_OBJECT_MAPPING","FOM_OBJTYFILOBJ_PK","P","OBJECT_TYPE","1"
"994","FILTER_OBJECT_MAPPING","FOM_OBJTYFILOBJ_PK","P","FILTER_OBJECT","2"
"995","FILTER_ORDERBY_DETAIL","FILTER_ORDERBY_DETAIL_PK","P","FILTER_ID","1"
"996","FILTER_ORDERBY_DETAIL","FILTER_ORDERBY_DETAIL_PK","P","ORDER_BY_FIELD_NAME","2"
"997","FILTER_ORDERBY_LAYOUT","FILTER_ORDERBY_LAYOUT_PK","P","ORDER_BY_LAYOUT_ID","1"
"998","FILTER_SCREEN_TYPE","FLTR_SCRN_TYPE_PK","U","TYPE_ID","1"
"999","FORECAST","PK_FORECAST","P","FORECAST_ID","1"
"1000","FREQUENCY_TYPE","FREQUENCY_TYPE_PK","P","FREQUENCY_TYPE","1"
"1001","FROZN_INVN_CONFIG","PK_FROZN_INVN_CONFIG","P","FROZN_INVN_CONFIG_ID","1"
"1002","FROZN_INVN_DTL","PK_FROZN_INVN_DTL","P","FROZN_INVN_DTL_ID","1"
"1003","FROZN_INVN_HDR","PK_FROZN_INVN_HDR","P","FROZN_INVN_HDR_ID","1"
"1004","FROZN_INVN_SRL_NBR","PK_FROZN_INVN_SRL_NBR","P","FROZN_INVN_SRL_NBR_ID","1"
"1005","FTP_LISTENER","FTP_LISTENER_PK","P","FTP_LISTENER_ID","1"
"1006","FUEL_FEED_URL_MAP","FUEL_FEED_URL_MAP_PK","P","COUNTRY_CODE","1"
"1007","FULFILL_MODE","FULLFILL_MODE_PK","P","FULFILL_MODE","1"
"1008","GEN605_LPN_LOCK_GTT","GEN605_LPN_LOCK_GTT_PK","P","LPN_ID","1"
"1009","GEN605_LPN_LOCK_GTT","GEN605_LPN_LOCK_GTT_PK","P","INVENTORY_LOCK_CODE","2"
"1010","GEN605_SKU_ATTR_GTT","GEN605_SKU_ATTR_GTT_PK","P","SKU_ATTR_ID","1"
"1011","GEN605_SKU_GTT","GEN605_SKU_GTT_PK","P","ITEM_ID","1"
"1012","GEN605_WM_INVENTORY_GTT","GEN605_WM_INVENTORY_GTT_PK","P","WM_INVENTORY_ID","1"
"1013","GRAPHICAL_YARD_CONFIGURATION","GRAPHICAL_YARD_CONFIGRATION_PK","P","YARD_ID","1"
"1014","GRAPHICAL_YARD_CONFIGURATION","GRAPHICAL_YARD_CONFIGRATION_PK","P","FACILITY_ID","2"
"1015","GRAPH_ATTR","PK_GRAPH_ATTR","P","GRAPH_ATTR_ID","1"
"1016","GRAPH_ATTR","UK_GRAPH_ATTR","U","GRAPH_NAME","1"
"1017","GRAPH_ATTR","UK_GRAPH_ATTR","U","UOM","2"
"1018","GRP_CAT_CODE","PK_GRP_CAT_CODE","P","CAT_GRP_CODE_ID","1"
"1019","HANDLER","HANDLER_PK","P","HANDLER","1"
"1020","HANDLING_ATTR_DTL","PK_HANDLING_ATTR_DTL","P","HANDLING_ATTR_DTL_ID","1"
"1021","HANDLING_ATTR_DTL","UK_HANDLING_ATTR_DTL","U","HNDL_ATTR_ID","1"
"1022","HANDLING_ATTR_DTL","UK_HANDLING_ATTR_DTL","U","VOL","2"
"1023","HANDLING_ATTR_HDR","PK_HANDLING_ATTR_HDR","P","HANDLING_ATTR_HDR_ID","1"
"1024","HANDLING_ATTR_HDR","UK_HANDLING_ATTR_HDR","U","HNDL_ATTR_ID","1"
"1025","HAVES_NEEDS","PK_HAVES_NEEDS","P","HAVES_NEEDS_ID","1"
"1026","HAVES_RESULTS_DTL","PK_HAVES_RESULTS_DTL","P","HAVES_DTL_ID","1"
"1027","HAZMAT","PK_HAZMAT","P","HAZMAT_ID","1"
"1028","HAZMAT","UK_HAZMAT","U","HAZMAT_CODE","1"
"1029","HAZMAT_FEDEX_GND","HZMT_FDX_GND_PK","P","HAZMAT_FEDEX_GROUND_ID","1"
"1030","HAZMAT_UPS_DOM","HZMT_UPS_DOM_PK","P","HAZMAT_UPS_DOM_ALL_ID","1"
"1031","HAZMAT_UPS_INTL","HZMT_UPS_INTL_PK","P","HAZMAT_UPS_INTL_ID","1"
"1032","HIERARCHY_DEFINITIONS","HIERARCHY_DEFINITIONS_PK","P","HIERARCHY_DEFINITION_ID","1"
"1033","HIERARCHY_LEVELS","HIERARCHY_LEVELS_PK","P","HIERARCHY_LEVEL_ID","1"
"1034","HIERARCHY_NODES","HIERARCHY_NODES_PK","P","HIERARCHY_NODE_ID","1"
"1035","HIERARCHY_TYPES","PK_HIERARCHY_TYPES","P","HIERARCHY_TYPE_ID","1"
"1036","HIERARCHY_TYPES","UNIQUE_HIERARCHY_OBJECT","U","DOMAIN_OBJECT","1"
"1037","HIERARCHY_TYPES","UNIQUE_HIERARCHY_OBJECT","U","DOMAIN_OBJECT_ATTRIBUTE","2"
"1038","HIERARCHY_TYPES","UNIQUE_HIERARCHY_TYPE","U","NAME","1"
"1039","HN_FAILURE","PK_HN_FAILURE","P","HN_FAILURE_ID","1"
"1040","HN_RACK_TYPES","PK_HN_RACK_TYPES","P","HN_RT_ID","1"
"1041","HN_RANGES","PK_HN_RANGES","P","HN_RANGE_ID","1"
"1042","HN_RESULTS_HDR","PK_HN_RESULTS_HDR","P","HN_HDR_ID","1"
"1043","HOUR_SAMPLING_GTK","SYS_C0061886","P","HOUR_SAMPLING_ID","1"
"1044","IFW_ALERT_DEF","IFW_ALERT_DEF_PK","P","ALERT_DEF_ID","1"
"1045","IFW_ALERT_DEF","IFW_ALERT_DEF_UK","U","ALERT_DEF_NAME","1"
"1046","IFW_ALERT_MSG_TYPE_CRITERIA","IFW_ALERT_MSG_TYP_CRITA_PK","P","CRITERIA_ID","1"
"1047","IFW_ALERT_RES_CODE_CRITERIA","IFW_ALERT_RES_CODE_CRIA_PK","P","CRITERIA_ID","1"
"1048","IFW_ALERT_ROUTER_CRITERIA","IFW_ALERT_ROUTER_CRIA_PK","P","CRITERIA_ID","1"
"1049","ILM_ACTIVITY_TYPES","PK_ILM_ACTIVITY_TYPES","P","ACTIVITY_TYPE","1"
"1050","ILM_ANCHOR_TYPES","PK_ILM_ANCHOR_TYPES","P","ANCHOR_TYPE","1"
"1051","ILM_APPOINTMENTS","PK_ILM_APPOINTMENTS","P","APPOINTMENT_ID","1"
"1052","ILM_APPOINTMENTS_CHARGEBACK","PK_ILM_APPOINTMENTS_CHARGEBACK","P","CHARGEBACK_ID","1"
"1053","ILM_APPOINTMENT_CREATION_TYPE","PK_ILM_APPT_CREATION_TYPE","P","APPT_CREATION_TYPE","1"
"1054","ILM_APPOINTMENT_EVENTS","PK_ILM_APPOINTMENT_EVENTS","P","APPOINTMENT_ID","1"
"1055","ILM_APPOINTMENT_EVENTS","PK_ILM_APPOINTMENT_EVENTS","P","EVENT_SEQ","2"
"1056","ILM_APPOINTMENT_OBJECTS","PK_ILM_APPOINTMENT_OBJECTS","P","ID","1"
"1057","ILM_APPOINTMENT_STATUS","PK_ILM_APPOINTMENT_STATUS","P","APPT_STATUS_CODE","1"
"1058","ILM_APPOINTMENT_TYPE","ILM_ATYPE_PK","P","APPT_TYPE","1"
"1059","ILM_APPOINTMENT_UTILIZATION","PK_ILM_APPOINTMENT_UTILIZATION","P","ILM_APPT_UTILIZATION_ID","1"
"1060","ILM_APPT_CHARGE_BACK_CODES","PK_ILM_APPT_CHARGE_BACK_CODES","P","CHARGE_BACK_CODE","1"
"1061","ILM_APPT_CUSTOM_ATTRIBUTE","PK_ILM_APPT_CUSTOM_ATTRIBUTE","P","APPOINTMENT_ID","1"
"1062","ILM_APPT_CUSTOM_ATTRIBUTE","PK_ILM_APPT_CUSTOM_ATTRIBUTE","P","ATTRIBUTE_NAME","2"
"1063","ILM_APPT_CUSTOM_ATTRIBUTE","PK_ILM_APPT_CUSTOM_ATTRIBUTE","P","ATTRIBUTE_SEQ","3"
"1064","ILM_APPT_DOCKS","PK_ILM_APPT_DOCKS","P","ILM_APPT_DOCKS_ID","1"
"1065","ILM_APPT_EQUIPMENTS","PK_ILM_APPT_EQUIPMENTS","P","APPOINTMENT_ID","1"
"1066","ILM_APPT_EQUIPMENTS","PK_ILM_APPT_EQUIPMENTS","P","COMPANY_ID","2"
"1067","ILM_APPT_EQUIPMENTS","PK_ILM_APPT_EQUIPMENTS","P","EQUIPMENT_INSTANCE_ID","3"
"1068","ILM_APPT_LOAD_CONFIG","PK_ILM_APPT_LOAD_CONFIG","P","ILM_APPT_LOAD_CONFIG_ID","1"
"1069","ILM_APPT_NOTES","PK_ILM_APPT_NOTES","P","ILM_APPT_NOTES_ID","1"
"1070","ILM_APPT_OBJ_TYPE","ILM_OTYPE_PK","P","APPT_OBJ_TYPE","1"
"1071","ILM_APPT_SIZES","PK_ILM_APPT_SIZES","P","ILM_APPT_SIZE_ID","1"
"1072","ILM_APPT_SLOTS","ILM_APPT_SLOTS_PK","P","ILM_APPT_SLOT_ID","1"
"1073","ILM_APPT_SLOT_UTILIZATION","PK_ILM_APPT_SLOT_UTILIZATION","P","SLOT_UTILIZATION_ID","1"
"1074","ILM_APPT_UTIL_NEW","PK_ILM_APPT_UTIL_NEW","P","ILM_APPT_UTILIZATION_ID","1"
"1075","ILM_DOCK_DOOR_EVENTS","PK_ILM_DOCK_DOOR_EVENTS","P","DOCK_DOOR_ID","1"
"1076","ILM_DOCK_DOOR_EVENTS","PK_ILM_DOCK_DOOR_EVENTS","P","EVENT_SEQ","2"
"1077","ILM_LOAD_POSITION","PK_ILM_LOAD_POSITION","P","ILM_LOAD_POSITION","1"
"1078","ILM_REASON_CODES","ILMREASONCODES_PK","P","REASON_CODE_ID","1"
"1079","ILM_REASON_CODES","ILMREASONCODES_PK","P","TC_COMPANY_ID","2"
"1080","ILM_REQUESTOR_TYPE","PK_ILM_REQUESTOR_TYPE","P","REQUESTOR_ID","1"
"1081","ILM_TASKS","PK_ILM_TASKS","P","TASK_ID","1"
"1082","ILM_TASK_EVENTS","PK_ILM_TASK_EVENTS","P","TASK_ID","1"
"1083","ILM_TASK_EVENTS","PK_ILM_TASK_EVENTS","P","EVENT_SEQ","2"
"1084","ILM_TASK_TYPES","PK_ILM_TASK_TYPES","P","TASK_TYPE","1"
"1085","ILM_TRAILER_EVENTS","PK_ILM_TRAILER_EVENTS","P","TRAILER_ID","1"
"1086","ILM_TRAILER_EVENTS","PK_ILM_TRAILER_EVENTS","P","EVENT_SEQ","2"
"1087","ILM_YARD_ACTIVITY","PK_ILM_YARD_ACTIVITY","P","ACTIVITY_ID","1"
"1088","ILM_YARD_AUDIT","PK_ILM_YARD_AUDIT","P","YARD_AUDIT_ID","1"
"1089","ILS_OBJECT_TYPE","ILS_OBJ_TYPE_PK","P","OBJECT_TYPE_ID","1"
"1090","ILS_PRODUCT_TYPE","ILS_PROD_TYPE_PK","P","PRODUCT_TYPE_ID","1"
"1091","IMMD_NEEDS","PK_IMMD_NEEDS","P","IMMD_NEEDS_ID","1"
"1092","IMMD_NEEDS_TEMPLATE","PK_IMMD_NEEDS_TEMPLATE","P","IMMD_NEED_TEMPLATE_ID","1"
"1093","IMPORT_ACCESSORIAL_PARAM_SET","IMP_ACSS_PRM_ST_PK","P","PARAM_ID","1"
"1094","IMPORT_ACCESSORIAL_RATE","IMP_ACCESS_RATE_PK","P","PARAM_ID","1"
"1095","IMPORT_ACCESSORIAL_RATE","IMP_ACCESS_RATE_PK","P","ACCESSORIAL_RATE_ID","2"
"1096","IMPORT_AUTOMATION","PK_IMP_AUTO","P","IMPORT_AUTOMATION_ID","1"
"1097","IMPORT_CM_RATE_DISCOUNT","IMP_CM_RATE_DIS_PK","P","PARAM_ID","1"
"1098","IMPORT_CM_RATE_DISCOUNT","IMP_CM_RATE_DIS_PK","P","CM_RATE_DISCOUNT_ID","2"
"1099","IMPORT_COLM_LIST","IMPORTCOLMLIST_PK","P","IMPORT_COLM_LIST_ID","1"
"1100","IMPORT_DAILY_UTILIZATION","IMP_DAILY_UTIL_PK","P","TC_COMPANY_ID","1"
"1101","IMPORT_DAILY_UTILIZATION","IMP_DAILY_UTIL_PK","P","UTILIZATION_DATE","2"
"1102","IMPORT_DAILY_UTILIZATION","IMP_DAILY_UTIL_PK","P","INTERNAL_SEQ","3"
"1103","IMPORT_EXCLUSIONS_CBO","IMPORTEXCLUSIONCBO_PK","P","IMPORT_EXCLUSIONS_CBO_ID","1"
"1104","IMPORT_FORMATS","PK_IMPORT_FORMATS","P","FORMAT_ID","1"
"1105","IMPORT_FORMAT_ODBC","PK_IMPORT_FORMAT_ODBC","P","FORMAT_ODBC_ID","1"
"1106","IMPORT_FORMAT_OFFSETS","PK_IMPORT_FORMAT_OFFSETS","P","FORMAT_OFFSET_ID","1"
"1107","IMPORT_FORMAT_PREFS","PK_IMPORT_FORMAT_PREFS","P","IMPORT_FORMAT_PREFS_ID","1"
"1108","IMPORT_MASTER","PK_IMPORT_MASTER","P","IMPORT_ID","1"
"1109","IMPORT_OFFSET_MASTER","PK_IMPORT_OFFSET_MASTER","P","OFFSET_ID","1"
"1110","IMPORT_STOP_OFF_CHARGE","IMP_STP_OFF_CRG_PK","P","PARAM_ID","1"
"1111","IMPORT_STOP_OFF_CHARGE","IMP_STP_OFF_CRG_PK","P","STOP_OFF_CHARGE_ID","2"
"1112","IMPORT_TEMP","PK_IMPORT_TEMP","P","ROW_NUM","1"
"1113","IMPORT_TYPE_COLM_XREF","IMPRTTYPCLXRF_PK","P","IMPORT_TYPE","1"
"1114","IMPORT_TYPE_COLM_XREF","IMPRTTYPCLXRF_PK","P","IMPORT_COLM_LIST_ID","2"
"1115","INPT_PICK_DEMAND_FORECAST","PK_INPT_PICK_DEMAND_FORECAST","P","INPT_PICK_DEMAND_FORECAST_ID","1"
"1116","INPT_SLOTINFO_MOVE_LIST","PK_INPT_SLOTINFO_MOVE_LIST","P","INPT_SLOTINFO_MOVE_LIST_ID","1"
"1117","INPT_SLOTINFO_MOVE_LIST","UK_INPT_SLOTINFO_MOVE_LIST","U","MOVE_ID","1"
"1118","INPT_SLOTINFO_WIDTH","PK_INPT_SLOTINFO_WIDTH","P","INPT_SLOTINFO_WIDTH_ID","1"
"1119","INPT_SLOTINFO_WIDTH","UK_INPT_SLOTINFO_WIDTH","U","LOCN_ID","1"
"1120","INPUT_PARAM","PK_INPUT_PARAM","P","SESSIONID","1"
"1121","INPUT_PARAM","PK_INPUT_PARAM","P","PROCESSID","2"
"1122","INPUT_PARAM_RACKORDER","IP_RACKORDER_ID_PK","P","IP_RACKORDER_ID","1"
"1123","INSTANT_REPORT_SQL","INST_REP_SQL_PK","P","SQL_ID","1"
"1124","INSTANT_REPORT_SQLHEADER","INST_REPT_SQLHDR_PK","P","SQL_HEADER_ID","1"
"1125","INTERFACE_CONFIG","PK_INTERFACE_CONFIG","P","INTERFACE_CONFIG_ID","1"
"1126","INTERFACE_CONFIG","UK_INTERFACE_CONFIG","U","INTERFACE","1"
"1127","INTERFACE_CONFIG","UK_INTERFACE_CONFIG","U","VERSION","2"
"1128","INTERFACE_CONFIG","UK_INTERFACE_CONFIG","U","EVENT_ID","3"
"1129","INTERFACE_ERROR","PK_INTERFACE_ERROR","P","INTERFACE_ERROR_ID","1"
"1130","INTERFACE_ERROR","UK_INTERFACE_ERROR","U","CARTON_NBR","1"
"1131","INTL_LANG","PK_INTL_LANG","P","INTL_LANG_ID","1"
"1132","INT_ALLOC_LOCK_CODES","PK_INT_ALLOC_LOCK_CODES","P","INT_ALLOC_LOCK_CODES_ID","1"
"1133","INT_ALLOC_LOCK_CODES","UK_INT_ALLOC_LOCK_CODES","U","INVN_NEED_TYPE","1"
"1134","INT_ALLOC_LOCK_CODES","UK_INT_ALLOC_LOCK_CODES","U","WHSE","2"
"1135","INT_ALLOC_LOCK_CODES","UK_INT_ALLOC_LOCK_CODES","U","CD_MASTER_ID","3"
"1136","INT_ALLOC_LOCK_CODES","UK_INT_ALLOC_LOCK_CODES","U","LOCK_CODE","4"
"1137","INT_LABOR_RATE","PK_INT_LABOR_RATE","P","INT_LABOR_RATE_ID","1"
"1138","INT_LABOR_RATE","UK_INT_LABOR_RATE","U","INVN_NEED_TYPE","1"
"1139","INT_LABOR_RATE","UK_INT_LABOR_RATE","U","WHSE","2"
"1140","INT_LABOR_RATE","UK_INT_LABOR_RATE","U","CD_MASTER_ID","3"
"1141","INT_LABOR_RATE","UK_INT_LABOR_RATE","U","UOM","4"
"1142","INT_MASTER","PK_INT_MASTER","P","INT_MASTER_ID","1"
"1143","INT_MASTER","UK_INT_MASTER","U","WHSE","1"
"1144","INT_MASTER","UK_INT_MASTER","U","INVN_NEED_TYPE","2"
"1145","INT_PATH_DEFN","PK_INT_PATH_DEFN","P","INT_PATH_DEFN_ID","1"
"1146","INVC_PARM","PK_INVC_PARM","P","INVC_PARM_ID","1"
"1147","INVC_RULE_PARM","PK_INVC_RULE_PARM","P","INVC_RULE_PARM_ID","1"
"1148","INVC_RULE_PARM","UK_INVC_RULE_PARM","U","INVC_PARM_ID","1"
"1149","INVC_RULE_PARM","UK_INVC_RULE_PARM","U","PRTY","2"
"1150","INVENTORY_ALLOCATION","IA_PK","P","INVENTORY_ALLOCATION_ID","1"
"1151","INVENTORY_SEGMENT","INVENTORY_SEG_PK","P","INVENTORY_SEGMENT_ID","1"
"1152","INVN_ALLOC_PRTY","PK_INVN_ALLOC_PRTY","P","INVN_ALLOC_PRTY_ID","1"
"1153","INVN_NEED_TYPE","PK_INVN_NEED_TYPE","P","INVN_NEED_TYPE_ID","1"
"1154","INVN_NEED_TYPE","UK_INVN_NEED_TYPE","U","INVN_NEED_TYPE","1"
"1155","INVN_NEED_TYPE","UK_INVN_NEED_TYPE","U","WHSE","2"
"1156","INVN_NEED_TYPE","UK_INVN_NEED_TYPE","U","CD_MASTER_ID","3"
"1157","INVN_VARI_HDR","PK_INVN_VARI_HDR","P","INVN_VARI_HDR_ID","1"
"1158","INVN_VARI_SRL_NBR","PK_INVN_VARI_SRL_NBR","P","INVN_VARI_SRL_NBR_ID","1"
"1159","INVOICE","INVOICE_PK","P","INV_ID","1"
"1160","INVOICE_RESP_CODE","INVOICE_RCODE_PK","P","INVOICE_RESP_CODE_ID","1"
"1161","INVOICE_TYPE","INVOICE_TYPE_PK","P","INVOICE_TYPE","1"
"1162","INV_ENTRY_TYPE","INV_ENTRY_TYPE_PK","P","INV_ENTRY_TYPE","1"
"1163","IN_YARD_EQUIP_AVAIL_CONFIG","INYRDEQPAVLCFG_PK","P","CONFIG_ID","1"
"1164","IN_YARD_EQUIP_UTILIZATION","IN_YARD_EQUIP_UTIL_PK","P","UTILIZATION_ID","1"
"1165","IN_YARD_EQUIP_UTIL_SHIPMENT","INYRDEQPUTLSHP_PK","P","SHIPMENT_ID","1"
"1166","IN_YARD_EQUIP_UTIL_SHIPMENT","INYRDEQPUTLSHP_PK","P","UTILIZATION_ID","2"
"1167","IPS_USER_VIEW","IPS_USER_VIEW_PK","P","IPS_USER_VIEW_ID","1"
"1168","IPS_USER_VIEW_DETAIL","IPS_USER_VIEW_DETAIL_PK","P","IPS_USER_VIEW_DETAIL_ID","1"
"1169","ISSUE","ISSUE_PK","P","ISSUE_ID","1"
"1170","ISSUE_COMMENT","ISSUE_COMMENT_PK","P","ISSUE_ID","1"
"1171","ISSUE_COMMENT","ISSUE_COMMENT_PK","P","COMMENT_SEQ_ID","2"
"1172","ISSUE_STATUS","ISSUE_STATUS_PK","P","STATUS_CODE","1"
"1173","ITEM_BOM_DETAIL_WMS","ITEM_BOM_PK1","P","ITEM_BOM_DETAIL_ID","1"
"1174","ITEM_BOM_HEADER_WMS","ITEM_HEAD_PK1","P","ITEM_BOM_HEADER_ID","1"
"1175","ITEM_BUDGETED_COST_TMS","ITEM_BC_PK","P","ITEM_BUDGETED_COST_ID","1"
"1176","ITEM_CAT_XREF","PK_ITEM_CAT_XREF","P","ITEMCAT_ID","1"
"1177","ITEM_CBO","ITEM_CBO_PK","P","ITEM_ID","1"
"1178","ITEM_CBO_PROFILE","ITEM_PROFILE_PK","P","ITEM_PROFILE_ID","1"
"1179","ITEM_CLASSIFICATION_CODE","ITEM_CLS_CODE_PK","P","ITEM_CLS_CODE_ID","1"
"1180","ITEM_CNTRY_CMMDTY_CODE","PK_ITEM_CNTRY_CMMDTY_CODE","P","ITEM_CNTRY_CMMDTY_ID","1"
"1181","ITEM_COST_CBO","ITEM_COST_CBO_PK","P","ITEM_COST_ID","1"
"1182","ITEM_EPC_PREFIX_WMS","ITEM_EPC_WMS_PK","P","ITEM_EPC_PREFIX_ID","1"
"1183","ITEM_FACILITY_MAPPING_WMS","ITEM_FAC_WMS_PK1","P","ITEM_FACILITY_MAPPING_ID","1"
"1184","ITEM_FACILITY_SLOTTING","PK_ITEM_SLOTTING","P","ITEM_FACILITY_MAPPING_ID","1"
"1185","ITEM_FAC_MAPPING_WMS_PROFILE","ITEM_FAC_PROF_PK","P","ITEM_FACILITY_PROFILE_ID","1"
"1186","ITEM_GROUP_WMS","ITEM_GR_WMS_PK","P","ITEM_GROUP_ID","1"
"1187","ITEM_HISTORY","PK_ITEM_HISTORY","P","HIST_ID","1"
"1188","ITEM_MISC_INSTR","ITEM_MISC_INSTR_PK","P","MISC_INSTR_ID","1"
"1189","ITEM_MISC_INSTR_PROFILE","ITEM_MISC_INSTR_PROF_PK","P","MISC_INSTR_ID","1"
"1190","ITEM_PACKAGE_CBO","ITEM_PCKG_CBO_PK","P","ITEM_PACKAGE_ID","1"
"1191","ITEM_PACKAGE_CBO_PROFILE","ITEM_PKG_PROF_PK","P","ITEM_PACKAGE_ID","1"
"1192","ITEM_PRICE_CBO","ITEM_PRICE_CBO_PK","P","ITEM_PRICE_ID","1"
"1193","ITEM_REF","ITEM_REF_PK","P","ITEM_ID","1"
"1194","ITEM_SIZE_TMS","ITEM_TMS_PK1","P","ITEM_SIZE_ID","1"
"1195","ITEM_SUBSTITUTION_CBO","ITEM_SYBS_PK","P","ITEM_SUB_HDR_ID","1"
"1196","ITEM_SUBSTITUTION_DTL_CBO","ITEM_SUBS_DTL_PK","P","ITEM_SUB_DTL_ID","1"
"1197","ITEM_SUPPLIER_XREF_CBO","ITEM_SUPPLIER_XRE1","P","ITEM_SUPPLIER_XREF_ID","1"
"1198","ITEM_TMS","ITEM_TMS_PK","P","ITEM_ID","1"
"1199","ITEM_VAS_APPLICABLE","ITEM_VAS_APPLICABLE_PK","P","ITEM_VAS_ID","1"
"1200","ITEM_VAS_APPLICABLE_PROFILE","ITEM_VAS_APPLI_PROFILE_PK","P","ITEM_VAS_ID","1"
"1201","ITEM_VENDOR","ITEM_VENDOR_PK","P","ITEM_VENDOR_ID","1"
"1202","ITEM_WMS","ITEM_WMS_PK","P","ITEM_ID","1"
"1203","ITEM_WMS_PROFILE","ITEM_WMS_PROF_PK","P","ITEM_PROFILE_ID","1"
"1204","JMS_DESTINATION_INFO","JMS_DEST_INFO_PK","P","NAME","1"
"1205","JMS_LISTENER","JMS_LISTENER_PK","P","JMS_LISTENER_ID","1"
"1206","JMS_PROVIDER_INFO","JMS_PROV_INFO_PK","P","NAME","1"
"1207","JMS_ROLES","JMS_ROLE_PK","P","USERID","1"
"1208","JMS_ROLES","JMS_ROLE_PK","P","ROLEID","2"
"1209","JMS_SUBSCRIPTIONS","JMS_SUBSCRI_PK","P","CLIENTID","1"
"1210","JMS_SUBSCRIPTIONS","JMS_SUBSCRI_PK","P","SUBNAME","2"
"1211","JMS_USERS","JMS_USER_PK","P","USERID","1"
"1212","JOB_CONFIG","PK_JOB_CONFIG","P","JOB_CONFIG_ID","1"
"1213","JOIN_TYPE","JN_TYPE_PK","U","JOIN_TYPE_ID","1"
"1214","JUNITEE_RESULT","JUNITEE_RESULT_PK","P","JUNITEE_RESULT_ID","1"
"1215","KAFKA_LISTENER","KAFKA_LISTENER1_PK","P","KAFKA_LISTENER_ID","1"
"1216","KIT","PK_KIT","P","KIT_ID","1"
"1217","KIT_ITEM","PK_KIT_ITEM","P","KITITEM_ID","1"
"1218","LABEL","LABEL_PK","P","LABEL_ID","1"
"1219","LABEL_DISPLAY","LABEL_DISPLAY_PK","P","LABEL_DISPLAY_ID","1"
"1220","LABEL_SUBSTITUTIONS","PK_LABEL_SUBSTITUTIONS","P","LABEL_SUBSTITUTIONS_ID","1"
"1221","LABOR_MSG","LABOR_MSG_PK","P","LABOR_MSG_ID","1"
"1222","LABOR_MSG_CRIT","LABOR_MSG_CRIT_PK","P","LABOR_MSG_CRIT_ID","1"
"1223","LABOR_MSG_DTL","LABOR_MSG_DTL_PK","P","LABOR_MSG_DTL_ID","1"
"1224","LABOR_MSG_DTL_CRIT","LABOR_MSG_DTL_CRIT_PK","P","LABOR_MSG_DTL_CRIT_ID","1"
"1225","LABOR_MSG_MONITOR","LABOR_MSG_MONITOR_PK","P","LABOR_MSG_MONITOR_ID","1"
"1226","LABOR_MSG_TRACKING","LABOR_MSG_TRACKING_PK","P","LABOR_MSG_ID","1"
"1227","LABOR_TRAN","LABOR_TRAN_PK","P","LABOR_TRAN_ID","1"
"1228","LABOR_TRAN_CRIT","LABOR_TRAN_CRIT_PK","P","LABOR_TRAN_CRIT_ID","1"
"1229","LABOR_TRAN_DTL","LABOR_TRAN_DTL_PK","P","LABOR_TRAN_DTL_ID","1"
"1230","LABOR_TRAN_DTL_CRIT","LABOR_TRAN_DTL_CRIT_PK","P","LABOR_TRAN_DTL_CRIT_ID","1"
"1231","LEAN_TIME_REPL_PARM","PK_LEAN_TIME_REPL_PARM","P","LEAN_TIME_REPL_PARM_ID","1"
"1232","LEAN_TIME_REPL_PARM","UK_LEAN_TIME_REPL_PARM","U","PARM_ID","1"
"1233","LEMA_RULEATTRIBUTE","PK_LEMA_RULEATTRIBUTE","P","IDENTITY","1"
"1234","LEMA_RULESETRELATION","PK_LEMA_RULESETRELATION","P","IDENTITY","1"
"1235","LEMA_RULE_CONF_RES_ATTR","LEMA_RUL_ATT_PK","P","IDENTITY","1"
"1236","LEMA_RULE_CONF_RES_ATTR_VAL","LEMA_RUL_AT_VAL_PK","P","IDENTITY","1"
"1237","LEMA_RULE_TEMPLATE","LEMA_RUL_TEMP_PK","P","IDENTITY","1"
"1238","LEMA_WORKFLOW","LEMA_WRKFLW_IDT_PK","P","IDENTITY","1"
"1239","LEVEL_TAB","LEVEL_TAB_PK","P","LEVEL_NUMBER","1"
"1240","LICENSE_ACTIVE","C_PK_L_A_D","P","LICENSE_ACT_ID","1"
"1241","LICENSE_MASTER","C_PK_LICENSE_ID","P","LICENSE_ID","1"
"1242","LICENSE_USAGE","PK_LICENSE_USAGE","P","LICENSE_USAGE_ID","1"
"1243","LICENSE_USAGE","UK_LICENSE_USAGE","U","SESSION_DATE","1"
"1244","LISTENER","LISTENER_PK","P","LISTENER_ID","1"
"1245","LISTENER_STATUS_DETAIL","LISTENER_STATUS_DETAIL_PK","P","LISTENER_STATUS_DETAIL_ID","1"
"1246","LIST_VIEW","LIST_VIEW_PK","P","LIST_VIEW_ID","1"
"1247","LIST_VIEW","LIST_VIEW_UK","U","COMPANY_ID","1"
"1248","LIST_VIEW","LIST_VIEW_UK","U","USER_NAME","2"
"1249","LIST_VIEW","LIST_VIEW_UK","U","SCREEN_NAME","3"
"1250","LIST_VIEW","LIST_VIEW_UK","U","VIEW_NAME","4"
"1251","LIST_VIEW_DETAIL","LIST_VIEW_DETAIL_PK","P","LIST_VIEW_DETAIL_ID","1"
"1252","LITERAL","LITERAL_PK","P","LITERAL_ID","1"
"1253","LM_MISC_ACTIVITY","PK_LM_MISC_ACTIVITY","P","LM_MISC_ACTIVITY_ID","1"
"1254","LM_MONITOR_DFLTS","PK_LM_MONITOR_DFLTS","P","LM_MONITOR_DFLTS_ID","1"
"1255","LOADING_TYPE","LOADING_TYPE_PK","P","LOADING_TYPE","1"
"1256","LOAD_CONFIGURATION","LOAD_CONFIG_PK","P","LOAD_CONFIG_ID","1"
"1257","LOAD_TYPE","LOAD_TYPE_PK","P","LOAD_TYPE","1"
"1258","LOCATION_RANGE","PK_LOCATION_RANGE","P","SLOT_RANGE","1"
"1259","LOCK_CODE_PERMISSION","CODE_ID_UK","U","CODE_ID","1"
"1260","LOCK_CODE_PERMISSION","LOCK_CODE_PERMISSION_ID_PK","P","LOCK_CODE_PERMISSION_ID","1"
"1261","LOCK_CODE_PERMISSION","PERMISSION_CODE_UK","U","PERMISSION_CODE","1"
"1262","LOCK_STATUS","LOCK_STATUS_PK","P","LOCK_STATUS","1"
"1263","LOCN_GRP","PK_LOCN_GRP","P","LOCN_GRP_ID","1"
"1264","LOCN_GRP","UK_LOCN_GRP","U","LOCN_ID","1"
"1265","LOCN_GRP","UK_LOCN_GRP","U","GRP_TYPE","2"
"1266","LOCN_SIZE_TYPE","PK_LOCN_SIZE_TYPE1","P","LOCN_SIZE_TYPE_ID","1"
"1267","LOCN_SIZE_TYPE","UK_LOCN_SIZE_TYPE1","U","WHSE","1"
"1268","LOCN_SIZE_TYPE","UK_LOCN_SIZE_TYPE1","U","LOCN_SIZE_TYPE","2"
"1269","LOCN_WIZ_DTL","PK_LOCN_WIZ_DTL","P","LOCN_WIZ_DTL_ID","1"
"1270","LOCN_WIZ_HDR","PK_LOCN_WIZ_HDR","P","LOCN_WIZ_HDR_ID","1"
"1271","LOCN_WIZ_HDR","UK_LOCN_WIZ_HDR","U","LOCN_PARM_ID","1"
"1272","LOCN_WIZ_HDR","UK_LOCN_WIZ_HDR","U","LOCN_SEQ_NBR","2"
"1273","LOGCOM","IX_LOGCOM","P","ID","1"
"1274","LOGRECORDS","IX_LOGRECORDS","P","ID","1"
"1275","LOGSESSION","IX_LOGSESSION","P","ID","1"
"1276","LOGSTACKTRACE","IX_LOGSTACKTRACE","P","ID","1"
"1277","LOGSUBSTITUTIONVALUES","IX_LOGSUBSTITUTIONVALUES","P","ID","1"
"1278","LOGSUBSTITUTIONVALUES","IX_LOGSUBSTITUTIONVALUES","P","SUBINDEX","2"
"1279","LOOKUP","LOOKUP_PK","P","LOOKUP_ID","1"
"1280","LPN","LPN_PK","P","LPN_ID","1"
"1281","LPN_ACCESSORIAL","PK_LPN_ACCESSORIAL","P","LPN_ACCESSORIAL_ID","1"
"1282","LPN_ADDRESS","LPN_ADDRESS_PK","P","LPN_ID","1"
"1283","LPN_ATTRIBUTE","LPN_ATTR_PK","P","LPN_ID","1"
"1284","LPN_ATTRIBUTE","LPN_ATTR_PK","P","ATTRIBUTE_NAME","2"
"1285","LPN_ATTRIBUTE","LPN_ATTR_PK","P","ATTRIBUTE_SEQ","3"
"1286","LPN_AUDIT_RESULTS","PK_LPN_AUDIT_RESULTS","P","LPN_AUDIT_RESULTS_ID","1"
"1287","LPN_CATCH_WEIGHT","LPN_CATCH_WHT_PK","P","LPN_CATCH_WEIGHT_ID","1"
"1288","LPN_DETAIL","LPN_DETAIL_PK","P","LPN_ID","1"
"1289","LPN_DETAIL","LPN_DETAIL_PK","P","LPN_DETAIL_ID","2"
"1290","LPN_DETAIL_ATTRIBUTE","LPNDTL_ATTR_PK","P","LPN_ID","1"
"1291","LPN_DETAIL_ATTRIBUTE","LPNDTL_ATTR_PK","P","LPN_DETAIL_ID","2"
"1292","LPN_DETAIL_ATTRIBUTE","LPNDTL_ATTR_PK","P","ATTRIBUTE_SEQ","3"
"1293","LPN_DETAIL_ATTRIBUTE","LPNDTL_ATTR_PK","P","ATTRIBUTE_NAME","4"
"1294","LPN_DISP_METHOD_PRTY","PK_LPN_DISP_METHOD_PRTY","P","LPN_DISP_METHOD_PRTY_ID","1"
"1295","LPN_DISP_METHOD_PRTY","UK_LPN_DISP_METHOD_PRTY","U","EVENT_PARM_ID","1"
"1296","LPN_DISP_METHOD_PRTY","UK_LPN_DISP_METHOD_PRTY","U","RULE_ID","2"
"1297","LPN_DISP_METHOD_PRTY","UK_LPN_DISP_METHOD_PRTY","U","DISP_METHOD_PRTY","3"
"1298","LPN_EVENT","LPN_EVENT_PK","P","LPN_EVENT_ID","1"
"1299","LPN_FACILITY_STATUS","LPN_FAC_STAT_PK","P","LPN_FACILITY_STATUS","1"
"1300","LPN_FACILITY_STATUS","LPN_FAC_STAT_PK","P","INBOUND_OUTBOUND_INDICATOR","2"
"1301","LPN_LOCK","LPN_LOCK_PK","P","LPN_LOCK_ID","1"
"1302","LPN_MOVEMENT","LPN_MVMNT_PK","P","LPN_MOVEMENT_ID","1"
"1303","LPN_NOTES","LPN_NOTES_PK","P","LPN_ID","1"
"1304","LPN_NOTES","LPN_NOTES_PK","P","COMMENT_SEQ_NBR","2"
"1305","LPN_SHIPPABLE_TYPE","LPN_STYPE_PK","P","LPN_SHIPPABLE_TYPE","1"
"1306","LPN_SIZE_TYPE","LPN_SIZE_TYPE_PK","P","LPN_SIZE_TYPE_ID","1"
"1307","LPN_STATUS","LPN_STATUS_PK","P","LPN_STATUS","1"
"1308","LPN_TYPE","LPN_TYPE_PK","P","LPN_TYPE","1"
"1309","LRF_EVENT","LRF_EVENT_PK","P","LRF_EVENT_ID","1"
"1310","LRF_EVENT_HISTORY","LRF_EVENT_HISTORY_PK","P","LRF_EVENT_ID","1"
"1311","LRF_LISTENER_CONFIG","LRF_LISTENER_CONFIG_PK","P","QUEUE_NAME","1"
"1312","LRF_PRINT_STATUS","LRF_PRINT_STATUS_PK","P","STAT_CODE","1"
"1313","LRF_PRT_QUEUE","LRF_PRT_QUEUE_PK","P","PRT_Q_ID","1"
"1314","LRF_PRT_QUEUE_DEST","LRF_PRT_QUEUE_DEST_PK","P","PRT_QUEUE_DEST_ID","1"
"1315","LRF_PRT_QUEUE_SERVICE","LRF_PRT_QUEUE_SERVICE_PK","P","PRT_QUEUE_SERVICE_ID","1"
"1316","LRF_PRT_Q_TYPES","LRF_PRT_Q_TYPES_PK","P","PRT_Q_TYPE","1"
"1317","LRF_PRT_REQUESTOR","LRF_PRT_REQUESTOR_PK","P","PRT_REQSTR_ID","1"
"1318","LRF_REPORT","LRF_REPORT_PK","P","REPORT_ID","1"
"1319","LRF_REPORT","LRF_REPORT_PK","P","COMPANY_ID","2"
"1320","LRF_REPORT_AUDIT","LRF_REPORT_AUDIT_PK","P","LRF_REPORT_AUDIT_ID","1"
"1321","LRF_REPORT_HISTORY","LRF_REPORT_HISTORY_PK","P","REPORT_ID","1"
"1322","LRF_REPORT_HISTORY","LRF_REPORT_HISTORY_PK","P","COMPANY_ID","2"
"1323","LRF_REPORT_PARAM_VALUE","LRF_RPT_PARAM_VALUE_PK","P","REP_PARAM_ID","1"
"1324","LRF_REPORT_PARAM_VALUE","LRF_RPT_PARAM_VALUE_PK","P","REPORT_ID","2"
"1325","LRF_REPORT_PARAM_VALUE","LRF_RPT_PARAM_VALUE_PK","P","COMPANY_ID","3"
"1326","LRF_REPORT_PARAM_VALUE_DTL","LRFREPORTPARAMVALUEDTL_PK","P","REPORT_PARAM_VALUE_DTL_ID","1"
"1327","LRF_REPORT_PARAM_VALUE_HISTORY","LRF_REPORT_PARAM_VALUE_HIST_PK","P","REP_PARAM_ID","1"
"1328","LRF_REPORT_PARAM_VALUE_HISTORY","LRF_REPORT_PARAM_VALUE_HIST_PK","P","REPORT_ID","2"
"1329","LRF_REPORT_PARAM_VALUE_HISTORY","LRF_REPORT_PARAM_VALUE_HIST_PK","P","COMPANY_ID","3"
"1330","LRF_REP_SCHD_PARAM","LRF_REP_SCHD_PARAM_PK","P","REP_SCHD_ID","1"
"1331","LRF_REP_SCHD_PARAM","LRF_REP_SCHD_PARAM_PK","P","REP_SCHD_DETAIL_ID","2"
"1332","LRF_REP_SCHD_PARAM","LRF_REP_SCHD_PARAM_PK","P","COMPANY_ID","3"
"1333","LRF_REP_SCHD_PARAM_DTL","LRFREPSCHDPARAMDTL_PK","P","REP_SCHD_PARAM_DTL_ID","1"
"1334","LRF_REP_SCHD_PARAM_DTL_HISTORY","LRF_REP_SCHD_PARAM_DTL_HIST_PK","P","REP_SCHD_PARAM_DTL_ID","1"
"1335","LRF_REP_SCHD_PARAM_HISTORY","LRF_REP_SCHD_PARAM_HISTORY_PK","P","REP_SCHD_ID","1"
"1336","LRF_REP_SCHD_PARAM_HISTORY","LRF_REP_SCHD_PARAM_HISTORY_PK","P","REP_SCHD_DETAIL_ID","2"
"1337","LRF_REP_SCHD_PARAM_HISTORY","LRF_REP_SCHD_PARAM_HISTORY_PK","P","COMPANY_ID","3"
"1338","LRF_RPT_PARM_VALUE_DTL_HISTORY","LRF_RPT_PARM_VALUE_DTL_HIST_PK","P","REPORT_PARAM_VALUE_DTL_ID","1"
"1339","LRF_SCHED_EVENT_REPORT","LRF_SCHED_EVENT_RPT_PK","P","EVENT_ID","1"
"1340","LRF_SCHED_EVENT_REPORT_HISTORY","LRF_SCHED_EVENT_REPORT_HIST_PK","P","EVENT_ID","1"
"1341","LRF_SERVER","LRF_SERVER_PK","P","SERVER_NAME","1"
"1342","LRF_SERVER_AUDIT","LRF_SERVER_AUDIT_PK","P","LRF_SERVER_AUDIT_ID","1"
"1343","LRF_SERVER_CONFIG","LRF_SERVER_CONFIG_PK","P","LRF_SERVER_CONFIG_ID","1"
"1344","LRF_SERVER_CONFIG_AUDIT","LRF_SERVER_CONFIG_AUDIT_PK","P","LRF_SERVER_CONFIG_AUDIT_ID","1"
"1345","LRF_USER_PRO","LRF_USER_PRO_PK","P","USER_PRO_ID","1"
"1346","MANH_BRIDGE_SUMMARY","PK_MANH_BRIDGE_SUMMARY","P","MANH_BRIDGE_SUMMARY_ID","1"
"1347","MANH_BRIDGE_SUMMARY","UK_MANH_BRIDGE_SUMMARY","U","BRIDGE_SUMM_ID","1"
"1348","MANH_DATABASE_OBJECT_LIST","MANH_DATABASE_OBJECT_LIST_PK","P","OBJECT_NAME","1"
"1349","MANH_LAYOUTS_MAP","PK_MANH_LAYOUTS_MAP","P","MANH_LAYOUTS_MAP_ID","1"
"1350","MANH_LAYOUTS_MAP","UK_MANH_LAYOUTS_MAP","U","CUST_CODE","1"
"1351","MANH_LAYOUTS_MAP","UK_MANH_LAYOUTS_MAP","U","BASE_FRAME_ID","2"
"1352","MANH_LAYOUTS_MAP","UK_MANH_LAYOUTS_MAP","U","CUST_FRAME_ID","3"
"1353","MANH_SEQ_MAPPING","MANH_SEQ_MAPPING_PK","P","SEQUENCE_NAME","1"
"1354","MANIFESTED_LPN","PK_MANIFESTED_LPN","P","LPN_ID","1"
"1355","MANIFEST_HDR","PK_MANIFEST_HDR","P","MANIFEST_ID","1"
"1356","MANIFEST_TYPE","MANIFEST_TYPE_PK","P","MANIFEST_TYPE_ID","1"
"1357","MASTER","MASTER_PK","P","TNO","1"
"1358","MASTER","MASTER_PK","P","TNAME","2"
"1359","MASTER_ORDER_STATUS","MASTER_OST_PK","P","MASTER_ORDER_STATUS","1"
"1360","MAX_TF_WINDOW_PARAM","MAX_TF_WIN_PARAM_PK","P","MAX_TF_WINDOW_ID","1"
"1361","MESSAGE_BU_MAPPING","MESSAGE_BU_MAPPING_PK","P","MESSAGE_BU_MAPPING_ID","1"
"1362","MESSAGE_BU_MAPPING_DETAILS","MESSAGE_BU_MAPPING_DETAILS_PK","P","MESSAGE_BU_MAPPING_DETAILS_ID","1"
"1363","MESSAGE_DISPLAY","MESSAGE_DISPLAY_PK","P","MESSAGE_DISPLAY_ID","1"
"1364","MESSAGE_MASTER","MESSAGE_MASTER_PK","P","MESSAGE_MASTER_ID","1"
"1365","MESSAGE_MODULE","MESSAGE_MODULE_ID_PK","P","MESSAGE_MODULE_ID","1"
"1366","MESSAGE_MODULE","MESSAGE_MODULE_UK","U","ILS_MODULE_NAME","1"
"1367","MESSAGE_MODULE","MESSAGE_MODULE_UK","U","MESSAGE_MODULE_NAME","2"
"1368","MESSAGE_MODULE","MESSAGE_MODULE_UK","U","MESSAGE_MODULE_CODE","3"
"1369","MESSAGE_STORE_INBOUND","MSG_STORE_INBD_PK","P","MESSAGE_ID","1"
"1370","MESSAGE_STORE_OUTBOUND","MSG_STORE_OTBD_PK","P","MESSAGE_ID","1"
"1371","MESSAGE_TYPE","MESSAGE_TYPE_PK","P","MESSAGE_TYPE","1"
"1372","MHE_CONFIG","PK_MHE_CONFIG","P","MHE_CONFIG_ID","1"
"1373","MHE_CONFIG","UK1_MHE_CONFIG","U","FACILITY_ID","1"
"1374","MHE_CONFIG","UK1_MHE_CONFIG","U","MHE_VENDOR","2"
"1375","MHE_ENDPOINT_CONFIG","PK_MHE_ENDPOINT_CONFIG","P","MHE_ENDPOINT_CONFIG_ID","1"
"1376","MHE_ENDPOINT_CONFIG","UK1_MHE_ENDPOINT_CONFIG","U","EVENT_ID","1"
"1377","MHE_ENDPOINT_CONFIG","UK1_MHE_ENDPOINT_CONFIG","U","HOST_NAME","2"
"1378","MHE_ENDPOINT_CONFIG","UK1_MHE_ENDPOINT_CONFIG","U","MHE_CONFIG_ID","3"
"1379","MHE_MSG_FORMAT","PK_MHE_MSG_FORMAT","P","MHE_MSG_FORMAT_ID","1"
"1380","MHE_MSG_FORMAT","UK_MHE_MSG_FORMAT","U","MSG_TYPE","1"
"1381","MHE_MSG_FORMAT","UK_MHE_MSG_FORMAT","U","MSG_SEQ","2"
"1382","MHE_MSG_FORMAT_DTL","PK_MHE_MSG_FORMAT_DTL","P","MHE_MSG_FORMAT_DTL_ID","1"
"1383","MHE_PARM_DTL","PK_MHE_PARM_DTL","P","MHE_PARM_DTL_ID","1"
"1384","MHE_PARM_DTL","UK_MHE_PARM_DTL","U","MHE_PARM_ID","1"
"1385","MHE_PARM_DTL","UK_MHE_PARM_DTL","U","PARM_SEQ_NBR","2"
"1386","MHE_PARM_HDR","PK_MHE_PARM_HDR","P","MHE_PARM_HDR_ID","1"
"1387","MHE_PARM_HDR","UK_MHE_PARM_HDR","U","MHE_PARM_ID","1"
"1388","MHE_RULE_GROUP","PK_MHERULEGROUP_ID","P","MHE_RULE_GROUP_ID","1"
"1389","MHE_SORT_DIVRT_ACTION","PK_MHE_SORT_DIVRT_ACTION","P","MHE_SORT_DIVRT_ACTION_ID","1"
"1390","MHE_SORT_DIVRT_ACTION","UK_MHE_SORT_DIVRT_ACTION","U","DIVRT_ACTION_ID","1"
"1391","MHE_SORT_RULE_HDR","PK_MHE_SORT_RULE_HDR","P","MHE_SORT_RULE_HDR_ID","1"
"1392","MHE_SORT_RULE_HDR","UK_MHE_SORT_RULE_HDR","U","MHE_SORT_RULE_ID","1"
"1393","MHE_SORT_RULE_PARM_DTL","PK_MHE_SORT_RULE_PARM_DTL","P","MHE_SORT_RULE_PARM_DTL_ID","1"
"1394","MHE_SORT_RULE_PARM_DTL","UK_MHE_SORT_RULE_PARM_DTL","U","MHE_SORT_RULE_ID","1"
"1395","MHE_SORT_RULE_PARM_DTL","UK_MHE_SORT_RULE_PARM_DTL","U","MHE_PARM_ID","2"
"1396","MHE_SORT_RULE_PARM_DTL","UK_MHE_SORT_RULE_PARM_DTL","U","PARM_SEQ_NBR","3"
"1397","MINOR_SRL_TRACK","PK_MINOR_SRL_TRACK","P","MINOR_SRL_TRACK_ID","1"
"1398","MINOR_SRL_TRACK","UK_MINOR_SRL_TRACK","U","SRL_NBR_TRK_ID","1"
"1399","MINOR_SRL_TRACK","UK_MINOR_SRL_TRACK","U","MINOR_SRL_NBR","2"
"1400","MINOR_SRL_TRACK","UK_MINOR_SRL_TRACK","U","MINOR_SEQ_NBR","3"
"1401","MIN_DENSITY_CALC_METHOD","MINDENCALCMTHD_PK","P","MIN_DENSITY_CALC_METHOD_ID","1"
"1402","MLP_WS_MONITOR","MLP_MON_PK","P","MLP_WORKSPACE_ID","1"
"1403","MLP_WS_MONITOR","MLP_MON_PK","P","TC_COMPANY_ID","2"
"1404","MLS_ACT","PK_MLS_ACT","P","MLS_ACT_ID","1"
"1405","MLS_ACT_ELM","PK_MLS_ACT_ELM","P","MLS_ACT_ELM_ID","1"
"1406","MLS_ELM","PK_MLS_ELM","P","MLS_ELM_ID","1"
"1407","MLS_LOG_DTL","PK_MLS_LOG_DTL_ID","P","MLS_LOG_DTL_ID","1"
"1408","MLS_LOG_SMRY","PK_MLS_LOG_SMRY_ID","P","MLS_LOG_SMRY_ID","1"
"1409","MMC_AUDIT_DTL","MMC_AUDIT_DTL_ID_PK1","P","MMC_AUDIT_DTL_ID","1"
"1410","MMC_AUDIT_HDR","MMC_AUDIT_HDR_ID_PK1","P","MMC_AUDIT_HDR_ID","1"
"1411","MONITORING_ALERT","MONITORING_ALERT_PK","P","MONITORING_ALERT_ID","1"
"1412","MONTH_CBO","PK_MONTH_CBO","P","MONTH","1"
"1413","MOVEMENT_OPTION","MOVEMENT_OPT_PK","P","MOVEMENT_OPTION","1"
"1414","MOVEMENT_TYPE","MOVEMENT_TYPE_PK","P","MOVEMENT_TYPE","1"
"1415","MOVE_LIST","PK_MOVE_LIST","P","MOVE_ID","1"
"1416","MOVE_LIST_HDR","PK_MOVE_LIST_HDR","P","MOVE_HDR_ID","1"
"1417","MOVE_LIST_REPORT","PK_MOVE_LIST_REPORT","P","MOVE_REPORT_ID","1"
"1418","MOVE_LIST_REPORT_HDR","PK_MOVE_LIST_REPORT_HDR","P","MOVE_REPORT_HDR_ID","1"
"1419","MOVE_TYPE","MOVE_TYPE_PK","P","MOVE_TYPE","1"
"1420","MO_AUTO_CREATE_METHOD","MO_AUTO__PK","P","MO_AUTO_CREATE_METHOD","1"
"1421","MO_EXECUTION_STATUS","MO_EXEC_PK","P","MO_EXECUTION_STATUS","1"
"1422","MQ_LISTENER","MQ_LISTENER_PK","P","MQ_LISTENER_ID","1"
"1423","MSG_LOG","PK_MSG_LOG","P","MSG_LOG_ID","1"
"1424","MSG_PROCESS_CONFIG","MSG_PROCESS_CONFIG_PK","P","MSG_PROCESS_CONFIG_ID","1"
"1425","MSG_PROCESS_CONFIG","MSG_PROCESS_CONFIG_UK","U","MSG_TYPE","1"
"1426","MSG_TYPE","MSG_TYPE_PK","P","MSG_TYPE","1"
"1427","MULT_LOC_ZONE","PK_MULT_LOC_ZONE","P","MULT_LOC_ZONE_ID","1"
"1428","MULT_LOC_ZONE_HDR","PK_MULT_LOC_ZONE_HDR","P","MULT_LOC_ZONE_HDR_ID","1"
"1429","MULT_ORIENT_CALC","PK_MULT_ORIENT_CALC","P","MULT_ORIENT_CALC_ID","1"
"1430","NAVIGATION","NAVIGATION_PK","P","NAVIGATION_ID","1"
"1431","NAVIGATION_APP_MOD_PERM","NAV_APPMODPERM_PK","P","NAVIGATION_ID","1"
"1432","NAVIGATION_APP_MOD_PERM","NAV_APPMODPERM_PK","P","APP_ID","2"
"1433","NAVIGATION_APP_MOD_PERM","NAV_APPMODPERM_PK","P","MODULE_ID","3"
"1434","NAVIGATION_APP_MOD_PERM","NAV_APPMODPERM_PK","P","PERMISSION_ID","4"
"1435","NAVIGATION_PARAMETER","NAV_PARAM_PK","P","NAVIGATION_PARAMETER_ID","1"
"1436","NEEDS_LAYER","NEEDS_LAYER_PK","P","NEEDS_LAYER_ID","1"
"1437","NEEDS_RESULTS_DTL","PK_NEEDS_RESULTS_DTL","P","NEEDS_DTL_ID","1"
"1438","NOTE_TYPE","NOTE_TYPE_PK","P","NOTE_TYPE","1"
"1439","NOTIFICATION_CONTEXT","NOTIFICATION_CONTEXT_PK","P","NOTIFICATION_CONTEXT_ID","1"
"1440","NOTIFICATION_CONTEXT","NOTIFICATION_CONTEXT_UK","U","DEVICE_ID","1"
"1441","NOTIFICATION_CONTEXT","NOTIFICATION_CONTEXT_UK","U","CONTEXT_KEY","2"
"1442","NOTIFICATION_CONTEXT","NOTIFICATION_CONTEXT_UK","U","APP_IDENTIFIER","3"
"1443","NOTIFICATION_DATA","NOTIFICATION_DATA_PK","P","NOTIFICATION_DATA_ID","1"
"1444","NOTIFICATION_DEVICE","NOTIFICATION_DEVICE_PK","P","NOTIFICATION_DEVICE_ID","1"
"1445","NOTIFICATION_DEVICE","NOTIFICATION_DEVICE_UK","U","DEVICE_ID","1"
"1446","NOTIFICATION_PARAMS","NOTIF_PARAMS_PK","P","NOTIFICATION_PARAM_ID","1"
"1447","NOTIFICATION_USER","NOTIFICATION_USER_PK","P","NOTIFICATION_USER_ID","1"
"1448","NTD_LOCK","NTD_LOCK_PK","P","TRAILER_ID","1"
"1449","NXT_UP_CNT","NXT_UP_CNT_PK","P","NXT_UP_CNT_ID","1"
"1450","OAUTH_ACCESS_TOKEN","OAUTH_ACCESS_TOKEN_PK","P","TOKEN_ID","1"
"1451","OAUTH_ACCESS_TOKEN","UNIQUE_OAUTH_ACCESS_TOKEN","U","AUTHENTICATION_ID","1"
"1452","OAUTH_CLIENT_DETAILS","OAUTH_CLIENT_DETAILS_PK","P","CLIENT_ID","1"
"1453","OAUTH_CLIENT_TOKEN","OAUTH_CLIENT_TOKEN_PK","P","TOKEN_ID","1"
"1454","OAUTH_CODE","OAUTH_CODE_PK","P","CODE","1"
"1455","OAUTH_REFRESH_TOKEN","OAUTH_REFRESH_TOKEN_PK","P","TOKEN_ID","1"
"1456","OBJECT_DBFIELD","OBJ_DBF_PK","P","DB_FIELD_ID","1"
"1457","OBJECT_DD","OBJ_DD_PK","U","OBJECT_DD_ID","1"
"1458","OBJECT_JOIN","OBJ_JN_PK","U","JOIN_REF_ID","1"
"1459","OBJECT_REASON_CODES","OBJECT_REASON_CODES_PK","P","REASON_CODES_ID","1"
"1460","OBJECT_REPORT_DBFIELD","OBJ_REP_DBF_PK","U","REPORT_DB_FIELD_ID","1"
"1461","OBJECT_TYPE_TABLE","OBJ_TYP_TAB_PK","U","OBJECT_TYPE_ID","1"
"1462","OBJECT_VALIDATION_SCRIPT","OBJECT_VAL_SCRIPT_PK","P","OBJECT_VALIDATION_SCRIPT_ID","1"
"1463","OM_SCHED_ACTION","OM_SCHED_ACTION_PK","P","OBJECT_TYPE","1"
"1464","OM_SCHED_ACTION","OM_SCHED_ACTION_PK","P","OBJECT_ID","2"
"1465","OM_SCHED_ACTION","OM_SCHED_ACTION_PK","P","SCHED_EVENT_ID","3"
"1466","OM_SCHED_EVENT","OM_SCHED_EVENT_PK","P","EVENT_ID","1"
"1467","OM_SCHED_EVENT_HISTORY","OM_SCHED_EVENT_HIST_PK","P","EVENT_ID","1"
"1468","OM_SCHED_EVENT_REPORT","OM_SCHED_EVENT_REPORT_PK","P","EVENT_ID","1"
"1469","OM_SCHED_RECURRING","OM_SCHED_RECURRING_PK","P","OM_SCHED_RECURRING_ID","1"
"1470","OM_SCHED_RECURRING_KEY_DATE","OM_SCHED_RECURRING_KEY_DATE_PK","P","OM_SCHED_RECURRING_TYPE","1"
"1471","OM_SCHED_RECURRING_KEY_DATE","OM_SCHED_RECURRING_KEY_DATE_PK","P","KEY_TYPE","2"
"1472","OM_SCHED_RECURRING_PERIOD","OM_SCHED_RECURRING_PERIOD_PK","P","OM_SCHED_RECURRING_PERIOD","1"
"1473","OM_SCHED_RECURRING_TYPE","OM_SCHED_RECURRING_TYPE_PK","P","OM_SCHED_RECURRING_TYPE","1"
"1474","ONTIME_PERF_METHOD","ONTIME_PERF_PK","P","ONTIME_PERF_METHOD","1"
"1475","OPT_ENGINE","OPT_ENGINE_PK","P","OPT_ENGINE_ID","1"
"1476","OPT_ENGINE_TYPE","OPT_ENGINE_TYPE_PK","P","OPT_ENGINE_TYPE","1"
"1477","OPT_PARAM","OPT_PARAM_PK","P","TC_COMPANY_ID","1"
"1478","OPT_PARAM","OPT_PARAM_PK","P","OPT_PARAM_LIST_ID","2"
"1479","OPT_PARAM","OPT_PARAM_PK","P","PARAM_DEF_ID","3"
"1480","OPT_PARAM","OPT_PARAM_PK","P","PARAM_GROUP_ID","4"
"1481","OPT_PARAM","OPT_PARAM_PK","P","INSTANCE_NUM","5"
"1482","OPT_PARAM_LIST","OPT_PARAM_LIST_PK","P","TC_COMPANY_ID","1"
"1483","OPT_PARAM_LIST","OPT_PARAM_LIST_PK","P","OPT_PARAM_LIST_ID","2"
"1484","ORDERS","ORDERS_PK","P","ORDER_ID","1"
"1485","ORDERS_EXTN_TLM","ORDERS_EXTLM_PK","P","ORDER_ID","1"
"1486","ORDERS_EXTN_TLM","ORDERS_EXTLM_PK","P","IS_TEMPLATE","2"
"1487","ORDERS_TEMPLATE","ORDERS_TMPLT_PK","P","ORDER_ID","1"
"1488","ORDERS_TEMPLATE_RUN","ORD_TEMP_RUN_PK","P","ORDERS_TEMPLATE_RUN_ID","1"
"1489","ORDERS_TEMPLATE_RUN","ORD_TEMP_RUN_PK","P","ORDERS_TEMPLATE_ID","2"
"1490","ORDERS_TEMPLATE_RUN","ORD_TEMP_RUN_PK","P","ORDER_ID","3"
"1491","ORDER_ACCESSORIAL_OPTION_GRP","ORDACCOPTGRP_PK","P","ACCESSORIAL_GROUP_CODE","1"
"1492","ORDER_ACCESSORIAL_OPTION_GRP","ORDACCOPTGRP_PK","P","ORDER_ID","2"
"1493","ORDER_ACC_OPTION_GRP_TEMPLATE","ORDACCGRPT_PK","P","ACCESSORIAL_GROUP_CODE","1"
"1494","ORDER_ACC_OPTION_GRP_TEMPLATE","ORDACCGRPT_PK","P","ORDER_ID","2"
"1495","ORDER_ATTRIBUTE","ORDER_ATTRIBUTE_PK","P","ORDER_ID","1"
"1496","ORDER_ATTRIBUTE","ORDER_ATTRIBUTE_PK","P","ATTRIBUTE_NAME","2"
"1497","ORDER_ATTRIBUTE","ORDER_ATTRIBUTE_PK","P","ATTRIBUTE_SEQ","3"
"1498","ORDER_ATTRIBUTE_TEMPLATE","ORDER_TEMPLATE_PK","P","ORDER_ID","1"
"1499","ORDER_ATTRIBUTE_TEMPLATE","ORDER_TEMPLATE_PK","P","ATTRIBUTE_NAME","2"
"1500","ORDER_ATTRIBUTE_TEMPLATE","ORDER_TEMPLATE_PK","P","ATTRIBUTE_SEQ","3"
"1501","ORDER_BASELINE_COST","ORD_BL_COST_PK","P","ORDER_BASELINE_COST_ID","1"
"1502","ORDER_CHG_RULE","ORDER_CHG_RULE_PK","P","ORDER_CHG_ID","1"
"1503","ORDER_CHG_RULE_DTL","ORDER_CHG_RDTL_PK","P","ORDER_CHG_ID","1"
"1504","ORDER_CHG_RULE_DTL","ORDER_CHG_RDTL_PK","P","ORDER_CHG_DTL_ID","2"
"1505","ORDER_DTL","PK_ORDER_DTL","P","ORDER_DTL_ID","1"
"1506","ORDER_EVENT","ORDER_EVENT_PK","P","ORDER_EVENT_ID","1"
"1507","ORDER_HDR","PK_ORDER_HDR","P","ORDER_ID","1"
"1508","ORDER_LINE_ITEM","OLINE_ITEM_PK","P","ORDER_ID","1"
"1509","ORDER_LINE_ITEM","OLINE_ITEM_PK","P","LINE_ITEM_ID","2"
"1510","ORDER_LINE_ITEM","ORDER_LITEMID_U","U","LINE_ITEM_ID","1"
"1511","ORDER_LINE_ITEM","ORDRLINEID_UK","U","ORDER_ID","1"
"1512","ORDER_LINE_ITEM","ORDRLINEID_UK","U","TC_ORDER_LINE_ID","2"
"1513","ORDER_LINE_ITEM_ATTRIBUTE","TOLI_ATTR_PK","P","ORDER_ID","1"
"1514","ORDER_LINE_ITEM_ATTRIBUTE","TOLI_ATTR_PK","P","LINE_ITEM_ID","2"
"1515","ORDER_LINE_ITEM_ATTRIBUTE","TOLI_ATTR_PK","P","ATTRIBUTE_NAME","3"
"1516","ORDER_LINE_ITEM_ATTRIBUTE","TOLI_ATTR_PK","P","ATTRIBUTE_SEQ","4"
"1517","ORDER_LINE_ITEM_ATTR_TEMPLATE","OLI_ATTRT_PK","P","ORDER_ID","1"
"1518","ORDER_LINE_ITEM_ATTR_TEMPLATE","OLI_ATTRT_PK","P","ATTRIBUTE_NAME","2"
"1519","ORDER_LINE_ITEM_ATTR_TEMPLATE","OLI_ATTRT_PK","P","ATTRIBUTE_SEQ","3"
"1520","ORDER_LINE_ITEM_ATTR_TEMPLATE","OLI_ATTRT_PK","P","LINE_ITEM_ID","4"
"1521","ORDER_LINE_ITEM_REF","ORDER_LINE_ITEM_REF_PK","P","ORDER_ID","1"
"1522","ORDER_LINE_ITEM_REF","ORDER_LINE_ITEM_REF_PK","P","LINE_ITEM_ID","2"
"1523","ORDER_LINE_ITEM_SIZE","ORDER_LINE_SIZE_PK","P","ORDER_ID","1"
"1524","ORDER_LINE_ITEM_SIZE","ORDER_LINE_SIZE_PK","P","LINE_ITEM_ID","2"
"1525","ORDER_LINE_ITEM_SIZE","ORDER_LINE_SIZE_PK","P","SIZE_UOM_ID","3"
"1526","ORDER_LINE_ITEM_SIZE_TEMPLATE","ORDER_LIST_PK","P","ORDER_ID","1"
"1527","ORDER_LINE_ITEM_SIZE_TEMPLATE","ORDER_LIST_PK","P","LINE_ITEM_ID","2"
"1528","ORDER_LINE_ITEM_SIZE_TEMPLATE","ORDER_LIST_PK","P","SIZE_UOM_ID","3"
"1529","ORDER_LINE_ITEM_TEMPLATE","OLINE_TMPLT_PK","P","ORDER_ID","1"
"1530","ORDER_LINE_ITEM_TEMPLATE","OLINE_TMPLT_PK","P","LINE_ITEM_ID","2"
"1531","ORDER_MASTER_ORDER","ORDER_MASTEROR_PK","P","ORDER_ID","1"
"1532","ORDER_MASTER_ORDER","ORDER_MASTEROR_PK","P","MASTER_ORDER_ID","2"
"1533","ORDER_MOVEMENT","ORDER_MOVEMENT_PK","P","ORDER_MOVEMENT_ID","1"
"1534","ORDER_NOTE","TO_NOTE_PK","P","ORDER_ID","1"
"1535","ORDER_NOTE","TO_NOTE_PK","P","NOTE_SEQ","2"
"1536","ORDER_NOTE","TO_NOTE_PK","P","LINE_ITEM_ID","3"
"1537","ORDER_NOTE_TEMPLATE","ORDER_NOTET_PK","P","ORDER_ID","1"
"1538","ORDER_NOTE_TEMPLATE","ORDER_NOTET_PK","P","NOTE_SEQ","2"
"1539","ORDER_NOTE_TEMPLATE","ORDER_NOTET_PK","P","LINE_ITEM_ID","3"
"1540","ORDER_REASON_CODE","ORDER_REASON_CODE_PK","P","ORDER_REASON_CODE_ID","1"
"1541","ORDER_REF","ORDER_REF_PK","P","ORDER_ID","1"
"1542","ORDER_RNDNG","PK_ORDER_RNDNG","P","ORDER_RNDNG_ID","1"
"1543","ORDER_SCHED_ACTION","ORDR_SCHD_ACT_PK","P","ORDER_ID","1"
"1544","ORDER_SCHED_ACTION","ORDR_SCHD_ACT_PK","P","SCHED_EVENT_ID","2"
"1545","ORDER_SPLIT","ORDER_SPLIT_PK","P","ORDER_SPLIT_ID","1"
"1546","ORDER_SPLIT_LINE_ITEM","ORDSPLIT_LNITEM_PK","P","ORDER_SPLIT_LINE_ITEM_ID","1"
"1547","ORDER_SPLIT_SIZE","ORDER_SPLIT_SIZE_PK","P","ORDER_SPLIT_SIZE_ID","1"
"1548","ORDER_SRL_NBR","ORDER_SRL_NBR_PK","P","ORDER_ID","1"
"1549","ORDER_SRL_NBR","ORDER_SRL_NBR_PK","P","LINE_ITEM_ID","2"
"1550","ORDER_SRL_NBR","ORDER_SRL_NBR_PK","P","SERIAL_NBR","3"
"1551","ORDER_SRL_NBR_TEMPLATE","ORDER_SRL_NBRT_PK","P","ORDER_ID","1"
"1552","ORDER_SRL_NBR_TEMPLATE","ORDER_SRL_NBRT_PK","P","LINE_ITEM_ID","2"
"1553","ORDER_SRL_NBR_TEMPLATE","ORDER_SRL_NBRT_PK","P","SERIAL_NBR","3"
"1554","ORDER_STATUS","ORDER_STATUS_PK","P","ORDER_STATUS","1"
"1555","ORDER_STREAM_WORKFLOW_STATUS","ORDR_STRM_WRKFLW_STS_PK","P","ORDER_STREAM_WFL_STATUS_ID","1"
"1556","ORDER_STREAM_WORKFLOW_STATUS","ORDR_STRM_WRKFLW_STS_UK1","U","ORDER_STREAM_ALLOC_ID","1"
"1557","ORDER_STREAM_WORKFLOW_STATUS","ORDR_STRM_WRKFLW_STS_UK1","U","TC_ORDER_ID","2"
"1558","ORDER_STREAM_WORKFLOW_STATUS","ORDR_STRM_WRKFLW_STS_UK1","U","TC_COMPANY_ID","3"
"1559","ORDER_TEMPLATE_OD_PAIR","ORD_TEMP_OD_PR_PK","P","ORDER_TEMP_OD_PAIR_ID","1"
"1560","ORDER_TYPE","PK_ORDER_TYPE","P","ORDER_TYPE_ID","1"
"1561","ORDER_TYPE","UK_ORDTYPE_COORDT1","U","TC_COMPANY_ID","1"
"1562","ORDER_TYPE","UK_ORDTYPE_COORDT1","U","ORDER_TYPE","2"
"1563","ORDER_TYPE","UK_ORDTYPE_COORDT1","U","MARK_FOR_DELETION","3"
"1564","ORDER_WMS_STATUS","ORDER_WSTATUS_PK","P","STATUS_CODE","1"
"1565","ORDER_WORK_TYPE","ORDER_WORK_TYPE_PK","P","ORDER_WORK_TYPE_ID","1"
"1566","ORDER_WORK_TYPE_TEMPLATE","ORDER_WORK_TYPE_TEMPLATE_PK","P","ORDER_WORK_TYPE_ID","1"
"1567","OUTBD_QA","PK_OUTBD_QA","P","OUTBD_QA_ID","1"
"1568","OUTBD_QA","UK_OUTBD_OUTQAID_PRMID_PRMSEQ","U","OUTBD_QA_ID","1"
"1569","OUTBD_QA","UK_OUTBD_OUTQAID_PRMID_PRMSEQ","U","OUTBD_QA_PARM_ID","2"
"1570","OUTBD_QA","UK_OUTBD_OUTQAID_PRMID_PRMSEQ","U","PARM_SEQ_NBR","3"
"1571","OUTBD_QA_PARM_DTL","PK_OUTBD_QA_PARM_DTL","P","OUTBD_QA_PARM_DTL_ID","1"
"1572","OUTBD_QA_PARM_DTL","UK_OUTBD_QA_PARM_DTL","U","OUTBD_QA_PARM_ID","1"
"1573","OUTBD_QA_PARM_DTL","UK_OUTBD_QA_PARM_DTL","U","PARM_SEQ_NBR","2"
"1574","OUTBD_QA_PARM_HDR","PK2_OUTBDQAPARMHDR_ID","U","OUTBD_QA_PARM_ID","1"
"1575","OUTBD_QA_PARM_HDR","PK_OUTBDQAPARMHDR_ID","P","OUTBD_QA_PARM_HDR_ID","1"
"1576","OUTPT_CARTON_DTL_YGPT","SYS_C0063279","P","XULIEHAO","1"
"1577","OUTPT_DELV_NOTIFICATION","PK_OUTPT_DELV_NOTIFICATION","P","OUTPT_DELV_NOTIFICATION_ID","1"
"1578","OUTPT_LPN","PK_OUTPT_LPN","P","OUTPT_LPN_ID","1"
"1579","OUTPT_LPN_CATCH_WEIGHT","PK_OUTPT_LPN_CATCH_WEIGHT","P","OUTPT_LPN_CATCH_WEIGHT_ID","1"
"1580","OUTPT_LPN_DETAIL","PK_OUTPT_LPN_DETAIL","P","OUTPT_LPN_DETAIL_ID","1"
"1581","OUTPT_LPN_MINOR_SERIAL_NBR","PK_OUTPT_LPN_MINOR_SERIAL_NBR","P","OUTPT_LPN_MINOR_SERIAL_NBR_ID","1"
"1582","OUTPT_LPN_SERIAL_NBR","PK_OUTPT_LPN_SERIAL_NBR","P","OUTPT_LPN_SERIAL_NBR_ID","1"
"1583","OUTPT_ORDERS","PK_OUTPT_ORDERS","P","OUTPT_ORDERS_ID","1"
"1584","OUTPT_ORDER_LINE_ITEM","PK_OUTPT_ORDER_LINE_ITEM","P","OUTPT_ORDER_LINE_ITEM_ID","1"
"1585","OUTPT_ORDER_LINE_ITEM_SIZE","PK_OUTPT_ORDER_LINE_ITEM_SIZE","P","OUTPT_ORDER_LINE_ITEM_SIZE_ID","1"
"1586","OUTPT_PKT_HDR","PK_OUTPT_PKT_HDR","P","INVC_BATCH_NBR","1"
"1587","OUTPT_PKT_HDR","PK_OUTPT_PKT_HDR","P","PKT_CTRL_NBR","2"
"1588","OUTPT_SHIPMENT_RETN","PK_OUTPT_SHIPMENT_RETN","P","OUTPT_SHIPMENT_RETN_ID","1"
"1589","OUTPUT_PIX","PK_OUTPUT_PIX","P","NBR","1"
"1590","OUTPUT_PKT","PK_OUTPUT_PKT","P","NBR","1"
"1591","OUTPUT_RESULT_TABLE","PK_OUTPUT_RESULT_TABLE","P","SESSIONID","1"
"1592","OUTPUT_RESULT_TABLE","PK_OUTPUT_RESULT_TABLE","P","PROCESSID","2"
"1593","OUTWARD_EVENTS","PK_OUTWARD_EVENTS","P","EVENT_ID","1"
"1594","OUTWARD_EVENT_SUBSCRIBERS","PK_OUT_EVNT_SUBS","P","EVENT_ID","1"
"1595","OUTWARD_EVENT_SUBSCRIBERS","PK_OUT_EVNT_SUBS","P","SUBSCRIBER_ID","2"
"1596","OUTWARD_GEN_EVENTS","PK_OUTWARD_GEN_KEY","P","EVENT_GUID","1"
"1597","PACKAGING","PACKAGING_PK","P","PACKAGING","1"
"1598","PACK_WAVE_PARM_DTL","PK_PACK_WAVE_PARM_DTL","P","PACK_WAVE_PARM_DTL_ID","1"
"1599","PACK_WAVE_PARM_DTL","UK_PACK_WAVE_PARM_DTL","U","PACK_WAVE_PARM_ID","1"
"1600","PACK_WAVE_PARM_DTL","UK_PACK_WAVE_PARM_DTL","U","PACK_WAVE_SEQ_NBR","2"
"1601","PACK_WAVE_PARM_HDR","PK_PACK_WAVE_PARM_HDR","P","PACK_WAVE_PARM_HDR_ID","1"
"1602","PACK_WAVE_PARM_HDR","UK_PACK_WAVE_PARM_HDR","U","PACK_WAVE_PARM_ID","1"
"1603","PACK_WKSTN_EFFNCY","PK_PACK_WKSTN_EFFNCY","P","PACK_WKSTN_EFFNCY_ID","1"
"1604","PACK_WKSTN_EFFNCY","UK_PACK_WKSTN_EFFNCY","U","WHSE","1"
"1605","PACK_WKSTN_EFFNCY","UK_PACK_WKSTN_EFFNCY","U","PAKR_TYPE","2"
"1606","PACK_WKSTN_EFFNCY","UK_PACK_WKSTN_EFFNCY","U","PAKR","3"
"1607","PACK_WKSTN_MASTER","PK_PACK_WKSTN_MASTER","P","PACK_WKSTN_MASTER_ID","1"
"1608","PACK_WKSTN_MASTER","UK_PACK_WKSTN_MASTER","U","PACK_WKSTN_ID","1"
"1609","PACK_WKSTN_MASTER","UK_PACK_WKSTN_MASTER","U","WHSE","2"
"1610","PADDING_TYPE","PADDING_TYPE_PK","P","PADDING_TYPE","1"
"1611","PALLETS","PK_PALLETS","P","PALLET_ID","1"
"1612","PALLET_XREF","PK_PALLET_XREF","P","PALLET_XREF_ID","1"
"1613","PARAM_DEF","PARAM_DEF_PK","P","PARAM_DEF_ID","1"
"1614","PARAM_DEF","PARAM_DEF_PK","P","PARAM_GROUP_ID","2"
"1615","PARAM_GROUP","PARAM_GROUP_PK","P","PARAM_GROUP_ID","1"
"1616","PARAM_GROUPING","PARAM_GROUPING_PK","P","PARAM_GROUPING_ID","1"
"1617","PARAM_SPEC_VALUE","PARAM_SPEC_PK","P","PARAM_DEF_ID","1"
"1618","PARAM_SPEC_VALUE","PARAM_SPEC_PK","P","PARAM_GROUP_ID","2"
"1619","PARAM_SPEC_VALUE","PARAM_SPEC_PK","P","SPEC_VALUE_SEQ","3"
"1620","PARAM_SUBGROUP","PARAM_SUBGROUP_PK","P","PARAM_GROUP_ID","1"
"1621","PARAM_SUBGROUP","PARAM_SUBGROUP_PK","P","PARAM_SUBGROUP_ID","2"
"1622","PARCEL_RATE_CALENDER","PK_PRCL_RT_CAL","P","PARCEL_RATE_CALENDER_ID","1"
"1623","PARCEL_RATE_DATA","PK_PRCL_RT_DATA","P","PARCEL_RATE_DATA_ID","1"
"1624","PARCEL_SERVICE_LEVEL","PARCEL_SL_PK","P","PARCEL_SERVICE_LEVEL","1"
"1625","PARCEL_TRANSIT_TIME","PK_PRCL_TR_TM","P","PARCEL_TRANSIT_TIME_ID","1"
"1626","PARCEL_ZONE_DATA","PK_PRCL_ZN_DATA","P","PARCEL_ZONE_DATA_ID","1"
"1627","PATH_SET_SHIPPING_PARAM","PTHST_SHPNG_PRM_PK","P","PATH_SET_ID","1"
"1628","PATH_SET_SHIPPING_PARAM","PTHST_SHPNG_PRM_PK","P","PATH_SET_SHIPPING_PARAM_ID","2"
"1629","PAYMENT_METHOD","PAYMENT_METHOD_PK","P","PAYMENT_METHOD","1"
"1630","PAYMENT_TERMS","PAYMENT_TERMS_PK","P","PAYMENT_TERMS","1"
"1631","PGM_PARM","PK_PGM_PARM","P","PGM_PARM_ID","1"
"1632","PGM_PARM","UK_PGM_PARM","U","PGM_ID","1"
"1633","PHYS_INVN_HDR","PK_PHYS_INVN_HDR","P","PHYS_INVN_HDR_ID","1"
"1634","PICKING_SHORT_ITEM","PK_PICKING_SHORT_ITEM","P","PICKING_SHORT_ITEM_ID","1"
"1635","PICKLINE_GROUP","PK_PICKLINE_GROUP","P","PICKLINE_GRP_ID","1"
"1636","PICK_DEMAND_FORECAST","PK_PICK_DEMAND_FORECAST","P","PICK_DEMAND_FORECAST_ID","1"
"1637","PICK_DEMAND_FORECAST","UK_PICK_DEMAND_FORECAST","U","WHSE","1"
"1638","PICK_DEMAND_FORECAST","UK_PICK_DEMAND_FORECAST","U","ITEM_ID","2"
"1639","PICK_DEMAND_FORECAST","UK_PICK_DEMAND_FORECAST","U","LOCN_CLASS","3"
"1640","PICK_LOCN_ASSIGN_PRTY","PK_PICK_LOCN_ASSIGN_PRTY","P","PICK_LOCN_ASSIGN_PRTY_ID","1"
"1641","PICK_LOCN_DTL","PK_PICK_LOCN_DTL","P","PICK_LOCN_DTL_ID","1"
"1642","PICK_LOCN_DTL","UK_PICK_LOCN_DTL","U","LOCN_ID","1"
"1643","PICK_LOCN_DTL","UK_PICK_LOCN_DTL","U","LOCN_SEQ_NBR","2"
"1644","PICK_LOCN_DTL_SLOTTING","PICK_LOCN_DTL_SLOT_PK","P","PICK_LOCN_DTL_ID","1"
"1645","PICK_LOCN_HDR","PK_PICK_LOCN_HDR","P","PICK_LOCN_HDR_ID","1"
"1646","PICK_LOCN_HDR","UK_PICK_LOCN_HDR","U","LOCN_ID","1"
"1647","PICK_LOCN_HDR_SLOTTING","PK_LOCN_HDR_SLOT","P","PICK_LOCN_HDR_ID","1"
"1648","PICK_ZONE","PK_PICK_ZONE","P","PICK_ZONE_ID","1"
"1649","PIX_HIST","PK_PIX_HIST","P","PIX_HIST_ID","1"
"1650","PIX_HIST","UK_PIX_HIST","U","FACILITY_ID","1"
"1651","PIX_HIST","UK_PIX_HIST","U","PIX_TRAN_DATE","2"
"1652","PIX_HIST","UK_PIX_HIST","U","ITEM_ID","3"
"1653","PIX_HIST","UK_PIX_HIST","U","INVN_TYPE","4"
"1654","PIX_HIST","UK_PIX_HIST","U","PROD_STAT","5"
"1655","PIX_HIST","UK_PIX_HIST","U","BATCH_NBR","6"
"1656","PIX_HIST","UK_PIX_HIST","U","SKU_ATTR_1","7"
"1657","PIX_HIST","UK_PIX_HIST","U","SKU_ATTR_2","8"
"1658","PIX_HIST","UK_PIX_HIST","U","SKU_ATTR_3","9"
"1659","PIX_HIST","UK_PIX_HIST","U","SKU_ATTR_4","10"
"1660","PIX_HIST","UK_PIX_HIST","U","SKU_ATTR_5","11"
"1661","PIX_HIST","UK_PIX_HIST","U","CNTRY_OF_ORGN","12"
"1662","PIX_INTRNL_CONFIG","PK_PIX_INTRNL_CONFIG","P","PIX_INTRNL_CONFIG_ID","1"
"1663","PIX_REF_CODE_MASTER","PK_PIX_REF_CODE_MASTER","P","PIX_REF_CODE_MASTER_ID","1"
"1664","PIX_REF_CODE_MASTER","UK_PIX_REF_CODE_MASTER","U","REF_CODE_ID","1"
"1665","PIX_REF_GRP_MASTER","PK_PIX_REF_GRP_MASTER","P","PIX_REF_GRP_MASTER_ID","1"
"1666","PIX_SUMM","PK_PIX_SUMM","P","PIX_SUMM_ID","1"
"1667","PIX_SYNC","PK_PIX_SYNC","P","PIX_SYNC_ID","1"
"1668","PIX_TRAN","PK_PIX_TRAN","P","PIX_TRAN_ID","1"
"1669","PIX_TRAN","UK_PIX_TRAN","U","TRAN_TYPE","1"
"1670","PIX_TRAN","UK_PIX_TRAN","U","TRAN_CODE","2"
"1671","PIX_TRAN","UK_PIX_TRAN","U","TRAN_NBR","3"
"1672","PIX_TRAN","UK_PIX_TRAN","U","PIX_SEQ_NBR","4"
"1673","PIX_TRAN_CODE","PK_PIX_TRAN_CODE","P","PIX_TRAN_CODE_ID","1"
"1674","PIX_TRAN_CODE_DTL","PK_PIX_TRAN_CODE_DTL","P","PIX_TRAN_CODE_DTL_ID","1"
"1675","PIX_TRAN_CODE_DTL","UK_PIX_TRAN_CODE_DTL","U","PIX_TRAN_CODE_ID","1"
"1676","PIX_TRAN_CODE_DTL","UK_PIX_TRAN_CODE_DTL","U","PIX_TRAN_CODE_SEQ","2"
"1677","PKT_CONSOL_ATTR_SUMM","PK_PKT_CONSOL_ATTR_SUMM","P","PKT_CONSOL_ATTR_SUMM_ID","1"
"1678","PKT_CONSOL_DETRM_TYPE","PK_PKT_CONSOL_DETRM_TYPE","P","PKT_CONSOL_DETRM_TYPE_ID","1"
"1679","PKT_CONSOL_LOCN","PK_PKT_CONSOL_LOCN","P","PKT_CONSOL_LOCN_ID","1"
"1680","PKT_CONSOL_LOCN","UK_PKT_CONSOL_LOCN","U","REC_TYPE","1"
"1681","PKT_CONSOL_LOCN","UK_PKT_CONSOL_LOCN","U","LOCN_ID","2"
"1682","PKT_CONSOL_LOCN","UK_PKT_CONSOL_LOCN","U","WAVE_NBR","3"
"1683","PKT_CONSOL_PARM","PK_PKT_CONSOL_PARM","P","PKT_CONSOL_PARM_ID","1"
"1684","PKT_CONSOL_PARM","UK_PKT_CONSOL_PARM","U","WHSE","1"
"1685","PKT_CONSOL_PARM","UK_PKT_CONSOL_PARM","U","CD_MASTER_ID","2"
"1686","PKT_CONSOL_PROF_HDR","PK_PKT_CONSOL_PROF_HDR","P","PKT_CONSOL_PROF_HDR_ID","1"
"1687","PKT_CONSOL_PROF_HDR","UK_PKT_CONSOL_PROF_HDR","U","WHSE","1"
"1688","PKT_CONSOL_PROF_HDR","UK_PKT_CONSOL_PROF_HDR","U","PKT_CONSOL_PROF","2"
"1689","PKT_DTL","PK_PKT_DTL","P","PKT_DTL_ID","1"
"1690","PKT_DTL","UK_PKT_DTL","U","PKT_CTRL_NBR","1"
"1691","PKT_DTL","UK_PKT_DTL","U","PKT_SEQ_NBR","2"
"1692","PKT_DTL_SKU_INVN","PK_PKT_DTL_SKU_INVN","P","PKT_DTL_SKU_INVN_ID","1"
"1693","PKT_HDR","PK_PKT_HDR","P","PKT_HDR_ID","1"
"1694","PKT_HDR","UK_PKT_HDR","U","PKT_CTRL_NBR","1"
"1695","PNH_PARM","PK_PNH_PARM","P","PNH_PARM_ID","1"
"1696","POCC_EXCLUSION","PK_POCC_EXCLUSION","P","POCC_EXCLUSION_ID","1"
"1697","POD_COMMANDS","PK_POD_COMMANDS","P","COMMAND_ID","1"
"1698","POD_COMMANDS","POD_COMMANDS_BUS_KEY","U","SHIPMENT_ID","1"
"1699","POD_COMMANDS","POD_COMMANDS_BUS_KEY","U","STOP_SEQ","2"
"1700","POD_COMMANDS","POD_COMMANDS_BUS_KEY","U","COMMAND","3"
"1701","POD_INTERACTION","POD_INTERACTION_PK","P","INTERACTION_ID","1"
"1702","POD_INTERACTION_PARAMETER","POD_INTERACTION_PARAMETER_PK","P","INTERACTION_PARAMETER_ID","1"
"1703","POD_REASON_CODE","PK_POD_REASON_CODE_ID","P","REASON_CODE_ID","1"
"1704","POD_UNIT_OF_DELIVERY","PK_POD_UNIT_OF_DELIVERY","P","UOD_ID","1"
"1705","PO_CHANGE_RULE","PO_CHANGE_RULE_PK","P","PO_CHG_ID","1"
"1706","PO_CHANGE_RULE_DTL","PO_CHANGE_RDTL_PK","P","PO_CHG_DTL_ID","1"
"1707","PO_CRITICAL_FIELD_FV","PO_CFV_PK","P","PO_CRITICAL_FIELD_FV","1"
"1708","PO_LINE_CLASSIFICATION_CODE","PO_LINE_CLSCODE_PK","P","PO_LINE_CLS_CODE_ID","1"
"1709","PO_LINE_ITEMS_EXTN_EEM","PO_LINEITEMSEXTNEEM_PK","P","FIRST_SALE_LINE_ID","1"
"1710","PO_LINE_ITEM_ATTRIBUTE","POLI_ATTR_PK","P","PURCHASE_ORDERS_ID","1"
"1711","PO_LINE_ITEM_ATTRIBUTE","POLI_ATTR_PK","P","ATTRIBUTE_NAME","2"
"1712","PO_LINE_ITEM_ATTRIBUTE","POLI_ATTR_PK","P","ATTRIBUTE_SEQ","3"
"1713","PO_LINE_ITEM_ATTRIBUTE","POLI_ATTR_PK","P","PURCHASE_ORDERS_LINE_ITEM_ID","4"
"1714","PO_LINE_ITEM_ATTR_TEMPLATE","PO_LI_ITEM_TMP_PK","P","PURCHASE_ORDERS_ID","1"
"1715","PO_LINE_ITEM_ATTR_TEMPLATE","PO_LI_ITEM_TMP_PK","P","ATTRIBUTE_NAME","2"
"1716","PO_LINE_ITEM_ATTR_TEMPLATE","PO_LI_ITEM_TMP_PK","P","ATTRIBUTE_SEQ","3"
"1717","PO_LINE_ITEM_REF_FIELDS","POREFFLD_PK","P","PURCHASE_ORDERS_LINE_ITEM_ID","1"
"1718","PO_LINE_ITEM_SIZE_TEMPLATE","PO_LINE_SIZE_PK","P","PURCHASE_ORDERS_ID","1"
"1719","PO_LINE_ITEM_SIZE_TEMPLATE","PO_LINE_SIZE_PK","P","PURCHASE_ORDERS_LINE_ITEM_ID","2"
"1720","PO_LINE_ITEM_SIZE_TEMPLATE","PO_LINE_SIZE_PK","P","SIZE_UOM_ID","3"
"1721","PO_LINE_WMPROCESSINFO","PO_LINE_WMPRCSINF_PK","P","PURCHASE_ORDERS_LINE_ITEM_ID","1"
"1722","PO_REF_FIELDS","PO_REF_FIELDS_PK","P","PURCHASE_ORDERS_ID","1"
"1723","PO_RTS_ACTION","PO_RTS_ACTION_PK","P","PO_RTS_ACTION","1"
"1724","PO_SRL_NBR","PO_SRL_NBR_PK","P","PURCHASE_ORDERS_ID","1"
"1725","PO_SRL_NBR","PO_SRL_NBR_PK","P","PURCHASE_ORDERS_LINE_ITEM_ID","2"
"1726","PO_SRL_NBR","PO_SRL_NBR_PK","P","SERIAL_NUMBER","3"
"1727","PO_TERMS","PO_TERMS_PK","P","PO_TERMS_ID","1"
"1728","PO_TERMS_BUSINESS_PARTNER_MAP","PO_TERMS_BPM_PK","P","PO_TERMS_ID","1"
"1729","PO_TERMS_BUSINESS_PARTNER_MAP","PO_TERMS_BPM_PK","P","TC_COMPANY_ID","2"
"1730","PO_TERMS_BUSINESS_PARTNER_MAP","PO_TERMS_BPM_PK","P","BUSINESS_PARTNER_ID","3"
"1731","PO_TERMS_LEGAL_TEXT","PO_TERMS_LT_PK","P","PO_TERMS_ID","1"
"1732","PO_TERMS_LEGAL_TEXT","PO_TERMS_LT_PK","P","SEQ_NO","2"
"1733","PO_WMPROCESSINFO","PO_WMPRSNF_PK","P","PURCHASE_ORDERS_ID","1"
"1734","PO_WORK_TYPE","PO_WORK_TYPE_PK","P","ORDER_WORK_TYPE_ID","1"
"1735","PRE_RCPT_ALLC_REPT_DATA","PR_RCPT_ALLC_D_PK","P","REPORT_DATA_ID","1"
"1736","PRICE_TYPE_CBO","PRICETYP_CBO_PK","P","PRICE_TYPE_ID","1"
"1737","PRINTER","PRINTER_PK","P","PRINTER_ID","1"
"1738","PRINTER_LOCN_XREF","PRINTER_LOCN_XREF_PK","P","PRINTER_LOCN_XREF_ID","1"
"1739","PRINT_AND_APPLY","PK_PRINT_AND_APPLY_ID","P","PRINT_AND_APPLY_ID","1"
"1740","PRIORITY_TYPE","PRIORITY_TYPE_PK","P","PRIORITY_TYPE","1"
"1741","PROC_LOCK","PK_PROC_LOCK","P","PROC_LOCK_ID","1"
"1742","PROC_LOCK","UK_PROC_LOCK","U","PROC_TYPE","1"
"1743","PROC_LOCK","UK_PROC_LOCK","U","PROC_KEY","2"
"1744","PROC_MNTR","PK_PROC_MNTR","P","PROC_MNTR_ID","1"
"1745","PROC_MNTR","UK_PROC_MNTR","U","PROC_TYPE","1"
"1746","PROC_MNTR","UK_PROC_MNTR","U","PROC_ID","2"
"1747","PROC_MNTR_DTL","PK_PROC_MNTR_DTL","P","PROC_MNTR_DTL_ID","1"
"1748","PROC_MNTR_DTL","UK_PROC_MNTR_DTL","U","PROC_TYPE","1"
"1749","PROC_MNTR_DTL","UK_PROC_MNTR_DTL","U","PROC_ID","2"
"1750","PROC_MNTR_DTL","UK_PROC_MNTR_DTL","U","SEQ_NBR","3"
"1751","PROC_SCHED","PK_PROC_SCHED","P","PROC_SCHED_ID","1"
"1752","PROC_SCHED","UK_PROC_SCHED","U","PROC_PGM","1"
"1753","PROC_SCHED","UK_PROC_SCHED","U","FREQ","2"
"1754","PROC_SCHED","UK_PROC_SCHED","U","SCHED_TIME","3"
"1755","PROD_TRKG_TRAN","PK_PROD_TRKG_TRAN","P","PROD_TRKG_TRAN_ID","1"
"1756","PROFILE_ACCESS","PK_PROFILE_ACCESS","P","PROFILE_ACCESS_ID","1"
"1757","PROFILE_MASTER","PK_PROFILE_MASTER","P","PROFILE_ID","1"
"1758","PRT_QUEUE_MONITOR","PRT_QUEUE_MONITOR_PK","P","PRT_QUEUE_MONITOR_ID","1"
"1759","PULL_NEEDS","PK_PULL_NEEDS","P","PULL_NEEDS_ID","1"
"1760","PURCHASE_ORDERS","PURCHASE_ORDERS_PK","P","PURCHASE_ORDERS_ID","1"
"1761","PURCHASE_ORDERS_ATTRIBUTE","PURCHASE_ATTRIB_PK","P","PURCHASE_ORDERS_ID","1"
"1762","PURCHASE_ORDERS_ATTRIBUTE","PURCHASE_ATTRIB_PK","P","ATTRIBUTE_NAME","2"
"1763","PURCHASE_ORDERS_ATTRIBUTE","PURCHASE_ATTRIB_PK","P","ATTRIBUTE_SEQ","3"
"1764","PURCHASE_ORDERS_EVENT","PURCHASE_EVENT_PK","P","PURCHASE_ORDERS_EVENT_ID","1"
"1765","PURCHASE_ORDERS_EXTN_TLM","PO_EXTTLM_PK","P","PURCHASE_ORDERS_ID","1"
"1766","PURCHASE_ORDERS_LINE_ITEM","PO_LITEMID_U","U","PURCHASE_ORDERS_LINE_ITEM_ID","1"
"1767","PURCHASE_ORDERS_LINE_ITEM","PO_LI_PK","P","PURCHASE_ORDERS_ID","1"
"1768","PURCHASE_ORDERS_LINE_ITEM","PO_LI_PK","P","PURCHASE_ORDERS_LINE_ITEM_ID","2"
"1769","PURCHASE_ORDERS_LINE_ITEM_SIZE","PO_LI_SIZE_PK","P","PURCHASE_ORDERS_ID","1"
"1770","PURCHASE_ORDERS_LINE_ITEM_SIZE","PO_LI_SIZE_PK","P","PURCHASE_ORDERS_LINE_ITEM_ID","2"
"1771","PURCHASE_ORDERS_LINE_ITEM_SIZE","PO_LI_SIZE_PK","P","SIZE_UOM_ID","3"
"1772","PURCHASE_ORDERS_LINE_NEEDS","ORD_LIN_NED_ID_PK","P","PURCHASE_ORDER_LINE_NEEDS_ID","1"
"1773","PURCHASE_ORDERS_LINE_STATUS","PO_LINE_STATUS_PK","P","PURCHASE_ORDERS_LINE_STATUS","1"
"1774","PURCHASE_ORDERS_NOTE","PO_NOTE_PK","P","PURCHASE_ORDERS_NOTE_ID","1"
"1775","PURCHASE_ORDERS_STATUS","PO_STATUS_PK","P","PURCHASE_ORDERS_STATUS","1"
"1776","PURCHASE_ORDERS_TYPE","PURCORD_TYPE_PK","P","PURCHASE_ORDERS_TYPE","1"
"1777","PURCHASE_ORDER_BP","PO_BP_PK","P","PURCHASE_ORDER_BP_ID","1"
"1778","PURCHASE_ORDER_BP_CONTACT","PO_BP_CONTACT_PK","P","PURCHASE_ORDER_BP_CONTACT_ID","1"
"1779","PURCHASE_ORDER_LINE_COMPONENTS","PO_LIC_PK","P","PO_COMPONENT_LINE_ITEM_ID","1"
"1780","PURCHASE_ORDER_LINE_COMPONENTS","PO_LIC_U","U","PURCHASE_ORDERS_ID","1"
"1781","PURCHASE_ORDER_LINE_COMPONENTS","PO_LIC_U","U","PURCHASE_ORDERS_LINE_ITEM_ID","2"
"1782","PURCHASE_ORDER_LINE_COMPONENTS","PO_LIC_U","U","TC_PO_COMPONENT_LINE_ID","3"
"1783","PURGE_CONFIG","PK_PURGE_CONFIG","P","PURGE_CONFIG_ID","1"
"1784","PUSHED_NOTIFICATION","PUSHED_NOTIFICATION_PK","P","PUSHED_NOTIFICATION_ID","1"
"1785","PUTAWAY_LOCK","PUTAWAY_LOCK_PK","P","LOCN_ID","1"
"1786","PUTWALL_HDR","PK_PUTWALL_HDR_ID","P","PUTWALL_HDR_ID","1"
"1787","PUTWALL_TXN","PK_PUTWALL_TXN_ID","P","PUTWALL_TXN_ID","1"
"1788","PUTWY_METHOD_PRTY","PK_PUTWY_METHOD_PRTY","P","PUTWY_METHOD_PRTY_ID","1"
"1789","PUTWY_TYPE_PRTY","PK_PUTWY_TYPE_PRTY","P","PUTWY_TYPE_PRTY_ID","1"
"1790","PUTWY_TYPE_PRTY","UK_PUTWY_TYPE_PRTY","U","WHSE","1"
"1791","PUTWY_TYPE_PRTY","UK_PUTWY_TYPE_PRTY","U","PUTWY_TYPE_DETERM_METHOD_PRTY","2"
"1792","PUTWY_ZONE_ITEM","PK_PUTWY_ZONE_ITEM","P","PUTWY_ZONE_ITEM_ID","1"
"1793","PUTWY_ZONE_PRTY","PK_PUTWY_ZONE_PRTY","P","PUTWY_ZONE_PRTY_ID","1"
"1794","P_ANALYZE_PIX_LOG","PK_P_ANALYZE_PIX_LOG","P","ID","1"
"1795","P_GOODSOWNER_SEND","SYS_C0063292","P","GO_CODE","1"
"1796","QRTZ_PIX_JOB_CONFIG","SYS_C0063289","P","JOB_KEY","1"
"1797","QUALITY_LEVEL","QUALITY_LEVEL_PK","P","QUALITY_LEVEL_ID","1"
"1798","QUAL_INSPCT","PK_QUAL_INSPCT","P","QUAL_INSPCT_ID","1"
"1799","QUAL_INSPCT","UK_QUAL_INSPCT","U","WHSE","1"
"1800","QUAL_INSPCT","UK_QUAL_INSPCT","U","RULE_ID","2"
"1801","QUAL_INSPCT","UK_QUAL_INSPCT","U","SEQ_NBR","3"
"1802","QUAL_INSPCT_RULE_DTL","PK_QUAL_INSPCT_RULE_DTL","P","QUAL_INSPCT_RULE_DTL_ID","1"
"1803","QUAL_INSPCT_RULE_DTL","UK_QUAL_INSPCT_RULE_DTL","U","WHSE","1"
"1804","QUAL_INSPCT_RULE_DTL","UK_QUAL_INSPCT_RULE_DTL","U","RULE_ID","2"
"1805","QUAL_INSPCT_RULE_DTL","UK_QUAL_INSPCT_RULE_DTL","U","COLM_NAME","3"
"1806","QUAL_INSPCT_RULE_HDR","PK_QUAL_INSPCT_RULE_HDR","P","QUAL_INSPCT_RULE_HDR_ID","1"
"1807","QUAL_INSPCT_RULE_HDR","UK_QUAL_INSPCT_RULE_HDR","U","WHSE","1"
"1808","QUAL_INSPCT_RULE_HDR","UK_QUAL_INSPCT_RULE_HDR","U","RULE_ID","2"
"1809","QUERY","PK_QUERY","P","QUERY_ID","1"
"1810","QUERYENTRY","PK_QUERYENTRY","P","QUERYENTRY_ID","1"
"1811","QUERY_MASK_TYPE","QRY_MSK_TYP_PK","U","QUERY_MASK_TYPE_ID","1"
"1812","QUERY_SQL","QUERY_SQL_PK","P","QUERY_SQL_ID","1"
"1813","QUESTION_ANS","PK_QUESTION_ANS","P","QUESTION_ANS_ID","1"
"1814","QUESTION_ANS_FILTER_HISTORY","PK_QUESTION_ANS_FIL_HIST","P","QUES_ANS_FLTR_HIST_ID","1"
"1815","QUESTION_ANS_FILTER_HISTORY","UK_QUESANSFILTERHIST","U","QUE_ANS_ID","1"
"1816","QUESTION_ANS_FILTER_HISTORY","UK_QUESANSFILTERHIST","U","QUE_ANS_FILTER_SEQ","2"
"1817","QUESTION_DETRM","PK_QUESTION_DETRM","P","QUES_DETRM_ID","1"
"1818","QUESTION_DETRM","UK_QUESTION_DETRM","U","QUES_MASTER_ID","1"
"1819","QUESTION_DETRM","UK_QUESTION_DETRM","U","FILTER_ID","2"
"1820","QUESTION_MASTER","PK_QUESTION_MASTER","P","QUES_MASTER_ID","1"
"1821","QUEUE_TYPE_LOOKUP","QUEUE_TYPE_LOOKUP_PK","P","QUEUE_NAME","1"
"1822","RACK_BIN_XREF","PK_RACK_BIN_XREF","P","RBX_ID","1"
"1823","RACK_LEVEL_MAP","PK_RACK_LEVEL_MAP","P","RACK_LEVEL_MAP_ID","1"
"1824","RACK_PALLET_XREF","PK_RACK_PALLET_XREF","P","RPX_ID","1"
"1825","RACK_TYPE","PK_RACK_TYPE","P","RACK_TYPE","1"
"1826","RACK_TYPE_LEVEL","PK_RACK_TYPE_LEVEL","P","RACK_LEVEL_ID","1"
"1827","RAIL_ROUTE_DETAIL","RAIL_ROUTE_DETAIL_PK","P","RAIL_ROUTE_DETAIL_ID","1"
"1828","RAIL_ROUTE_HEADER","RAIL_ROUTE_HEADER_PK","P","RAIL_ROUTE_HEADER_ID","1"
"1829","RAND_LOOKUP","RAND_LOOKUP_PK","P","SERVICE_NAME","1"
"1830","RAND_MILEMAKER_COUNTY","RAND_MMC_PK","P","CITY","1"
"1831","RAND_MILEMAKER_COUNTY","RAND_MMC_PK","P","STATE_PROV","2"
"1832","RAND_MILEMAKER_COUNTY","RAND_MMC_PK","P","COUNTY_NAME","3"
"1833","RANGES_FOR_AUTO_TASKS","PK_RANGES_FOR_AUTO_TASKS","P","RANGES_FOR_AUTO_TASKS_ID","1"
"1834","RATE_TYPE","RATE_TYPE_PK","P","RATE_TYPE","1"
"1835","RATING_LANE_ERRORS","RATING_LANE_ERR_PK","P","RATING_LANE_ERROR","1"
"1836","RATING_LEVELS","RATING_LEVELS_PK","P","RATING_LEVEL_ID","1"
"1837","REACT_HANDLER","REACT_HANDLER_PK","P","REACT_ID","1"
"1838","RECEIPT_ADJUSTMENT","RECEIPT_ADJUSTMENT_PK","P","ADJUSTMENT_ID","1"
"1839","RECENTLY_APPLIED_FILTERS","RCNTLYAPPFLTRS_PK","P","RECENT_FILTER_ID","1"
"1840","RECV_MSG_DATA","PK_RECV_MSG_DATA","P","RECV_MSG_DATA_ID","1"
"1841","RECV_MSG_DATA","UK_RECV_MSG_DATA","U","MESSAGE_ID","1"
"1842","RECV_MSG_DATA","UK_RECV_MSG_DATA","U","SEQ_NBR","2"
"1843","RECV_MSG_DATA_HISTORY","RECV_MSG_DATA_HIST_PK","P","RECV_MSG_DATA_ID","1"
"1844","RECV_MSG_DATA_HISTORY","RECV_MSG_DATA_HIST_UK","U","MESSAGE_ID","1"
"1845","RECV_MSG_DATA_HISTORY","RECV_MSG_DATA_HIST_UK","U","SEQ_NBR","2"
"1846","RELEASE_TASK_EVENT","RELEASE_TASK_EVENT_PK","P","RELEASE_TASK_EVENT_ID","1"
"1847","REPLEN_IMPORT_TEMP","PK_REPLEN_IMPORT_TEMP","P","ROW_NUM","1"
"1848","REPLEN_MATCHING","PK_REPLEN_MATCHING","P","REPLEN_MATCHING_ID","1"
"1849","REPORT","REPORT_PK","P","REPORT_ID","1"
"1850","REPORT","REPORT_PK","P","COMPANY_ID","2"
"1851","REPORT_DEF","REPORT_DEF_PK","P","REPORT_DEF_ID","1"
"1852","REPORT_DEF_LAYOUT","REPORT_DEF_LAYOUT_PK","P","REPORT_DEF_LAYOUT_ID","1"
"1853","REPORT_PARAM_VALUE","REPORT_PARAM_VALUE_PK","P","REP_PARAM_ID","1"
"1854","REPORT_PARAM_VALUE","REPORT_PARAM_VALUE_PK","P","REPORT_ID","2"
"1855","REPORT_PARAM_VALUE","REPORT_PARAM_VALUE_PK","P","COMPANY_ID","3"
"1856","REP_SCHD_PARAM","REP_SCHD_PARAM_PK","P","REP_SCHD_ID","1"
"1857","REP_SCHD_PARAM","REP_SCHD_PARAM_PK","P","REP_SCHD_DETAIL_ID","2"
"1858","REP_SCHD_PARAM","REP_SCHD_PARAM_PK","P","COMPANY_ID","3"
"1859","REQST_TYPE","PK_REQST_TYPE","P","REQST_TYPE_ID","1"
"1860","REQST_TYPE","UK_REQST_TYPE","U","REQST_TYPE","1"
"1861","RESERVE_BIN_XREF","PK_RESERVE_BIN_XREF","P","RES_BINXREF_ID","1"
"1862","RESERVE_PALLET_XREF","PK_RESERVE_PALLET_XREF","P","RES_PALLET_XREF_ID","1"
"1863","RESOURCES","RESOURCES_PK","P","RESOURCE_ID","1"
"1864","RESOURCE_BID_STATUS","RES_BID_STS_PK","P","RESOURCE_BID_STATUS","1"
"1865","RESOURCE_PERMISSION","RESOURCE_PERM_PK","P","RESOURCE_ID","1"
"1866","RESOURCE_PERMISSION","RESOURCE_PERM_PK","P","PERMISSION_CODE","2"
"1867","RESOURCE_SYNC","PK_RESOURCE_SYNC","P","RESOURCE_SYNC_ID","1"
"1868","RESTRICTION_ATTRIBUTES","REST_ATTR_PK","P","RES_ATTRIBUTE_ID","1"
"1869","RESTRICTION_OBJECT","REST_OBJ_PK","P","RES_OBJECT_ID","1"
"1870","RESV_LOCN_HDR","PK_RESV_LOCN_HDR","P","RESV_LOCN_HDR_ID","1"
"1871","RESV_LOCN_HDR","UK_RESV_LOCN_HDR","U","LOCN_ID","1"
"1872","RES_ANALYSIS_RESULT","PK_RES_ANALYSIS_RESULT","P","RES_ANALYSIS_ID","1"
"1873","RETN_DISP_CODE_MASTER","PK_RETN_DISP_CODE_MASTER","P","RETN_DISP_CODE_MASTER_ID","1"
"1874","RETN_DISP_CODE_MASTER","UK_RETN_DISP_CODE_MASTER","U","WHSE","1"
"1875","RETN_DISP_CODE_MASTER","UK_RETN_DISP_CODE_MASTER","U","DISP_CODE","2"
"1876","RETN_DISP_DETERM","PK_RETN_DISP_DETERM","P","RETN_DISP_DETERM_ID","1"
"1877","RETN_IB_HIST","PK_RETN_IB_HIST","P","RETN_IB_HIST_ID","1"
"1878","RETN_IB_HIST","UK_RETN_IB_HIST","U","PLT_TYPE","1"
"1879","RETN_IB_HIST","UK_RETN_IB_HIST","U","WHSE","2"
"1880","RETN_IB_HIST","UK_RETN_IB_HIST","U","SEQ_NBR","3"
"1881","RETN_IB_SUMM","PK_RETN_IB_SUMM","P","RETN_IB_SUMM_ID","1"
"1882","RETN_IB_SUMM","UK_RETN_IB_SUMM","U","PLT_TYPE","1"
"1883","RETN_IB_SUMM","UK_RETN_IB_SUMM","U","VENDOR_MASTER_ID","2"
"1884","RETN_IB_SUMM","UK_RETN_IB_SUMM","U","WHSE","3"
"1885","RETN_OB_HIST","PK_RETN_OB_HIST","P","RETN_OB_HIST_ID","1"
"1886","RETN_OB_HIST","UK_RETN_OB_HIST","U","PLT_TYPE","1"
"1887","RETN_OB_HIST","UK_RETN_OB_HIST","U","WHSE","2"
"1888","RETN_OB_HIST","UK_RETN_OB_HIST","U","SEQ_NBR","3"
"1889","RETN_OB_SUMM","PK_RETN_OB_SUMM","P","RETN_OB_SUMM_ID","1"
"1890","RETN_OB_SUMM","UK_RETN_OB_SUMM","U","PLT_TYPE","1"
"1891","RETN_OB_SUMM","UK_RETN_OB_SUMM","U","WHSE","2"
"1892","RETN_OB_SUMM","UK_RETN_OB_SUMM","U","TRACK_VALUE","3"
"1893","RETN_OB_SUMM","UK_RETN_OB_SUMM","U","TRACK_OB_RETN_LEVEL","4"
"1894","RETN_SUMM","PK_RETN_SUMM","P","RETN_SUMM_ID","1"
"1895","RETN_SUMM","UK_RETN_SUMM","U","PLT_TYPE","1"
"1896","RETN_SUMM","UK_RETN_SUMM","U","WHSE","2"
"1897","RE_MODULE_TYPE","RE_MODULE_TYPE_PK","P","RE_MODULE_TYPE_ID","1"
"1898","RE_RULATR_BEHAVIOR","RE_RULATRB_PK","P","RE_RULATR_BEHAVRID","1"
"1899","RE_RULATR_CATNOPER","RE_RULATRC_PK","P","RULATR_CAT_OPER_ID","1"
"1900","RE_RULATR_CATNOPER","RE_RULATRC_PK","P","RULE_OPERATOR_ID","2"
"1901","RE_RULATR_CAT_OPER","RE_RULATRCO_PK","P","RULATR_CAT_OPER_ID","1"
"1902","RE_RULATR_DATATYPE","RE_RULATR_DTP_PK","P","ATTRIB_DATA_TYPEID","1"
"1903","RE_RULATR_OPERATOR","RE_RULATRO_PK","P","RULE_OPERATOR_ID","1"
"1904","RE_RULE_ATTRIBUTE","RE_RULATRA_PK","P","ATTRIBUTE_ID","1"
"1905","RE_RULE_OBJ_TYPE","RE_RULATROT_PK","P","RE_RULE_OBJTYPE_ID","1"
"1906","RFUSER_CURRENT_LOCATION","PK_RFUSR_CRENT_LOCN_USER_ID","P","USER_ID","1"
"1907","RF_BIND_KEY","RF_BIND_KEY_PK","P","RF_BIND_KEY_ID","1"
"1908","RF_BIND_KEY","RF_BIND_KEY_UK","U","PROFILE","1"
"1909","RF_BIND_KEY","RF_BIND_KEY_UK","U","COMMAND","2"
"1910","RF_MESSAGE","PK_RF_MESSAGE","P","RF_MSG_ID","1"
"1911","RF_MESSAGE_RESPONSE","PK_RF_MESSAGE_RESPONSE","P","RF_MESSAGE_RESPONSE_ID","1"
"1912","RG_LANE_ERRORS","RG_LANE_ERRORS_PK","P","RG_LANE_ERROR","1"
"1913","RG_LANE_HIERARCHY","RG_LANE_HERARY_PK","P","TC_COMPANY_ID","1"
"1914","RG_LANE_HIERARCHY","RG_LANE_HERARY_PK","P","LOCATION_TYPE","2"
"1915","ROI_PARAMETERS","PK_ROI_PARAMETERS","P","PARAMID","1"
"1916","ROLE_CUSTOM_WINDOW_FORMAT","PK_ROLE_CUSTOM_WINDOW_FORMAT","P","ROLE_CUSTOM_WINDOW_FORMAT_ID","1"
"1917","ROLE_CUSTOM_WINDOW_FORMAT","UK_ROLE_CUSTOM_WINDOW_FORMAT","U","ROLE_ID","1"
"1918","ROLE_CUSTOM_WINDOW_FORMAT","UK_ROLE_CUSTOM_WINDOW_FORMAT","U","CUSTOM_WINDOW_FORMAT_ID","2"
"1919","ROLE_MASTER","PK_ROLE_MASTER","P","ROLE_MASTER_ID","1"
"1920","ROLE_MASTER","UK_ROLE_MASTER","U","ROLE_ID","1"
"1921","ROUTER","ROUTER_PK","P","ROUTER_ID","1"
"1922","RS300CLIENT","RS300CLIENT_PK","P","CLIENT_ID","1"
"1923","RS300COST_LABEL","RS300COST_LABEL_PK","P","VERSION_ID","1"
"1924","RS300COST_LABEL","RS300COST_LABEL_PK","P","COST","2"
"1925","RS300PERFORM_TYPE","RS300PERFORM_TY_PK","P","VERSION_ID","1"
"1926","RS300PERFORM_TYPE","RS300PERFORM_TY_PK","P","PERFORMANCE_TYPE_ID","2"
"1927","RS300PERFORM_TYPE_RATING_TYPE","RS300PRFMTYRTTY_PK","P","VERSION_ID","1"
"1928","RS300PERFORM_TYPE_RATING_TYPE","RS300PRFMTYRTTY_PK","P","PERFORMANCE_TYPE_ID","2"
"1929","RS300PERFORM_TYPE_RATING_TYPE","RS300PRFMTYRTTY_PK","P","RATING_TYPE_ID","3"
"1930","RS300RATING_CLASS","RS300RATING_CLS_PK","P","VERSION_ID","1"
"1931","RS300RATING_CLASS","RS300RATING_CLS_PK","P","RATING_CLASS_ID","2"
"1932","RS300RATING_CLASS_PERFORM_TYPE","RS300RTCLPRFMTY_PK","P","VERSION_ID","1"
"1933","RS300RATING_CLASS_PERFORM_TYPE","RS300RTCLPRFMTY_PK","P","RATING_CLASS_ID","2"
"1934","RS300RATING_CLASS_PERFORM_TYPE","RS300RTCLPRFMTY_PK","P","PERFORMANCE_TYPE_ID","3"
"1935","RS300RATING_COMP","RS300RATING_CMP_PK","P","VERSION_ID","1"
"1936","RS300RATING_COMP","RS300RATING_CMP_PK","P","CLIENT_ID","2"
"1937","RS300RATING_COMP","RS300RATING_CMP_PK","P","RATING_COMPONENT_ID","3"
"1938","RS300RATING_COMP_BEHAVIOR","RS300RTGCMPBHVR_PK","P","VERSION_ID","1"
"1939","RS300RATING_COMP_BEHAVIOR","RS300RTGCMPBHVR_PK","P","RATING_COMPONENT_BEHAVIOR_ID","2"
"1940","RS300RATING_SYSTEM","RS300RATING_SYS_PK","P","VERSION_ID","1"
"1941","RS300RATING_SYSTEM","RS300RATING_SYS_PK","P","CLIENT_ID","2"
"1942","RS300RATING_TABLE","RS300RATING_TAB_PK","P","VERSION_ID","1"
"1943","RS300RATING_TABLE","RS300RATING_TAB_PK","P","CLIENT_ID","2"
"1944","RS300RATING_TABLE","RS300RATING_TAB_PK","P","RATING_TABLE_ID","3"
"1945","RS300RATING_TABLE_CELL","RS300RTG_TAB_CL_PK","P","VERSION_ID","1"
"1946","RS300RATING_TABLE_CELL","RS300RTG_TAB_CL_PK","P","CLIENT_ID","2"
"1947","RS300RATING_TABLE_CELL","RS300RTG_TAB_CL_PK","P","RATING_TABLE_ID","3"
"1948","RS300RATING_TABLE_CELL","RS300RTG_TAB_CL_PK","P","ROW_COORDINATE","4"
"1949","RS300RATING_TABLE_CELL","RS300RTG_TAB_CL_PK","P","COLUMN_COORDINATE","5"
"1950","RS300RATING_TABLE_CELL","RS300RTG_TAB_CL_PK","P","PLANE_COORDINATE","6"
"1951","RS300RATING_TABLE_CLASS","RS300RTGTABCLS_PK","P","VERSION_ID","1"
"1952","RS300RATING_TABLE_CLASS","RS300RTGTABCLS_PK","P","CLIENT_ID","2"
"1953","RS300RATING_TABLE_CLASS","RS300RTGTABCLS_PK","P","RATING_TABLE_ID","3"
"1954","RS300RATING_TABLE_CLASS","RS300RTGTABCLS_PK","P","RATING_CLASS_ID","4"
"1955","RS300RATING_TABLE_COLUMN","RS300RTGTAB_COL_PK","P","VERSION_ID","1"
"1956","RS300RATING_TABLE_COLUMN","RS300RTGTAB_COL_PK","P","CLIENT_ID","2"
"1957","RS300RATING_TABLE_COLUMN","RS300RTGTAB_COL_PK","P","RATING_TABLE_ID","3"
"1958","RS300RATING_TABLE_COLUMN","RS300RTGTAB_COL_PK","P","COORDINATE","4"
"1959","RS300RATING_TABLE_COMMENT","RS300RTGTABCOMM_PK","P","VERSION_ID","1"
"1960","RS300RATING_TABLE_COMMENT","RS300RTGTABCOMM_PK","P","CLIENT_ID","2"
"1961","RS300RATING_TABLE_COMMENT","RS300RTGTABCOMM_PK","P","RATING_TABLE_ID","3"
"1962","RS300RATING_TABLE_COMMENT","RS300RTGTABCOMM_PK","P","TIMESTAMP_VAL","4"
"1963","RS300RATING_TABLE_CONDITION","RS300RTGTBCNDTN_PK","P","VERSION_ID","1"
"1964","RS300RATING_TABLE_CONDITION","RS300RTGTBCNDTN_PK","P","CLIENT_ID","2"
"1965","RS300RATING_TABLE_CONDITION","RS300RTGTBCNDTN_PK","P","RATING_TABLE_ID","3"
"1966","RS300RATING_TABLE_CONDITION","RS300RTGTBCNDTN_PK","P","CONDITION_ID","4"
"1967","RS300RATING_TABLE_PLANE","RS300RTGTAB_PNE_PK","P","VERSION_ID","1"
"1968","RS300RATING_TABLE_PLANE","RS300RTGTAB_PNE_PK","P","CLIENT_ID","2"
"1969","RS300RATING_TABLE_PLANE","RS300RTGTAB_PNE_PK","P","RATING_TABLE_ID","3"
"1970","RS300RATING_TABLE_PLANE","RS300RTGTAB_PNE_PK","P","COORDINATE","4"
"1971","RS300RATING_TABLE_ROW","RS300RTGTAB_ROW_PK","P","VERSION_ID","1"
"1972","RS300RATING_TABLE_ROW","RS300RTGTAB_ROW_PK","P","CLIENT_ID","2"
"1973","RS300RATING_TABLE_ROW","RS300RTGTAB_ROW_PK","P","RATING_TABLE_ID","3"
"1974","RS300RATING_TABLE_ROW","RS300RTGTAB_ROW_PK","P","COORDINATE","4"
"1975","RS300RATING_TABLE_TYPE","RS300RTG_TAB_TY_PK","P","VERSION_ID","1"
"1976","RS300RATING_TABLE_TYPE","RS300RTG_TAB_TY_PK","P","CLIENT_ID","2"
"1977","RS300RATING_TABLE_TYPE","RS300RTG_TAB_TY_PK","P","RATING_TABLE_ID","3"
"1978","RS300RATING_TABLE_TYPE","RS300RTG_TAB_TY_PK","P","RATING_TYPE_ID","4"
"1979","RS300RATING_TOKEN","RS300RATING_TKN_PK","P","VERSION_ID","1"
"1980","RS300RATING_TOKEN","RS300RATING_TKN_PK","P","RATING_TOKEN_ID","2"
"1981","RS300RATING_TOKEN_PERFORM_TYPE","RS300RTGTKNPFMT_PK","P","VERSION_ID","1"
"1982","RS300RATING_TOKEN_PERFORM_TYPE","RS300RTGTKNPFMT_PK","P","RATING_TOKEN_ID","2"
"1983","RS300RATING_TOKEN_PERFORM_TYPE","RS300RTGTKNPFMT_PK","P","PERFORMANCE_TYPE_ID","3"
"1984","RS300RATING_TOKEN_RATING_TYPE","RS300RTGTNRTGTY_PK","P","VERSION_ID","1"
"1985","RS300RATING_TOKEN_RATING_TYPE","RS300RTGTNRTGTY_PK","P","RATING_TOKEN_ID","2"
"1986","RS300RATING_TOKEN_RATING_TYPE","RS300RTGTNRTGTY_PK","P","RATING_TYPE_ID","3"
"1987","RS300RATING_TYPE","RS300RATING_TY_PK","P","VERSION_ID","1"
"1988","RS300RATING_TYPE","RS300RATING_TY_PK","P","RATING_TYPE_ID","2"
"1989","RS300REASON_CLASS","RS300REASON_CLS_PK","P","VERSION_ID","1"
"1990","RS300REASON_CLASS","RS300REASON_CLS_PK","P","CLIENT_ID","2"
"1991","RS300REASON_CLASS","RS300REASON_CLS_PK","P","REASON_CLASS_GROUP_ID","3"
"1992","RS300REASON_CLASS","RS300REASON_CLS_PK","P","REASON_CLASS_ID","4"
"1993","RS300REASON_CODE","RS300REASON_CD_PK","P","VERSION_ID","1"
"1994","RS300REASON_CODE","RS300REASON_CD_PK","P","CLIENT_ID","2"
"1995","RS300REASON_CODE","RS300REASON_CD_PK","P","REASON_CLASS_GROUP_ID","3"
"1996","RS300REASON_CODE","RS300REASON_CD_PK","P","REASON_CLASS_ID","4"
"1997","RS300REASON_CODE","RS300REASON_CD_PK","P","REASON_CODE_ID","5"
"1998","RS300REASON_GROUP","RS300REASON_GRP_PK","P","VERSION_ID","1"
"1999","RS300REASON_GROUP","RS300REASON_GRP_PK","P","REASON_CLASS_GROUP_ID","2"
"2000","RS300REASON_GROUP_PERFORM_TYPE","RS300RSGRPPFMTY_PK","P","VERSION_ID","1"
"2001","RS300REASON_GROUP_PERFORM_TYPE","RS300RSGRPPFMTY_PK","P","REASON_CLASS_GROUP_ID","2"
"2002","RS300REASON_GROUP_PERFORM_TYPE","RS300RSGRPPFMTY_PK","P","PERFORMANCE_TYPE_ID","3"
"2003","RS300VERSION","RS300VERSION_PK","P","VERSION_ID","1"
"2004","RS_CONFIG","RS_CONFIG_PK","P","RS_CONFIG_ID","1"
"2005","RS_CONFIG_CYCLE_DL","RS_CONFIG_DL_PK","P","RS_CONFIG_CYCLE_ID","1"
"2006","RS_CONFIG_CYCLE_DL","RS_CONFIG_DL_PK","P","DL_ID","2"
"2007","RS_TYPE","RS_TYPE_PK","P","RS_TYPE","1"
"2008","RTS","RTS_PK","P","RTS_ID","1"
"2009","RTS_CHANGE_RULE","RTS_CHANGE_RULE_PK","P","RTS_CHG_ID","1"
"2010","RTS_CHANGE_RULE_DTL","RTS_CHANGE_RDTL_PK","P","RTS_CHG_DTL_ID","1"
"2011","RTS_CRITICAL_FIELD_FV","RTS_CRFV_PK","P","RTS_CRITICAL_FIELD_FV","1"
"2012","RTS_EVENT","RTS_EVENT_PK","P","RTS_ID","1"
"2013","RTS_EVENT","RTS_EVENT_PK","P","EVENT_SEQ","2"
"2014","RTS_LINE_ITEM","RTS_LINE_ITEM_PK","P","RTS_ID","1"
"2015","RTS_LINE_ITEM","RTS_LINE_ITEM_PK","P","RTS_LINE_ITEM_ID","2"
"2016","RTS_LINE_STATUS","RTS_LSTATUS_PK","P","RTS_LINE_STATUS","1"
"2017","RTS_SIZES","RTS_SIZES_PK","P","RTS_SIZES_ID","1"
"2018","RTS_STATUS","RTS_STATUS_PK","P","RTS_STATUS","1"
"2019","RULES","PK_RULES","P","RULES_ID","1"
"2020","RULE_COLM_LIST","PK_RULE_COLM_LIST","P","RULE_COLM_LIST_ID","1"
"2021","RULE_COLM_LIST","UK_RULE_COLM_LIST","U","RULE_COLM_ID","1"
"2022","RULE_COLM_REF","PK_RULE_COLM_REF","P","RULE_COLM_REF_ID","1"
"2023","RULE_COLM_REF","UK_RULE_COLM_REF","U","RULE_TYPE","1"
"2024","RULE_COLM_REF","UK_RULE_COLM_REF","U","COLM_REF_SEQ_NBR","2"
"2025","RULE_HDR","PK_RULE_HDR","P","RULE_HDR_ID","1"
"2026","RULE_HDR","UK_RULE_HDR","U","RULE_ID","1"
"2027","RULE_PARM","PK_RULE_PARM","P","RULE_PARM_ID","1"
"2028","RULE_PARM","UK_RULE_PARM","U","RULES_ID","1"
"2029","RULE_PARM","UK_RULE_PARM","U","RULE_ID","2"
"2030","RULE_SEL_COL_DTL","PK_RUL_SEL_COL_DTL","P","RULE_SEL_COL_DTL_ID","1"
"2031","RULE_SEL_DTL","PK_RULE_SEL_DTL","P","RULE_SEL_DTL_ID","1"
"2032","RULE_SEL_DTL","UK_RULE_SEL_DTL","U","RULE_ID","1"
"2033","RULE_SEL_DTL","UK_RULE_SEL_DTL","U","SEL_SEQ_NBR","2"
"2034","RULE_SORT_DTL","PK_RULE_SORT_DTL","P","RULE_SORT_DTL_ID","1"
"2035","RULE_SORT_DTL","UK_RULE_SORT_DTL","U","RULE_ID","1"
"2036","RULE_SORT_DTL","UK_RULE_SORT_DTL","U","SORT_SEQ_NBR","2"
"2037","SAILING_LANE_ERRORS","SAILING_LANERR_PK","P","SAILING_LANE_ERROR","1"
"2038","SAILING_SCHDL_TRNSPRTR","SLNG_SCHD_TRNS_PK","P","TC_COMPANY_ID","1"
"2039","SAILING_SCHDL_TRNSPRTR","SLNG_SCHD_TRNS_PK","P","SAILING_SCHEDULE_ID","2"
"2040","SAILING_SCHDL_TRNSPRTR","SLNG_SCHD_TRNS_PK","P","SAILING_SCHDL_TRNSPRTR_SEQ","3"
"2041","SAILING_SCHDL_TRNSPRTR_VIA","SGSCHDTRNSP_VIA_PK","P","TC_COMPANY_ID","1"
"2042","SAILING_SCHDL_TRNSPRTR_VIA","SGSCHDTRNSP_VIA_PK","P","SAILING_SCHEDULE_ID","2"
"2043","SAILING_SCHDL_TRNSPRTR_VIA","SGSCHDTRNSP_VIA_PK","P","SAILING_SCHDL_TRNSPRTR_SEQ","3"
"2044","SAILING_SCHDL_TRNSPRTR_VIA","SGSCHDTRNSP_VIA_PK","P","SAILING_SCHDL_TRNSPRTR_VIA_SEQ","4"
"2045","SAILING_SCHEDULE","SAILING_SCHED_PK","P","TC_COMPANY_ID","1"
"2046","SAILING_SCHEDULE","SAILING_SCHED_PK","P","SAILING_SCHEDULE_ID","2"
"2047","SALES_ORDERS_STATUS","SALES_OR_STATUS_PK","P","SALES_ORDERS_STATUS","1"
"2048","SCHEDULER_EVENT_TYPE","SCHEDULER_EVENT_TYPE_PK","P","SCHEDULER_EVENT_ID","1"
"2049","SCHEDULE_B","SCHEDULE_B_PK","P","SCHEDULE_B_ID","1"
"2050","SCHEDULE_B_CHAPTER","SCHEDULE_B_CHAPTER_PK","P","SCHEDULE_B_CHAPTER","1"
"2051","SCREEN_TYPE","SCREEN_TYPE_PK","P","SCREEN_TYPE_ID","1"
"2052","SCRIPT","SCRIPT_PK","P","SCRIPT_ID","1"
"2053","SCRIPTS","SCRIPTS_PK","P","SCRIPT_ID","1"
"2054","SCRIPT_PAYLOAD","SCRIPT_PAYLOAD_PK","P","SCRIPT_PAYLOAD_ID","1"
"2055","SEASONAL","PK_SEASONAL","P","SEAS_ID","1"
"2056","SEASONAL_DETAIL","PK_SEASONAL_DTL","P","SEASONAL_DTL_ID","1"
"2057","SEC_USER","PK_SEC_USER","P","SEC_USER_ID","1"
"2058","SERVER_MASTER","PK_SERVER_MASTER","P","SERVER_ID","1"
"2059","SERVICE_REPO","SERVICE_REPO_PK","P","SERVICE_REPO_ID","1"
"2060","SERVICE_REPO","SERVICE_REPO_UK","U","ENDPOINT_ADDRESS","1"
"2061","SERVICE_REPO","SERVICE_REPO_UK","U","HTTP_METHOD","2"
"2062","SESSION_AUDIT","SESSION_AUDIT_PK","P","AUDIT_ID","1"
"2063","SHELF","PK_SHELF","P","SHELF_ID","1"
"2064","SHELF_SLOT_XREF","PK_SHELF_SLOT_XREF","P","SHELF_SLOT_XREF_ID","1"
"2065","SHIFT","SHIFT_PK","P","SHIFT_ID","1"
"2066","SHIPMENT","SHIPMENT_PK","P","SHIPMENT_ID","1"
"2067","SHIPMENT","SHIPMENT_TCITSI_U","U","TC_COMPANY_ID","1"
"2068","SHIPMENT","SHIPMENT_TCITSI_U","U","TC_SHIPMENT_ID","2"
"2069","SHIPMENT_ACCESSORIAL","SHP_ACCSSRL_PK","P","SHIPMENT_ID","1"
"2070","SHIPMENT_ACCESSORIAL","SHP_ACCSSRL_PK","P","SHP_ACCESSORIAL_ID","2"
"2071","SHIPMENT_ACCESSORIAL","SHP_ACCSSRL_PK","P","RESOURCE_TYPE","3"
"2072","SHIPMENT_ACCESSORIAL","SHP_ACCSSRL_PK","P","IS_BUDGETED","4"
"2073","SHIPMENT_ACCESSORIAL_TEMPLATE","SHP_ACCSSRLT_PK","P","SHIPMENT_ID","1"
"2074","SHIPMENT_ACCESSORIAL_TEMPLATE","SHP_ACCSSRLT_PK","P","SHP_ACCESSORIAL_ID","2"
"2075","SHIPMENT_ACCESSORIAL_TEMPLATE","SHP_ACCSSRLT_PK","P","RESOURCE_TYPE","3"
"2076","SHIPMENT_ACCESSORIAL_TEMPLATE","SHP_ACCSSRLT_PK","P","IS_BUDGETED","4"
"2077","SHIPMENT_ATTRIBUTE","SHP_ATTRIBUTE_PK","P","SHIPMENT_ID","1"
"2078","SHIPMENT_ATTRIBUTE","SHP_ATTRIBUTE_PK","P","ATTRIBUTE_NAME","2"
"2079","SHIPMENT_ATTRIBUTE","SHP_ATTRIBUTE_PK","P","ATTRIBUTE_SEQ","3"
"2080","SHIPMENT_ATTRIBUTE_TEMPLATE","SHP_ATTRIBUTET_PK","P","SHIPMENT_ID","1"
"2081","SHIPMENT_ATTRIBUTE_TEMPLATE","SHP_ATTRIBUTET_PK","P","ATTRIBUTE_NAME","2"
"2082","SHIPMENT_ATTRIBUTE_TEMPLATE","SHP_ATTRIBUTET_PK","P","ATTRIBUTE_SEQ","3"
"2083","SHIPMENT_CHG_RULE","SHP_CRULE_PK","P","SHIPMENT_CHG_ID","1"
"2084","SHIPMENT_CHG_RULE_DTL","SHP_CDTL_PK","P","SHIPMENT_CHG_ID","1"
"2085","SHIPMENT_CHG_RULE_DTL","SHP_CDTL_PK","P","SHIPMENT_CHG_DTL_ID","2"
"2086","SHIPMENT_COMMODITY","SHP_COMMODITY_PK","P","SHIPMENT_ID","1"
"2087","SHIPMENT_COMMODITY","SHP_COMMODITY_PK","P","COMMODITY_CLASS","2"
"2088","SHIPMENT_COMMODITY","SHP_COMMODITY_PK","P","SIZE_UOM_ID","3"
"2089","SHIPMENT_COMMODITY_TEMPLATE","SHP_COMMODITYT_PK","P","SHIPMENT_ID","1"
"2090","SHIPMENT_COMMODITY_TEMPLATE","SHP_COMMODITYT_PK","P","COMMODITY_CLASS","2"
"2091","SHIPMENT_COMMODITY_TEMPLATE","SHP_COMMODITYT_PK","P","SIZE_UOM_ID","3"
"2092","SHIPMENT_EVENT","SHIPMENT_EVENT_PK","P","SHIPMENT_EVENT_ID","1"
"2093","SHIPMENT_EVENT","SHIPMENT_EVENT_PK","P","SHIPMENT_ID","2"
"2094","SHIPMENT_EXTN_TLM","SHP_EXTTLM_PK","P","SHIPMENT_ID","1"
"2095","SHIPMENT_EXTN_TLM","SHP_EXTTLM_PK","P","IS_TEMPLATE","2"
"2096","SHIPMENT_NOTE","SHIPMENT_NOTE_PK","P","SHIPMENT_ID","1"
"2097","SHIPMENT_NOTE","SHIPMENT_NOTE_PK","P","NOTE_SEQ","2"
"2098","SHIPMENT_NOTE_TEMPLATE","SHIPMENT_NOTET_PK","P","SHIPMENT_ID","1"
"2099","SHIPMENT_NOTE_TEMPLATE","SHIPMENT_NOTET_PK","P","NOTE_SEQ","2"
"2100","SHIPMENT_ORIGIN_TYPE","SHIPMENT_ORIGIN_PK","P","ORIGIN_TYPE","1"
"2101","SHIPMENT_SCHED_ACTION","SHIPSCHEDACT_PK","P","SHIPMENT_ID","1"
"2102","SHIPMENT_SCHED_ACTION","SHIPSCHEDACT_PK","P","SCHED_EVENT_ID","2"
"2103","SHIPMENT_SEAL_NUMBER","SHP_SEAL_NUMBER","P","SHIPMENT_ID","1"
"2104","SHIPMENT_SEAL_NUMBER","SHP_SEAL_NUMBER","P","SEAL_NUMBER_ID","2"
"2105","SHIPMENT_SIZE","SHIPMENT_SIZE_PK","P","SHIPMENT_ID","1"
"2106","SHIPMENT_SIZE","SHIPMENT_SIZE_PK","P","SIZE_UOM_ID","2"
"2107","SHIPMENT_SIZE_OVERRIDE","SHP_SIZE_OVRD_PK","P","SHIPMENT_ID","1"
"2108","SHIPMENT_SIZE_OVERRIDE","SHP_SIZE_OVRD_PK","P","TC_COMPANY_ID","2"
"2109","SHIPMENT_SIZE_OVERRIDE","SHP_SIZE_OVRD_PK","P","SIZE_UOM_ID","3"
"2110","SHIPMENT_SIZE_TEMPLATE","SHIPMENT_SIZET_PK","P","SHIPMENT_ID","1"
"2111","SHIPMENT_SIZE_TEMPLATE","SHIPMENT_SIZET_PK","P","SIZE_UOM_ID","2"
"2112","SHIPMENT_STATUS","SHIPMENT_STATUS_PK","P","SHIPMENT_STATUS","1"
"2113","SHIPMENT_TEMPLATE","SHIPMENTT_PK","P","SHIPMENT_ID","1"
"2114","SHIPMENT_TEMPLATE","SHIPMENT_TCIT_U","U","TC_COMPANY_ID","1"
"2115","SHIPMENT_TEMPLATE","SHIPMENT_TCIT_U","U","TC_SHIPMENT_ID","2"
"2116","SHIPMENT_TRACKING","SHP_TRACK_PK","P","SHIPMENT_TRACKING_ID","1"
"2117","SHIPMENT_TYPE","SHIPMENT_TYPE_PK","P","SHIPMENT_TYPE","1"
"2118","SHIPMENT_WMS_STATUS","SHP_WMS_STATUS_PK","P","STATUS_CODE","1"
"2119","SHIPPING_ACTION","SHIPP_ACT_PK","P","SHIPPING_ACTION","1"
"2120","SHIP_PLAN_HDR","PK_SHIP_PLAN","P","SHIP_PLAN_HDR_ID","1"
"2121","SHIP_PLAN_HDR","UK_SHIP_PLAN","U","INPT_FILE_NAME","1"
"2122","SHIP_PLAN_HDR","UK_SHIP_PLAN","U","SEQ_NBR","2"
"2123","SHIP_VIA_CROSS_REF","SHP_VIA_CRS_REF_PK","P","SHIP_VIA_CROSS_REF_ID","1"
"2124","SHIP_WAVE_PARM","PK_SHIP_WAVE_PARM","P","SHIP_WAVE_PARM_ID","1"
"2125","SHP_STOP_ATTRIBUTE","SHP_STOP_ATTR_PK","P","SHIPMENT_ID","1"
"2126","SHP_STOP_ATTRIBUTE","SHP_STOP_ATTR_PK","P","STOP_SEQ","2"
"2127","SHP_STOP_ATTRIBUTE","SHP_STOP_ATTR_PK","P","ATTRIBUTE_NAME","3"
"2128","SINGLE_SIGNON","PK_SINGLE_SIGNON","P","SINGLE_SIGNON_ID","1"
"2129","SINGLE_SIGNON","UK_SINGLE_SIGNON","U","CONSOLE_PKMS_APPL_ID","1"
"2130","SITC_CHAPTER","SITC_CHAPTER_PK","P","SITC_CHAPTER","1"
"2131","SITC_CODE","SITC_CODE_PK","P","SITC_CODE_ID","1"
"2132","SIZE_CONVERSIONS","SZCONVERSION_PK","P","SIZE_UOM_ID","1"
"2133","SIZE_CONVERSIONS","SZCONVERSION_PK","P","TO_SIZE_UOM_ID","2"
"2134","SIZE_DESC","PK_SIZE_DESC","P","SIZE_DESC_ID","1"
"2135","SIZE_DESC","UK_SIZE_DESC","U","SIZE_RANGE_CODE","1"
"2136","SIZE_DESC","UK_SIZE_DESC","U","SIZE_REL_POSN_IN_TABLE","2"
"2137","SIZE_DESC","UK_SIZE_DESC","U","TC_COMPANY_ID","3"
"2138","SKU_LOCATION","SKU_LOCID_PK","P","SKU_LOCATION_ID","1"
"2139","SKU_SUMM_TRAN","PK_SKU_SUMM_TRAN","P","SKU_SUMM_TRAN_ID","1"
"2140","SKU_SUMM_TRAN","UK_SKU_SUMM_TRAN","U","WHSE","1"
"2141","SKU_SUMM_TRAN","UK_SKU_SUMM_TRAN","U","REC_TYPE","2"
"2142","SKU_SUMM_TRAN","UK_SKU_SUMM_TRAN","U","SKU_ID","3"
"2143","SKU_SUMM_TRAN","UK_SKU_SUMM_TRAN","U","PERD","4"
"2144","SKU_SUMM_TRAN","UK_SKU_SUMM_TRAN","U","TRAN_TYPE","5"
"2145","SKU_SUMM_TRAN","UK_SKU_SUMM_TRAN","U","TRAN_CODE","6"
"2146","SKU_SUMM_TRAN","UK_SKU_SUMM_TRAN","U","RSN_CODE","7"
"2147","SLOT_ITEM","PK_SLOT_ITEM","P","SLOTITEM_ID","1"
"2148","SLOT_ITEM_SCORE","PK_SLOT_ITEM_SCORE","P","SLOT_ITEM_SCORE_ID","1"
"2149","SLOT_LIST_TREE","PK_SLOT_LIST_TREE","P","TREE_ID","1"
"2150","SLOT_RECOMMENDATION_CRITERIA","SLOT_RECM_CRIT_PK","P","SLOT_ID","1"
"2151","SLOT_STG","SLOT_STG_PK","P","SLOT_STG_ID","1"
"2152","SLOT_TOTAL_CAP_USAGE_DETAIL","SLOT_TOTAL_CAP_USAGE_DETAIL_PK","P","SLOT_ID","1"
"2153","SLOT_TOTAL_CAP_USAGE_DETAIL","SLOT_TOTAL_CAP_USAGE_DETAIL_PK","P","SCHEDULE_DAY","2"
"2154","SLOT_TOTAL_CAP_USAGE_DETAIL","SLOT_TOTAL_CAP_USAGE_DETAIL_PK","P","CAP_GROUP_MEMBER","3"
"2155","SLOT_TOTAL_CAP_USAGE_DETAIL","SLOT_TOTAL_CAP_USAGE_DETAIL_PK","P","OBJECT_ID","4"
"2156","SLOT_UNUSED","PK_SLOT","P","SLOT_ID","1"
"2157","SLOT_USAGE_DETAIL","SLOT_USAGE_DETAIL_PK","P","SLOT_ID","1"
"2158","SLOT_USAGE_DETAIL","SLOT_USAGE_DETAIL_PK","P","SLOT_START_TIME","2"
"2159","SLOT_USAGE_DETAIL","SLOT_USAGE_DETAIL_PK","P","SLOT_END_TIME","3"
"2160","SMARTLABEL_ARN_EVENT_DTL","PK_SMARTLABEL_ARN_EVENT_DTL","P","SMARTLABEL_ARN_EVENT_DTL_ID","1"
"2161","SMARTLABEL_ARN_EVENT_DTL","UK_SMARTLABEL_ARN_EVENT_DTL","U","SMARTLABEL_ARN_EVENT_ID","1"
"2162","SMARTLABEL_ARN_EVENT_DTL","UK_SMARTLABEL_ARN_EVENT_DTL","U","ARN_EVENT_SEQ_NBR","2"
"2163","SMARTLABEL_ARN_EVENT_HDR","PK_SMARTLABEL_ARN_EVENT_HDR","P","SMARTLABEL_ARN_EVENT_HDR_ID","1"
"2164","SMARTLABEL_ARN_EVENT_HDR","UK_SMARTLABEL_ARN_EVENT_HDR","U","SMARTLABEL_ARN_EVENT_ID","1"
"2165","SMARTLABEL_BMC_DATA","PK_SMARTLABEL_BMC_DATA","P","SMARTLABEL_BMC_DATA_ID","1"
"2166","SMARTLABEL_BMC_DATA","UK_SMARTLABEL_BMC_DATA","U","SMARTLABEL_DEST_KEY","1"
"2167","SMARTLABEL_CARTON_HDR_HIST","PK_SMARTLABEL_CARTON_HDR_HIST","P","SMARTLABEL_CARTON_HDR_HIST_ID","1"
"2168","SMARTLABEL_CLASS_OF_SERVICE","PK_SMARTLABEL_CLASS_OF_SERVICE","P","SMARTLABEL_CLASS_OF_SERVICE_ID","1"
"2169","SMARTLABEL_CLASS_OF_SERVICE","UK_SMARTLABEL_CLASS_OF_SERVICE","U","CLASS_OF_SERVICE_KEY","1"
"2170","SMARTLABEL_FEE","PK_SMARTLABEL_FEE","P","SMARTLABEL_FEE_ID","1"
"2171","SMARTLABEL_PARM_DTL","PK_SMARTLABEL_PARM_DTL","P","SMARTLABEL_PARM_DTL_ID","1"
"2172","SMARTLABEL_PARM_DTL","UK_SMARTLABEL_PARM_DTL","U","SMARTLABEL_PARM_ID","1"
"2173","SMARTLABEL_PARM_DTL","UK_SMARTLABEL_PARM_DTL","U","PARM_SEQ_NBR","2"
"2174","SMARTLABEL_PARM_HDR","PK_SMARTLABEL_PARM_HDR","P","SMARTLABEL_PARM_HDR_ID","1"
"2175","SMARTLABEL_PARM_HDR","UK_SMARTLABEL_PARM_HDR","U","SMARTLABEL_PARM_ID","1"
"2176","SMARTLABEL_RULE_MAP","PK_SMARTLABEL_RULE_MAP","P","SMARTLABEL_RULE_MAP_ID","1"
"2177","SMARTLABEL_SKU_HIST","PK_SMARTLABEL_SKU_HIST","P","SMARTLABEL_SKU_HIST_ID","1"
"2178","SMARTLABEL_ZIP_DATA","PK_SMARTLABEL_ZIP_DATA","P","SMARTLABEL_ZIP_DATA_ID","1"
"2179","SM_DTL_COST","PK_SM_DTL_COST","P","SM_DTL_COST_ID","1"
"2180","SM_DTL_SCORE","PK_SM_DTL_SCORE","P","SM_DTL_SCORE_ID","1"
"2181","SM_HDR","PK_SM_HDR","P","SM_RUN_ID","1"
"2182","SM_RESULT","PK_SM_RESULT","P","SM_RESULT_ID","1"
"2183","SNS_DTL","PK_SNS_DTL","P","SNS_DTL_ID","1"
"2184","SNS_MIGR","PK_SNS","P","SNS_ID","1"
"2185","SOA_BUCKET_ALIAS","PK_SOA_BUCKET_ALIAS","P","ID","1"
"2186","SOA_FILTER","PK_SOA_FILTER","P","ID","1"
"2187","SOA_FILTERMODULE_ALIAS_XREF","PK_SOA_FILTERMODULE_ALIAS_XREF","P","FILTERID","1"
"2188","SOA_FILTERMODULE_ALIAS_XREF","PK_SOA_FILTERMODULE_ALIAS_XREF","P","MODULEID","2"
"2189","SOA_FILTERMODULE_ALIAS_XREF","PK_SOA_FILTERMODULE_ALIAS_XREF","P","SEQUENCEINDEX","3"
"2190","SOA_FILTERMODULE_ALIAS_XREF","PK_SOA_FILTERMODULE_ALIAS_XREF","P","ALIASID","4"
"2191","SOA_FILTER_CATEGORY","PK_SOA_FILTER_CATEGORY","P","ID","1"
"2192","SOA_FILTER_CATEGORY_XREF","PK_SOA_FILTER_CATEGORY_XREF","P","FILTERCATEGORYID","1"
"2193","SOA_FILTER_CATEGORY_XREF","PK_SOA_FILTER_CATEGORY_XREF","P","FILTERID","2"
"2194","SOA_FILTER_MODULE_XREF","IX_SOA_FILTER_MODULE_XREF","U","FILTERID","1"
"2195","SOA_FILTER_MODULE_XREF","IX_SOA_FILTER_MODULE_XREF","U","SEQUENCEINDEX","2"
"2196","SOA_FILTER_MODULE_XREF","PK_SOA_FILTER_MODULE_XREF","P","FILTERID","1"
"2197","SOA_FILTER_MODULE_XREF","PK_SOA_FILTER_MODULE_XREF","P","MODULEID","2"
"2198","SOA_FILTER_MODULE_XREF","PK_SOA_FILTER_MODULE_XREF","P","SEQUENCEINDEX","3"
"2199","SOA_HTTPHEADER","PK_SOA_HTTPHEADER","P","ID","1"
"2200","SOA_HTTPHEADERGROUP","PK_SOA_HTTPHEADERGROUP","P","ID","1"
"2201","SOA_HTTPHEADERGROUP_XREF","PK_SOA_HTTPHEADERGROUP_XREF","P","HEADERGROUPID","1"
"2202","SOA_HTTPHEADERGROUP_XREF","PK_SOA_HTTPHEADERGROUP_XREF","P","HEADERID","2"
"2203","SOA_JYTHONVARIABLE","PK_SOA_JYTHONVARIABLE","P","ID","1"
"2204","SOA_JYTHON_VARIABLE_XREF","PK_SOA_JYTHONVAR_XREF","P","JYTHONID","1"
"2205","SOA_JYTHON_VARIABLE_XREF","PK_SOA_JYTHONVAR_XREF","P","JYTHONVARIABLEID","2"
"2206","SOA_LISTENER","PK_SOA_LISTENER","P","ID","1"
"2207","SOA_LISTENER_ALLOWDENY","PK_SOA_LISTENER_ALLOWDENY","P","ID","1"
"2208","SOA_LISTENER_HTTP","PK_SOA_LISTENER_HTTP","P","ID","1"
"2209","SOA_LISTENER_RESOURCEMAPPING","PK_SOA_LISTENER_RESOURCEMAP","P","ID","1"
"2210","SOA_MESSAGE_FRAGMENT","PK_SOA_MESSAGE_FRAGMENT","P","ID","1"
"2211","SOA_MODULE","PK_SOA_MODULE","P","ID","1"
"2212","SOA_MODULE_ALIAS_XREF","PK_SOA_METHOD_ALIAS_XREF","P","MODULEID","1"
"2213","SOA_MODULE_ALIAS_XREF","PK_SOA_METHOD_ALIAS_XREF","P","ALIASID","2"
"2214","SOA_MODULE_CATEGORY","PK_SOA_MODULE_CATEGORY","P","ID","1"
"2215","SOA_MODULE_CATEGORY_XREF","PK_SOA_MODULE_CATEGORY_XREF","P","MODULECATEGORYID","1"
"2216","SOA_MODULE_CATEGORY_XREF","PK_SOA_MODULE_CATEGORY_XREF","P","MODULEID","2"
"2217","SOA_MODULE_CLSPARSER","PK_SOA_MODULE_CLSPARSER","P","ID","1"
"2218","SOA_MODULE_COMLINK","PK_SOA_MODULE_COMLINK","P","ID","1"
"2219","SOA_MODULE_COM_CLSID","PK_SOA_MODULE_COMCLSID","P","ID","1"
"2220","SOA_MODULE_COM_IBUSOBJ","PK_SOA_MODULE_COM_IBUSOBJ","P","ID","1"
"2221","SOA_MODULE_COM_PROGID","PK_SOA_MODULE_COMPROGID","P","ID","1"
"2222","SOA_MODULE_CORBA","PK_SOA_MODULE_CORBA","P","ID","1"
"2223","SOA_MODULE_DDR","PK_SOA_MODULE_DDR","P","ID","1"
"2224","SOA_MODULE_DDR_RULE","PK_SOA_MODULE_DDR_RULE","P","ID","1"
"2225","SOA_MODULE_DLL_CPLUSPLUS","PK_SOA_MODULE_DLLENTRYPOINT","P","ID","1"
"2226","SOA_MODULE_DTS","PK_SOA_MODULE_DTS","P","ID","1"
"2227","SOA_MODULE_HTTP_XML","PK_SOA_MODULE_HTTP_XML","P","ID","1"
"2228","SOA_MODULE_JAVA_MAIN","PK_SOA_MODULE_JAVA_MAIN","P","ID","1"
"2229","SOA_MODULE_JYTHON","PK_SOA_MODULE_JYTHON","P","ID","1"
"2230","SOA_MODULE_MSSCRIPT","PK_SOA_MODULE_MSSCRIPT","P","ID","1"
"2231","SOA_MODULE_XSL","PK_SOA_MODULE_XSL","P","ID","1"
"2232","SOA_PROXY","PK_SOA_PROXY","P","ID","1"
"2233","SOA_PROXY_COMLINK","PK_SOA_PROXY_COMLINK","P","ID","1"
"2234","SOA_PROXY_HTTP","PK_SOA_PROXY_HTTP","P","ID","1"
"2235","SOA_XSLEXTENSION","PK_SOA_XSLEXTENSION","P","ID","1"
"2236","SOA_XSL_EXTENSION_XREF","PK_SOA_XSL_EXTENSION_XREF","P","XSLID","1"
"2237","SOA_XSL_EXTENSION_XREF","PK_SOA_XSL_EXTENSION_XREF","P","XSLEXTENSIONID","2"
"2238","SORTER_GRP","PK_SORTER_GRP","P","SORTER_GRP_ID","1"
"2239","SORTER_GRP","UK_SORTER_GRP","U","SORTER_GRP","1"
"2240","SORTER_GRP","UK_SORTER_GRP","U","SORTER_SEQ_NBR","2"
"2241","SORT_LOCN_CONFIG_DTL","PK_SORT_LOCN_CONFIG_DTL","P","SORT_LOCN_CONFIG_DTL_ID","1"
"2242","SORT_LOCN_CONFIG_DTL","UK_SORT_LOCN_CONFIG_DTL","U","LOCN_ID","1"
"2243","SORT_LOCN_CONFIG_DTL","UK_SORT_LOCN_CONFIG_DTL","U","RULE_SEQ","2"
"2244","SORT_LOCN_CONFIG_HDR","PK_SORT_LOCN_CONFIG_HDR","P","SORT_LOCN_CONFIG_HDR_ID","1"
"2245","SORT_LOCN_CONFIG_HDR","UK_SORT_LOCN_CONFIG_HDR","U","LOCN_ID","1"
"2246","SO_DB_BUILD_HISTORY","DB_BUILD_HISTORY_PK","P","VERSION_LABEL","1"
"2247","SO_FULFILL_STATUS","PK_SO_FULFILL_STAT","P","SO_FULFILL_STATUS","1"
"2248","SO_FULLFILL_OPTION","SO_FULLFILLO_PK","P","SO_FULLFILL_OPTION","1"
"2249","SO_ITEM_MASTER_UNUSED","PK_ITEM_MASTER","P","SKU_ID","1"
"2250","SO_LN_FULFILL_OPTION","PK_SO_LN_FULF_OPT","P","SO_LN_FULFILL_OPTION","1"
"2251","SO_LN_FULFILL_STATUS","PK_SO_LN_FULF_STAT","P","SO_LN_FULFILL_STATUS","1"
"2252","SO_LOGGER_FACTORY","PK_LOGGER_FACTORY_ID","P","LOGGER_FACTORY_ID","1"
"2253","SO_LOGGER_FACTORY","UK_LOGGER_FACTORY","U","FACTORY_NAME","1"
"2254","SO_OPERATION_STATUS","SO_OP_STATUS_PK","P","SO_OPERATION_STATUS","1"
"2255","SO_ORDER_CCLFIELD","SO_ORDRCCLFLD_PK","P","ORDER_CCLFIELD","1"
"2256","SO_ORDER_CHG_VALUE","SO_ORDERCHGVAL_PK","P","A_IDENTITY","1"
"2257","SO_ORDER_CHG_VALUE_HISTORY","SO_ORDER_CHG_VALUE_HIST_PK","P","A_IDENTITY","1"
"2258","SO_PAYMENT_STATUS","SO_PAYMENTS_PK","P","SO_PAYMENT_STATUS","1"
"2259","SO_PRIORITY","SO_PRIORITY_PK","P","SO_PRIORITY","1"
"2260","SO_STATUS","SO_STATUS_PK","P","SO_STATUS","1"
"2261","SO_TYPE","SO_TYPE_PK","P","SO_TYPE","1"
"2262","SO_USER_MASTER","PK_USER_MASTER","P","USER_ID","1"
"2263","SPL_2_ZS_SHIPMENT","SYS_C0065637","P","SPL_2_ZS_SHIPMENT_PK","1"
"2264","SPL_ASN_DTL","SYS_C0063261","P","SPL_ASN_DTL_PK","1"
"2265","SPL_ASN_HDR","SYS_C0063260","P","SPL_ASN_HDR_PK","1"
"2266","SPL_ASN_INVOICE","SYS_C0063280","P","SPL_ASN_INVOICE_PK","1"
"2267","SPL_ASN_PRINT_TIME","PK_SPL_ASN_PRINT_TIME","P","SHPMT_NBR","1"
"2268","SPL_ASN_THRMT","SYS_C0063262","P","SPL_ASN_THRMT_PK","1"
"2269","SPL_CARTON_BREAK_ATTR","SYS_C0063255","P","SPL_CARTON_BREAK_ATTR_PK","1"
"2270","SPL_CARTON_DTL_PACKING","SYS_C0063301","P","ID","1"
"2271","SPL_CASE_LOCK_PROCEDURE_LOG","SYS_C0063266","P","NBR","1"
"2272","SPL_CL_MESSAGE","SYS_C0068596","P","MSG_ID","1"
"2273","SPL_CODE_ID","SYS_C0063257","P","SPL_CODE_ID_PK","1"
"2274","SPL_CODE_TYPE","SYS_C0063256","P","SPL_CODE_TYPE_PK","1"
"2275","SPL_DSP_LOCN","SYS_C0063254","P","SPL_DSP_LOCN_PK","1"
"2276","SPL_FILTER_LAYOUT_TMP","SYS_C0099023","P","OBJECT_TYPE","1"
"2277","SPL_FILTER_LAYOUT_TMP","SYS_C0099023","P","FIELD_NAME","2"
"2278","SPL_FILTER_LAYOUT_TMP","SYS_C0099023","P","STATUS","3"
"2279","SPL_FND_PARTY","SYS_C0063251","P","PARTY_PK","1"
"2280","SPL_FND_PARTY_FILE","SYS_C0063253","P","PARTY_FILE_PK","1"
"2281","SPL_FND_PARTY_PROF","SYS_C0063252","P","PARTY_PROF_PK","1"
"2282","SPL_FND_REJECT","SYS_C0063265","P","FND_REJECT_PK","1"
"2283","SPL_GSP_BUSTBL_RULE","SYS_C0063282","P","GSP_BUSTBL_RULE_ID","1"
"2284","SPL_ITEM_BRCD","SYS_C0063283","P","SPL_ITEM_BRCD_ID","1"
"2285","SPL_ITEM_MASTER_PROF","SYS_C0063248","P","SPL_ITEM_MASTER_PROF_PK","1"
"2286","SPL_ITEM_MNTN","SYS_C0063258","P","SPL_ITEM_MNTN_PK","1"
"2287","SPL_ITEM_MNTN_DTL","SYS_C0063259","P","SPL_ITEM_MNTN_DTL_PK","1"
"2288","SPL_ITEM_WHSE_MASTER_PROF","SYS_C0063249","P","SPL_ITEM_WHSE_MASTER_PROF_PK","1"
"2289","SPL_LOCN_HDR","SYS_C0065621","P","LOCN_HDR_PK","1"
"2290","SPL_MAINTAIN_REPORT","SYS_C0063273","P","SPL_MAINTAIN_REPORT_PK","1"
"2291","SPL_ORDER_LOSS","SYS_C0063267","P","SPL_ORDER_LOSS_PK","1"
"2292","SPL_ORDER_NBR_THRMT","SYS_C0099034","P","SPL_ORDER_NBR_THRMT_PK","1"
"2293","SPL_OSR_CYCLE_COUNT","SYS_C0068586","P","SPL_OSR_CYCLE_COUNT_PK","1"
"2294","SPL_OWNER","SYS_C0069647","P","OWNER_PK","1"
"2295","SPL_OWNER_DRIVER","SYS_C0069655","P","DRIVER_PK","1"
"2296","SPL_OWNER_TRUCK","SYS_C0069663","P","TRUCK_PK","1"
"2297","SPL_PALLET_REALTIME_INFO","PK_PALLET_REALTIME_INFO","P","PALLET_REALTIME_INFO_PK","1"
"2298","SPL_PALLET_REALTIME_INFO","UN_PALLET_REALTIME_INFO","U","PALLET_NBR","1"
"2299","SPL_PKTDT_DTL","SYS_C0069676","P","PKT_CTRL_NBR","1"
"2300","SPL_PKTDT_HDR","SYS_C0069669","P","PKT_CTRL_NBR","1"
"2301","SPL_PS_CONFIG","SYS_C0063302","P","CONFIG_TYPE","1"
"2302","SPL_PS_CONFIG","SYS_C0063302","P","CONFIG_KEY","2"
"2303","SPL_PURCHASE_BACK_REPORT","SYS_C0063274","P","SPL_PURCHASE_BACK_REPORT_PK","1"
"2304","SPL_PURCHASE_CHECK_REPORT","SYS_C0063275","P","SPL_PURCHASE_CHECK_REPORT_PK","1"
"2305","SPL_PURCHASE_RECEIVE_REPORT","SYS_C0063272","P","SPL_PURCHASE_RECEIVE_REPORT_PK","1"
"2306","SPL_QUALITY_RULE","SYS_C0063271","P","SPL_QUALITY_RULE_PK","1"
"2307","SPL_REJECT_REPORT","SYS_C0063278","P","SPL_REJECT_REPORT_PK","1"
"2308","SPL_RF_ACTIVE_SCAN_DTL","SYS_C0068571","P","SPL_RF_ACTIVE_SCAN_DTL_PK","1"
"2309","SPL_RF_ACTIVE_SCAN_HDR","SYS_C0068563","P","SPL_RF_ACTIVE_SCAN_HDR_PK","1"
"2310","SPL_RF_CARTON_SCAN","SYS_C0063269","P","RF_CARTON_SCAN_PK","1"
"2311","SPL_RF_POSITION","SYS_C0063268","P","RF_PSTN_PK","1"
"2312","SPL_RF_UN_CARTON","SYS_C0063270","P","SPL_RF_UN_CARTON_PK","1"
"2313","SPL_SALE_BACK_REPORT","SYS_C0063277","P","SPL_SALE_BACK_REPORT_PK","1"
"2314","SPL_SALE_CHECK_REPORT","SYS_C0063276","P","SPL_SALE_CHECK_REPORT_PK","1"
"2315","SPL_STD_ASN_BACK_REPORT","SYS_C0068959","P","SPL_STD_ASN_BACK_REPORT_PK","1"
"2316","SPL_STD_ASN_CHECK_REPORT","SYS_C0068951","P","SPL_STD_ASN_CHECK_REPORT_PK","1"
"2317","SPL_STD_ASN_RECEIVE_REPORT","SYS_C0068989","P","SPL_STD_ASN_RECEIVE_REPORT_PK","1"
"2318","SPL_STD_MAINTAIN_REPORT","SYS_C0068992","P","SPL_STD_MAINTAIN_REPORT_PK","1"
"2319","SPL_STD_REJECT_REPORT","SYS_C0068967","P","SPL_STD_REJECT_REPORT_PK","1"
"2320","SPL_STD_SALE_BACK_REPORT","SYS_C0068974","P","SPL_STD_SALE_BACK_REPORT_PK","1"
"2321","SPL_STD_SALE_CHECK_REPORT","SYS_C0068982","P","SPL_STD_SALE_CHECK_REPORT_PK","1"
"2322","SPL_STORAGE_SUMMARY_DTL","SYS_C0063284","P","SPL_STORAGE_SUMMARY_DTL_PK","1"
"2323","SPL_STORAGE_SUMMARY_HDR","SYS_C0063285","P","SPL_STORAGE_SUMMARY_HDR_PK","1"
"2324","SPL_STORE","SYS_C0063250","P","SPL_STORE_PK","1"
"2325","SPL_SYS_ENV","SYS_C0063241","P","ENV_KEY","1"
"2326","SPL_SYS_FILE","SYS_C0063245","P","FILE_PK","1"
"2327","SPL_SYS_FILE_CONTENT","SYS_C0063246","P","FILE_PK","1"
"2328","SPL_SYS_FILE_RLT","SYS_C0063247","P","FILE_RLT_PK","1"
"2329","SPL_SYS_NUMBER","SYS_C0063242","P","NUMBER_CODE","1"
"2330","SPL_SYS_NUMBER_PART","SYS_C0063243","P","NUMBER_CODE","1"
"2331","SPL_SYS_NUMBER_PART","SYS_C0063243","P","SEQ_NO","2"
"2332","SPL_SYS_NUMBER_POOL","SYS_C0063244","P","NUMBER_CODE","1"
"2333","SPL_SYS_NUMBER_POOL","SYS_C0063244","P","POOL_NO","2"
"2334","SPL_TOOLS_ASN_FILES","SYS_C0063286","P","SPL_TOOLS_ASN_FILES_ID","1"
"2335","SPL_UNQLF_CASE","SYS_C0063263","P","UNQLF_CASE_PK","1"
"2336","SPL_UNQLF_CASE_PROF","SYS_C0063264","P","UNQLF_CASE_PROF_PK","1"
"2337","SPL_XH_NBR_TRKG","SYS_C0099004","P","XH_NBR_TRKG_ID","1"
"2338","SPL_ZS_LOCN","SYS_C0065630","P","SPL_ZS_LOCN_PK","1"
"2339","SQL_SCRIPT","PK_SQL_SCRIPT","P","SQL_SCRIPT_ID","1"
"2340","SQS_LISTENER","SQS_LISTENER1_PK","P","SQS_LISTENER_ID","1"
"2341","SRL_NBR_TRACK","PK_SRL_NBR_TRACK","P","SRL_NBR_TRK_ID","1"
"2342","SRL_PIX_TRAN","PK_SRL_PIX_TRAN","P","SRL_PIX_TRAN_ID","1"
"2343","SRL_PIX_TRAN","UK_SRL_PIX_TRAN","U","TRAN_TYPE","1"
"2344","SRL_PIX_TRAN","UK_SRL_PIX_TRAN","U","TRAN_CODE","2"
"2345","SRL_PIX_TRAN","UK_SRL_PIX_TRAN","U","TRAN_NBR","3"
"2346","SRL_PIX_TRAN","UK_SRL_PIX_TRAN","U","PIX_SEQ_NBR","4"
"2347","SRL_PIX_TRAN","UK_SRL_PIX_TRAN","U","SRL_NBR","5"
"2348","SRL_PIX_TRAN","UK_SRL_PIX_TRAN","U","SEQ_NBR","6"
"2349","SR_ALERT_DTL","SR_ALERT_DTL_PK","P","SR_ALERT_DTL_ID","1"
"2350","SR_DRILL_DN_ACT","SR_DN_ACT_PK","P","SR_DRILL_DN_ACT_ID","1"
"2351","SR_FIELD_DETAIL","SR_FIELD_DETAIL_PK","P","SR_FIELD_DETAIL_ID","1"
"2352","SR_FUNCTION","SR_FUNCTION_PK","P","SR_FUNCTION_ID","1"
"2353","SR_HEADER","SR_HEADER_PK","P","SR_HEADER_ID","1"
"2354","SR_LAYOUT_DTL","SR_LAYOUT_DTL_PK","P","SR_LAYOUT_DTL_ID","1"
"2355","SR_LAYOUT_DTL_FN","SR_LAYOUT_FN_PK","P","SR_LAYOUT_DTL_FN_ID","1"
"2356","SR_LAYOUT_HEADER","SR_LAYOUT_HDR_PK","P","SR_LAYOUT_HEADER_ID","1"
"2357","SR_OBJECT_TYPE","SR_OBJECT_TYPE_PK","P","SR_OBJECT_TYPE_ID","1"
"2358","SR_OPTION_DETAIL","SR_OPTION_DTL_PK","P","SR_OPTION_DETAIL_ID","1"
"2359","SR_SHIPMENT_TIER_DTL","SR_SHP_TR_DTL_PK","P","SR_SHIPMENT_TIER_DTL_ID","1"
"2360","STABILIZATION_CODE","PK_STABILIZATION_CODE","P","STABILIZATION_CODE_ID","1"
"2361","STABILIZATION_CODE","UK_STABILIZATION_CODE","U","STAB_CODE","1"
"2362","STAGING_TRAC_CODG_SN","PK_STAGING_TRAC_CODG_SN","P","ID","1"
"2363","STATEMENT_MASK_TYPE","STMT_MSK_TYP_PK","U","MASK_TYPE_ID","1"
"2364","STATS_SNAPSHOT","SNAPSHOT_ID_PK","P","SNAPSHOT_ID","1"
"2365","STATS_SNAPSHOT","STATS_SNAPSHOT_UK","U","SNAPSHOT_START_TIME","1"
"2366","STATS_SNAPSHOT","STATS_SNAPSHOT_UK","U","MODULE_NAME","2"
"2367","STATS_SNAPSHOT","STATS_SNAPSHOT_UK","U","ENTITY_NAME","3"
"2368","STATS_SNAPSHOT","STATS_SNAPSHOT_UK","U","INSTANCE_NAME","4"
"2369","STATS_SNAPSHOT_EVENT","SNAPSHOT_EVENT_PK","P","SNAPSHOT_ID","1"
"2370","STATS_SNAPSHOT_EVENT","SNAPSHOT_EVENT_PK","P","EVENT_NAME","2"
"2371","STATS_SNAPSHOT_EVENT_DATA","SNAPSHOT_EVENT_DATA_PK","P","EVENT_DATA_ID","1"
"2372","STATS_SNAPSHOT_EVENT_DATA","STATS_SNAPSHOT_EVENT_DATA_UK","U","SNAPSHOT_ID","1"
"2373","STATS_SNAPSHOT_EVENT_DATA","STATS_SNAPSHOT_EVENT_DATA_UK","U","EVENT_NAME","2"
"2374","STATS_SNAPSHOT_EVENT_DATA","STATS_SNAPSHOT_EVENT_DATA_UK","U","EVENT_DATA","3"
"2375","STCC_CHAPTER","STCC_CHAPTER_PK","P","STCC_CHAPTER","1"
"2376","STCC_CODE","STCC_CODE_PK","P","STCC_CODE_ID","1"
"2377","STG_OFFSET_XREF","STG_OFFSET_XREF_PK","P","FORMAT_ID","1"
"2378","STG_OFFSET_XREF","STG_OFFSET_XREF_PK","P","STG_COL_NAME","2"
"2379","STOP","STOP_PK","P","SHIPMENT_ID","1"
"2380","STOP","STOP_PK","P","STOP_SEQ","2"
"2381","STOP_ACTION","STOP_ACTION_PK","P","SHIPMENT_ID","1"
"2382","STOP_ACTION","STOP_ACTION_PK","P","STOP_SEQ","2"
"2383","STOP_ACTION","STOP_ACTION_PK","P","STOP_ACTION_SEQ","3"
"2384","STOP_ACTION_ORDER","STOP_ACT_ORD_PK","P","STOP_ACTION_ORDER_ID","1"
"2385","STOP_ACTION_SHIPMENT","STOP_ACT_SHIPM_PK","P","SHIPMENT_ID","1"
"2386","STOP_ACTION_SHIPMENT","STOP_ACT_SHIPM_PK","P","STOP_SEQ","2"
"2387","STOP_ACTION_SHIPMENT","STOP_ACT_SHIPM_PK","P","STOP_ACTION_SEQ","3"
"2388","STOP_ACTION_TEMPLATE","STOP_ACTIONT_PK","P","SHIPMENT_ID","1"
"2389","STOP_ACTION_TEMPLATE","STOP_ACTIONT_PK","P","STOP_SEQ","2"
"2390","STOP_ACTION_TEMPLATE","STOP_ACTIONT_PK","P","STOP_ACTION_SEQ","3"
"2391","STOP_ADDITIONAL_SIZE","STOP_ADDTN_SIZE_PK","P","STOP_ADDITIONAL_SIZE_ID","1"
"2392","STOP_ADDITIONAL_SIZE","STOP_ADDTN_SIZE_UK","U","SHIPMENT_ID","1"
"2393","STOP_ADDITIONAL_SIZE","STOP_ADDTN_SIZE_UK","U","STOP_SEQ","2"
"2394","STOP_ADDITIONAL_SIZE","STOP_ADDTN_SIZE_UK","U","TC_COMPANY_ID","3"
"2395","STOP_ADDITIONAL_SIZE","STOP_ADDTN_SIZE_UK","U","COMMODITY_CLASS","4"
"2396","STOP_ADDITIONAL_SIZE","STOP_ADDTN_SIZE_UK","U","SIZE_UOM_ID","5"
"2397","STOP_ADDITIONAL_SIZE_TEMPLATE","STP_TEMP_ADDTN_SIZE_PK","P","STOP_ADDITIONAL_SIZE_ID","1"
"2398","STOP_ADDITIONAL_SIZE_TEMPLATE","STP_TEMP_ADDTN_SIZE_UK","U","SHIPMENT_ID","1"
"2399","STOP_ADDITIONAL_SIZE_TEMPLATE","STP_TEMP_ADDTN_SIZE_UK","U","STOP_SEQ","2"
"2400","STOP_ADDITIONAL_SIZE_TEMPLATE","STP_TEMP_ADDTN_SIZE_UK","U","TC_COMPANY_ID","3"
"2401","STOP_ADDITIONAL_SIZE_TEMPLATE","STP_TEMP_ADDTN_SIZE_UK","U","COMMODITY_CLASS","4"
"2402","STOP_ADDITIONAL_SIZE_TEMPLATE","STP_TEMP_ADDTN_SIZE_UK","U","SIZE_UOM_ID","5"
"2403","STOP_COMMODITY","STOP_COMMDTY_PK","P","SHIPMENT_ID","1"
"2404","STOP_COMMODITY","STOP_COMMDTY_PK","P","STOP_SEQ","2"
"2405","STOP_COMMODITY","STOP_COMMDTY_PK","P","COMMODITY_CLASS","3"
"2406","STOP_COMMODITY","STOP_COMMDTY_PK","P","SIZE_UOM_ID","4"
"2407","STOP_COMMODITY_TEMPLATE","STOPCOMMTMPL_PK","P","SHIPMENT_ID","1"
"2408","STOP_COMMODITY_TEMPLATE","STOPCOMMTMPL_PK","P","STOP_SEQ","2"
"2409","STOP_COMMODITY_TEMPLATE","STOPCOMMTMPL_PK","P","COMMODITY_CLASS","3"
"2410","STOP_COMMODITY_TEMPLATE","STOPCOMMTMPL_PK","P","SIZE_UOM_ID","4"
"2411","STOP_SCHED_ACTION","STOPSCHEDACT_PK","P","SHIPMENT_ID","1"
"2412","STOP_SCHED_ACTION","STOPSCHEDACT_PK","P","STOP_SEQ","2"
"2413","STOP_SCHED_ACTION","STOPSCHEDACT_PK","P","SCHED_EVENT_ID","3"
"2414","STOP_SIZE","STOP_SIZE_PK","P","STOP_SIZE_ID","1"
"2415","STOP_SIZE","STOP_SIZE_UK","U","SHIPMENT_ID","1"
"2416","STOP_SIZE","STOP_SIZE_UK","U","STOP_SEQ","2"
"2417","STOP_SIZE","STOP_SIZE_UK","U","TC_COMPANY_ID","3"
"2418","STOP_SIZE","STOP_SIZE_UK","U","COMMODITY_CLASS","4"
"2419","STOP_SIZE_TEMPLATE","STOP_TEMPLATE_SIZE_PK","P","STOP_SIZE_ID","1"
"2420","STOP_SIZE_TEMPLATE","STOP_TEMPLATE_SIZE_UK","U","SHIPMENT_ID","1"
"2421","STOP_SIZE_TEMPLATE","STOP_TEMPLATE_SIZE_UK","U","STOP_SEQ","2"
"2422","STOP_SIZE_TEMPLATE","STOP_TEMPLATE_SIZE_UK","U","TC_COMPANY_ID","3"
"2423","STOP_SIZE_TEMPLATE","STOP_TEMPLATE_SIZE_UK","U","COMMODITY_CLASS","4"
"2424","STOP_STATUS","STOP_STATUS_PK","P","STOP_STATUS","1"
"2425","STOP_TEMPLATE","STOPT_PK","P","SHIPMENT_ID","1"
"2426","STOP_TEMPLATE","STOPT_PK","P","STOP_SEQ","2"
"2427","STORE_PACK_LOCN_DTL","PK_STORE_PACK_LOCN_DTL","P","STORE_PACK_LOCN_DTL_ID","1"
"2428","STORE_PACK_LOCN_DTL","UK_STORE_PACK_LOCN_DTL","U","LOCN_ID","1"
"2429","STORE_PACK_LOCN_DTL","UK_STORE_PACK_LOCN_DTL","U","SEQ_NBR","2"
"2430","STORE_PACK_LOCN_HDR","PK_STORE_PACK_LOCN_HDR","P","STORE_PACK_LOCN_HDR_ID","1"
"2431","STORE_PACK_LOCN_HDR","UK_STORE_PACK_LOCN_HDR","U","LOCN_ID","1"
"2432","STORE_SKU_QLTY_MAP","STORE_SKU_QLTY_MA1","P","STORE_SKUQUALITY_MAP_ID","1"
"2433","STORE_SKU_SOURCE","STORE_SKU_PK","P","STORE_SKU_SOURCE_ID","1"
"2434","STORE_TYPE","STORE_TYPE_PK","P","STORE_TYPE_CODE","1"
"2435","SUBSTITUTION_LEVEL","PK_SUBSTITUT_LVL","P","SUBSTITUTION_LEVEL","1"
"2436","SUBSTITUTION_TYPE","PK_SUBSTITUT_TYPE","P","SUBSTITUTION_TYPE","1"
"2437","SUBSTITUTION_TYPE_CBO","PK_SUBSTITUTION","P","SUBSTITUTION_TYPE","1"
"2438","SUFFIX","SUFFIX_PK","P","SUFFIX_DESC","1"
"2439","SUMMARYCHART2_SP_AS_TMP","SUMMARYCHART2_SP_AS_TMP_PK","P","COLOR_ID","1"
"2440","SUPPLY_STATUS","SUPPLY_STATUS_PK","P","SUPPLY_STATUS","1"
"2441","SURE_POST_ADDRESS_DATA","SPD_ADDR_UNIQ","U","TC_COMPANY_ID","1"
"2442","SURE_POST_ADDRESS_DATA","SPD_ADDR_UNIQ","U","ORIGIN_FACILITY_ID","2"
"2443","SURE_POST_ADDRESS_DATA","SPD_ADDR_UNIQ","U","ADDRESS_TYPE","3"
"2444","SURE_POST_ADDRESS_DATA","SPD_ADDR_UNIQ","U","CONSIGNEE_ZIPCODE","4"
"2445","SURE_POST_ADDRESS_DATA","SPD_ADDR_UNIQ","U","EFFECTIVE_DATE","5"
"2446","SYSTEM_CODE","PK_SYSTEM_CODE","P","SYS_CODE_ID","1"
"2447","SYSTEM_CODE_DTL","PK_SYSTEM_CODE_DTL","P","SYS_CODE_DTL_ID","1"
"2448","SYS_EXPORT_FULL_01","SYS_C00151367","U","PROCESS_ORDER","1"
"2449","SYS_EXPORT_FULL_01","SYS_C00151367","U","DUPLICATE","2"
"2450","SYS_EXPORT_FULL_02","SYS_C00151602","U","PROCESS_ORDER","1"
"2451","SYS_EXPORT_FULL_02","SYS_C00151602","U","DUPLICATE","2"
"2452","SYS_EXPORT_FULL_03","SYS_C00153588","U","PROCESS_ORDER","1"
"2453","SYS_EXPORT_FULL_03","SYS_C00153588","U","DUPLICATE","2"
"2454","SYS_EXPORT_FULL_04","SYS_C00153821","U","PROCESS_ORDER","1"
"2455","SYS_EXPORT_FULL_04","SYS_C00153821","U","DUPLICATE","2"
"2456","SYS_EXPORT_FULL_05","SYS_C00155165","U","PROCESS_ORDER","1"
"2457","SYS_EXPORT_FULL_05","SYS_C00155165","U","DUPLICATE","2"
"2458","SYS_EXPORT_FULL_06","SYS_C00155281","U","PROCESS_ORDER","1"
"2459","SYS_EXPORT_FULL_06","SYS_C00155281","U","DUPLICATE","2"
"2460","SYS_EXPORT_FULL_07","SYS_C00155642","U","PROCESS_ORDER","1"
"2461","SYS_EXPORT_FULL_07","SYS_C00155642","U","DUPLICATE","2"
"2462","SYS_EXPORT_FULL_08","SYS_C00166455","U","PROCESS_ORDER","1"
"2463","SYS_EXPORT_FULL_08","SYS_C00166455","U","DUPLICATE","2"
"2464","SYS_EXPORT_FULL_09","SYS_C00174930","U","PROCESS_ORDER","1"
"2465","SYS_EXPORT_FULL_09","SYS_C00174930","U","DUPLICATE","2"
"2466","SYS_EXPORT_FULL_10","SYS_C00175071","U","PROCESS_ORDER","1"
"2467","SYS_EXPORT_FULL_10","SYS_C00175071","U","DUPLICATE","2"
"2468","SYS_EXPORT_FULL_11","SYS_C00186357","U","PROCESS_ORDER","1"
"2469","SYS_EXPORT_FULL_11","SYS_C00186357","U","DUPLICATE","2"
"2470","SYS_EXPORT_FULL_12","SYS_C00186491","U","PROCESS_ORDER","1"
"2471","SYS_EXPORT_FULL_12","SYS_C00186491","U","DUPLICATE","2"
"2472","SYS_EXPORT_FULL_13","SYS_C00203869","U","PROCESS_ORDER","1"
"2473","SYS_EXPORT_FULL_13","SYS_C00203869","U","DUPLICATE","2"
"2474","TASK_ACTION","PK_TASK_ACTION","P","TASK_ACTION_ID","1"
"2475","TASK_ACTION","UK_TASK_ACTION","U","WHSE","1"
"2476","TASK_ACTION","UK_TASK_ACTION","U","INVN_NEED_TYPE","2"
"2477","TASK_ACTION","UK_TASK_ACTION","U","TASK_TYPE","3"
"2478","TASK_ACTION","UK_TASK_ACTION","U","MENU_MODE","4"
"2479","TASK_ACTION","UK_TASK_ACTION","U","TASK_GRP","5"
"2480","TASK_ACTION","UK_TASK_ACTION","U","TRANSACTION_TYPE","6"
"2481","TASK_BATCH","PK_TASK_BATCH","P","TASK_BATCH_ID","1"
"2482","TASK_BATCH","UK_TASK_BATCH","U","WHSE","1"
"2483","TASK_BATCH","UK_TASK_BATCH","U","TASK_BATCH","2"
"2484","TASK_DTL","PK_TASK_DTL","P","TASK_DTL_ID","1"
"2485","TASK_DTL","UK_TASK_DTL","U","TASK_ID","1"
"2486","TASK_DTL","UK_TASK_DTL","U","TASK_SEQ_NBR","2"
"2487","TASK_GRP_ELGBLTY","PK_TASK_GRP_ELGBLTY","P","TASK_GRP_ELGBLTY_ID","1"
"2488","TASK_GRP_ELGBLTY","UK_TASK_GRP_ELGBLTY","U","WHSE","1"
"2489","TASK_GRP_ELGBLTY","UK_TASK_GRP_ELGBLTY","U","TASK_GRP","2"
"2490","TASK_GRP_ELGBLTY","UK_TASK_GRP_ELGBLTY","U","INVN_NEED_TYPE","3"
"2491","TASK_GRP_ELGBLTY","UK_TASK_GRP_ELGBLTY","U","TASK_TYPE","4"
"2492","TASK_GRP_ELGBLTY","UK_TASK_GRP_ELGBLTY","U","WORK_GRP","5"
"2493","TASK_GRP_ELGBLTY","UK_TASK_GRP_ELGBLTY","U","WORK_AREA","6"
"2494","TASK_GRP_EQUIP_ELGBLTY","PK_TASK_GRP_EQUIP_ELGBLTY","P","TASK_GRP_EQUIP_ELGBLTY_ID","1"
"2495","TASK_GRP_EQUIP_ELGBLTY","UK_TASK_GRP_EQUIP_ELGBLTY","U","WHSE","1"
"2496","TASK_GRP_EQUIP_ELGBLTY","UK_TASK_GRP_EQUIP_ELGBLTY","U","TASK_GRP","2"
"2497","TASK_GRP_EQUIP_ELGBLTY","UK_TASK_GRP_EQUIP_ELGBLTY","U","EQUIPMENT_CODE","3"
"2498","TASK_HDR","PK_TASK_HDR","P","TASK_HDR_ID","1"
"2499","TASK_HDR","UK_TASK_HDR","U","TASK_ID","1"
"2500","TASK_PARM","PK_TASK_PARM","P","TASK_PARM_ID","1"
"2501","TASK_PRTY_DETRM","PK_TASK_PRTY_DETRM","P","TASK_PRTY_DETRM_ID","1"
"2502","TASK_PRTY_DETRM","UK_TASK_PRTY_DETRM","U","WHSE","1"
"2503","TASK_PRTY_DETRM","UK_TASK_PRTY_DETRM","U","TASK_TYPE","2"
"2504","TASK_PRTY_DETRM","UK_TASK_PRTY_DETRM","U","INVN_NEED_TYPE","3"
"2505","TASK_PRTY_DETRM","UK_TASK_PRTY_DETRM","U","CURR_TASK_PRTY","4"
"2506","TASK_PRTY_DETRM","UK_TASK_PRTY_DETRM","U","DURTN_SINCE_TASK_START_TIME","5"
"2507","TASK_PRT_SORT_DTL","PK_TASK_PRT_SORT_DTL","P","TASK_PRT_SORT_DTL_ID","1"
"2508","TASK_PRT_SORT_DTL","UK_TASK_PRT_SORT_DTL","U","RULE_ID","1"
"2509","TASK_PRT_SORT_DTL","UK_TASK_PRT_SORT_DTL","U","SORT_SEQ_NBR","2"
"2510","TASK_RLS_DETRM","PK_TASK_RLS_DETRM","P","TASK_RLS_DETRM_ID","1"
"2511","TASK_RULE_PARM","PK_TASK_RULE_PARM","P","TASK_RULE_PARM_ID","1"
"2512","TASK_RULE_PARM","UK_TASK_RULE_PARM","U","TASK_PARM_ID","1"
"2513","TASK_RULE_PARM","UK_TASK_RULE_PARM","U","RULE_ID","2"
"2514","TAX_BAND","TAX_BAND_PK","P","TC_COMPANY_ID","1"
"2515","TAX_BAND","TAX_BAND_PK","P","NAME","2"
"2516","TAX_BAND","TAX_BAND_PK","P","COUNTRY_CODE","3"
"2517","TAX_BAND_DETAIL","TAXBANDDTL_PK","P","TC_COMPANY_ID","1"
"2518","TAX_BAND_DETAIL","TAXBANDDTL_PK","P","NAME","2"
"2519","TAX_BAND_DETAIL","TAXBANDDTL_PK","P","TAX_BAND_DETAIL_ID","3"
"2520","TC_GEN_ID_RULES","TC_GENIR_PK","P","TC_COMPANY_ID","1"
"2521","TEMP2_SLOT_ITEM","PK_TEMP2_SLOT_ITEM","P","SLOTITEM_ID","1"
"2522","TEMP_SLOT_ITEM","PK_TEMP_SLOT_ITEM","P","SLOTITEM_ID","1"
"2523","TERMDICTIONARY","PK_TERMDICTIONARY","P","NAMESPACE","1"
"2524","TERMDICTIONARY","PK_TERMDICTIONARY","P","ID","2"
"2525","TERMDICTIONARY","PK_TERMDICTIONARY","P","LANGUAGE","3"
"2526","TERMDICTIONARY","PK_TERMDICTIONARY","P","ENTERPRISEID","4"
"2527","TEXTREPOSITORY","PK_TEXTREPOSITORY","P","NAMESPACE","1"
"2528","TEXTREPOSITORY","PK_TEXTREPOSITORY","P","ID","2"
"2529","TEXTREPOSITORY","PK_TEXTREPOSITORY","P","LANGUAGE","3"
"2530","TEXTREPOSITORY","PK_TEXTREPOSITORY","P","ENTERPRISEID","4"
"2531","TEXTREPOSITORYGROUPS","PK_TEXTREPOSITORYGROUPS","P","GROUPNAMESPACE","1"
"2532","TEXTREPOSITORYGROUPS","PK_TEXTREPOSITORYGROUPS","P","GROUPID","2"
"2533","TEXTREPOSITORYGROUPXREF","PK_TEXTREPOSITORYGROUPXREF","P","GROUPNAMESPACE","1"
"2534","TEXTREPOSITORYGROUPXREF","PK_TEXTREPOSITORYGROUPXREF","P","GROUPID","2"
"2535","TEXTREPOSITORYGROUPXREF","PK_TEXTREPOSITORYGROUPXREF","P","NAMESPACE","3"
"2536","TEXTREPOSITORYGROUPXREF","PK_TEXTREPOSITORYGROUPXREF","P","ID","4"
"2537","TEXTREPOSITORYKEYS","PK_TEXTREPOSITORYKEYS","P","TEXTKEY","1"
"2538","TEXTSUBSTITUTIONALIASES","PK_TEXTSUBSTITUTIONALIASES","P","NAMESPACE","1"
"2539","TEXTSUBSTITUTIONALIASES","PK_TEXTSUBSTITUTIONALIASES","P","ID","2"
"2540","TEXTSUBSTITUTIONALIASES","PK_TEXTSUBSTITUTIONALIASES","P","ALIAS","3"
"2541","TF_PENALTY","TF_PENALTY_PK","P","TF_PENALTY_ID","1"
"2542","TF_PENALTY_GROUP_FACILITY","TF_PENALTY_GRP_FAC_PK","P","TC_COMPANY_ID","1"
"2543","TF_PENALTY_GROUP_FACILITY","TF_PENALTY_GRP_FAC_PK","P","FACILITY_ID","2"
"2544","TF_SHIPMENT_CONFIG","UNIQUE_CONFIGURATION_FIELD","U","COMPANY_ID","1"
"2545","TF_SHIPMENT_CONFIG","UNIQUE_CONFIGURATION_FIELD","U","CONFIGURATION_FIELD","2"
"2546","THEME_CUSTOM_USER_TYPE","THEME_CUSTOM_USER_TYPE_PK","P","THEME_CUSTOM_USER_TYPE_ID","1"
"2547","THEME_CUSTOM_USER_TYPE","THEME_CUSTOM_USER_TYPE_UK1","U","CUSTOM_USER_TYPE","1"
"2548","THEME_DATA","THEME_DATA_NAME_UK1","U","THEME_NAME","1"
"2549","THEME_DATA","THEME_DATA_PK","P","THEME_DATA_ID","1"
"2550","THEME_MANAGER","THEME_MANAGER_PK","P","THEME_MANAGER_ID","1"
"2551","THEME_MANAGER","THEME_MANAGER_UK","U","THEME_DATA_ID","1"
"2552","THEME_MANAGER","THEME_MANAGER_UK","U","CUSTOM_USER_ID","2"
"2553","THEME_MANAGER","THEME_MANAGER_UK","U","THEME_CUSTOM_USER_TYPE_ID","3"
"2554","THEME_MANAGER","THEME_MANAGER_UK","U","COMPANY_ID","4"
"2555","THEME_REPOSITORY_TYPE","THEME_REPOSITORY_TYPE_PK","P","THEME_REPOSITORY_TYPE_ID","1"
"2556","THEME_REPOSITORY_TYPE","THEME_REPOSITORY_TYPE_UK1","U","REPOSITORY_NAME","1"
"2557","THEME_RESOURCE","THEME_RESOURCE_PK","P","THEME_RESOURCE_ID","1"
"2558","THEME_RESOURCE","THEME_RESOURCE_UK","U","RESOURCE_NAME","1"
"2559","THEME_RESOURCE_TYPE","THEME_RESOURCE_TYPE_NAME","U","TYPE_NAME","1"
"2560","THEME_RESOURCE_TYPE","THEME_RESOURCE_TYPE_PK","P","THEME_RESOURCE_TYPE_ID","1"
"2561","THEME_SECTION","THEME_SECTION_PK","P","THEME_SECTION_ID","1"
"2562","THEME_SECTION","THEME_SECTION_UK1","U","THEME_DATA_ID","1"
"2563","THEME_SECTION","THEME_SECTION_UK1","U","SECTION_NAME","2"
"2564","THEME_TYPE","THEME_TYPE_NAME","U","NAME","1"
"2565","THEME_TYPE","THEME_TYPE_PK","P","THEME_TYPE_ID","1"
"2566","THREAD_CONFIG","THREAD_CONFIG_PK","P","THREAD_CONFIG_ID","1"
"2567","TIME_FEAS_CALC","TIME_FEASC_PK","P","TIME_FEAS_CALC","1"
"2568","TMP_ACT_TRK_LPNS","SYS_C0063184","P","LPN_ID","1"
"2569","TMP_AGGREGATION_LINE_GROUPS","TMP_AGGR_LINE_GROUPS_IND_1","P","REFERENCE_ORDER_ID","1"
"2570","TMP_AGGREGATION_LINE_GROUPS","TMP_AGGR_LINE_GROUPS_IND_1","P","LINE_GROUP_NUM","2"
"2571","TMP_AGGREGATION_ORDERS","TMP_AGGR_ORDERS_IND_1","P","ORDER_ID","1"
"2572","TMP_AGGREGATION_ORDER_GROUPS","TMP_AGGR_ORDER_GROUPS_IND_1","P","ORDER_GROUP_NUM","1"
"2573","TMP_DEALLOC_OLI","PK_TMP_DEALLOC_OLI","P","ORDER_ID","1"
"2574","TMP_DEALLOC_OLI","PK_TMP_DEALLOC_OLI","P","LINE_ITEM_ID","2"
"2575","TMP_HN_HDR_ID","TMP_HN_HDR_ID_PK","P","HN_HDR_ID","1"
"2576","TMP_INVC_LPN_LIST","SYS_C0063196","P","LPN_ID","1"
"2577","TMP_INVC_LPN_MASTR_LIST","SYS_C0063195","P","LPN_ID","1"
"2578","TMP_INVC_ORDER_LIST","SYS_C0063200","P","ORDER_ID","1"
"2579","TMP_INVC_ORDER_MASTR_LIST","SYS_C0063194","P","ORDER_ID","1"
"2580","TMP_INVC_ORIG_OLI","PK_TMP_INVC_ORIG_OLI","P","ORDER_ID","1"
"2581","TMP_INVC_ORIG_OLI","PK_TMP_INVC_ORIG_OLI","P","LINE_ITEM_ID","2"
"2582","TMP_LINE_ITEM","PK_TMP_LINE_ITEM","P","ORDER_ID","1"
"2583","TMP_LINE_ITEM","PK_TMP_LINE_ITEM","P","ORDER_SPLIT_ID","2"
"2584","TMP_LINE_ITEM","PK_TMP_LINE_ITEM","P","LINE_ITEM_ID","3"
"2585","TMP_LPN","PK_TMP_LPN","P","LPN_ID","1"
"2586","TMP_LPN_ACTUAL_QTY","SYS_C0063182","P","TC_LPN_ID","1"
"2587","TMP_LPN_ALLOCATED_QTY","SYS_C0063183","P","TC_LPN_ID","1"
"2588","TMP_LPN_DTL","TMP_LPN_DTL_PK","P","LPN_ID","1"
"2589","TMP_LPN_DTL","TMP_LPN_DTL_PK","P","ITEM_ID","2"
"2590","TMP_LPN_LIST","SYS_C0063186","P","LPN_ID","1"
"2591","TMP_OLD_ORD_STATUS","SYS_C0062855","P","ORDER_ID","1"
"2592","TMP_OLI_CNTR_TYPE","TMP_OLI_CNTR_TYPE_PK","P","ALLOC_INVN_DTL_ID","1"
"2593","TMP_OLI_SPLITS","UK_TMP_OLI_SPLITS","U","ORDER_ID","1"
"2594","TMP_OLI_SPLITS","UK_TMP_OLI_SPLITS","U","LINE_ITEM_ID","2"
"2595","TMP_OLI_SPLITS","UK_TMP_OLI_SPLITS","U","ORDER_SPLIT_ID","3"
"2596","TMP_ORDER","PK_TMP_ORDER","P","ORDER_ID","1"
"2597","TMP_ORDER","PK_TMP_ORDER","P","ORDER_SPLIT_ID","2"
"2598","TMP_ORDERS","TMP_ORDERS_PK","P","ORDER_ID","1"
"2599","TMP_ORDERS_MASTER","TMP_ORDERS_MASTER_PK","P","ORDER_ID","1"
"2600","TMP_ORDERS_MASTER","TMP_ORDERS_MASTER_PK","P","ORDER_SPLIT_ID","2"
"2601","TMP_ORDER_SPLITS_MASTER","UK_TMP_ORDER_SPLITS_MASTER","U","ORDER_ID","1"
"2602","TMP_ORDER_SPLITS_MASTER","UK_TMP_ORDER_SPLITS_MASTER","U","ORDER_SPLIT_ID","2"
"2603","TMP_ORDER_SPLITS_SCRATCH","UK_TMP_ORDER_SPLITS_SCRATCH","U","ORDER_ID","1"
"2604","TMP_ORDER_SPLITS_SCRATCH","UK_TMP_ORDER_SPLITS_SCRATCH","U","ORDER_SPLIT_ID","2"
"2605","TMP_ORIG_OLI_QTY","SYS_C0062860","P","LINE_ITEM_ID","1"
"2606","TMP_PACK_MOP_LPN_DTLS","TMP_PACK_MOP_LPN_DTLS_PK","P","ALLOC_INVN_DTL_ID","1"
"2607","TMP_PACK_WAVE_SELECTED_CHUTES","PK_TMP_PW_CHUTES","P","CHUTE_ROW_ID","1"
"2608","TMP_PACK_WAVE_SELECTED_LPNS","PK_TMP_PW_LPNS","P","LPN_ID","1"
"2609","TMP_PCK_SHRT_ITEM","PK_TMP_PCK_SHRT_ITEM","P","LPN_ID","1"
"2610","TMP_PCK_SHRT_ITEM","PK_TMP_PCK_SHRT_ITEM","P","LPN_DETAIL_ID","2"
"2611","TMP_PLANNED_ORDERS","PK_TMP_PLANNED_ORDERS","P","ORDER_ID","1"
"2612","TMP_PLANNED_ORDERS","PK_TMP_PLANNED_ORDERS","P","ORDER_SPLIT_ID","2"
"2613","TMP_PLANNED_ORDER_SPLITS","PK_TMP_PLANNED_ORDER_SPLITS","P","ORDER_ID","1"
"2614","TMP_PLANNED_ORDER_SPLITS","PK_TMP_PLANNED_ORDER_SPLITS","P","ORDER_SPLIT_ID","2"
"2615","TMP_PW_ASSIGNED_LPNS","PK_TMP_PW_ASSIGNED_LPNS","P","LPN_ID","1"
"2616","TMP_REFACTORED_LPN_DTLS","PK_TMP_REFACTORED_LPN_DTLS","P","LPN_ID","1"
"2617","TMP_REFACTORED_LPN_DTLS","PK_TMP_REFACTORED_LPN_DTLS","P","NEW_LD_ID","2"
"2618","TMP_REFACTORED_LPN_DTLS","UK_TMP_REFACTORED_LPN_DTLS","U","LPN_ID","1"
"2619","TMP_REFACTORED_LPN_DTLS","UK_TMP_REFACTORED_LPN_DTLS","U","GRP_LD_ID","2"
"2620","TMP_REFACTORED_LPN_DTLS","UK_TMP_REFACTORED_LPN_DTLS","U","ORIG_OLI_ID","3"
"2621","TMP_SPLA_ATTR_GROUPS","PK_TMP_SPLA_ATTR_GROUPS","P","ATTR_GROUP_NUM","1"
"2622","TMP_SPLA_SELECTED_ORDERS","PK_TMP_SPLA_SELECTED_ORDERS","P","ORDER_ID","1"
"2623","TMP_SPLA_SELECTED_ORDERS","PK_TMP_SPLA_SELECTED_ORDERS","P","LINE_ITEM_ID","2"
"2624","TMP_STOP_ACTION","PK_TMP_STOP_ACTION","P","SHIPMENT_ID","1"
"2625","TMP_STOP_ACTION","PK_TMP_STOP_ACTION","P","STOP_SEQ","2"
"2626","TMP_STOP_PRE_UNASSIGN","UK_TMP_STOP_PRE_UNASSIGN","U","SHIPMENT_ID","1"
"2627","TMP_STOP_PRE_UNASSIGN","UK_TMP_STOP_PRE_UNASSIGN","U","STOP_SEQ","2"
"2628","TMP_STORE_MASTER","SYS_C0063185","P","D_FACILITY_ID","1"
"2629","TMP_TASK_CREATION_LM_TASK_DTLS","PK_TMP_TASK_LM_TASK_DTLS","P","TASK_ID","1"
"2630","TMP_TASK_CREATION_LM_TASK_DTLS","PK_TMP_TASK_LM_TASK_DTLS","P","TASK_SEQ_NBR","2"
"2631","TMP_TASK_CREATION_SELECTED_AID","SYS_C0063178","P","ALLOC_INVN_DTL_ID","1"
"2632","TMP_TASK_CREATION_TASK_SEQ_NBR","SYS_C0063179","P","ID","1"
"2633","TMP_TASK_LPN_MIN_LOCN_SEQ","SYS_C0063181","P","CARTON_NBR","1"
"2634","TMP_UNDO_INITIATE_ORDER_DTLS","TMP_UNDO_INITIATE_ORDER_DTL_PK","P","ORDER_ID","1"
"2635","TMP_UNDO_INITIATE_ORDER_DTLS","TMP_UNDO_INITIATE_ORDER_DTL_PK","P","LINE_ITEM_ID","2"
"2636","TMP_UNLOADED_LPNS","TMP_UNLOADED_LPNS_PK","P","LPN_ID","1"
"2637","TMP_UNPLAN_SPLITS","UK_TMP_UNPLAN_SPLITS","U","ORDER_ID","1"
"2638","TMP_UNPLAN_SPLITS","UK_TMP_UNPLAN_SPLITS","U","ORDER_SPLIT_ID","2"
"2639","TMP_VARIANCE_LPNS","SYS_C0063187","P","LPN_ID","1"
"2640","TMP_WAVE_GROUP_REJECTED_ITEMS","PK_TMP_WAVE_GROUP_REJ_ITEMS","P","ITEM_ID","1"
"2641","TMP_WAVE_GROUP_REJECTED_ORDERS","PK_TMP_WAVE_GROUP_REJ_ORDERS","P","ORDER_ID","1"
"2642","TMP_WAVE_GROUP_REJECTED_SWCS","PK_TMP_WAVE_GROUP_REJ_SWCS","P","SHIP_GROUP_ID","1"
"2643","TMP_WAVE_OLD_ORDER_STATUS","SYS_C0062872","P","ORDER_ID","1"
"2644","TMP_WAVE_PREPACK_COMPONENTS","PK_TMP_WAVE_SEL_PPACKS","P","ORDER_ID","1"
"2645","TMP_WAVE_PREPACK_COMPONENTS","PK_TMP_WAVE_SEL_PPACKS","P","LINE_ITEM_ID","2"
"2646","TMP_WAVE_PREPACK_COMPONENTS","PK_TMP_WAVE_SEL_PPACKS","P","SEQ_NBR","3"
"2647","TMP_WAVE_REJECTED_LINES","PK_TMP_WAVE_SEL_REJ_LINES","P","ORDER_ID","1"
"2648","TMP_WAVE_REJECTED_LINES","PK_TMP_WAVE_SEL_REJ_LINES","P","LINE_ITEM_ID","2"
"2649","TMP_WAVE_SELECTED_ORDERS","PK_TMP_WAVE_SEL_ORDERS","P","ORDER_ID","1"
"2650","TMP_WAVE_SELECTED_ORDERS","PK_TMP_WAVE_SEL_ORDERS","P","LINE_ITEM_ID","2"
"2651","TMP_WAVE_TE_SELECTED_SHPMTS","TMP_WAVE_TE_SELECTED_SHPMTS_PK","P","ORDER_SPLIT_ID","1"
"2652","TPE_RULE_DTL","TPE_RULE_DTL_PK","P","TPE_RULE_SET_ID","1"
"2653","TPE_RULE_DTL","TPE_RULE_DTL_PK","P","TPE_RULE_ID","2"
"2654","TPE_RULE_DTL","TPE_RULE_DTL_PK","P","TPE_RULE_DTL_ID","3"
"2655","TPM_CONFIGURATION","TPM_CONFIG_PK","P","MODULE","1"
"2656","TPM_CONFIGURATION","TPM_CONFIG_PK","P","PROCESS","2"
"2657","TPM_CONFIGURATION","TPM_CONFIG_PK","P","RULE","3"
"2658","TPM_CONFIGURATION_DETAIL","TPM_CONFIG_DTL_PK","P","RULE","1"
"2659","TPM_CONFIGURATION_DETAIL","TPM_CONFIG_DTL_PK","P","OBJECT","2"
"2660","TPM_CONFIGURATION_DETAIL","TPM_CONFIG_DTL_PK","P","PARAMETER","3"
"2661","TRACKING_MESSAGE","TRACKING_MESSAGE_PK1","P","TRACKING_MSG_ID","1"
"2662","TRACKING_VENDORS","EXT_TRACKING_VENDOR_PK","P","VENDOR_ID","1"
"2663","TRAILER_CONTENTS","PK_TRLR_CNTNTS_TRLR_CNTNTS_ID","P","TRAILER_CONTENTS_ID","1"
"2664","TRAILER_REF","PK_TRAILER_REF_TRAILER_ID","P","TRAILER_ID","1"
"2665","TRAILER_VISIT","PK_TRAILER_VISIT","P","VISIT_ID","1"
"2666","TRAILER_VISIT_DETAIL","PK_TLR_VST_DTL_VISIT_DETAIL_ID","P","VISIT_DETAIL_ID","1"
"2667","TRANSPORT_ENV","PK_TRANSPORT_ENV","P","TRANSPORT_ENV_ID","1"
"2668","TRANSPORT_SET","PK_TRANSPORT_SET","P","TRANSPORT_SET_ID","1"
"2669","TRANSPORT_TABLE","PK_TRANSPORT_TABLE","P","TRANSPORT_TABLE_ID","1"
"2670","TRANS_ITEM","PK_TRANS_ITEM","P","SKU_ID","1"
"2671","TRANS_QUERY","PK_TRANS_QUERY","P","TRANS_QUERY_ID","1"
"2672","TRANS_QUERY","UK_TRANS_QUERY","U","TRAN_ID","1"
"2673","TRANS_RESP_CODE","TRANS_RCODE_PK","P","TRANS_RESP_CODE","1"
"2674","TRANS_SLOT","PK_TRANS_SLOT","P","SLOT_ID","1"
"2675","TRANS_SLOT_ITEM","PK_TRANS_SLOT_ITEM","P","SLOTITEM_ID","1"
"2676","TRAN_LOG_RULE","TRAN_LOG_RULE_PK","P","RULE_NAME","1"
"2677","TRAN_LOG_RULE","TRAN_LOG_RULE_PK","P","RULE_SEQ","2"
"2678","TRAN_MASTER","PK_TRAN_MASTER","P","TRAN_MASTER_ID","1"
"2679","TRAN_MASTER","UK_TRAN_MASTER","U","TRAN_ID","1"
"2680","TRAN_MASTER_PARM","PKTRAN_MASTER_PARM","P","TRAN_MASTER_PARM_ID","1"
"2681","TRAN_PARM","PK_TRAN_PARM","P","TRAN_PARM_ID","1"
"2682","TRAN_PARM","UK_TRAN_PARM","U","PGM_ID","1"
"2683","TRAN_PARM","UK_TRAN_PARM","U","FROM_POSN","2"
"2684","TRAN_ROLE","PK_TRAN_ROLE","P","TRAN_ROLE_ID","1"
"2685","TRAN_ROLE","UK_TRAN_ROLE","U","TRAN_ID","1"
"2686","TRAN_ROLE","UK_TRAN_ROLE","U","ROLE_ID","2"
"2687","TRAVEL_AISLE_CONFIG","PK_TRAVEL_AISLE_CONFIG","P","TRAVEL_AISLE_CONFIG_ID","1"
"2688","TRAVEL_PLAN_ACTIVITY_TYPE","TRAVEL_PLAN_PK","P","TRAVEL_PLAN_ACTIVITY_TYPE_ID","1"
"2689","TREE_DTL","PK_TREE_DTL","P","NODE_ID","1"
"2690","TT_TBLOUTPUT","TT_TBLOUTPUT_PK","P","COLOR_ID","1"
"2691","TT_TBLOUTPUT2","PK_TT_TBLOUTPUT2","P","COLOR_ID","1"
"2692","TXN_MASTER","PK_TXN_MASTER","P","TXN_ID","1"
"2693","T_SYS_QUEUEERROR","PK_GUID","P","GUID","1"
"2694","T_SYS_QUEUEERROR","UQ_T_SYS_QUEUEERROR","U","MSG_ID","1"
"2695","T_SYS_QUEUEERROR","UQ_T_SYS_QUEUEERROR","U","MSG_TYPE","2"
"2696","UI_CONTROL_TYPE","UI_CONT_TYPE_PK","P","CONTROL_TYPE_ID","1"
"2697","UI_CU_DATA_TYPE","UI_CU_DATA_TYPE_PK","P","DATA_TYPE_ID","1"
"2698","UI_CU_OBJECT_TYPE","UI_CU_OBJECT_TYPE_PK","P","OBJECT_TYPE_ID","1"
"2699","UI_CU_PARM_DEF","UI_CU_PAR_DEF_PK","P","PARAM_DEF_ID","1"
"2700","UI_CU_PARM_GROUP","UI_CU_PARM_GRP_PK","P","PARAM_GROUP_ID","1"
"2701","UI_CU_PARM_SUBGRP","UI_CU_PAR_SUBGRP_PK","P","PARAM_SUBGROUP_ID","1"
"2702","UI_CU_PRODUCT","UI_CU_PROD_PK","P","PRODUCT_ID","1"
"2703","UI_CU_UIBEHARTYPE","UI_CU_UIBEH_PK","P","UI_BEHAVIOR_TYPE_ID","1"
"2704","UI_CU_USER_PARAM","UI_CU_USER_PARAM_PK","P","USER_PARAM_ID","1"
"2705","UI_CU_USER_PARVAL","UI_CU_USER_PARVAL_PK","P","USER_PARAM_VAL_ID","1"
"2706","UI_ELEMENT_TYPE","PK_UI_ELEMENT_TYPE","P","UI_ELEMENT_TYPE_ID","1"
"2707","UI_ELEMENT_TYPE","UK_UI_ELEMENT_TYPE","U","ELEMENT_ID","1"
"2708","UI_MENU","UI_MENU_PK","P","MENU_ID","1"
"2709","UI_MENU_ITEM","UI_MENU_ITEM_PK","P","UI_MENU_ITEM_ID","1"
"2710","UI_MENU_ITEM_PERMISSION","UI_MEN_ITE_PERM_PK","P","UI_MENU_ITEM_PERMISSION_ID","1"
"2711","UI_MENU_SCREEN","UI_MENU_SCR_PK","P","UI_MENU_SCREEN_ID","1"
"2712","UI_ROLLUP_CELL","PK_UI_ROLLUP_CELL","P","ID","1"
"2713","UI_ROLLUP_CELL_RATING_XREF","PK_UI_ROLLUP_CELL_RATING_XREF","P","ID","1"
"2714","UI_ROLLUP_GROUP","PK_UI_ROLLUP_GROUP","P","ID","1"
"2715","UI_ROLLUP_GROUP_ROW_XREF","PK_UI_ROLLUP_GROUP_ROW_XREF","P","ID","1"
"2716","UI_ROLLUP_RATING","PK_UI_ROLLUP_RATING","P","ID","1"
"2717","UI_ROLLUP_ROW","PK_UI_ROLLUP_ROW","P","ID","1"
"2718","UI_ROLLUP_ROW_CELL_XREF","PK_UI_ROLLUP_ROW_CELL_XREF","P","ID","1"
"2719","UI_ROLLUP_SCREEN","PK_UI_ROLLUP_SCREEN","P","ID","1"
"2720","UI_ROLLUP_SCREEN_GROUP_XREF","PK_UI_ROLLUP_SCREEN_GROUP_XREF","P","ID","1"
"2721","UI_TYPE","UI_TYPE_PK","P","UI_TYPE","1"
"2722","UI_VALIDATION_MASK","UI_VALID_MASK_PK","P","VALIDATION_TYPE_ID","1"
"2723","UI_VIEWCOMPANYCTRL","UI_VIEWCOMPANY_PK","P","UI_VIEWCUSTOMCONTROL_ID","1"
"2724","UI_VIEWCUSTCONTROLMD","UI_VIEWCUSCON_PK","P","UI_VIEWCUSTOMCONTROL_ID","1"
"2725","UI_VIEWFIELDMETADATA","UI_VIEWFIELDMET_PK","P","VIEWFIELDMETADATA_ID","1"
"2726","UI_VIEWMENUMETADATA","UI_VIEWMENUMET_PK","P","VIEWMENUMETADATA_ID","1"
"2727","UI_VIEWPANELMETADATA","UI_VIEWPANEL_PK","P","VIEWPANELMETADATA_ID","1"
"2728","UNIQUE_IDS","PK_UNIQUE_IDS","P","REC_TYPE","1"
"2729","UNIQUE_IDS","PK_UNIQUE_IDS","P","WHSE_CODE","2"
"2730","UN_ASSIGNED_APPT_OBJECT","UN_ASSIGNED_APPT_OBJECT_PK","P","APPT_OBJECT_PK_ID","1"
"2731","UOM_CONV","PK_UOM_CONV","P","UOM_CONV_ID","1"
"2732","UOM_CONV","UK_UOM_CONV","U","FROM_UOM","1"
"2733","UOM_CONV","UK_UOM_CONV","U","TO_UOM","2"
"2734","UPS_DDU_DATA","UPS_DDU_DATA_PK","P","SERVICE_LEVEL","1"
"2735","UPS_DDU_DATA","UPS_DDU_DATA_PK","P","DATE_EFF","2"
"2736","UPS_DDU_DATA","UPS_DDU_DATA_PK","P","ZIP","3"
"2737","UPS_EMT_UPLOAD_RPT","PK_UPS_EMT_UPLOAD_RPT","P","UPS_EMT_UPLOAD_RPT_ID","1"
"2738","UPS_LANE_DATA","UPS_LANE_DATA_PK","P","FROM_ZIP","1"
"2739","UPS_LANE_DATA","UPS_LANE_DATA_PK","P","TO_ZIP","2"
"2740","URI_TYPE","URI_TYPE_PK","P","URI_TYPE_ID","1"
"2741","USER_ACCESS","PK_USER_ACCESS","P","USER_ACCESS_ID","1"
"2742","USER_ACCESS","UK_USER_ACCESS","U","JOB_NBR","1"
"2743","USER_AUDIT_EVENT_GTK","SYS_C0062950","P","SEQ_USER_AUDIT_EVENT_GTK_ID","1"
"2744","USER_NAVIGATION","USERNAV_ID_PK","P","USER_NAVIGATION_ID","1"
"2745","USER_PROFILE","PK_USER_PROFILE","P","USER_PROFILE_ID","1"
"2746","USER_PROFILE","UK_USER_PROFILE","U","LOGIN_USER_ID","1"
"2747","USER_PROFILE_XREF","PK_USER_PROFILE_XREF","P","USER_PROFILE_XREF_ID","1"
"2748","USER_RANGE_XREF","PK_USER_RANGE_XREF","P","USER_RANGE_XREF_ID","1"
"2749","USER_SECURITY_CONTEXT","PK_USER_SECURITY_CONTEXT","P","SECURITY_CONTEXT_ID","1"
"2750","USER_SYS_PREF","PK_USER_SYS_PREF","P","USER_SYS_PREF_ID","1"
"2751","USER_SYS_PREF","UK_USER_SYS_PREF","U","LOGIN_USER_ID","1"
"2752","USER_SYS_PREF","UK_USER_SYS_PREF","U","SYS_PREF_ID","2"
"2753","USER_SYS_PREF","UK_USER_SYS_PREF","U","SEQ_NBR","3"
"2754","USER_TASK_GRP","PK_USER_TASK_GRP","P","USER_TASK_GRP_ID","1"
"2755","VAL_EXPECTED_RESULTS","PK_VAL_EXPECTED_RESULTS","P","VAL_JOB_DTL_ID","1"
"2756","VAL_EXPECTED_RESULTS","PK_VAL_EXPECTED_RESULTS","P","ROW_NUM","2"
"2757","VAL_EXPECTED_RESULTS","PK_VAL_EXPECTED_RESULTS","P","POS","3"
"2758","VAL_JOB_DTL","PK_VAL_JOB_DTL","P","VAL_JOB_DTL_ID","1"
"2759","VAL_JOB_HDR","PK_VAL_JOB_HDR","P","VAL_JOB_HDR_ID","1"
"2760","VAL_JOB_HDR","UK_VAL_JOB_HDR","U","JOB_NAME","1"
"2761","VAL_JOB_SEQ","PK_VAL_JOB_SEQ","P","APP_HOOK","1"
"2762","VAL_JOB_SEQ","PK_VAL_JOB_SEQ","P","PGM_ID","2"
"2763","VAL_JOB_SEQ","PK_VAL_JOB_SEQ","P","SEQ_NBR","3"
"2764","VAL_JOB_TAGS","PK_VAL_JOB_TAGS","P","TYPE","1"
"2765","VAL_JOB_TAGS","PK_VAL_JOB_TAGS","P","TAG","2"
"2766","VAL_JOB_TAGS","PK_VAL_JOB_TAGS","P","VAL_JOB_HDR_ID","3"
"2767","VAL_PARSED_SELECT_LIST","PK_VPSL","P","SQL_ID","1"
"2768","VAL_PARSED_SELECT_LIST","PK_VPSL","P","POS","2"
"2769","VAL_RESULT_HIST","PK_VAL_RESULT_HIST","P","TXN_ID","1"
"2770","VAL_RESULT_HIST","PK_VAL_RESULT_HIST","P","VAL_JOB_DTL_ID","2"
"2771","VAL_RUNTIME_BINDS","PK_VAL_RUNTIME_BINDS","P","TXN_ID","1"
"2772","VAL_RUNTIME_BINDS","PK_VAL_RUNTIME_BINDS","P","VAL_JOB_DTL_ID","2"
"2773","VAL_RUNTIME_BINDS","PK_VAL_RUNTIME_BINDS","P","BIND_VAR","3"
"2774","VAL_SQL","PK_VAL_SQL","P","SQL_ID","1"
"2775","VAL_SQL","UK_VAL_SQL","U","IDENT","1"
"2776","VAL_SQL_BINDS","PK_VAL_SQL_BINDS","P","VAL_JOB_DTL_ID","1"
"2777","VAL_SQL_BINDS","PK_VAL_SQL_BINDS","P","BIND_VAR","2"
"2778","VAL_SQL_TAGS","PK_VAL_SQL_TAGS","P","TYPE","1"
"2779","VAL_SQL_TAGS","PK_VAL_SQL_TAGS","P","TAG","2"
"2780","VAL_SQL_TAGS","PK_VAL_SQL_TAGS","P","SQL_ID","3"
"2781","VAL_TAG","PK_VAL_TAG","P","TAG","1"
"2782","VAL_TAG_TYPE","PK_VAL_TAG_TYPE","P","TYPE","1"
"2783","VAL_TAG_TYPE_XREF","PK_VAL_TAG_TYPE_XREF","P","TYPE","1"
"2784","VAL_TAG_TYPE_XREF","PK_VAL_TAG_TYPE_XREF","P","TAG","2"
"2785","VAS_CARTON","PK_VAS_CARTON","P","VAS_CARTON_ID","1"
"2786","VAS_CARTON","UK_VAS_CARTON","U","CARTON_NBR","1"
"2787","VAS_CARTON","UK_VAS_CARTON","U","CARTON_SEQ_NBR","2"
"2788","VAS_CARTON","UK_VAS_CARTON","U","GRP_TYPE","3"
"2789","VAS_PATH_DTL","PK_VAS_PATH_DTL","P","VAS_PATH_DTL_ID","1"
"2790","VAS_PATH_DTL","UK_VAS_PATH_DTL","U","VAS_PATH","1"
"2791","VAS_PATH_DTL","UK_VAS_PATH_DTL","U","VAS_PATH_SEQ","2"
"2792","VAS_PATH_HDR","PK_VAS_PATH_HDR","P","VAS_PATH_HDR_ID","1"
"2793","VAS_PATH_HDR","UK_VAS_PATH_HDR","U","VAS_PATH","1"
"2794","VAS_PKT","PK_VAS_PKT","P","VAS_PKT_ID","1"
"2795","VAS_PKT","UK_VAS_PKT","U","PKT_CTRL_NBR","1"
"2796","VAS_PKT","UK_VAS_PKT","U","PKT_SEQ_NBR","2"
"2797","VAS_PKT","UK_VAS_PKT","U","GRP_TYPE","3"
"2798","VCP_COMPANY_PARAMETER","VCPCOMPPARAM_PK","P","PARAM_DEF_ID","1"
"2799","VCP_COMPANY_PARAMETER","VCPCOMPPARAM_PK","P","BUSINESS_PARTNER_ID","2"
"2800","VCP_COMPANY_PARAMETER","VCPCOMPPARAM_PK","P","TC_COMPANY_ID","3"
"2801","VENDOR_MASTER","PK_VENDOR_MASTER","P","VENDOR_MASTER_ID","1"
"2802","VENDOR_MASTER","VENDOR_ID_UDX","U","CD_MASTER_ID","1"
"2803","VENDOR_MASTER","VENDOR_ID_UDX","U","VENDOR_ID","2"
"2804","VEND_PERF_CODE","PK_VEND_PERF_CODE","P","VEND_PERF_CODE_ID","1"
"2805","VEND_PERF_CODE","UK_VEND_PERF_CODE","U","PERF_CODE","1"
"2806","VEND_PERF_QUAL_RSLT","PK_VEND_PERF_QUAL_RSLT","P","SHPMT_NBR","1"
"2807","VEND_PERF_QUAL_RSLT","PK_VEND_PERF_QUAL_RSLT","P","VENDOR_MASTER_ID","2"
"2808","VEND_PERF_QUAL_RSLT","PK_VEND_PERF_QUAL_RSLT","P","PAGE_SEQ_NBR","3"
"2809","VEND_PERF_TRAN","PK_VEND_PERF_TRAN","P","VEND_PERF_TRAN_ID","1"
"2810","VEND_QUAL_AUDIT_LVL","PK_VEND_QUAL_AUDIT_LVL","P","VEND_QUAL_AUDIT_LVL_ID","1"
"2811","VEND_QUAL_AUDIT_LVL","UK_VEND_QUAL_AUDIT_LVL","U","CD_MASTER_ID","1"
"2812","VEND_QUAL_AUDIT_LVL","UK_VEND_QUAL_AUDIT_LVL","U","INSPECT_GRP","2"
"2813","VOCOLLECT_ACTIVE_CARTON","PK_VOCOLLECT_ACTIVE_CARTON","P","VOCOLLECT_ACTIVE_CARTON_ID","1"
"2814","VOCOLLECT_ACTIVE_CARTON","UK_VOCOLLECT_ACTIVE_CARTON","U","VOCOLLECT_ASSIGN_ID","1"
"2815","VOCOLLECT_ACTIVE_CARTON","UK_VOCOLLECT_ACTIVE_CARTON","U","WORK_ID","2"
"2816","VOCOLLECT_ACTIVE_CARTON","UK_VOCOLLECT_ACTIVE_CARTON","U","ACTIVE_CARTON","3"
"2817","VOCOLLECT_PARM","PK_VOCOLLECT_PARM","P","VOCOLLECT_PARM_ID","1"
"2818","VOCOLLECT_PARM","UK_VOCOLLECT_PARM","U","WHSE","1"
"2819","VOCOLLECT_USER_LOGIN","PK_VOCOLLECT_USER_LOGIN","P","VOCOLLECT_USER_LOGIN_ID","1"
"2820","VOCOLLECT_USER_LOGIN","UK_VOCOLLECT_USER_LOGIN","U","LOGIN_USER_ID","1"
"2821","VOCOLLECT_WORK_TYPE","PK_VOCOLLECT_WORK_TYPE","P","VOCOLLECT_WORK_TYPE_ID","1"
"2822","VOCOLLECT_WORK_TYPE","UK_VOCOLLECT_WORK_TYPE","U","WHSE","1"
"2823","VOCOLLECT_WORK_TYPE","UK_VOCOLLECT_WORK_TYPE","U","VOCOLLECT_WORK_TYPE","2"
"2824","VOCOLLECT_WORK_TYPE","UK_VOCOLLECT_WORK_TYPE","U","TASK_GRP","3"
"2825","WAVE","WAVE_PK","P","WAVE_ID","1"
"2826","WAVE","WAVE_PK","P","TC_COMPANY_ID","2"
"2827","WAVE_DISPATCHER","PK_WAVE_DISPATCHER","P","WAVE_DISPATCHER_ID","1"
"2828","WAVE_DISPATCHER","UK_WAVE_DISPATCHER","U","IS_ACTIVE","1"
"2829","WAVE_DISPATCHER","UK_WAVE_DISPATCHER","U","HOST_ID","2"
"2830","WAVE_OPTION","WAVE_OPTION_PK","P","WAVE_OPTION_ID","1"
"2831","WAVE_OPTION_LIST","WAVE_OPTION_LIST_PK","P","WAVE_OPTION_LIST_ID","1"
"2832","WAVE_OPTION_LIST_USED","WAVE_OPT_LST_UD_PK","P","WAVE_OPTION_LIST_USED_ID","1"
"2833","WAVE_PARM","PK_WAVE_PARM","P","WAVE_PARM_ID","1"
"2834","WAVE_PROC_TYPE","PK_WAVE_PROC_TYPE","P","WAVE_PROC_TYPE_ID","1"
"2835","WAVE_PROC_TYPE","UK_WAVE_PROC_TYPE","U","WHSE","1"
"2836","WAVE_PROC_TYPE","UK_WAVE_PROC_TYPE","U","WAVE_PROC_TYPE","2"
"2837","WAVE_QUEUE","PK_WAVE_QUEUE","P","WAVE_QUEUE_ID","1"
"2838","WAVE_QUEUE","UK_WAVE_QUEUE_2","U","SHIP_WAVE_PARM_ID","1"
"2839","WAVE_QUEUE","UK_WAVE_QUEUE_2","U","WAVE_TYPE","2"
"2840","WAVE_QUEUE_LOAD","PK_WAVE_QUEUE_LOAD","P","WAVE_QUEUE_LOAD_ID","1"
"2841","WAVE_QUEUE_LOAD","UK_WAVE_QUEUE_LOAD","U","SHIP_WAVE_PARM_ID","1"
"2842","WAVE_QUEUE_LOAD","UK_WAVE_QUEUE_LOAD","U","SEQ_NBR","2"
"2843","WAVE_QUEUE_PKT","PK_WAVE_QUEUE_PKT","P","WAVE_QUEUE_PKT_ID","1"
"2844","WAVE_QUEUE_PKT","UK_WAVE_QUEUE_PKT","U","SHIP_WAVE_PARM_ID","1"
"2845","WAVE_QUEUE_PKT","UK_WAVE_QUEUE_PKT","U","SEQ_NBR","2"
"2846","WAVE_QUEUE_WORK_ORD","PK_WAVE_QUEUE_WORK_ORD","P","WAVE_QUEUE_WORK_ORD_ID","1"
"2847","WAVE_QUEUE_WORK_ORD","UK_WAVE_QUEUE_WORK_ORD","U","SHIP_WAVE_PARM_ID","1"
"2848","WAVE_QUEUE_WORK_ORD","UK_WAVE_QUEUE_WORK_ORD","U","SEQ_NBR","2"
"2849","WAVE_RULE_PARM","PK_WAVE_RULE_PARM","P","WAVE_RULE_PARM_ID","1"
"2850","WAVE_RULE_PARM","UK_WAVE_RULE_PARM","U","WAVE_PARM_ID","1"
"2851","WAVE_RULE_PARM","UK_WAVE_RULE_PARM","U","RULE_ID","2"
"2852","WAVE_STATS","PK_WAVE_STATS_ID","P","WAVE_STATS_ID","1"
"2853","WAVE_TASK_CRIT","PK_WAVE_TASK_CRIT","P","WAVE_TASK_CRIT_ID","1"
"2854","WAVE_TASK_CRIT","UK_WAVE_TASK_CRIT","U","WAVE_PARM_ID","1"
"2855","WAVE_TASK_CRIT","UK_WAVE_TASK_CRIT","U","CRIT_NBR","2"
"2856","WAVE_TASK_CRIT","UK_WAVE_TASK_CRIT","U","SEQ_NBR","3"
"2857","WAVE_WORK_TYPE_STATS","PK_WAVE_WORK_TYPE_STATS","P","WAVE_WORK_TYPE_STATS_ID","1"
"2858","WAVE_WORK_TYPE_STATS","UK_WAVE_WORK_TYPE_STATS","U","WAVE_PARM_ID","1"
"2859","WAVE_WORK_TYPE_STATS","UK_WAVE_WORK_TYPE_STATS","U","WORK_TYPE","2"
"2860","WA_DETAIL","PK_WA_DETAIL","P","WA_DTL_ID","1"
"2861","WA_HEADER","PK_WA_HEADER","P","WA_NUMBER","1"
"2862","WHPREFS","PK_WHPREFS","P","WHSE_CODE","1"
"2863","WHSE_ENGINE_CONFIG","PK_WHSE_ENGINE_CONFIG","P","ENGINE_ID","1"
"2864","WHSE_IMPORT_PREFS","PK_WHSE_IMPORT_PREFS","P","IMPORT_PREF_ID","1"
"2865","WHSE_LABOR_PARAMETERS","WHSE_LABOR_PARM_PK","P","LABOR_PARM_ID","1"
"2866","WHSE_LOCN_MASK","WHSE_LOCN_MASK_PK","P","WHSE_LOCN_MASK_ID","1"
"2867","WHSE_LOCN_MASK","WHSE_LOCN_MASK_UK","U","FACILITY_ID","1"
"2868","WHSE_LOCN_MASK","WHSE_LOCN_MASK_UK","U","LOCN_CLASS","2"
"2869","WHSE_MASTER","PK_WHSE_MASTER","P","WHSE_MASTER_ID","1"
"2870","WHSE_MASTER_DTL","PK_WHSE_MASTER_DTL","P","WHSE_MASTER_DTL_ID","1"
"2871","WHSE_PARAMETERS","WHSE_PARAMETERS_PK","P","WHSE_MASTER_ID","1"
"2872","WHSE_PAY","PK_WHSE_PAY","P","WHSE_PAY_ID","1"
"2873","WHSE_PAY_DATE","PK_WHSE_PAY_DATE","P","WHSE","1"
"2874","WHSE_PAY_DATE","PK_WHSE_PAY_DATE","P","PAY_END_DATE","2"
"2875","WHSE_PROCESS","PK_WHSE_PROCESS","P","WHSE_PROCESS_ID","1"
"2876","WHSE_PROCESS_STAGE","PK_WP_STAGE","P","ID","1"
"2877","WHSE_PROCESS_STAGE_PARM","PK_WHSE_PROCESS_STAGE_PARM","P","WHSE_PROCESS_STAGE_PARM_ID","1"
"2878","WHSE_SAFE_PERIOD","PK_WHSE_SAFE_PERIOD","P","WHSE","1"
"2879","WHSE_SERVER","PK_WHSE_SERVER","P","SERVER_ID","1"
"2880","WMSFE_MESSAGES","SYS_C0063298","P","MSGID","1"
"2881","WMSFE_MSG_LOG","PK_WMSFE_MSG_LOG_GUID","P","GUID","1"
"2882","WMSFE_MSG_LOG_BAK","PK_WMSFE_MSG_LOG_BAK_GUID","P","GUID","1"
"2883","WM_INVENTORY","PK_WM_INVENTORY","P","WM_INVENTORY_ID","1"
"2884","WM_MHE_MSG_FORMAT_DTL","PK_WMMHEMSGFRMTDTL_ID","P","WM_MHE_MSG_FORMAT_DTL_ID","1"
"2885","WM_MHE_MSG_FORMAT_HDR","PK_WMMHEMSGFRMTHDR_ID","P","WM_MHE_MSG_FORMAT_HDR_ID","1"
"2886","WM_QUEUE_CLASS","PK_WM_QUEUE_CLASS","P","QUEUE_NAME","1"
"2887","WM_RULE_TAB_COLUMNS","PK_WM_RULE_TAB_COLUMNS","P","TABLE_NAME","1"
"2888","WM_RULE_TAB_COLUMNS","PK_WM_RULE_TAB_COLUMNS","P","COLUMN_NAME","2"
"2889","WM_RULE_TAB_COLUMNS","PK_WM_RULE_TAB_COLUMNS","P","OWNER","3"
"2890","WORKFLOW_COMPONENT","PK_WORKFLOW_COMPONENT","P","WORKFLOW_COMPONENT_ID","1"
"2891","WORKFLOW_COMPONENT","UK1_WORKFLOW_COMPONENT","U","SCRIPT_NAME","1"
"2892","WORKFLOW_COMPONENT","UK1_WORKFLOW_COMPONENT","U","COMPONENT_NAME","2"
"2893","WORKFLOW_COMPONENT_PERM","WORKFLOW_COMPONENT_PERM_PK","P","WORKFLOW_COMPONENT_PERM_ID","1"
"2894","WORKFLOW_COMPONENT_PERM","WORKFLOW_COMPONENT_PERM_UK1","U","SCRIPT_NAME","1"
"2895","WORKFLOW_COMPONENT_PERM","WORKFLOW_COMPONENT_PERM_UK1","U","COMPONENT_NAME","2"
"2896","WORKFLOW_COMPONENT_PERM","WORKFLOW_COMPONENT_PERM_UK1","U","PERMISSION_CODE","3"
"2897","WORKFLOW_MSG_ASSOCIATION","PK_WORKFLOW_MSG_ASSOCIATION","P","WORKFLOW_MSG_ASSOCIATION_ID","1"
"2898","WORKFLOW_MSG_ASSOCIATION","UK1_WORKFLOW_MSG_ASSOCIATION","U","SCRIPT_NAME","1"
"2899","WORKFLOW_MSG_ASSOCIATION","UK1_WORKFLOW_MSG_ASSOCIATION","U","FROM_MESSAGE_KEY","2"
"2900","WORKFLOW_MSG_ASSOCIATION","UK1_WORKFLOW_MSG_ASSOCIATION","U","TO_MESSAGE_KEY","3"
"2901","WORKFLOW_SCRIPT","PK_WORKFLOW_SCRIPT","P","WORKFLOW_SCRIPT_ID","1"
"2902","WORKFLOW_SCRIPT","UK1_WORKFLOW_SCRIPT","U","SCRIPT_NAME","1"
"2903","WORKFLOW_VALUE_ASSOCIATION","WORKFLOW_VALUE_ASSOCIATION_PK","P","VALUE_ASSOCIATION_ID","1"
"2904","WORKFLOW_VALUE_ASSOCIATION","WORKFLOW_VALUE_ASSOCIATION_UK","U","SCRIPT_NAME","1"
"2905","WORKFLOW_VALUE_ASSOCIATION","WORKFLOW_VALUE_ASSOCIATION_UK","U","VALUE_ASSOCIATION_VALUE","2"
"2906","WORK_AREA_MASTER","PK_WORK_AREA_MAST1","P","WORK_AREA_MASTER_ID","1"
"2907","WORK_AREA_MASTER","UK_WORK_AREA_MAST1","U","FACILITY_ID","1"
"2908","WORK_AREA_MASTER","UK_WORK_AREA_MAST1","U","WORK_GRP","2"
"2909","WORK_AREA_MASTER","UK_WORK_AREA_MAST1","U","WORK_AREA","3"
"2910","WORK_GRP_PRXMTY","PK_WORK_GRP_PRXMTY","P","WORK_GRP_PRXMTY_ID","1"
"2911","WORK_GRP_PRXMTY","UK_WORK_GRP_PRXMTY","U","FACILITY_ID","1"
"2912","WORK_GRP_PRXMTY","UK_WORK_GRP_PRXMTY","U","FROM_WORK_GRP","2"
"2913","WORK_GRP_PRXMTY","UK_WORK_GRP_PRXMTY","U","FROM_WORK_AREA","3"
"2914","WORK_GRP_PRXMTY","UK_WORK_GRP_PRXMTY","U","TO_WORK_GRP","4"
"2915","WORK_GRP_PRXMTY","UK_WORK_GRP_PRXMTY","U","TO_WORK_AREA","5"
"2916","WORK_ORD_CMNT","PK_WORK_ORD_CMNT","P","WORK_ORD_CMNT_ID","1"
"2917","WORK_ORD_CMNT","UK_WORK_ORD_CMNT","U","WORK_ORD_NBR","1"
"2918","WORK_ORD_CMNT","UK_WORK_ORD_CMNT","U","CMNT_SEQ","2"
"2919","WORK_ORD_DTL","PK_WORK_ORD_DTL_ID","P","WORK_ORD_DTL_ID","1"
"2920","WORK_ORD_DTL","UK_WORK_ORD_DTL","U","WORK_ORD_NBR","1"
"2921","WORK_ORD_DTL","UK_WORK_ORD_DTL","U","SEQ_NBR","2"
"2922","WORK_ORD_HDR","PK_WORK_ORD_HDR","P","WORK_ORD_HDR_ID","1"
"2923","WORK_ORD_HDR","UK_WORK_ORD_HDR","U","WORK_ORD_NBR","1"
"2924","WORK_ORD_VAS","PK_WORK_ORDER_VAS","P","WORK_ORD_VAS_ID","1"
"2925","WORK_ORD_WORK_TYPE","PK_WORK_ORD_WORK_TYPE","P","WORK_ORD_WORK_TYPE_ID","1"
"2926","WORK_ORD_WORK_TYPE","UK_WORK_ORD_WORK_TYPE","U","WORK_ORD_NBR","1"
"2927","WORK_ORD_WORK_TYPE","UK_WORK_ORD_WORK_TYPE","U","WORK_TYPE","2"
"2928","WSDL_BINDINGS","WSDL_BINDINGS_PK","P","BINDING_ID","1"
"2929","WSDL_IMPORTS","WSDL_IMPORTS_PK","P","IMPORT_ID","1"
"2930","WSDL_MESSAGES","WSDL_MESSAGES_PK","P","MSG_ID","1"
"2931","WSDL_MSG_PARTS","WSDL_MSG_PARTS_PK","P","MSG_PART_ID","1"
"2932","WSDL_PARTNERLINK_TYPE_ROLE","WSDLPRTLNTYPROL_PK","P","PARTNER_LINK_ROLE_ID","1"
"2933","WSDL_PARTNER_LINK_TYPE","WSDLPARTNLNTYP_PK","P","PARTNER_LINK_ID","1"
"2934","WSDL_PORT_TYPES","WSDL_PORT_TYPES_PK","P","PORT_TYPE_ID","1"
"2935","WSDL_PT_OPERATIONS","WSDL_PT_OPER_PK","P","OPERATION_ID","1"
"2936","WSDL_PT_OPERATIONS_ARGS","WSDL_PTOPERARGS_PK","P","OPR_ARG_ID","1"
"2937","WSDL_TYPES","WSDL_TYPES_PK","P","TYPE_ID","1"
"2938","WSDL_TYPES_SCHEMA_IMPTS","WTSI_PK","P","SCHEMA_IMPT_ID","1"
"2939","WZ_USERLIST","Ψһ","P","USERCODE","1"
"2940","XBASE_MENU_ITEM","XBASE_MEN_ITE_PK","P","XBASE_MENU_ITEM_ID","1"
"2941","XBASE_MENU_ITEM","XBASE_MEN_ITE_UK","U","XBASE_MENU_PART_ID","1"
"2942","XBASE_MENU_ITEM","XBASE_MEN_ITE_UK","U","XBASE_MENU_ITEM_ID","2"
"2943","XBASE_MENU_PART","XBASE_MEN_PT_PK","P","XBASE_MENU_PART_ID","1"
"2944","XBASE_MENU_PART","XBASE_MEN_PT_UK","U","XBASE_MENU_SECTION_ID","1"
"2945","XBASE_MENU_PART","XBASE_MEN_PT_UK","U","NAME","2"
"2946","XBASE_MENU_PART_PERMISSION","XBAS_MENU_PART_PERM_PK","P","XBASE_MENU_PART_ID","1"
"2947","XBASE_MENU_PART_PERMISSION","XBAS_MENU_PART_PERM_PK","P","PERMISSION_CODE","2"
"2948","XBASE_MENU_SECTION","XBASE_MEN_SEC_PK","P","XBASE_MENU_SECTION_ID","1"
"2949","XBASE_MENU_SECTION","XBASE_MEN_SEC_UK","U","XBASE_MENU_SECTION_ID","1"
"2950","XBASE_MENU_SECTION","XBASE_MEN_SEC_UK","U","NAME","2"
"2951","XBASE_MENU_SECTION_PERMISSION","XBAS_MENU_SECT_PERM_PK","P","XBASE_MENU_SECTION_ID","1"
"2952","XBASE_MENU_SECTION_PERMISSION","XBAS_MENU_SECT_PERM_PK","P","PERMISSION_CODE","2"
"2953","XCUSTOM_ATTRIBUTE_METADATA","XCUSTOM_ATTRIBUTE_METADATA_PK","P","XCUSTOM_ATTRIB_METADATA_ID","1"
"2954","XCUSTOM_ATTRIBUTE_METADATA","XCUSTOM_ATTRIBUTE_METADATA_UK","U","CUSTOM_ATTRIB_OBJ_TYPE","1"
"2955","XFIELD_RESTRICTION","XFIELD_RESTRICTION_PK","P","XFIELD_RESTRICTION_ID","1"
"2956","XFIELD_RESTRICTION","XFIELD_RESTRICTION_UK","U","XMODEL_NAME","1"
"2957","XFIELD_RESTRICTION","XFIELD_RESTRICTION_UK","U","XFIELD_NAME","2"
"2958","XFIELD_RESTRICTION","XFIELD_RESTRICTION_UK","U","XRESTRICTION_ID","3"
"2959","XFILTER","XFILTER_PK","P","XFILTER_ID","1"
"2960","XFILTER","XFILTER_UK","U","NAME","1"
"2961","XFILTER","XFILTER_UK","U","OWNER_USER_ID","2"
"2962","XFILTER","XFILTER_UK","U","COMPONENT_NAME","3"
"2963","XFILTER_MIGR","XFILTER_MIGR_PK","P","XSCREEN_NAMESPACE","1"
"2964","XFILTER_PREF","XFILTER_PREF_PK","P","XFILTER_PREF_ID","1"
"2965","XFILTER_PREF","XFILTER_PREF_UK","U","UCL_USER_ID","1"
"2966","XFILTER_PREF","XFILTER_PREF_UK","U","XFILTER_ID","2"
"2967","XLAYOUT","XLAYOUT_PK","P","XLAYOUT_ID","1"
"2968","XLAYOUT_COMPANY_GROUP","XLAYOUT_COMPANY_GROUP_PK","P","XLAYOUT_COMPANY_GROUP_ID","1"
"2969","XLAYOUT_COMPANY_GROUP","XLAYOUT_COMPANY_GROUP_UK","U","XLAYOUT_ID","1"
"2970","XLAYOUT_COMPANY_GROUP","XLAYOUT_COMPANY_GROUP_UK","U","XCOMPANY_GROUP_ID","2"
"2971","XLAYOUT_COMPONENT","XLAYOUT_COMPONENT_PK","P","XLAYOUT_COMPONENT_ID","1"
"2972","XLAYOUT_ITEM","XLAYOUT_ITEM_PK","P","XLAYOUT_ITEM_ID","1"
"2973","XLAYOUT_PART","XLAYOUT_PART_PK","P","XLAYOUT_PART_ID","1"
"2974","XLAYOUT_PART","XLAYOUT_PART_UK","U","NAME","1"
"2975","XLAYOUT_PART","XLAYOUT_PART_UK","U","XLAYOUT_SECTION_ID","2"
"2976","XLAYOUT_SECTION","XLAYOUT_SECTION_PK","P","XLAYOUT_SECTION_ID","1"
"2977","XLAYOUT_SECTION","XLAYOUT_SECTION_UK","U","NAME","1"
"2978","XLAYOUT_SECTION","XLAYOUT_SECTION_UK","U","XLAYOUT_COMPONENT_ID","2"
"2979","XLAYOUT_USER","XLAYOUT_USER_PK","P","XLAYOUT_USER_ID","1"
"2980","XLAYOUT_USER","XLAYOUT_USER_UK","U","XLAYOUT_ID","1"
"2981","XLAYOUT_USER","XLAYOUT_USER_UK","U","USER_ID","2"
"2982","XLAYOUT_USER_GROUP","XLAYOUT_USER_GROUP_PK","P","XLAYOUT_USER_GROUP_ID","1"
"2983","XLAYOUT_USER_GROUP","XLAYOUT_USER_GROUP_UK","U","XLAYOUT_ID","1"
"2984","XLAYOUT_USER_GROUP","XLAYOUT_USER_GROUP_UK","U","XUSER_GROUP_ID","2"
"2985","XMAUI_MIGRATION","XMAUI_MIGRATION_PK","P","XMAUI_MIGRATION_ID","1"
"2986","XMENU_ITEM","UC_XMENU_ITEM","U","NAME","1"
"2987","XMENU_ITEM","UC_XMENU_ITEM","U","NAVIGATION_KEY","2"
"2988","XMENU_ITEM","UC_XMENU_ITEM","U","BASE_SECTION_NAME","3"
"2989","XMENU_ITEM","XMENU_ITEM_PK","P","XMENU_ITEM_ID","1"
"2990","XMENU_ITEM_APP","XMEN_ITM_APP_PK","P","XMENU_ITEM_ID","1"
"2991","XMENU_ITEM_APP","XMEN_ITM_APP_PK","P","APP_ID","2"
"2992","XMENU_ITEM_PARAMETER","XMEN_ITM_PARAM_PK","P","XMENU_ITEM_PARAMETER_ID","1"
"2993","XMENU_ITEM_PARAMETER","XMEN_ITM_PARAM_UK","U","XMENU_ITEM_ID","1"
"2994","XMENU_ITEM_PARAMETER","XMEN_ITM_PARAM_UK","U","KEY","2"
"2995","XMENU_ITEM_PARAMETER","XMEN_ITM_PARAM_UK","U","VALUE","3"
"2996","XMENU_ITEM_PERMISSION","XMEN_ITM_PERM_PK","P","XMENU_ITEM_ID","1"
"2997","XMENU_ITEM_PERMISSION","XMEN_ITM_PERM_PK","P","PERMISSION_CODE","2"
"2998","XML_TRANSLATOR_TYPE","XML_TRANST_PK","P","XML_TRANSLATOR_TYPE","1"
"2999","XPREFERENCES","XPREFERENCES_PK","P","XPREFERENCES_ID","1"
"3000","XQUICK_MENU","XQUK_MEN_PK","P","XQUICK_MENU_ID","1"
"3001","XQUICK_MENU","XQUK_MEN_UK","U","XSOLUTION_ID","1"
"3002","XQUICK_MENU","XQUK_MEN_UK","U","UCL_USER_ID","2"
"3003","XQUICK_MENU_ITEM","XQUK_MEN_ITM_PK","P","XQUICK_MENU_ITEM_ID","1"
"3004","XQUICK_MENU_ITEM","XQUK_MEN_ITM_UK","U","XQUICK_MENU_PART_ID","1"
"3005","XQUICK_MENU_ITEM","XQUK_MEN_ITM_UK","U","XQUICK_MENU_ITEM_ID","2"
"3006","XQUICK_MENU_PART","XQUK_MEN_PT_PK","P","XQUICK_MENU_PART_ID","1"
"3007","XQUICK_MENU_PART","XQUK_MEN_PT_UK","U","XQUICK_MENU_SECTION_ID","1"
"3008","XQUICK_MENU_PART","XQUK_MEN_PT_UK","U","NAME","2"
"3009","XQUICK_MENU_SECTION","XQUK_MEN_SEC_PK","P","XQUICK_MENU_SECTION_ID","1"
"3010","XQUICK_MENU_SECTION","XQUK_MEN_SEC_UK","U","XQUICK_MENU_ID","1"
"3011","XQUICK_MENU_SECTION","XQUK_MEN_SEC_UK","U","NAME","2"
"3012","XREF","PK_XREF","P","XREF_ID","1"
"3013","XREF","UK_XREF","U","VENDOR_BRCD","1"
"3014","XREF","UK_XREF","U","CD_MASTER_ID","2"
"3015","XREMOTE_LOG_CONFIG","XREMOTE_LOG_CONFIG_PK","P","CLIENT_ID","1"
"3016","XTHEME_RESOURCE","XTHEME_RESOURCE_PK","P","XTHEME_RESOURCE_ID","1"
"3017","XTHEME_RESOURCE","XTHEME_RESOURCE_UK","U","RESOURCE_NAME","1"
"3018","XTILE","XTILE_PK","P","XTILE_ID","1"
"3019","XWORKSPACE","XWORKSPACE_PK","P","XWORKSPACE_ID","1"
"3020","XWORKSPACE","XWORKSPACE_UK","U","UCL_USER_ID","1"
"3021","XWORKSPACE","XWORKSPACE_UK","U","WORKSPACE_NAME","2"
"3022","XWORKSPACE","XWORKSPACE_UK","U","XSOLUTION_ID","3"
"3023","YARD_AUDIT_DETAIL","YARD_AUDIT_DETAIL_PK","P","YARD_AUDIT_DETAIL_ID","1"
"3024","YARD_AUDIT_TASK","YARD_AUDIT_TASK_PK","P","YARD_AUDIT_ID","1"
"3025","YARD_RECURRING_TASK","PK_YARD_RECURRING_TASK","P","RECURRING_ID","1"
"3026","YARD_TASK_GRP_ELGBLTY","YARD_TASK_GRP_ELGBLTY_PK","P","YARD_TASK_GRP_ELGBLTY_ID","1"
"3027","YARD_TASK_PATH_DEFN","YARD_TASK_PATH_DEFN_PK","P","YARD_TASK_PATH_DEFN_ID","1"
"3028","YARD_USER_PROFILE","YARD_USER_PROFILE_PK","P","YARD_USER_PROFILE_ID","1"
"3029","YARD_USER_TASK_GRP","YARD_USER_TASK_GRP_PK","P","YARD_USER_TASK_GRP_ID","1"
"3030","Z_ADD_LOCK_CODE","PK_Z_ADD_LOCK_CODE","P","LOCK_CODE_ID","1"
"3031","Z_WZ_ASN_REF","Z_WZ_ASN_REF","P","ASN_ID","1"
"3032","Z_WZ_DESTRUCTION","DESTRUCTION_DTL","P","PKT_CTRL_NBR","1"
"3033","Z_WZ_DESTRUCTION","DESTRUCTION_DTL","P","PKT_SEQ_NBR","2"
"3034","Z_WZ_DESTRUCTION","DESTRUCTION_DTL","P","STAT_CODE","3"
"3035","Z_WZ_ORDER_HDR","Z_WZ_ORDER_HDR_D","P","LINE_ITEM_ID","1"
"3036","Z_WZ_PRINT_PSD","SYS_C0063304","P","PK_NBR","1"
"3037","Z_WZ_PUTAWAY_PRINT","Z_WZ_PUTAWAY_PRINT_U","U","TC_ASN_ID","1"
"3038","Z_WZ_PUTAWAY_PRINT","Z_WZ_PUTAWAY_PRINT_U","U","TC_LPN_ID","2"
