???"FROM_TABLE","FROM_COLUMN","TO_TABLE","TO_COLUMN","CONSTRAINT_NAME"
"AI_TRAN_CONFIG","AI","AI_MASTER","AI","FK_AITRANCONFIG_AIMASTER"
"ALLOC_INVN_DTL","CD_MASTER_ID","CD_MASTER","CD_MASTER_ID","FK_ALOCINVNDTL_CDMASTER"
"ALLOC_INVN_DTL","ITEM_ID","ITEM_CBO","ITEM_ID","FK_ALOCINVNDTL_ITEMCBO"
"ALLOC_PARM","CD_MASTER_ID","CD_MASTER","CD_MASTER_ID","FK_ALLOCPARM_CDMASTER"
"APPT_SETUP_UPLOAD","UPLOAD_STATUS","APPT_UPLOAD_STATUS","APPT_UPLOAD_STATUS","FK_APPT_UPLOAD_STATUS"
"APPT_SETUP_UPLOAD","UPLOAD_TYPE","APPT_UPLOAD_TYPE","APPT_UPLOAD_TYPE","FK_APPT_UPLOAD_TYPE"
"AP_ALERT_ARGS","ALERT_ID","AP_ALERT","ALERT_ID","AP_ALERT_ARGS_FK"
"AP_ALERT_DEF_LCLZD_MSG","ALERT_DEF_ID","AP_ALERT_DEF","ALERT_DEF_ID","AP_ALERT_DEFL_FK"
"AP_ALERT_DEF_NOTIFICATION","ALERT_DEF_ID","AP_ALERT_DEF","ALERT_DEF_ID","AP_ALRT_DEF_NOTI_FK"
"AR_ACCT_DTL","AR_ACCT_ID","AR_ACCT","AR_ACCT_ID","FK_ARACCTDTL_ARACCT2"
"AR_ACCT_DTL","ACCT_RCVBL_ACCT_NBR","AR_ACCT","ACCT_RCVBL_ACCT_NBR","FK_ARACCTDTL_ARACCT"
"AR_ACCT_DTL","FACILITY_ID","AR_ACCT","FACILITY_ID","FK_ARACCTDTL_ARACCT"
"AR_ACCT_DTL","TC_COMPANY_ID","AR_ACCT","TC_COMPANY_ID","FK_ARACCTDTL_ARACCT"
"ASN","ASN_STATUS","ASN_STATUS","ASN_STATUS","ASN_STATUS_FK"
"ASN","ASN_TYPE","ASN_TYPE","ASN_TYPE","ASN_ASNTP_FK"
"ASN","ASN_LEVEL","ASN_LEVEL","ASN_LEVEL","ASN_LEVEL_FK"
"ASN_ATTRIBUTE","ASN_ID","ASN","ASN_ID","ASN_ATT_ASN_FK"
"ASN_DETAIL","INVENTORY_SEGMENT_ID","INVENTORY_SEGMENT","INVENTORY_SEGMENT_ID","ASN_DT_INV_FK2"
"ASN_DETAIL","ASN_ID","ASN","ASN_ID","ASNDT_ASN_ID_FK"
"ASN_DETAIL","ASN_DETAIL_STATUS","ASN_DETAIL_STATUS","ASN_DETAIL_STATUS","ASN_DT_STATUS_FK1"
"ASN_DETAIL_ATTRIBUTE","ASN_ID","ASN_DETAIL","ASN_ID","ASN_DTL_ATT_DTL_FK"
"ASN_DETAIL_ATTRIBUTE","ASN_DETAIL_ID","ASN_DETAIL","ASN_DETAIL_ID","ASN_DTL_ATT_DTL_FK"
"ASN_NOTE","ASN_ID","ASN","ASN_ID","ASN_NOTE_ASN_FK"
"ASN_SEAL_NUMBER","ASN_ID","ASN","ASN_ID","ASNS_COM_ANS_FK"
"ASN_UNIT_DETAIL","ASN_ID","ASN","ASN_ID","ASN_FK1"
"AUTOMATION","BR_HDR_ID","BR_HEADER","BR_HDR_ID","FK_AUTOMATION_BR_HEADER"
"AUTOMATION","MOVE_HDR_ID","MOVE_LIST_HDR","MOVE_HDR_ID","FK_AUTOMATION_MOVE_LIST_HDR"
"AUTO_CREATE_RULE","DATE_TYPE","DATE_TYPE","DATE_TYPE","AUTO_CRULE_FK"
"BATCH_HIST_WORK_ORD","WORK_ORD_NBR","WORK_ORD_HDR","WORK_ORD_NBR","FK_BATCHHISTWORD_WORDHDR"
"BATCH_HIST_WORK_ORD","BATCH_MASTER_ID","BATCH_MASTER","BATCH_MASTER_ID","FK_BATCHHISTWORD_BATCHMAS"
"BATCH_HIST_WORK_ORD","WORK_ORD_HDR_ID","WORK_ORD_HDR","WORK_ORD_HDR_ID","FK_BATCHHISTWORD_WORDHDR2"
"BATCH_MASTER","VENDOR_MASTER_ID","VENDOR_MASTER","VENDOR_MASTER_ID","FK_BATCHMASTER_VENDMASTER"
"BINDING_DETAILS","BINDING_ID","WSDL_BINDINGS","BINDING_ID","BD_WB_FK"
"BINS","WHSE_CODE","WHPREFS","WHSE_CODE","FK_BIN_TO_WHPREFS"
"BIN_XREF","SKU_ID","ITEM_FACILITY_MAPPING_WMS","ITEM_FACILITY_MAPPING_ID","FK_BIN_XREF_TO_ITEM_CBO"
"BIN_XREF","BIN_ID","BINS","BIN_ID","FK_BIN_XREF_TO_BINS"
"BP_RESTRICTION","RES_ATTRIBUTE_ID","RESTRICTION_ATTRIBUTES","RES_ATTRIBUTE_ID","BP_REST_ATTR_FK"
"BP_RESTRICTION","RES_OBJECT_ID","RESTRICTION_OBJECT","RES_OBJECT_ID","BP_REST_OBJECT_FK"
"BRCD_STRUCT","AI","AI_MASTER","AI","FK_BRCD_STRUCT_AI_MASTER"
"BR_ADDL_ITEMS","ADDL_NODE_ID","TREE_DTL","NODE_ID","FK_BR_AI_TO_TREE_DTL"
"BR_ADDL_ITEMS","BR_DTL_ID","BR_DETAIL","BR_DTL_ID","FK_BR_AI_TO_DETAIL"
"BR_DETAIL","BR_HDR_ID","BR_HEADER","BR_HDR_ID","FK_BR_DETAIL_TO_HEADER"
"BR_HEADER","WHSE_CODE","WHPREFS","WHSE_CODE","FK_BR_HEADER_TO_WHPREFS"
"BR_TARGET","BR_DTL_ID","BR_DETAIL","BR_DTL_ID","FK_BR_TARGET_TO_DETAIL"
"BR_TARGET","TARGET_NODE_ID","TREE_DTL","NODE_ID","FK_BR_TARGET_TO_TREE_DTL"
"BUNDLE_META_DATA","DEF_SCREEN_TYPE_ID","SCREEN_TYPE","SCREEN_TYPE_ID","BUNDLE_MDDST_FK"
"CALLOUT_MAPPING","CALLOUT_SCRIPT_ID","CALLOUT_SCRIPT","CALLOUT_SCRIPT_ID","CALLOUT_MAPPING_FK1"
"CALLOUT_MAPPING","CALLOUT_EVENT_ID","CALLOUT_EVENT","CALLOUT_EVENT_ID","CALLOUT_MAPPING_FK2"
"CASE_LOCN_FIT","LOCN_SIZE_TYPE_ID","LOCN_SIZE_TYPE","LOCN_SIZE_TYPE_ID","FK_CASE_LOCN_FIT_2"
"CAT_CODE","CAT_ID","CATEGORY","CAT_ID","FK_CAT_CODE_TO_CATEGORY"
"CAT_CODE","WHSE_CODE","WHPREFS","WHSE_CODE","FK_CAT_CODE_TO_WHPREFS"
"CD_MASTER_DTL","CD_MASTER_ID","CD_MASTER","CD_MASTER_ID","FK_CD_MASTER_DTL"
"CHUTE_MASTER","PACK_WKSTN_ID","PACK_WKSTN_MASTER","PACK_WKSTN_ID","FK_CHUTEMAS_PACKWMASTER"
"CHUTE_MASTER","PACK_WKSTN_MASTER_ID","PACK_WKSTN_MASTER","PACK_WKSTN_MASTER_ID","FK_CHUTEMAS_PACKWMASTER2"
"CHUTE_MASTER","WHSE","PACK_WKSTN_MASTER","WHSE","FK_CHUTEMAS_PACKWMASTER"
"CLAIM_ACTION_CODE","CLAIM_ACTION_TYPE","CLAIM_ACTION_TYPE","CLAIM_ACTION_TYPE","CLAIM_ACODE_FK"
"CLAIM_CATEGORY","CLAIM_CLASSIFICATION","CLAIM_CLASSIFICATION","CLAIM_CLASSIFICATION","CLAIM_CATEGORY_FK"
"CLAIM_PARAMETER","CLAIM_CATEGORY","CLAIM_CATEGORY","CLAIM_CATEGORY","CLM_PRM_FK4"
"CLAIM_PARAMETER","CLAIM_GROUP","CLAIM_CLASSIFICATION","CLAIM_CLASSIFICATION","CLM_PRM_FK3"
"CLAIM_PARAMETER","CLAIM_TYPE","CLAIM_TYPE","CLAIM_TYPE","CLM_PRM_FK2"
"CLAIM_TYPE","CLAIM_CATEGORY","CLAIM_CATEGORY","CLAIM_CATEGORY","CLAIM_TYPE_FK"
"CL_ALERT","ENDPOINT_ID","CL_ENDPOINT","ENDPOINT_ID","CL_ALERT_FK_1"
"CL_CRON","CRON_GROUP_ID","CL_CRON_GROUP","CRON_GROUP_ID","CL_CRON_FK_1"
"CL_DRIVER","ENDPOINT_ID","CL_ENDPOINT","ENDPOINT_ID","CL_DRIVER_FK_2"
"CL_DRIVER","CLUSTER_ID","CL_CLUSTER","CLUSTER_ID","CL_DRIVER_FK_3"
"CL_DRIVER","ENGINE_ID","CL_ENGINE","ENGINE_ID","CL_DRIVER_FK_1"
"CL_DRIVER_INTERCEPTOR","INTERCEPTOR_ID","CL_INTERCEPTOR","INTERCEPTOR_ID","CL_DRIVER_INTERCEPTOR_FK_2"
"CL_DRIVER_INTERCEPTOR","DRIVER_ID","CL_DRIVER","DRIVER_ID","CL_DRIVER_INTERCEPTOR_FK_1"
"CL_ENDPOINT","CRON_GROUP_ID","CL_CRON_GROUP","CRON_GROUP_ID","CL_ENDPOINT_FK_2"
"CL_ENDPOINT","CONVERSATION_ID","CL_CONVERSATION","CONVERSATION_ID","CL_ENDPOINT_FK_1"
"CL_ENDPOINT_QUEUE","ENDPOINT_ID","CL_ENDPOINT","ENDPOINT_ID","CL_ENDPOINT_QUEUE_FK_1"
"CL_ENDPOINT_QUEUE","MSG_ID","CL_MESSAGE","MSG_ID","CL_ENDPOINT_QUEUE_FK_2"
"CL_ENDPOINT_STATUS_DETAIL","ENDPOINT_ID","CL_ENDPOINT","ENDPOINT_ID","CL_ENDPOINT_STATUS_DETAIL_FK"
"CL_ENGINE","MACHINE_ID","CL_MACHINE","MACHINE_ID","CL_ENGINE_FK_1"
"CL_ENGINE_GROUP_XREF","ENGINE_ID","CL_ENGINE","ENGINE_ID","CL_ENGINE_GROUP_XREF_FK_2"
"CL_ENGINE_GROUP_XREF","ENGINE_GROUP_ID","CL_ENGINE_GROUP","ENGINE_GROUP_ID","CL_ENGINE_GROUP_XREF_FK_1"
"CL_EVENT_PUBLICATION","EVENT_ID","CL_EVENT_MASTER","EVENT_ID","CL_EVENT_PUBLICATION_FK_1"
"CL_EVENT_PUBLICATION","ENDPOINT_ID","CL_ENDPOINT","ENDPOINT_ID","CL_EVENT_PUBLICATION_FK_2"
"CL_EVENT_SUBSCRIPTION","ENDPOINT_ID","CL_ENDPOINT","ENDPOINT_ID","CL_EVENT_SUBSCRIPTION_FK_2"
"CL_EVENT_SUBSCRIPTION","EVENT_ID","CL_EVENT_MASTER","EVENT_ID","CL_EVENT_SUBSCRIPTION_FK_1"
"CL_FAILOVER_TRACKING","CLUSTER_ID","CL_CLUSTER","CLUSTER_ID","CL_FAILOVER_TRACKING_FK_2"
"CL_FAILOVER_TRACKING","DRIVER_ID","CL_SERVER_CONFIG","SERVER_CONFIG_ID","CL_FAILOVER_TRACKING_FK_3"
"CL_HTTP_HEADER","HTTP_GROUP_ID","CL_HTTP_GROUP","HTTP_GROUP_ID","CL_HTTP_HEADER_FK_1"
"CL_MACHINE_XREF","CLUSTER_ID","CL_CLUSTER","CLUSTER_ID","CL_MACHINE_XREF_FK_1"
"CL_MACHINE_XREF","SERVER_CONFIG_ID","CL_SERVER_CONFIG","SERVER_CONFIG_ID","CL_MACHINE_XREF_FK_2"
"CL_MACHINE_XREF","MACHINE_ID","CL_MACHINE","MACHINE_ID","CL_MACHINE_XREF_FK_3"
"CL_MESSAGE_KEYS","MSG_ID","CL_MESSAGE","MSG_ID","CL_MESSAGE_KEYS_FK_1"
"CL_SERVER_CONFIG","MACHINE_ID","CL_MACHINE","MACHINE_ID","CL_SERVER_CONFIG_FK_1"
"CNSTR_DTL","CAT_ID","CATEGORY","CAT_ID","FK_CNSTR_DTL_TO_CATEGORY"
"CNSTR_DTL","CAT_CODE_ID","CAT_CODE","CAT_CODE_ID","FK_CNSTR_DTL_TO_CAT_CODE"
"CNSTR_DTL","CNSTR_ID","CONSTRAINTS","CNSTR_ID","FK_CNSTR_DTL_TO_CONSTRAINT"
"CNSTR_GRP","WHSE_CODE","WHPREFS","WHSE_CODE","FK_CNSTR_GRP_TO_WHPREFS"
"CNSTR_RACK_LEVEL","CNSTR_ID","CONSTRAINTS","CNSTR_ID","FK_CNSTRANT_TO_CNST_RACK_LVL"
"CNSTR_RACK_LEVEL","WHSE_CODE","WHPREFS","WHSE_CODE","FK_CNSTR_RACK_LEVEL_TO_WHPREFS"
"CNT_INVN_DTL","ITEM_ID","ITEM_CBO","ITEM_ID","FK_CNTINVNDTL_ITEMCBO"
"CNT_INVN_DTL","CNT_INVN_HDR_ID","CNT_INVN_HDR","CNT_INVN_HDR_ID","FK_CNTINVNDTL_CNTINVNHDR"
"CNT_INVN_HDR","LPN_ID","LPN","LPN_ID","FK_CNTINVNHDR_LPN"
"CNT_INVN_HDR","PHYS_INVN_HDR_ID","PHYS_INVN_HDR","PHYS_INVN_HDR_ID","FK_CNTINVNHDR_PHYSINVNHDR"
"CNT_INVN_SRL_NBR","CNT_INVN_DTL_ID","CNT_INVN_DTL","CNT_INVN_DTL_ID","FK_CISN_CID"
"COLOR_CODE_DTL","COLOR_CODE_ID","COLOR_CODE_HDR","COLOR_CODE_ID","FK_COLOR_CODE_DTL_COLOR_CODE_H"
"COMPANY_OPT_ENGINE","OPT_ENGINE_ID","OPT_ENGINE","OPT_ENGINE_ID","REFOPT_ENGINE1640"
"COMPANY_OPT_ENGINE","OPT_ENGINE_TYPE","OPT_ENGINE_TYPE","OPT_ENGINE_TYPE","REFOPT_ENGINE_TYPE1641"
"COMPANY_PARAMETER","PARAM_DEF_ID","PARAM_DEF","PARAM_DEF_ID","COMPANY_PARAMETER_FK1"
"COMPANY_PARAMETER","PARAM_GROUP_ID","PARAM_DEF","PARAM_GROUP_ID","COMPANY_PARAMETER_FK1"
"COMPOSITE_SERVICE_ARGS","CS_ID","COMPOSITE_SERVICE_REPOSITORY","CS_ID","COMPSRV_CSR_FK"
"CONFIG_TOOL_DEPENDENT_STEPS","CONFIG_TOOL_DTL_ID","CONFIG_TOOL_DTL","CONFIG_TOOL_DTL_ID","FK_CONFIGTOOLDEPSTEPS_DTL"
"CONFIG_TOOL_DEPENDENT_STEPS","CONFIG_DEPENDENT_STEP_ID","CONFIG_TOOL_DTL","CONFIG_TOOL_DTL_ID","FK_CONFIGTOOLDEPSTEPS_DTL2"
"CONFIG_TOOL_DTL","CONFIG_TOOL_HDR_ID","CONFIG_TOOL_HDR","CONFIG_TOOL_HDR_ID","FK_CONFIGTOOLDTL_HDR"
"CONFIG_TOOL_PREF_ANSWER","CONFIG_TOOL_PREF_QUESTION_ID","CONFIG_TOOL_PREF_QUESTION","CONFIG_TOOL_PREF_QUESTION_ID","FK_CONFIGTOOLPREFANS_QUES"
"CONFIG_TOOL_PREF_DISABLED_STEP","CONFIG_TOOL_DTL_ID","CONFIG_TOOL_DTL","CONFIG_TOOL_DTL_ID","FK_CONFIGTOOLPREFDISTEP_DTL"
"CONFIG_TOOL_PREF_QUESTION","CONFIG_TOOL_HDR_ID","CONFIG_TOOL_HDR","CONFIG_TOOL_HDR_ID","FK_CONTOOLPREFQUES_HDR"
"CONSTEMP_SCHED_EVENT","EVENT_ID","OM_SCHED_EVENT","EVENT_ID","CN_SCH_EVNT_FK2"
"CONSTRAINTS","KIT_ID","KIT","KIT_ID","FK_CONSTRAINT_TO_KIT"
"CONSTRAINTS","CNSTR_GRP_ID","CNSTR_GRP","CNSTR_GRP_ID","FK_CONSTRAINT_TO_CNSTR_GRP"
"CONSTRAINTS","CAT_ID","CATEGORY","CAT_ID","FK_CONSTRAINT_TO_CATEGORY"
"CONS_ORDER_PATH","ERROR_MSG_ID","ERROR_MESSAGE","ERROR_MSG_ID","CON_ODR_PTH_FK1"
"CONS_ORDER_PATH","ORDER_SPLIT_ID","ORDER_SPLIT","ORDER_SPLIT_ID","CONSORDPT_OS_FK"
"CONS_ORDER_PATH","CONS_RUN_ID","CONS_RUN","CONS_RUN_ID","CON_ODR_PTH_FK2"
"CONS_REGION","DIRECTION","DIRECTION","DIRECTION","CONS_REGION_FK"
"CONS_RUN","OPT_ENGINE_ID","OPT_ENGINE","OPT_ENGINE_ID","CON_RUN_FK2"
"CONS_RUN_DTL","CONS_RUN_DTL_TYPE","CONS_RUN_DTL_TYPE","CONS_RUN_DTL_TYPE","CON_RUN_DTL_FK2"
"CONS_RUN_DTL","CONS_RUN_ID","CONS_RUN","CONS_RUN_ID","CON_RUN_DTL_FK1"
"CONS_TEMPLATE","TC_COMPANY_ID","OPT_PARAM_LIST","TC_COMPANY_ID","CON_TMP_FK1"
"CONS_TEMPLATE","OPT_ENGINE_ID","OPT_ENGINE","OPT_ENGINE_ID","CON_TMP_FK3"
"CONS_TEMPLATE","OPT_PARAM_LIST_ID","OPT_PARAM_LIST","OPT_PARAM_LIST_ID","CON_TMP_FK1"
"CS_EXECUTION_CONFIG_CONTEXT","CS_ID","COMPOSITE_SERVICE_REPOSITORY","CS_ID","CSEXECONF_CSR_FK"
"CS_EXECUTION_CONFIG_CONTEXT","FAILURE_NOTIFICATION_TYPE","EXE_NOTIFICATION_TYPES","TYPE_ID","CSEXECONF_ENTYP_FK"
"CS_EXE_NOTIFICATION_PARAMS","EXE_CONFIG_ID","CS_EXECUTION_CONFIG_CONTEXT","EXE_CONFIG_ID","CSEXENOTPM_CECC_FK"
"CUSTOMER_DOC_DELIVERY_DTL","DELIVERY_METHOD","DELIVERY_METHOD","DELIVERY_METHOD","CUST_DOC_DEL_DTL_FK1"
"CUSTOM_BEHAVIORAL_DETAIL","BEHAVIORAL_VIEW_TYPE_ID","CUSTOMIZE_VIEW_TYPE","CUSTOMIZE_VIEW_TYPE_ID","CST_BHLDT_VWTP_FK"
"CUSTOM_BEHAVIORAL_VIEW","VIEW_TYPE_ID","UI_CU_OBJECT_TYPE","OBJECT_TYPE_ID","CSTBHLVW_UCOT_FK"
"CUSTOM_BINDING_DETAILS","BINDING_ID","WSDL_BINDINGS","BINDING_ID","CBD_WB_FK"
"CUSTOM_BINDING_DETAILS","BINDING_TYPE_ID","BINDING_TYPE","BINDING_TYPE_ID","CBD_BT_FK"
"CUSTOM_DISPLAY","CUSTOM_DISPLAY_TYPE","CUSTOM_DISPLAY_TYPE","CUSTOM_DISPLAY_TYPE","CUSTOM_DISPLAY_CDT_FK"
"CUSTOM_DISPLAY_DETAIL","CUSTOM_DISPLAY_ID","CUSTOM_DISPLAY","CUSTOM_DISPLAY_ID","CUSTOM_DISPLAY_DETAIL_CDI_FK"
"CUSTOM_DISPLAY_DETAIL","CUSTOM_DISPLAY_FIELD_ID","CUSTOM_DISPLAY_FIELD","CUSTOM_DISPLAY_FIELD_ID","CUSTOM_DISPLAY_DETAIL_CDFI_FK"
"CUSTOM_DISPLAY_FIELD","CUSTOM_DISPLAY_DATATYPE","CUSTOM_DISPLAY_DATATYPE","CUSTOM_DISPLAY_DATATYPE","CUSTOM_DISPLAY_FIELD_CDD_FK"
"CUSTOM_DISPLAY_FIELD","CUSTOM_DISPLAY_TYPE","CUSTOM_DISPLAY_TYPE","CUSTOM_DISPLAY_TYPE","CUSTOM_DISPLAY_FIELD_CDT_FK"
"CUSTOM_DISPLAY_FIELD_ATTRIB","CUSTOM_DISPLAY_FIELD_ID","CUSTOM_DISPLAY_FIELD","CUSTOM_DISPLAY_FIELD_ID","CUSTOM_DISP_FLD_ATTR_CDFI_FK"
"CUSTOM_DISPLAY_OPT_TABLES","CUSTOM_DISPLAY_TYPE","CUSTOM_DISPLAY_TYPE","CUSTOM_DISPLAY_TYPE","CUSTOM_DISPLAY_OPT_TAB_CDT_FK"
"CUSTOM_FIELD","CUSTOM_PAGE_ID","CUSTOM_PAGE","CUSTOM_PAGE_ID","PARENT_FLD_PAGE_FK"
"CUSTOM_FIELD","CUSTOM_PANEL_ID","CUSTOM_PANEL","CUSTOM_PANEL_ID","PARENT_PANEL_FK"
"CUSTOM_FRAGMENT","CUSTOM_PAGE_ID","CUSTOM_PAGE","CUSTOM_PAGE_ID","PARENT_PAGE_FK"
"CUSTOM_FRAGMENT","PARENT_CUSTOM_FRAGMENT_ID","CUSTOM_FRAGMENT","CUSTOM_FRAGMENT_ID","CUSTOMF_PARNT_FK"
"CUSTOM_OPERATOR","CUSTOM_OPERATOR_TYPE_ID","CUSTOM_OPERATOR_TYPE","CUSTOM_OPERATOR_TYPE_ID","CUSTOM_OPERATOR_FK1"
"CUSTOM_PAGE","CUSTOM_PAGE_INFO_ID","CUSTOM_PAGE_INFO","CUSTOM_PAGE_INFO_ID","PAGE_INFO_FK"
"CUSTOM_PAGE","CUSTOMIZE_VIEW_TYPE_ID","CUSTOMIZE_VIEW_TYPE","CUSTOMIZE_VIEW_TYPE_ID","CUSTOM_VIEW_TYPE_FK"
"CUSTOM_PANEL","PARENT_CUSTOM_PANEL_ID","CUSTOM_PANEL","CUSTOM_PANEL_ID","PARENT_CUSTM_PANEL_FK"
"CUSTOM_PANEL","CUSTOM_FRAGMENT_ID","CUSTOM_FRAGMENT","CUSTOM_FRAGMENT_ID","PARENT_FRAGMENT_FK"
"CUSTOM_PANEL","CUSTOM_PAGE_ID","CUSTOM_PAGE","CUSTOM_PAGE_ID","PARENT_PANEL_PAGE_FK"
"CUSTOM_STYLE_VIEW","STYLE_VIEW_TYPE_ID","CUSTOMIZE_VIEW_TYPE","CUSTOMIZE_VIEW_TYPE_ID","CST_STLVW_VWTP_FK"
"CUSTOM_VIEW_UIATTR","CUSTOMIZE_VIEW_TYPE_ID","CUSTOMIZE_VIEW_TYPE","CUSTOMIZE_VIEW_TYPE_ID","CUST_VW_UIATTR_FK2"
"CUSTOM_VIEW_UIATTR","OBJECT_TYPE_ID","OBJECT_TYPE_TABLE","OBJECT_TYPE_ID","CUST_VW_UIATTR_FK1"
"CYCLE_COUNT_TRIG","TASK_PARM_ID","TASK_PARM","TASK_PARM_ID","FK_CCTRIG_TASKPARM"
"DATASOURCE_SOA","ID","DATASOURCE","ID","FK_DSOA_DATASOURCE"
"DATASOURCE_SQL","ID","DATASOURCE","ID","FK_DSQL_DATASOURCE"
"DATASOURCE_SQL","DATASOURCE_SQL_CONNECTION_ID","DATASOURCE_SQL_CONNECTION","ID","FK_DSQL_DSSC"
"DATA_LOADER_LISTENER","LISTENER_ID","LISTENER","LISTENER_ID","DATA_LOADER_LISTENER_FK"
"DB_LISTENER","LISTENER_ID","LISTENER","LISTENER_ID","DB_LISTENER_FK"
"DISTRIB_LIST_MEMBER","DL_ID","DISTRIBUTION_LIST","DL_ID","DISTRIB_LM_FK"
"DISTRIB_LIST_MEMBER_DL","MEMBER_DL_ID","DISTRIBUTION_LIST","DL_ID","DISTRIB_LMDL_FK2"
"DISTRIB_LIST_MEMBER_DL","PARENT_DL_ID","DISTRIBUTION_LIST","DL_ID","DISTRIB_LMDL_FK"
"DOCK_DOOR_AVAIL_DATE","WHSE","DOCK_DOOR_MASTER","WHSE","FK_DOCKDOORAVAILDATE_DDMAS"
"DOCK_DOOR_AVAIL_DATE","DOCK_DOOR_MASTER_ID","DOCK_DOOR_MASTER","DOCK_DOOR_MASTER_ID","FK_DOCKDOORAVAILDATE_DDMAS2"
"DOCK_DOOR_AVAIL_DATE","DOCK","DOCK_DOOR_MASTER","DOCK","FK_DOCKDOORAVAILDATE_DDMAS"
"DOCK_DOOR_AVAIL_DATE","DOOR","DOCK_DOOR_MASTER","DOOR","FK_DOCKDOORAVAILDATE_DDMAS"
"DOCK_DOOR_AVAIL_DAY","DOCK_DOOR_MASTER_ID","DOCK_DOOR_MASTER","DOCK_DOOR_MASTER_ID","FK_DOCKDOORAVAILDAY_DDMAS2"
"DOCK_DOOR_AVAIL_DAY","WHSE","DOCK_DOOR_MASTER","WHSE","FK_DOCKDOORAVAILDAY_DDMAS"
"DOCK_DOOR_AVAIL_DAY","DOCK","DOCK_DOOR_MASTER","DOCK","FK_DOCKDOORAVAILDAY_DDMAS"
"DOCK_DOOR_AVAIL_DAY","DOOR","DOCK_DOOR_MASTER","DOOR","FK_DOCKDOORAVAILDAY_DDMAS"
"DOCK_DOOR_AVAIL_SCHED","DOCK_DOOR_MASTER_ID","DOCK_DOOR_MASTER","DOCK_DOOR_MASTER_ID","FK_DOCKDOORAVAILSCHD_DDMAS2"
"DOCK_DOOR_AVAIL_SCHED","WHSE","DOCK_DOOR_MASTER","WHSE","FK_DOCKDOORAVAILSCHD_DDMAS"
"DOCK_DOOR_AVAIL_SCHED","DOCK","DOCK_DOOR_MASTER","DOCK","FK_DOCKDOORAVAILSCHD_DDMAS"
"DOCK_DOOR_AVAIL_SCHED","DOOR","DOCK_DOOR_MASTER","DOOR","FK_DOCKDOORAVAILSCHD_DDMAS"
"DOCK_DOOR_REF","APPOINTMENT_ID","ILM_APPOINTMENTS","APPOINTMENT_ID","DOCK_DOOR_REF_APPOINTMENT_FK"
"DOCK_DOOR_REF","ASN_ID","ASN","ASN_ID","DOCK_DOOR_REF_ASN_FK"
"DOCK_DOOR_REF","SHIPMENT_ID","SHIPMENT","SHIPMENT_ID","DOCK_DOOR_REF_SHIPMENT_FK"
"DOCUMENT","DOCUMENT_FORMAT_TYPE","DOCUMENT_FORMAT_TYPE","DOCUMENT_FORMAT_TYPE","DOCUMENT_FK4"
"DOCUMENT","DOCUMENT_TYPE","DOCUMENT_TYPE","DOCUMENT_TYPE","DOCUMENT_FK2"
"DOCUMENT","DOCUMENT_STATUS","DOCUMENT_STATUS","DOCUMENT_STATUS","DOCUMENT_FK3"
"DOCUMENT_DESCRIPTOR","DOCUMENT_EVENT_TYPE","DOCUMENT_EVENT_TYPE","DOCUMENT_EVENT_TYPE","DOCUMENT_DESC_FK5"
"DOCUMENT_DESCRIPTOR","DOCUMENT_TYPE","DOCUMENT_TYPE","DOCUMENT_TYPE","DOCUMENT_DESC_FK3"
"DOCUMENT_DESCRIPTOR","XML_TRANSLATOR_TYPE","XML_TRANSLATOR_TYPE","XML_TRANSLATOR_TYPE","DOCUMENT_DESC_FK1"
"DOCUMENT_DESCRIPTOR","DOCUMENT_GENERATOR_TYPE","DOCUMENT_GENERATOR_TYPE","DOCUMENT_GENERATOR_TYPE","DOCUMENT_DESC_FK4"
"DOC_DELIVERY","DOCUMENT_TYPE","DOCUMENT_TYPE","DOCUMENT_TYPE","DOC_DEL_FK3"
"DOC_DELIVERY_DTL","DOC_DELIVERY_ID","DOC_DELIVERY","DOC_DELIVERY_ID","DOC_DEL_DTL_FK1"
"DO_LINE_CLASSIFICATION_CODE","LINE_ITEM_ID","ORDER_LINE_ITEM","LINE_ITEM_ID","DO_LINE_CLSCODE_FK1"
"DO_LINE_CLASSIFICATION_CODE","ORDER_ID","ORDERS","ORDER_ID","DO_LINE_CLSCODE_FK3"
"DO_LINE_CLASSIFICATION_CODE","CLASSIFICATION_CODE_ID","CLASSIFICATION_CODE","CLASSIFICATION_CODE_ID","DO_LINE_CLSCODE_FK2"
"DO_LINE_CLS_CODE_TEMPLATE","CLASSIFICATION_CODE_ID","CLASSIFICATION_CODE","CLASSIFICATION_CODE_ID","DO_LINE_CLS_CODE_TEMPLATE_FK2"
"DO_LINE_CLS_CODE_TEMPLATE","ORDER_ID","ORDER_LINE_ITEM_TEMPLATE","ORDER_ID","DO_LINE_CLS_CODE_TEMPLATE_FK1"
"DO_LINE_CLS_CODE_TEMPLATE","LINE_ITEM_ID","ORDER_LINE_ITEM_TEMPLATE","LINE_ITEM_ID","DO_LINE_CLS_CODE_TEMPLATE_FK1"
"DO_LINE_WMPROCESSINFO","ORDER_ID","ORDERS","ORDER_ID","DO_LN_WMPRSSINFO_FK"
"DO_LINE_WMPROCESSINFO","LINE_ITEM_ID","ORDER_LINE_ITEM","LINE_ITEM_ID","DOLINE_WMINF_FK1"
"DO_WMPROCESSINFO","ORDER_ID","ORDERS","ORDER_ID","DO_WMPRSNF_FK1"
"DRIVER","DISPATCH_STATUS","DISPATCH_STATUS","DISPATCH_STATUS","DRIVER_FK1"
"DRIVER_SCHED_EXCEPTION","DRIVER_SCHED_EXC_TYPE","DRIVER_SCHED_EXC_TYPE","DRIVER_SCHED_EXC_TYPE","DRIVER_SCE_FK"
"DRIVER_SHIPMENT","SHIPMENT_ID","SHIPMENT","SHIPMENT_ID","FK_SHIPMENT_ID"
"DSP_DR","DSP_DR_SET_ID","DSP_DR_SET","DSP_DR_SET_ID","DSP_DR_FK2"
"DSP_DR","DSP_DR_TYPE_ID","DSP_DR_TYPE","DSP_DR_TYPE_ID","DSP_DR_FK1"
"DSP_DR_PARAMETER_SET","DSP_DR_SET_ID","DSP_DR_SET","DSP_DR_SET_ID","DSP_DR_PSET_FK1"
"DSP_DR_PARAMETER_SET","DSP_DR_PARAMETER_ID","DSP_DR_PARAMETER","DSP_DR_PARAMETER_ID","DSP_DR_PSET_FK2"
"DSP_DR_SET","DSP_DR_CONFIGURATION_ID","DSP_DR_CONFIGURATION","DSP_DR_CONFIGURATION_ID","DSP_DR_SET_FK1"
"DT_CACHE2","DT_PARM_LIST_ID","DT_PARM_LIST","DT_PARM_LIST_ID","DT_CAC2_FK"
"DT_OVERRIDE_DETAIL","OVERRIDE_SEQ","DT_OVERRIDE","OVERRIDE_SEQ","DTORDTL_DTOR_FK"
"DT_OVERRIDE_DETAIL","OVERRIDE_WINDOW_ID","DT_OVERRIDE_WINDOW","DT_OVERRIDE_WINDOW_ID","DTORDTL_DTORW_FK"
"DT_OVERRIDE_DETAIL","TC_COMPANY_ID","DT_OVERRIDE","COMPANY_ID","DTORDTL_DTOR_FK"
"DT_OVERRIDE_STATE_TAX","DT_OVERRIDE_ID","DT_OVERRIDE","OVERRIDE_SEQ","FK_DT_OVERRIDE_ID"
"DT_OVERRIDE_STATE_TAX","TC_COMPANY_ID","DT_OVERRIDE","COMPANY_ID","FK_DT_OVERRIDE_ID"
"DT_PARM_LIST","DT_CALCULATOR","DT_CALCULATOR","DT_CALCULATOR","DT_PARM_LIST_FK"
"DT_PARM_LIST_DTL","DT_PARM_LIST_ID","DT_PARM_LIST","DT_PARM_LIST_ID","DT_PARM_LDTL_FK"
"DWM_WORK_EVENT_LOG","WORK_REQUEST_ID","DWM_WORK_REQUEST","WORK_REQUEST_ID","DWM_WORK_EVENT_LOG_FK"
"DWM_WORK_REQUEST","WORK_TYPE_CONFIG_ID","DWM_WORK_TYPE_CONFIG","WORK_TYPE_CONFIG_ID","WORK_TYPE_CONFIG_ID_FK"
"DWM_WORK_REQUEST_ERROR","WORK_REQUEST_ID","DWM_WORK_REQUEST","WORK_REQUEST_ID","WORK_REQUEST_ID_FK"
"DWM_WORK_TYPE_ACTOR_SYS_MAP","ACTOR_SYS_ID","DWM_ACTOR_SYSTEM","ACTOR_SYS_ID","ACTOR_SYS_ID_MAP_FK"
"DWM_WORK_TYPE_ACTOR_SYS_MAP","WORK_TYPE_CONFIG_ID","DWM_WORK_TYPE_CONFIG","WORK_TYPE_CONFIG_ID","WORK_TYPE_CONFIG_ID_MAP_FK"
"DYNAMIC_ROUTE_DETAIL","DYNAMIC_ROUTE_ID","DYNAMIC_ROUTE","DYNAMIC_ROUTE_ID","FK_DRTEDTL_DRTE"
"EC_CONSUMER_MSG_TYPE","EC_CONSUMER_ID","EC_CONSUMER","EC_CONSUMER_ID","FK_EC_CONSUMER_TO_MSG_TYPE"
"EC_MESSAGE_CONSUMER","EC_MESSAGE_ID","EC_MESSAGE","EC_MESSAGE_ID","FK_EC_MSG_CONSUMER_TO_MSG"
"EC_MESSAGE_CONSUMER","EC_CONSUMER_ID","EC_CONSUMER","EC_CONSUMER_ID","FK_EC_MSG_CONSUMER_TO_CONSUMER"
"ENGINE_INPUT_PARM","ENGINE_ID","WHSE_ENGINE_CONFIG","ENGINE_ID","FK_EIP_TO_ENGINE_CONFIG"
"ENGINE_OUTPUT_PARM","ENGINE_ID","WHSE_ENGINE_CONFIG","ENGINE_ID","FK_EOP_TO_ENGINE_CONFIG"
"EPI_END_OF_DAY_SERVICE_LEVEL","EOD_REQUEST_ID","EPI_END_OF_DAY","EOD_REQUEST_ID","FK1_EPI_EOD_SRVC_LVL"
"EQUIP_INST_SCHED_PLANNED","EQUIP_INST_SCHED_TYPE","EQUIP_INST_SCHED_TYPE","EQUIP_INST_SCHED_TYPE","EQUIP_INSTS_FK"
"ERROR_LOG_ARGS","ERROR_ID","ERROR_LOG","ERROR_ID","ERROR_LOGA_FK"
"EVENT_LOG","EVENT_CATEGORY","EVENT_CATEGORY","EVENT_CATEGORY","EVENT_LOG_FK2"
"EVENT_LOG","EVENT_SEVERITY","EVENT_SEVERITY","EVENT_SEVERITY","EVENT_LOG_FK1"
"EVENT_MESSAGE","CD_MASTER_ID","CD_MASTER","CD_MASTER_ID","FK_EVENTMSG_CDMASTER"
"EVENT_RULE_ATTRIB","EVENT_RULE_PARM_ID","EVENT_RULE_PARM","EVENT_RULE_PARM_ID","FK_EVENT_RULE_PARM_ID"
"EVENT_RULE_ATTRIB","RULE_COLM_LIST_ID","RULE_COLM_LIST","RULE_COLM_LIST_ID","FK_RULE_COLM_LIST_ID"
"EVENT_RULE_PARM","EVENT_PARM_ID","EVENT_PARM","EVENT_PARM_ID","FK_EVENTRULEPARM_EVENTPARM"
"EVENT_RULE_PARM","IV_EVENT","EVENT_PARM","EVENT_PARM_ID","FK_IV_EVENT"
"EVENT_RULE_PARM","RULE_HDR_ID","RULE_HDR","RULE_HDR_ID","FK_EVENTRULEPARM_RULEHDR2"
"EVENT_RULE_PARM","TASK_PARM_ID","TASK_PARM","TASK_PARM_ID","FK_EVENTRULEPARM_TASKPARM"
"EVENT_RULE_PARM","RULE_ID","RULE_HDR","RULE_ID","FK_EVENTRULEPARM_RULEHDR"
"EXCEPTIONS","WHSE_CODE","WHPREFS","WHSE_CODE","FK_EXCEP_TO_WHPREFS"
"EXTERNAL_RESOURCE","EXTERNAL_RESOURCE_TYPE","EXTERNAL_RESOURCE_TYPE","EXTERNAL_RESOURCE_TYPE","EXTERNAL_RESOURCE_FK"
"EXTERNAL_TRACKING_ORDERS","VENDOR_ID","TRACKING_VENDORS","VENDOR_ID","TRACKING_VENDOR_FK"
"EXTERNAL_TRACKING_ORDERS","SHIPMENT_ID","SHIPMENT","SHIPMENT_ID","SHIPMENT_EXT_ID_FK"
"E_ACT","LABOR_TYPE_ID","E_LABOR_TYPE_CODE","LABOR_TYPE_ID","FK_E_ACT_TO_E_LABOR_TYPE_CODE"
"E_ACT","JOB_FUNC_ID","E_JOB_FUNCTION","JOB_FUNC_ID","FK_E_ACT_TO_E_JOB_FUNC"
"E_ACT","VHCL_TYPE_ID","E_VHCL","VHCL_TYPE_ID","FK_E_ACT_TO_E_VHCL"
"E_ACT_ELM","ELM_ID","E_ELM","ELM_ID","FK_E_ACT_EL_E_ACT_ELM_E_ELM"
"E_ACT_ELM","ACT_ID","E_ACT","ACT_ID","FK_E_ACT_EL_E_ACT_ELM_E_ACT"
"E_ACT_ELM_CRIT","ELM_ID","E_ELM_CRIT","ELM_ID","FK_E_ACT_ELM_CRIT_TO_ELM_CRIT"
"E_ACT_ELM_CRIT","ACT_ID","E_ACT_ELM","ACT_ID","FK_E_ACT_ELM_CRIT_TO_ACT_ELM"
"E_ACT_ELM_CRIT","ACT_ID","E_ACT","ACT_ID","FK_E_ACT_ELM_CRIT_TO_ACT"
"E_ACT_ELM_CRIT","ELM_ID","E_ACT_ELM","ELM_ID","FK_E_ACT_ELM_CRIT_TO_ACT_ELM"
"E_ACT_ELM_CRIT","CRIT_ID","E_ELM_CRIT","CRIT_ID","FK_E_ACT_ELM_CRIT_TO_ELM_CRIT"
"E_ACT_ELM_CRIT","CRIT_VAL_ID","E_ELM_CRIT","CRIT_VAL_ID","FK_E_ACT_ELM_CRIT_TO_ELM_CRIT"
"E_ACT_ELM_FCT","ACT_ID","E_ACT_ELM","ACT_ID","FK_E_ACT_ELM_FCT_TO_ACT_ELM"
"E_ACT_ELM_FCT","ACT_ID","E_ACT","ACT_ID","FK_E_ACT_ELM_FCT_TO_ACT"
"E_ACT_ELM_FCT","ELM_ID","E_ELM_FCT","ELM_ID","FK_E_ACT_ELM_FCT_TO_ELM_FCT"
"E_ACT_ELM_FCT","FCT_ID","E_ELM_FCT","FCT_ID","FK_E_ACT_ELM_FCT_TO_ELM_FCT"
"E_ACT_ELM_FCT","ELM_ID","E_ACT_ELM","ELM_ID","FK_E_ACT_ELM_FCT_TO_ACT_ELM"
"E_ACT_ELM_FCT_CRIT","ELM_ID","E_ELM_FCT_CRIT","ELM_ID","FK_E_AEFC_TO_ELM_FCT_CRIT"
"E_ACT_ELM_FCT_CRIT","ACT_ID","E_ACT_ELM_FCT","ACT_ID","FK_E_AEFC_TO_ACT_ELM_FCT"
"E_ACT_ELM_FCT_CRIT","ACT_ID","E_ACT","ACT_ID","FK_E_ACT_ELM_FCT_CRIT_TO_ACT"
"E_ACT_ELM_FCT_CRIT","ELM_ID","E_ACT_ELM_FCT","ELM_ID","FK_E_AEFC_TO_ACT_ELM_FCT"
"E_ACT_ELM_FCT_CRIT","FCT_ID","E_ELM_FCT_CRIT","FCT_ID","FK_E_AEFC_TO_ELM_FCT_CRIT"
"E_ACT_ELM_FCT_CRIT","FCT_ID","E_ACT_ELM_FCT","FCT_ID","FK_E_AEFC_TO_ACT_ELM_FCT"
"E_ACT_ELM_FCT_CRIT","CRIT_ID","E_ELM_FCT_CRIT","CRIT_ID","FK_E_AEFC_TO_ELM_FCT_CRIT"
"E_ACT_ELM_FCT_CRIT","CRIT_VAL_ID","E_ELM_FCT_CRIT","CRIT_VAL_ID","FK_E_AEFC_TO_ELM_FCT_CRIT"
"E_ACT_ELM_PFD","ELM_ID","E_ELM_PFD","ELM_ID","FK_E_ACT_ELM_PFD_TO_ELM_PFD"
"E_ACT_ELM_PFD","ACT_ID","E_ACT_ELM","ACT_ID","FK_E_ACT_ELM_PFD_TO_ACT_ELM"
"E_ACT_ELM_PFD","PFD_ID","E_PFD_HDR","PFD_ID","FK_E_ACT_ELM_PFD_TO_PFD_HDR"
"E_ACT_ELM_PFD","ELM_ID","E_ACT_ELM","ELM_ID","FK_E_ACT_ELM_PFD_TO_ACT_ELM"
"E_ACT_ELM_PFD","PFD_ID","E_ELM_PFD","PFD_ID","FK_E_ACT_ELM_PFD_TO_ELM_PFD"
"E_ACT_HIST","LABOR_TYPE_ID","E_LABOR_TYPE_CODE","LABOR_TYPE_ID","FK_E_ACT_HIST_E_LABORTYPECODE"
"E_ASN_DTL","SHIPMENT_NBR","E_ASN_HDR","SHIPMENT_NBR","FK_E_ASN_DTL"
"E_AUD_LOG_FACTOR","AUD_ID","E_AUD_LOG","AUD_ID","FK_E_AUD_LOG_FACTOR_AUD_ID"
"E_AUD_LOG_TRVL","AUD_ID","E_AUD_LOG","AUD_ID","FK_E_AUD_LOG_AUD_ID"
"E_AUD_LOG_TRVL","VHCL_TYPE_ID","E_VHCL","VHCL_TYPE_ID","FK_E_AUD_LOG_TRVL_VHCL"
"E_AVG_ESP","JOB_FUNC_ID","E_JOB_FUNCTION","JOB_FUNC_ID","FK_E_AVG_ESP_E_JOBFUNC"
"E_AVG_HRLY_LABOR_COST_RATE","SHIFT_ID","E_SHIFT","SHIFT_ID","FK_E_AVG_HRLY_LBR_TO_SHIFT"
"E_AVG_PICKING","ACT_ID","E_ACT","ACT_ID","FK_E_AVG_PICKING_TO_E_ACT"
"E_COND_ACCESS_DIST","VHCL_TYPE_ID","E_VHCL","VHCL_TYPE_ID","FK_E_COND_ACCESS_DIST_VHCL"
"E_CONSOL_PERF_SMRY","EMP_PERF_SMRY_ID","E_EMP_PERF_SMRY","EMP_PERF_SMRY_ID","FK_CONSOL_SMRY_TO_EMP_PERF"
"E_DYN_ACT_RULE","DYN_ACT_ID","E_DYN_ACT","DYN_ACT_ID","FK_E_DYN_ACT_RULE_TO_DYN_ACT"
"E_DYN_ACT_RULE_CONDITION","DYN_ACT_ID","E_DYN_ACT","DYN_ACT_ID","FK_DYN_ACT_RULE_CON_TO_DYN_ACT"
"E_DYN_ACT_RULE_CONDITION","DYN_ACT_ID","E_DYN_ACT_RULE","DYN_ACT_ID","FK_DYNACTRULECON_TO_DYNACTRULE"
"E_DYN_ACT_RULE_CONDITION","RULE_NBR","E_DYN_ACT_RULE","RULE_NBR","FK_DYNACTRULECON_TO_DYNACTRULE"
"E_ELM","MSRMNT_ID","E_MSRMNT","MSRMNT_ID","FK_E_ELM_TO_E_MSRMNT"
"E_ELM_CRIT","ELM_ID","E_ELM","ELM_ID","FK_E_ELM_CRIT_TO_E_ELM"
"E_ELM_CRIT","CRIT_ID","E_CRIT_VAL","CRIT_ID","FK_E_ELM_CRIT_TO_CRIT_VAL"
"E_ELM_CRIT","CRIT_VAL_ID","E_CRIT_VAL","CRIT_VAL_ID","FK_E_ELM_CRIT_TO_CRIT_VAL"
"E_ELM_FCT","FCT_ID","E_FCT","FCT_ID","FK_E_ELM_FCT_TO_FCT"
"E_ELM_FCT","ELM_ID","E_ELM","ELM_ID","FK_E_ELM_FCT_TO_ELM"
"E_ELM_FCT_CRIT","ELM_ID","E_ELM_FCT","ELM_ID","FK_E_ELM_FCT_CRIT_TO_ELM_FCT"
"E_ELM_FCT_CRIT","ELM_ID","E_ELM","ELM_ID","FK_E_ELM_FCT_CRIT_TO_ELM"
"E_ELM_FCT_CRIT","FCT_ID","E_FCT_CRIT","FCT_ID","FK_E_ELM_FCT_CRIT_TO_FCT_CRIT"
"E_ELM_FCT_CRIT","CRIT_ID","E_FCT_CRIT","CRIT_ID","FK_E_ELM_FCT_CRIT_TO_FCT_CRIT"
"E_ELM_FCT_CRIT","FCT_ID","E_ELM_FCT","FCT_ID","FK_E_ELM_FCT_CRIT_TO_ELM_FCT"
"E_ELM_FCT_CRIT","CRIT_VAL_ID","E_FCT_CRIT","CRIT_VAL_ID","FK_E_ELM_FCT_CRIT_TO_FCT_CRIT"
"E_ELM_HIST","MSRMNT_ID","E_MSRMNT","MSRMNT_ID","FK_E_ELM_HIST_TO_E_MSRMNT"
"E_ELM_PFD","PFD_ID","E_PFD_HDR","PFD_ID","FK_E_ELM_PFD_TO_PFD_HDR"
"E_ELM_PFD","ELM_ID","E_ELM","ELM_ID","FK_E_ELM_PFD_TO_ELM"
"E_ELS_LAP","ELS_VAL_ID","E_ELS_VALIDATE","ELS_VAL_ID","ELS_VAL_ID_FK"
"E_ELS_NOTES","ELS_VAL_ID","E_ELS_VALIDATE","ELS_VAL_ID","ELS_VAL_ID_FK1"
"E_EMP_ABSENT","PAY_TYPE_ID","E_PAY_TYPE","PAY_TYPE_ID","FK_E_EMP_ABSENT_E_PAY_TYPE"
"E_EMP_DTL","DEPT_ID","E_DEPT","DEPT_ID","FK_E_EMP_DT_E_EMP_DTL_E_DEPT"
"E_EMP_DTL","SHIFT_ID","E_SHIFT","SHIFT_ID","FK_E_EMP_DT_E_EMP_DTL_E_SHIFT"
"E_EMP_DTL","JOB_FUNC_ID","E_JOB_FUNCTION","JOB_FUNC_ID","FK_E_EMP_DTL_TO_E_JOB_FUNC"
"E_EMP_DTL","EMP_STAT_ID","E_EMP_STAT_CODE","EMP_STAT_ID","FK_E_EMP_DT_E_EMP_DTL_E_EMP_ST"
"E_EMP_INC","INC_CODE_ID","E_INC_CODE","INC_CODE_ID","FK_E_EMP_INC_E_INC_CODE"
"E_EMP_INC_PAY","LABOR_TYPE_ID","E_LABOR_TYPE_CODE","LABOR_TYPE_ID","FK_E_EMP_INC_PAY_LABOR_TYP_CD"
"E_EMP_JF_WORK_DTL","EMP_JF_WORK_ID","E_EMP_JF_WORK","EMP_JF_WORK_ID","FK_EMP_JF_WORK_ID"
"E_EMP_JF_WORK_DTL","EMP_PERF_SMRY_ID","E_EMP_PERF_SMRY","EMP_PERF_SMRY_ID","FK_EMP_PERF_SMRY_ID"
"E_EMP_METRIC_DTL","METRIC_ID","E_EMP_METRIC_HDR","METRIC_ID","E_EMP_METRIC_DTL_FK"
"E_EMP_PAY","PAY_RATE_ID","E_PAY_RATE","PAY_RATE_ID","FK_E_EMP_PAY_E_PAY_RATE"
"E_EMP_PAY_OVERRIDE","JOB_FUNC_ID","E_JOB_FUNCTION","JOB_FUNC_ID","FK_E_EMP_PAY_OVERRIDE_E_JF"
"E_EMP_PAY_OVERRIDE","PAY_SCALE_ID","E_PAY_SCALE","PAY_SCALE_ID","FK_E_EMP_PAY_OVRIDE_E_PAY_SC"
"E_EMP_PAY_OVERRIDE","SHIFT_ID","E_SHIFT","SHIFT_ID","FK_E_EMP_PAY_OVERRIDE_E_SHIFT"
"E_EMP_PERF_GOAL","ACT_ID","E_ACT","ACT_ID","FK_E_EMP_PE_E_EMP_PRF_E_ACT"
"E_EMP_PERF_SMRY","SHIFT_ID","E_SHIFT","SHIFT_ID","FK_E_EMP_PERF_SMRY_TO_SHIFT"
"E_EMP_PERF_SMRY","EMP_STAT_CODE","E_EMP_STAT_CODE","EMP_STAT_CODE","FK_E_EMP_PERF_SMRY_TO_EMP_SC"
"E_EMP_PERF_SMRY","WHSE","E_DEPT","WHSE","FK_E_EMP_PERF_SMRY_TO_DEPT"
"E_EMP_PERF_SMRY","DEPT_CODE","E_DEPT","DEPT_CODE","FK_E_EMP_PERF_SMRY_TO_DEPT"
"E_EMP_SAFE","SAFE_CODE_ID","E_SAFE_CODE","SAFE_CODE_ID","FK_EMP_SAFE_TO_SAFE_CODE"
"E_EMP_TRAIN_OVERRIDE","JOB_FUNC_ID","E_JOB_FUNCTION","JOB_FUNC_ID","FK_EMP_TRAIN_OVERRIDE_E_JF"
"E_EVNT_SMRY_ELM_DTL","ELS_TRAN_ID","E_EVNT_SMRY_HDR","ELS_TRAN_ID","FK_SMRY_ELM_DTL_TO_SMRY_HDR"
"E_EVNT_SMRY_HDR","PROC_ZONE_ID","E_PROC_ZONE","PROC_ZONE_ID","FK_E_EVNT_SMRY_DHR_TO_PZONE"
"E_EVNT_SMRY_HDR","WHSE","E_DEPT","WHSE","FK_E_EVNT_SMRY_HDR_TO_DEPT"
"E_EVNT_SMRY_HDR","EMP_PERF_SMRY_ID","E_EMP_PERF_SMRY","EMP_PERF_SMRY_ID","FK_EVNT_SMRY_TO_EMP_PERF"
"E_EVNT_SMRY_HDR","EVNT_STAT_CODE","E_EVNT_STAT_CODE","EVNT_STAT_CODE","FK_E_EVNT_SMRY_HDR_TO_EVNT_SC"
"E_EVNT_SMRY_HDR","ACT_ID","E_ACT","ACT_ID","FK_E_EVNT_SMRY_HDR_TO_ACT"
"E_EVNT_SMRY_HDR","JOB_FUNC_ID","E_JOB_FUNCTION","JOB_FUNC_ID","FK_EVNT_SMRY_HDR_TO_E_JOB_FUNC"
"E_EVNT_SMRY_HDR","LABOR_TYPE_ID","E_LABOR_TYPE_CODE","LABOR_TYPE_ID","FK_E_EVNT_SMRY_HDR_TO_LT"
"E_EVNT_SMRY_HDR","DEPT_CODE","E_DEPT","DEPT_CODE","FK_E_EVNT_SMRY_HDR_TO_DEPT"
"E_EVNT_TEMPL_ACT","TEMPL_ID","E_EVNT_TEMPL_HDR","TEMPL_ID","FK_E_EVNT_TEMPL_ACT_E_EVNT_TH"
"E_EVNT_TEMPL_ACT","ACT_ID","E_ACT","ACT_ID","FK_E_EVNT_TEMPL_ACT_E_ACT"
"E_EVNT_TEMPL_UOM","MSRMNT_ID","E_MSRMNT","MSRMNT_ID","FK_E_EVNT_TEMPL_UOM_E_MSRMNT"
"E_EVNT_TEMPL_UOM","ACT_ID","E_ACT","ACT_ID","FK_E_EVNT_TEMPL_UOM_E_ACT"
"E_EVNT_TEMPL_UOM","TEMPL_ID","E_EVNT_TEMPL_HDR","TEMPL_ID","FK_E_EVNT_TEMPL_UOM_E_EVNT_TEM"
"E_FCT_CRIT","FCT_ID","E_FCT","FCT_ID","FK_E_FCT_CRIT_TO_FCT"
"E_FCT_CRIT","CRIT_ID","E_CRIT_VAL","CRIT_ID","FK_E_FCT_CRIT_TO_FCT_CRIT"
"E_FCT_CRIT","CRIT_VAL_ID","E_CRIT_VAL","CRIT_VAL_ID","FK_E_FCT_CRIT_TO_FCT_CRIT"
"E_FORECAST_PROC_ZONE","JOB_FUNC_ID","E_JOB_FUNCTION","JOB_FUNC_ID","FK_FCPZ_TO_E_JOBFUNC"
"E_FORECAST_PROC_ZONE","TEMPLATE_ID","E_FORECAST_TEMPLATE","TEMPLATE_ID","FK_FCPZ_TO_TEMPL_ID"
"E_FORECAST_PROC_ZONE","MSRMNT_ID","E_MSRMNT","MSRMNT_ID","FK_FCPZ_TO_E_MSRMNT"
"E_FORECAST_PROC_ZONE_DTL","PROC_ZONE_ID","E_PROC_ZONE","PROC_ZONE_ID","FK_FOREPZ_2_EPROCZONE"
"E_FORECAST_PROC_ZONE_DTL","FORECAST_PROC_ZONE_ID","E_FORECAST_PROC_ZONE","FORECAST_PROC_ZONE_ID","FK_FOREPZ_2_FOREPZDTL"
"E_FORECAST_RESULT_DTL","PROC_ZONE_ID","E_PROC_ZONE","PROC_ZONE_ID","FK_FRD_TO_EPROCZONE"
"E_FORECAST_RESULT_DTL","JOB_FUNC_ID","E_JOB_FUNCTION","JOB_FUNC_ID","FK_FRD_TO_E_JOBFUNC"
"E_FORECAST_RESULT_DTL","FORECAST_RESULT_HDR_ID","E_FORECAST_RESULT_HDR","FORECAST_RESULT_HDR_ID","FK_FORERES_2_FORERESDTL"
"E_FORECAST_RESULT_DTL","SHIFT_ID","E_SHIFT","SHIFT_ID","FK_FRD_TO_SHIFT"
"E_FORECAST_RESULT_HDR","TEMPLATE_ID","E_FORECAST_TEMPLATE","TEMPLATE_ID","FK_FRH_TO_TEMPL_ID"
"E_FORECAST_TEMPLATE","WORKFLOW_ID","E_FORECAST_WORKFLOW","WORKFLOW_ID","FK_E_FORE_TEMPL_TO_WRK_FLW"
"E_FORECAST_TEMPLATE","HIST_TEMPL_ID","E_HIST_TEMPL","HIST_TEMPL_ID","FK_E_FORE_TEMPL_TO_HIST_TMPL"
"E_FORECAST_TEMPLATE_DAYS","TEMPLATE_ID","E_FORECAST_TEMPLATE","TEMPLATE_ID","FK_FORETEMPLDAYS_TO_FORETEMPL"
"E_FORECAST_TEMPLATE_SHIFTS","HIST_SHIFT_ID","E_SHIFT","SHIFT_ID","FK_FORETEMPLSHIFT_TO_ESHIFT"
"E_FORECAST_TEMPLATE_SHIFTS","FORECAST_SHIFT_ID","E_SHIFT","SHIFT_ID","FK_FORETEMPLSHIFT_TO_ESHIFT1"
"E_FORECAST_TEMPLATE_SHIFTS","TEMPLATE_ID","E_FORECAST_TEMPLATE","TEMPLATE_ID","FK_FORETEMPLSFT_TO_FORETEMPL"
"E_FORECAST_WORKFLOW_DTL","HIST_JOB_FUNC_ID","E_JOB_FUNCTION","JOB_FUNC_ID","FK_FCAST_WF_DTL_TO_HIST_JF_ID"
"E_FORECAST_WORKFLOW_DTL","MSRMNT_ID","E_MSRMNT","MSRMNT_ID","FK_FCAST_WF_DTL_TO_MSRMNT_ID"
"E_FORECAST_WORKFLOW_DTL","ACT_ID","E_ACT","ACT_ID","FK_FCAST_WF_DTL_TO_HIST_ACT_ID"
"E_FORECAST_WORKFLOW_DTL","WORKFLOW_ID","E_FORECAST_WORKFLOW","WORKFLOW_ID","FK_FCAST_WF_DTL_TO_WFLOW_ID"
"E_HIST_TEMPL_DATES","HIST_TEMPL_ID","E_HIST_TEMPL","HIST_TEMPL_ID","FK_HIST_TEMPL_DTS_TO_HST_TEMP"
"E_HIST_TEMPL_DAY","HIST_TEMPL_ID","E_HIST_TEMPL","HIST_TEMPL_ID","FK_HIST_TEMPL_DAY_TO_HIST_TEMP"
"E_HIST_TEMPL_SHIFT","HIST_TEMPL_ID","E_HIST_TEMPL","HIST_TEMPL_ID","FK_HIST_TEMPL_ID_TO_HIST_TEMPL"
"E_HIST_TEMPL_SHIFT","SHIFT_ID","E_SHIFT","SHIFT_ID","FK_HIST_TEMPL_SHFT_ID_TO_SHIFT"
"E_INC_CODE","DUR_ID","E_PAY_DUR","DUR_ID","FK_E_INC_CODE_TO_E_PAY_DUR"
"E_INC_CODE_JF","JOB_FUNC_ID","E_JOB_FUNCTION","JOB_FUNC_ID","FK_E_INC_CODE_JF_E_JOB_FUNCTIO"
"E_INC_CODE_JF","INC_CODE_ID","E_INC_CODE","INC_CODE_ID","FK_E_INC_CODE_JF_E_INC_CODE"
"E_INC_CODE_LAB_TYPE","LABOR_TYPE_CODE","E_LABOR_TYPE_CODE","LABOR_TYPE_CODE","FK_LABOR_TYPE_CODE"
"E_INC_CODE_LAB_TYPE","INC_CODE_ID","E_INC_CODE","INC_CODE_ID","FK_E_INC_CODE"
"E_INC_CODE_RULE","INC_CODE_ID","E_INC_CODE","INC_CODE_ID","FK_E_INC_CODE_RULE_E_INC_CODE"
"E_INTERM_EMP_PAY","PAY_RATE_ID","E_PAY_RATE","PAY_RATE_ID","FK_E_INTERM_EMP_PAY_TO_PAY_RAT"
"E_JOB_FUNCTION","PROC_ZONE_TEMPL_ID","E_PROC_ZONE_TEMPL","PROC_ZONE_TEMPL_ID","FK_E_JOB_FUNCTION_TO_P_ZONE"
"E_JOB_FUNCTION","DFLT_PROC_ZONE_ID","E_PROC_ZONE","PROC_ZONE_ID","FK_E_JOB_FUNCTION_TO_PROC_ZONE"
"E_JOB_FUNC_PERF_GOAL","JOB_FUNC_ID","E_JOB_FUNCTION","JOB_FUNC_ID","FK_JOB_FUNCTION_ID"
"E_JOB_FUNC_QA_REASON","QA_REASON_ID","E_QA_REASON","QA_REASON_ID","FK_E_JOB_FUNC_QA_REASON_TO_QA_"
"E_JOB_FUNC_QA_REASON","JOB_FUNC_ID","E_JOB_FUNCTION","JOB_FUNC_ID","FK_E_JOB_FUNC_QA_REASON_TO_JOB"
"E_METRIC_CONFIGURATION","CONSOLIDATED_IMPLEMENTATION_ID","E_METRIC_IMPLEMENTATION","METRIC_IMPLEMENTATION_ID","FK1_E_METRIC_CONFIGURATION"
"E_METRIC_CONFIGURATION","TOP_FIVE_IMPLEMENATION_ID","E_METRIC_IMPLEMENTATION","METRIC_IMPLEMENTATION_ID","FK4_E_METRIC_CONFIGURATION"
"E_METRIC_CONFIGURATION","ADDNL_METRIC_IMPLEMENTATION_ID","E_METRIC_IMPLEMENTATION","METRIC_IMPLEMENTATION_ID","FK3_E_METRIC_CONFIGURATION"
"E_METRIC_CONFIGURATION","DETAIL_IMPLEMENTATION_ID","E_METRIC_IMPLEMENTATION","METRIC_IMPLEMENTATION_ID","FK2_E_METRIC_CONFIGURATION"
"E_MSRMNT_RULE","MSRMNT_ID","E_MSRMNT","MSRMNT_ID","FK_E_MSRMNT_RULE_E_MSRMNT"
"E_MSRMNT_RULE_CALC","MSRMNT_ID","E_MSRMNT_RULE","MSRMNT_ID","FK_UOM_RULE_CLAC_UOM_RULE"
"E_MSRMNT_RULE_CALC","MSRMNT_ID","E_MSRMNT","MSRMNT_ID","FK_UOM_RULE_CALC_MSRMNT"
"E_MSRMNT_RULE_CALC","RULE_NBR","E_MSRMNT_RULE","RULE_NBR","FK_UOM_RULE_CLAC_UOM_RULE"
"E_MSRMNT_RULE_CONDITION","MSRMNT_ID","E_MSRMNT","MSRMNT_ID","FK_UOM_RULE_CON_MSRMNT"
"E_MSRMNT_RULE_CONDITION","MSRMNT_ID","E_MSRMNT_RULE","MSRMNT_ID","FK_UOM_RULE_CON_RULE"
"E_MSRMNT_RULE_CONDITION","RULE_NBR","E_MSRMNT_RULE","RULE_NBR","FK_UOM_RULE_CON_RULE"
"E_OBS_MGMT","JOB_FUNC_ID","E_JOB_FUNCTION","JOB_FUNC_ID","FK_EOM_TO_JOB_FUNC"
"E_OBS_MGMT_DOC","INT_TYPE_ID","E_OBS_INT","INT_TYPE_ID","E_OBS_MGMT_DOC_FK"
"E_OBS_MGMT_QUESTION","INT_TYPE_ID","E_OBS_INT","INT_TYPE_ID","E_OBS_MGMT_QUESTION_FK"
"E_OPS_CODE_SPVSR","SHIFT_ID","E_SHIFT","SHIFT_ID","FK_OPS_CODE_SPVSR_TO_SHIFT"
"E_OPS_CODE_SPVSR","OPS_CODE_ID","E_OPS_CODE","OPS_CODE_ID","FK_OPS_CODE_SPVSR_TO_OPS_CODE"
"E_PAY_CALC_GRP","PAY_RATE_CALC_NAME_ID","E_PAY_RATE_CALC_NAME_DTL","PAY_RATE_CALC_NAME_ID","FK_E_PY_RT_CL_NM_GRP_TO_DTL"
"E_PAY_CALC_GRP","STMT_SEQ_NBR","E_PAY_RATE_CALC_NAME_DTL","STMT_SEQ_NBR","FK_E_PY_RT_CL_NM_GRP_TO_DTL"
"E_PAY_RATE","PAY_TYPE_ID","E_PAY_TYPE","PAY_TYPE_ID","FK_E_PAY_RATE_E_PAY_TYPE"
"E_PAY_RATE","PAY_SCALE_ID","E_PAY_SCALE","PAY_SCALE_ID","FK_E_PAY_RATE_E_PAY_SCALE"
"E_PAY_RATE_CALC_NAME_DTL","PAY_RATE_CALC_NAME_ID","E_PAY_RATE_CALC_NAME_HDR","PAY_RATE_CALC_NAME_ID","FK_E_PY_RT_CL_NM_DTL_TO_HDR"
"E_PAY_RATE_CALC_NAME_DTL","DUR_ID","E_PAY_DUR","DUR_ID","FK_E_PY_RT_CL_NMDTL__E_PAY_DUR"
"E_PAY_RATE_DTL","PAY_RATE_ID","E_PAY_RATE","PAY_RATE_ID","FK_E_PAY_RATE_DTL_TO_PAY_RATE"
"E_PFD_DTL","PFD_ID","E_PFD_HDR","PFD_ID","FK_E_PFD_DTL_TO_PFD_HDR"
"E_PLAN_DTL","PLAN_RULE_ID","E_PLAN_RULE_HDR","PLAN_RULE_ID","FK_E_PLAN_DTL_TO_PLAN_RULE_HDR"
"E_PLAN_DTL","PLAN_WORKFLOW_ID","E_PLAN_WORKFLOW_HDR","PLAN_WORKFLOW_ID","FK_E_PLAN_DTL_TO_PLAN_WORKFLOW"
"E_PLAN_DTL","PLAN_ID","E_PLAN_HDR","PLAN_ID","FK_E_PLAN_DTL_TO_PLAN_HDR"
"E_PLAN_RESULTS","PLAN_ID","E_PLAN_HDR","PLAN_ID","FK_E_PLAN_RESULT_TO_PLAN_HDR"
"E_PLAN_RULE_CONDITION","PLAN_RULE_ID","E_PLAN_RULE_HDR","PLAN_RULE_ID","FK_E_PLAN_RULE_CON_TO_PLAN_RUL"
"E_PLAN_RULE_HDR","RULE_TEMPLATE_ID","E_RULE_TEMPLATE_HDR","RULE_TEMPLATE_ID","FK_E_PLAN_RL_TO_E_RL_TMPL"
"E_PLAN_TEMPLATE_DTL","WORKFLOW_TEMPLATE_ID","E_WORKFLOW_TEMPLATE_HDR","WORKFLOW_TEMPLATE_ID","FK_E_PLAN_TEMPLATE_DTL_TO_TMP1"
"E_PLAN_TEMPLATE_DTL","RULE_TEMPLATE_ID","E_RULE_TEMPLATE_HDR","RULE_TEMPLATE_ID","FK_E_PLAN_TEMPLATE_DTL_TO_TEMP"
"E_PLAN_TRANSACTION_ACT","ACT_ID","E_ACT","ACT_ID","FK_E_PLAN_TRAN_ACT_TO_ACT"
"E_PLAN_TRANSACTION_ACT","PLAN_ID","E_PLAN_HDR","PLAN_ID","FK_E_PLAN_TRAN_ACT_TO_PLAN_HDR"
"E_PLAN_TRANSACTION_ACT_ZONE","ACT_ID","E_ACT","ACT_ID","FK_E_PLAN_TRN_ACT_ZONE_E_ACT"
"E_PLAN_TRANSACTION_ACT_ZONE","PLAN_ID","E_PLAN_HDR","PLAN_ID","FK_E_PL_TRN_ACT_ZONE_E_PL_HDR"
"E_PLAN_TRANSACTION_GRP","PLAN_ID","E_PLAN_HDR","PLAN_ID","FK_E_PLAN_TRAN_GRP_TO_PLAN_HDR"
"E_PLAN_WORKFLOW_GRP","PLAN_WORKFLOW_ID","E_PLAN_WORKFLOW_HDR","PLAN_WORKFLOW_ID","FK_PLAN_WORKFLOW_GRP_TO_WORKFL"
"E_PLAN_WORKFLOW_HDR","WORKFLOW_TEMPLATE_ID","E_WORKFLOW_TEMPLATE_HDR","WORKFLOW_TEMPLATE_ID","FK_E_PLAN_WF_TO_E_WF_TMPL"
"E_PLAN_WORKFLOW_UOM","PLAN_RULE_ID","E_PLAN_RULE_HDR","PLAN_RULE_ID","FK_PLAN_WORKFLOW_UOM_TO_PLAN_R"
"E_PLAN_WORKFLOW_UOM","PLAN_WORKFLOW_GRP_ID","E_PLAN_WORKFLOW_GRP","PLAN_WORKFLOW_GRP_ID","FK_PLAN_WORKFLOW_UOM_TO_WORKFL"
"E_PROC_LOCK_DTL","PROC_ID","E_PROC_LOCK_HDR","PROC_ID","FK_E_PROC_LOCK_DTL_TO_PROC_LOC"
"E_PROC_LOCK_SCHED","PROC_ID","E_PROC_LOCK_HDR","PROC_ID","FK_E_PROC_LOCK_SCHED_TO_PROC_L"
"E_PROC_ZONE","MSRMNT_ID","E_MSRMNT","MSRMNT_ID","FK_E_PROC_ZONE_TO_MSRMNT"
"E_PROC_ZONE","PROC_ZONE_TEMPL_ID","E_PROC_ZONE_TEMPL","PROC_ZONE_TEMPL_ID","FK_PROC_ZONE_TO_PROC_ZONE_TEMP"
"E_PROC_ZONE_LOCN_RANGE","PROC_ZONE_ID","E_PROC_ZONE","PROC_ZONE_ID","FK_E_PROC_ZONE_LOCN_RANGE_TO_P"
"E_QA","JOB_FUNC_ID","E_JOB_FUNCTION","JOB_FUNC_ID","FK_E_QA_TO_JOBFUNCTION"
"E_QA_DTL","QA_ID","E_QA","QA_ID","FK_E_QA_TO_QAID"
"E_QA_SMRY","JOB_FUNC_ID","E_JOB_FUNCTION","JOB_FUNC_ID","FK_E_QA_SMRY_TO_JOBFUNCTION"
"E_REFLECT_STD","ACT_ID","E_ACT","ACT_ID","FK_E_REFLECT_STD_TO_ACT"
"E_REFLECT_STD_DTL","REFLECT_STD_ID","E_REFLECT_STD","REFLECT_STD_ID","FK_E_REFLECT_STD_DTL_TO_REFLEC"
"E_RULE_TEMPLATE_CONDITION","RULE_TEMPLATE_ID","E_RULE_TEMPLATE_HDR","RULE_TEMPLATE_ID","FK_E_RULE_TEMPLATE_CONDITION"
"E_SCHEDULER","SUBSYSTEM_ID","E_SUBSYSTEM","SUBSYSTEM_ID","FK_E_SCHEDULER_TO_SUBSYSTEM"
"E_SCHEDULE_ASGMNT","JOB_FUNC_ID","E_JOB_FUNCTION","JOB_FUNC_ID","FK_SCHED_ASG_E_JOB_FN"
"E_SCHEDULE_ASGMNT","PROC_ZONE_ID","E_PROC_ZONE","PROC_ZONE_ID","FK_SCHED_ASG_E_PROC_ZN"
"E_SCHEDULE_ASGMNT","SHIFT_ID","E_SHIFT","SHIFT_ID","FK_SCHED_ASGN_E_SHIFT"
"E_SCHEDULE_ASGMNT","SCHEDULE_RSLT_HDR_ID","E_SCHEDULE_RSLT_HDR","SCHEDULE_RSLT_HDR_ID","FK_SCHD_ASG_RLST_HDR"
"E_SCHEDULE_ASGMNT","TIME_WINDOW_DTL_ID","E_TIME_WINDOW_DTL","TIME_WINDOW_DTL_ID","FK_E_SCHED_ASGNMT_TIM_WIN_DTL"
"E_SCHEDULE_RMNG","SHIFT_ID","E_SHIFT","SHIFT_ID","FK_SCHED_RMNG_E_SHIFT"
"E_SCHEDULE_RMNG","SCHEDULE_RSLT_HDR_ID","E_SCHEDULE_RSLT_HDR","SCHEDULE_RSLT_HDR_ID","FK_SCHED_RMNG_E_SCHE_RSLT_HDR"
"E_SCHEDULE_RMNG","TIME_WINDOW_DTL_ID","E_TIME_WINDOW_DTL","TIME_WINDOW_DTL_ID","FK_SCHED_RMNG_E_TIME_WIN_DTL"
"E_SCHEDULE_RMNG","PROC_ZONE_ID","E_PROC_ZONE","PROC_ZONE_ID","FK_SCHED_RMNG_E_PROC_ZONE"
"E_SCHEDULE_RSLT_HDR","SCHEDULE_TEMPLATE_ID","E_SCHEDULE_TEMPLATE","SCHEDULE_TEMPLATE_ID","FK_ESCRSHDR_TO_ESCHTEM"
"E_SCHEDULE_RSLT_SMRY","SHIFT_ID","E_SHIFT","SHIFT_ID","FK_SCHED_RSLT_SMRY_E_SHIFT"
"E_SCHEDULE_RSLT_SMRY","SCHEDULE_RSLT_HDR_ID","E_SCHEDULE_RSLT_HDR","SCHEDULE_RSLT_HDR_ID","FK_E_SCHEDULE_RSLT_SMRY_ESRH"
"E_SCHEDULE_RSLT_SMRY","JOB_FUNC_ID","E_JOB_FUNCTION","JOB_FUNC_ID","FK_SCHED_RSLT_SMRY_E_JOB_FN"
"E_SCHEDULE_RSLT_SMRY","PROC_ZONE_ID","E_PROC_ZONE","PROC_ZONE_ID","FK_SCHED_RSLT_SMRY_E_PROC_ZN"
"E_SCHEDULE_TEMPLATE","FORECAST_TEMPLATE_ID","E_FORECAST_TEMPLATE","TEMPLATE_ID","FK_SCHD_TEMPL_EFT"
"E_SHIFT_DAYS","SHIFT_ID","E_SHIFT","SHIFT_ID","FK_E_SHIFT_DAYS_TO_SHIFT"
"E_SHIFT_DTL","SHIFT_ID","E_SHIFT","SHIFT_ID","FK_E_SHIFT_E_SHFT_DT_E_SHIFT"
"E_SHIFT_EMP","SHIFT_ID","E_SHIFT","SHIFT_ID","FK_E_SHIFT_EMP_TO_SHIFT"
"E_SIMULATION_ADJ_LEVER","SIMULATION_SMRY_ID","E_SIMULATION_SMRY","SIMULATION_SMRY_ID","FK_SIM_ADJ_LVR_SIM_SMRY"
"E_SIMULATION_ELM_SMRY","SIMULATION_SMRY_ID","E_SIMULATION_SMRY","SIMULATION_SMRY_ID","FK_SIM_ELM_SIM_SMRY"
"E_SIMULATION_METRIC_PORTLETS","METRIC_ID","E_SIMULATION_METRIC","METRIC_ID","FK_SIM_MTRC_SIM_MTRC_PRLT"
"E_SIMULATION_VHCL_SMRY","SIMULATION_SMRY_ID","E_SIMULATION_SMRY","SIMULATION_SMRY_ID","FK_SIM_VHCL_SIM_SMRY"
"E_TEAM_EMP","TEAM_ID","E_TEAM_STD","TEAM_ID","FK_E_TEAM_EMP_TO_TEAM_STD"
"E_TEAM_EMP","ACT_ID","E_ACT","ACT_ID","FK_E_TEAM_EMP_TO_ACT"
"E_TEAM_EMP_DTL","TEAM_ID","E_TEAM_STD","TEAM_ID","FK_E_TEAM_EMP_DTL_TO_TEAM_STD"
"E_TEAM_EMP_DTL","ACT_ID","E_ACT","ACT_ID","FK_E_TEAM_EMP_DTL_TO_ACT"
"E_TEAM_EMP_DTL","TEAM_EMP_ID","E_TEAM_EMP","TEAM_EMP_ID","FK_E_TEAM_EMP_DTL"
"E_THRUPUT_HIST","PROC_ZONE_ID","E_PROC_ZONE","PROC_ZONE_ID","FK_THRUPUT_HIST_TO_PROCZONE"
"E_THRUPUT_HIST","JOB_FUNC_ID","E_JOB_FUNCTION","JOB_FUNC_ID","FK_THRUPUT_HIST_TO_JOB_FUNC"
"E_THRUPUT_HIST","MSRMNT_ID","E_MSRMNT","MSRMNT_ID","FK_THRUPUT_HIST_TO_MSRMNT"
"E_THRUPUT_HIST","SHIFT_ID","E_SHIFT","SHIFT_ID","FK_THRUPUT_HIST_TO_SHIFT"
"E_THRUPUT_SMRY","PROC_ZONE_ID","E_PROC_ZONE","PROC_ZONE_ID","FK_E_THRUPUT_SMRY_TO_PROC_ZONE"
"E_THRUPUT_SMRY","PERF_SMRY_TRAN_ID","E_CONSOL_PERF_SMRY","PERF_SMRY_TRAN_ID","FK_E_THRUPUT_SMRY_TO_CONSOL_PE"
"E_THRUPUT_SMRY_DTL","THRUPUT_ID","E_THRUPUT_SMRY","THRUPUT_ID","FK_E_THRUPUT_SMRY_DTL_TO_THRUP"
"E_THRUPUT_SMRY_DTL","MSRMNT_ID","E_MSRMNT","MSRMNT_ID","FK_E_THRUPUT_SMRY_DTL_TO_MSRMN"
"E_TIME_WINDOW_ASGMNT","JOB_FUNC_ID","E_JOB_FUNCTION","JOB_FUNC_ID","FK_E_TIME_WINDOW_JOB_FUNC"
"E_TIME_WINDOW_DTL","TIME_WINDOW_ID","E_TIME_WINDOW","TIME_WINDOW_ID","FK_E_TIME_WINDOW_DTL_ID"
"E_UNIT_PICK","SLOT_TYPE_ID","E_SLOT_TYPE","SLOT_TYPE_ID","FK_E_UNIT_PICK_TO_SLOT_TYPE"
"E_UNIT_PICK","HNDLG_ATTR","E_HNDLG_ATTR","HNDLG_ATTR","FK_E_UNIT_PICK_TO_HNDLG_ATTR"
"E_VHCL_AISLE_DIR","TRVL_AISLE_ID","E_TRVL_AISLE","TRVL_AISLE_ID","FK_E_VHCL_AISLE_DIR_TO_TRVL_AI"
"E_VHCL_AISLE_DIR","VHCL_TYPE_ID","E_VHCL","VHCL_TYPE_ID","FK_E_VHCL_AISLE_DIR_TO_VHCL"
"E_VHCL_WHSE","VHCL_TYPE_ID","E_VHCL","VHCL_TYPE_ID","FK_E_V_W_TO_E_VHCL"
"E_VHCL_ZONE_TIME","VHCL_TYPE_ID","E_VHCL","VHCL_TYPE_ID","FK_E_VHCL_ZONE_TIME_TO_VHCL"
"E_WMS_EVNT_MSG_DTL","MSG_ID","E_WMS_EVNT_MSG","MSG_ID","FK_E_WMS_EVNT_MSG_DTL"
"E_WMS_EVNT_MSG_DTL","MODULE_TYPE","E_WMS_EVNT_MSG","MODULE_TYPE","FK_E_WMS_EVNT_MSG_DTL"
"E_WMS_EVNT_MSG_DTL","WHSE","E_WMS_EVNT_MSG","WHSE","FK_E_WMS_EVNT_MSG_DTL"
"E_ZONE_MSG_LOG","HDR_MSG_ID","LABOR_MSG","LABOR_MSG_ID","FK_E_ZONE_MSG_TO_HDR_MSG"
"E_ZONE_TRAN_DATA","LABOR_TRAN_ID","LABOR_TRAN","LABOR_TRAN_ID","FK_E_ZONE_TRAN_TO_LABOR_TRAN"
"FEDEX_LPN","LPN_ID","LPN","LPN_ID","FEDEX_LPN_FK1"
"FEDEX_SERVICE_LEVEL_MAP","CODE","FEDEX_SERVICE_LEVEL","CODE","FEDEX_SERVICE_LEVEL_MAP_FK"
"FILTER_FORMAT","WHSE_CODE","WHPREFS","WHSE_CODE","FK_FF_TO_WHPREFS"
"FILTER_FORMAT_DETAIL","FORMAT_ID","FILTER_FORMAT","FORMAT_ID","FK_FFDTL_FILTERFORMAT"
"FILTER_FORMAT_DETAIL","FIELD_ID","FILTER_FIELD_MASTER","FIELD_ID","FK_FFDTL_FILTERFIELDMASTER"
"FILTER_FROM_CLAUSE","FILTER_OBJECT","FILTER_OBJECT","FILTER_OBJECT","FLTR_FCLAUSE_FK"
"FILTER_GROUPBY_DETAIL","FILTER_ID","FILTER","FILTER_ID","FLTRGRPBYDTL_FILTER_FK"
"FILTER_GROUPBY_LAYOUT","OBJECT_TYPE","FILTER_OBJECT","FILTER_OBJECT","FLTRGRPBYLYOT_FILTEROBJ_FK"
"FILTER_GROUP_BY","FILTER_ID","FILTER","FILTER_ID","FLTR_GRP_BY_FK1"
"FILTER_GROUP_DEFINITION","FILTER_ID","FILTER","FILTER_ID","FK_FILT_GRP_DEF"
"FILTER_LAYOUT","SCREEN_TYPE","FILTER_SCREEN_TYPE","TYPE_ID","FLTR_LYOUT_SCN_FK"
"FILTER_OBJECT","SCREEN_TYPE","FILTER_SCREEN_TYPE","TYPE_ID","FLTR_OBJ_SCN_FK"
"FILTER_OBJECT_MAPPING","FILTER_OBJECT","FILTER_OBJECT","FILTER_OBJECT","FOM_FILTOBJ_FK"
"FILTER_ORDERBY_DETAIL","FILTER_ID","FILTER","FILTER_ID","FLTRORDRBYDTL_FILTER_FK"
"FILTER_ORDERBY_LAYOUT","FILTER_OBJECT_TYPE","FILTER_OBJECT","FILTER_OBJECT","FLTRORDRBYLYOT_FILTEROBJ_FK"
"FROZN_INVN_CONFIG","PHYS_INVN_HDR_ID","PHYS_INVN_HDR","PHYS_INVN_HDR_ID","FK_FROZNINVNCONFIG_PHYSINVNHDR"
"FROZN_INVN_DTL","ITEM_ID","ITEM_CBO","ITEM_ID","FK_FROZNINVNDTL_ITEMCBO"
"FROZN_INVN_DTL","FROZN_INVN_HDR_ID","FROZN_INVN_HDR","FROZN_INVN_HDR_ID","FK_FID_FIH"
"FROZN_INVN_HDR","FROZN_INVN_CONFIG_ID","FROZN_INVN_CONFIG","FROZN_INVN_CONFIG_ID","FK_FZINVNHDR_FZINVNCNFG"
"FROZN_INVN_HDR","LPN_ID","LPN","LPN_ID","FK_FROZNINVNHDR_LPN"
"FROZN_INVN_SRL_NBR","FROZN_INVN_DTL_ID","FROZN_INVN_DTL","FROZN_INVN_DTL_ID","FK_FROZNISRLNBR_FINVNDTL"
"FROZN_INVN_SRL_NBR","SRL_NBR_TRK_ID","SRL_NBR_TRACK","SRL_NBR_TRK_ID","FK_FROZNINVNSRLNBR_SRLNBRTRK"
"FTP_LISTENER","LISTENER_ID","LISTENER","LISTENER_ID","FTP_LISTENER_FK"
"GRP_CAT_CODE","CAT_ID","CATEGORY","CAT_ID","FK_GRP_CAT_CODE_TO_CATEGORY"
"GRP_CAT_CODE","REF_CAT_CODE_ID","CAT_CODE","CAT_CODE_ID","FK_GRP_CAT_CODE1_TO_CAT_CODE"
"GRP_CAT_CODE","CAT_CODE_ID","CAT_CODE","CAT_CODE_ID","FK_GRP_CAT_CODE_TO_CAT_CODE"
"HANDLING_ATTR_DTL","HANDLING_ATTR_HDR_ID","HANDLING_ATTR_HDR","HANDLING_ATTR_HDR_ID","FK_HNDLATTRDTL_HNDLATTRHDR2"
"HANDLING_ATTR_DTL","HNDL_ATTR_ID","HANDLING_ATTR_HDR","HNDL_ATTR_ID","FK_HNDLATTRDTL_HNDLATTRHDR"
"HAVES_NEEDS","SLOT_ITEM_ID","SLOT_ITEM","SLOTITEM_ID","FK_SLOTITEM_TO_SLOT_ITEM"
"HAVES_NEEDS","RACK_TYPE_ID","RACK_TYPE","RACK_TYPE","FK_RACKTYPE_ID_TO_RACK_TYPE"
"HIERARCHY_DEFINITIONS","HIERARCHY_TYPE_ID","HIERARCHY_TYPES","HIERARCHY_TYPE_ID","FK_HIERARCHY_TYPE_ID"
"HIERARCHY_LEVELS","HIERARCHY_DEFINITION_ID","HIERARCHY_DEFINITIONS","HIERARCHY_DEFINITION_ID","HIERARCHY_LEVEL_TYPE_FK"
"HIERARCHY_LEVELS","PARENT_HIERARCHY_LEVEL_ID","HIERARCHY_LEVELS","HIERARCHY_LEVEL_ID","HIERARCHY_LEVEL_PARENT_FK"
"HIERARCHY_NODES","PARENT_HIERARCHY_NODE_ID","HIERARCHY_NODES","HIERARCHY_NODE_ID","HIERARCHY_LEVEL_NODE_PARENT_FK"
"HIERARCHY_NODES","HIERARCHY_LEVEL_ID","HIERARCHY_LEVELS","HIERARCHY_LEVEL_ID","HIERARCHY_LEVEL_NODE_LEVEL_FK"
"HN_FAILURE","SLOTITEM_ID","SLOT_ITEM","SLOTITEM_ID","FK_HN_FAILURE_SLOT_ITEM"
"HN_RESULTS_HDR","WHSE_CODE","WHPREFS","WHSE_CODE","FK_HN_RESULTS_HDR_TO_WHPREFS"
"IFW_ALERT_MSG_TYPE_CRITERIA","ALERT_DEF_ID","IFW_ALERT_DEF","ALERT_DEF_ID","IFW_ALERT_MSG_TYPE_CRIA_FK2"
"IFW_ALERT_MSG_TYPE_CRITERIA","MSG_TYPE","MSG_TYPE","MSG_TYPE","IFW_ALERT_MSG_TYPE_CRIA_FK1"
"IFW_ALERT_RES_CODE_CRITERIA","ALERT_DEF_ID","IFW_ALERT_DEF","ALERT_DEF_ID","IFW_ALERT_RES_CODE_CRIA_FK1"
"IFW_ALERT_ROUTER_CRITERIA","ROUTER_ID","ROUTER","ROUTER_ID","IFW_ALERT_ROUTER_CRIA_FK1"
"IFW_ALERT_ROUTER_CRITERIA","ALERT_DEF_ID","IFW_ALERT_DEF","ALERT_DEF_ID","IFW_ALERT_ROUTER_CRIA_FK2"
"ILM_APPOINTMENTS","APPT_TYPE","ILM_APPOINTMENT_TYPE","APPT_TYPE","APPT_APPTTYP_FK"
"ILM_APPOINTMENTS","ILM_LOAD_POSITION","ILM_LOAD_POSITION","ILM_LOAD_POSITION","APPT_LDPOSN_FK"
"ILM_APPOINTMENTS","APPOINTMENT_CREATION_TYPE","ILM_APPOINTMENT_CREATION_TYPE","APPT_CREATION_TYPE","APPT_APPTCRTTYP_FK"
"ILM_APPOINTMENTS","APPT_STATUS","ILM_APPOINTMENT_STATUS","APPT_STATUS_CODE","APPT_APPSTAT_FK"
"ILM_APPOINTMENTS","REQUESTOR_TYPE_ID","ILM_REQUESTOR_TYPE","REQUESTOR_ID","APPT_RQSTRTYP_FK"
"ILM_APPOINTMENTS_CHARGEBACK","APPOINTMENT_ID","ILM_APPOINTMENTS","APPOINTMENT_ID","ACHRGB_APPT_FK"
"ILM_APPOINTMENTS_CHARGEBACK","CHARGE_BACK_CODE","ILM_APPT_CHARGE_BACK_CODES","CHARGE_BACK_CODE","ACHRGB_ACBCODE_FK"
"ILM_APPOINTMENT_EVENTS","APPOINTMENT_ID","ILM_APPOINTMENTS","APPOINTMENT_ID","AEVNTS_APPT_FK"
"ILM_APPOINTMENT_OBJECTS","APPOINTMENT_ID","ILM_APPOINTMENTS","APPOINTMENT_ID","AOBJ_APPT_FK"
"ILM_APPOINTMENT_OBJECTS","APPT_OBJ_TYPE","ILM_APPT_OBJ_TYPE","APPT_OBJ_TYPE","AOBJ_AOBJTYP_FK"
"ILM_APPT_CUSTOM_ATTRIBUTE","APPOINTMENT_ID","ILM_APPOINTMENTS","APPOINTMENT_ID","ACUSATTR_APPT_FK"
"ILM_APPT_DOCKS","APPOINTMENT_ID","ILM_APPOINTMENTS","APPOINTMENT_ID","ADCKS_APPT_FK"
"ILM_APPT_EQUIPMENTS","APPOINTMENT_ID","ILM_APPOINTMENTS","APPOINTMENT_ID","AEQP_APPT_FK"
"ILM_APPT_LOAD_CONFIG","APPOINTMENT_ID","ILM_APPOINTMENTS","APPOINTMENT_ID","ALDCFG_APPT_FK"
"ILM_APPT_LOAD_CONFIG","LOAD_CONFIG_ID","LOAD_CONFIGURATION","LOAD_CONFIG_ID","ALDCFG_LDCFG_FK"
"ILM_APPT_NOTES","APPOINTMENT_ID","ILM_APPOINTMENTS","APPOINTMENT_ID","ANTS_APPT_FK"
"ILM_APPT_SIZES","ID","ILM_APPOINTMENT_OBJECTS","ID","ASZS_AOBJ_FK"
"ILM_APPT_SIZES","APPOINTMENT_ID","ILM_APPOINTMENTS","APPOINTMENT_ID","ASZS_APPT_FK"
"ILM_APPT_SIZES","ORDER_ID","PURCHASE_ORDERS","PURCHASE_ORDERS_ID","ASZS_ORDRS_FK"
"ILM_TASKS","SOURCE_WORK_AREA_MASTER_ID","WORK_AREA_MASTER","WORK_AREA_MASTER_ID","FK_ILM_TASKS_WRK_ARA_MSTR_11"
"ILM_TASKS","DEST_WORK_AREA_MASTER_ID","WORK_AREA_MASTER","WORK_AREA_MASTER_ID","FK_ILM_TASKS_WRK_ARA_MSTR_12"
"ILM_TASKS","TASK_TYPE","ILM_TASK_TYPES","TASK_TYPE","TSKS_TSKTYPS_FK"
"ILM_TASKS","PARENT_TASK_ID","ILM_TASKS","TASK_ID","TSKS_SELFREF_FK"
"ILM_TASK_EVENTS","TASK_ID","ILM_TASKS","TASK_ID","TSKEVNTS_TSK_FK"
"ILM_TASK_HISTORY","TASK_ID","ILM_TASKS","TASK_ID","TSKHIST_TSK_FK"
"ILM_YARD_ACTIVITY","TASK_ID","ILM_TASKS","TASK_ID","YRDACT_TSKS_FK"
"ILM_YARD_ACTIVITY","APPOINTMENT_ID","ILM_APPOINTMENTS","APPOINTMENT_ID","YRDACT_APPT_FK"
"ILM_YARD_ACTIVITY","VISIT_DETAIL_ID","TRAILER_VISIT_DETAIL","VISIT_DETAIL_ID","ILM_YRD_ACTVTY_VST_DTL_ID_FK"
"ILM_YARD_AUDIT","TASK_ID","ILM_TASKS","TASK_ID","YRDAUDT_TSKS_FK"
"IMPORT_ACCESSORIAL_RATE","PARAM_ID","IMPORT_ACCESSORIAL_PARAM_SET","PARAM_ID","IM_ACCRL_RT_FK"
"IMPORT_CM_RATE_DISCOUNT","PARAM_ID","IMPORT_ACCESSORIAL_PARAM_SET","PARAM_ID","IM_CM_RT_DISC_FK"
"IMPORT_FORMATS","IMPORT_ID","IMPORT_MASTER","IMPORT_ID","FK_IMPRT_FRMTS_TO_IMPRT_MSTR"
"IMPORT_FORMAT_ODBC","FORMAT_ID","IMPORT_FORMATS","FORMAT_ID","FK_IMPRT_FMT_ODBC_IMPRT_FMTS"
"IMPORT_FORMAT_ODBC","OFFSET_ID","IMPORT_OFFSET_MASTER","OFFSET_ID","FK_IMPT_FMT_ODBC_IMPT_OFT_MSTR"
"IMPORT_FORMAT_OFFSETS","OFFSET_ID","IMPORT_OFFSET_MASTER","OFFSET_ID","FK_IMPT_OFT_OFTS_IMPT_OFT_MSTR"
"IMPORT_FORMAT_OFFSETS","FORMAT_ID","IMPORT_FORMATS","FORMAT_ID","FK_IMPRT_FMT_OFSTS_IMPRT_FMTS"
"IMPORT_FORMAT_PREFS","WHSE_CODE","WHPREFS","WHSE_CODE","FK_IMPORT_OFFSET_PREFS_WHPREFS"
"IMPORT_FORMAT_PREFS","FORMAT_ID","IMPORT_FORMATS","FORMAT_ID","FK_IMPRT_FMT_PRFS_IMPRT_FMTS"
"IMPORT_OFFSET_MASTER","IMPORT_ID","IMPORT_MASTER","IMPORT_ID","FK_IMPT_OFT_MSTR_TO_IMPT_MSTR"
"IMPORT_STOP_OFF_CHARGE","PARAM_ID","IMPORT_ACCESSORIAL_PARAM_SET","PARAM_ID","IM_STP_OFF_CHG_FK"
"IMPORT_TYPE_COLM_XREF","IMPORT_COLM_LIST_ID","IMPORT_COLM_LIST","IMPORT_COLM_LIST_ID","IMPTYPX_IMPCLST_FK"
"INPUT_PARAM","IMPORT_AUTOMATION_ID","IMPORT_AUTOMATION","IMPORT_AUTOMATION_ID","IMPORT_AUTOMATION_FK"
"INT_ALLOC_LOCK_CODES","INVN_NEED_TYPE","INVN_NEED_TYPE","INVN_NEED_TYPE","FK_INTALOCKCODES_INVNNEEDTYPE"
"INT_ALLOC_LOCK_CODES","INVN_NEED_TYPE_ID","INVN_NEED_TYPE","INVN_NEED_TYPE_ID","FK_INTALOCKCODES_INVNNEEDTYPE2"
"INT_ALLOC_LOCK_CODES","CD_MASTER_ID","CD_MASTER","CD_MASTER_ID","FK_INTALOCKCODES_CDMASTER"
"INT_ALLOC_LOCK_CODES","WHSE","INVN_NEED_TYPE","WHSE","FK_INTALOCKCODES_INVNNEEDTYPE"
"INT_ALLOC_LOCK_CODES","CD_MASTER_ID","INVN_NEED_TYPE","CD_MASTER_ID","FK_INTALOCKCODES_INVNNEEDTYPE"
"INT_LABOR_RATE","CD_MASTER_ID","CD_MASTER","CD_MASTER_ID","FK_INTLABORRATE_CDMASTER"
"INT_LABOR_RATE","INVN_NEED_TYPE_ID","INVN_NEED_TYPE","INVN_NEED_TYPE_ID","FK_INTLABORRATE_INVNNEEDTYPE2"
"INT_LABOR_RATE","INVN_NEED_TYPE","INVN_NEED_TYPE","INVN_NEED_TYPE","FK_INTLABORRATE_INVNNEEDTYPE"
"INT_LABOR_RATE","WHSE","INVN_NEED_TYPE","WHSE","FK_INTLABORRATE_INVNNEEDTYPE"
"INT_LABOR_RATE","CD_MASTER_ID","INVN_NEED_TYPE","CD_MASTER_ID","FK_INTLABORRATE_INVNNEEDTYPE"
"INVC_RULE_PARM","RULE_ID","RULE_HDR","RULE_ID","FK_INVCRULEPARM_RULEHDR"
"INVC_RULE_PARM","RULE_HDR_ID","RULE_HDR","RULE_HDR_ID","FK_INVCRULEPARM_RULEHDR2"
"INVC_RULE_PARM","INVC_PARM_ID","INVC_PARM","INVC_PARM_ID","FK_INVCRPARM_INVCPARM"
"INVENTORY_ALLOCATION","SUPPLY_STATUS","SUPPLY_STATUS","SUPPLY_STATUS","INVENTORYA_FK"
"INVN_ALLOC_PRTY","EVENT_PARM_ID","EVENT_PARM","EVENT_PARM_ID","FK_INVNALLOCPRTY_EVENTPARM"
"INVN_NEED_TYPE","WHSE","INT_MASTER","WHSE","FK_INVNEEDTYPE_INTMASTER"
"INVN_NEED_TYPE","INT_MASTER_ID","INT_MASTER","INT_MASTER_ID","FK_INVNEEDTYPE_INTMASTER2"
"INVN_NEED_TYPE","CD_MASTER_ID","CD_MASTER","CD_MASTER_ID","FK_INVNEEDTYPE_CDMASTER"
"INVN_NEED_TYPE","INVN_NEED_TYPE","INT_MASTER","INVN_NEED_TYPE","FK_INVNEEDTYPE_INTMASTER"
"INVN_VARI_HDR","PHYS_INVN_HDR_ID","PHYS_INVN_HDR","PHYS_INVN_HDR_ID","FK_INVNVHDR_PHYINVNHDR"
"INVN_VARI_HDR","ITEM_ID","ITEM_CBO","ITEM_ID","FK_INVNVHDR_ITEMCBO"
"INVN_VARI_HDR","LPN_ID","LPN","LPN_ID","FK_INVNVHDR_LPN"
"INVN_VARI_HDR","FROZN_INVN_CONFIG_ID","FROZN_INVN_CONFIG","FROZN_INVN_CONFIG_ID","FK_INVRHDR_FZINVNCNFG"
"INVN_VARI_SRL_NBR","INVN_VARI_HDR_ID","INVN_VARI_HDR","INVN_VARI_HDR_ID","FK_INVNVSRLNBR_INVNVHDR2"
"INVOICE","REFERENCE_INV_ID","INVOICE","INV_ID","INVOICE_FK3"
"INVOICE","INVOICE_TYPE","INVOICE_TYPE","INVOICE_TYPE","INVOICE_FK4"
"INVOICE","INV_ENTRY_TYPE","INV_ENTRY_TYPE","INV_ENTRY_TYPE","INVOICE_FK5"
"INVOICE","PAYMENT_TERMS","PAYMENT_TERMS","PAYMENT_TERMS","INVOICE_FK1"
"IN_YARD_EQUIP_UTILIZATION","CONFIG_ID","IN_YARD_EQUIP_AVAIL_CONFIG","CONFIG_ID","INYRDEQPUTL_FK1"
"IN_YARD_EQUIP_UTIL_SHIPMENT","UTILIZATION_ID","IN_YARD_EQUIP_UTILIZATION","UTILIZATION_ID","INYRDEQPUTLSHP_FK2"
"IPS_USER_VIEW_DETAIL","IPS_USER_VIEW_ID","IPS_USER_VIEW","IPS_USER_VIEW_ID","IPS_USER_VIEW_DETAIL_FK"
"ITEM_BOM_DETAIL_WMS","ITEM_BOM_HEADER_ID","ITEM_BOM_HEADER_WMS","ITEM_BOM_HEADER_ID","ITEM_BOMD_FK1"
"ITEM_BOM_DETAIL_WMS","ITEM_ID","ITEM_CBO","ITEM_ID","ITEMBOMDTLWMS_ITEMCBO_FK"
"ITEM_BOM_HEADER_WMS","ITEM_ID","ITEM_WMS","ITEM_ID","ITEM_BOMH_FK1"
"ITEM_BUDGETED_COST_TMS","ITEM_ID","ITEM_CBO","ITEM_ID","ITMBCTMS_ITMCBO_FK"
"ITEM_BUDGETED_COST_TMS","ITEM_ID","ITEM_TMS","ITEM_ID","ITMBCTMS_ITMTMS_FK"
"ITEM_CAT_XREF","SKU_ID","ITEM_FACILITY_MAPPING_WMS","ITEM_FACILITY_MAPPING_ID","FK_ITEM_CAT_XREF_TO_ITEM_CBO"
"ITEM_CAT_XREF","CAT_CODE_ID","CAT_CODE","CAT_CODE_ID","FK_ITEM_CAT_XREF_TO_CAT_CODE"
"ITEM_CAT_XREF","CAT_ID","CATEGORY","CAT_ID","FK_ITEM_CAT_XREF_TO_CATEGORY"
"ITEM_CLASSIFICATION_CODE","CLASSIFICATION_CODE_ID","CLASSIFICATION_CODE","CLASSIFICATION_CODE_ID","ITEM_CLS_CODE_FK2"
"ITEM_CLASSIFICATION_CODE","ITEM_ID","ITEM_CBO","ITEM_ID","ITEM_CLS_CODE_FK1"
"ITEM_COST_CBO","ITEM_ID","ITEM_CBO","ITEM_ID","ITMCOST_ITMCBO_FK"
"ITEM_COST_CBO","COST_TYPE_ID","COST_TYPE_CBO","COST_TYPE_ID","ITEM_COST_COST_TY1"
"ITEM_GROUP_WMS","ITEM_ID","ITEM_WMS","ITEM_ID","ITEM_GROUP_FK1"
"ITEM_HISTORY","SLOTITEM_ID","SLOT_ITEM","SLOTITEM_ID","FK_ITEM_HISTORY_TO_SLOT_ITEM"
"ITEM_MISC_INSTR","ITEM_ID","ITEM_CBO","ITEM_ID","ITEM_MISC_INSTR_FK"
"ITEM_MISC_INSTR_PROFILE","ITEM_PROFILE_ID","ITEM_CBO_PROFILE","ITEM_PROFILE_ID","ITEM_MISC_INSTR_PROF_FK"
"ITEM_PACKAGE_CBO","ITEM_ID","ITEM_CBO","ITEM_ID","ITMPACK_ITEMCBO_FK"
"ITEM_PACKAGE_CBO_PROFILE","ITEM_PROFILE_ID","ITEM_CBO_PROFILE","ITEM_PROFILE_ID","ITEM_PKG_PROF_FK4"
"ITEM_PRICE_CBO","CHANNEL_TYPE_ID","CHANNEL_TYPE","CHANNEL_TYPE","ITEM_PRICE_CBO_FK2"
"ITEM_PRICE_CBO","ITEM_ID","ITEM_CBO","ITEM_ID","ITMPRC_ITEMCBO_FK"
"ITEM_SIZE_TMS","ITEM_ID","ITEM_CBO","ITEM_ID","ITMSIZ_ITEMCBO_FK"
"ITEM_SUBSTITUTION_CBO","BASE_ITEM_ID","ITEM_CBO","ITEM_ID","ITMSUB_ITEMCBO_FK"
"ITEM_SUBSTITUTION_CBO","SUB_LEVEL","SUBSTITUTION_LEVEL","SUBSTITUTION_LEVEL","ITEMSUB_CBO_FK2"
"ITEM_SUBSTITUTION_DTL_CBO","SUB_ITEM_ID","ITEM_CBO","ITEM_ID","ITMSBDTL_ITMCBO_FK"
"ITEM_SUBSTITUTION_DTL_CBO","ITEM_SUB_HDR_ID","ITEM_SUBSTITUTION_CBO","ITEM_SUB_HDR_ID","ITEM_SUB_TYPE_ID_1"
"ITEM_TMS","ITEM_ID","ITEM_CBO","ITEM_ID","ITEMTMS_ITEMCBO_FK"
"ITEM_VAS_APPLICABLE","ITEM_ID","ITEM_CBO","ITEM_ID","ITEM_VAS_APPLICABLE_FK1"
"ITEM_VAS_APPLICABLE_PROFILE","ITEM_PROFILE_ID","ITEM_CBO_PROFILE","ITEM_PROFILE_ID","ITEM_VAS_APPLI_PROFILE_FK1"
"ITEM_VENDOR","ITEM_ID","ITEM_CBO","ITEM_ID","ITEM_VENDOR_ITEM_FK"
"ITEM_WMS","ITEM_ID","ITEM_CBO","ITEM_ID","ITEMWMS_ITEMCBO_FK"
"ITEM_WMS_PROFILE","ITEM_PROFILE_ID","ITEM_CBO_PROFILE","ITEM_PROFILE_ID","ITEM_WMS_PROF_FK1"
"JMS_DESTINATION_INFO","PROVIDER_NAME","JMS_PROVIDER_INFO","NAME","PROVIDER_NAME_FK"
"JMS_LISTENER","LISTENER_ID","LISTENER","LISTENER_ID","JMS_LISTENER_FK"
"KAFKA_LISTENER","LISTENER_ID","LISTENER","LISTENER_ID","KAFKA_LISTENER1_FK1"
"KIT","WHSE_CODE","WHPREFS","WHSE_CODE","FK_KIT_TO_WHPREFS"
"KIT_ITEM","CAT_ID","CATEGORY","CAT_ID","FK_KIT_ITEM_TO_CATEGORY"
"KIT_ITEM","KIT_ID","KIT","KIT_ID","FK_KIT_ITEM_TO_KIT"
"LABEL","BUNDLE_NAME","BUNDLE_META_DATA","BUNDLE_NAME","LABEL_FK"
"LABEL_DISPLAY","SCREEN_TYPE_ID","SCREEN_TYPE","SCREEN_TYPE_ID","LABEL_DISPLAY_FK"
"LABEL_SUBSTITUTIONS","RULE_COLM_ID","RULE_COLM_LIST","RULE_COLM_ID","FK_LABELSUBS_RCOLMLIST"
"LABOR_MSG_CRIT","LABOR_MSG_ID","LABOR_MSG","LABOR_MSG_ID","LABOR_MSG_CRIT_FK2"
"LABOR_MSG_DTL","LABOR_MSG_ID","LABOR_MSG","LABOR_MSG_ID","LABOR_MSG_DTL_FK2"
"LABOR_MSG_DTL_CRIT","LABOR_MSG_DTL_ID","LABOR_MSG_DTL","LABOR_MSG_DTL_ID","LABOR_MSG_DTL_CRIT_FK2"
"LABOR_MSG_MONITOR","MATCHED_LABOR_TRAN_ID","LABOR_TRAN","LABOR_TRAN_ID","FK_LAB_MSG_MON_TO_LAB_TRAN"
"LABOR_MSG_MONITOR","LABOR_MSG_ID","LABOR_MSG","LABOR_MSG_ID","FK_LAB_MSG_MON_TO_LAB_MSG"
"LABOR_TRAN_CRIT","LABOR_TRAN_ID","LABOR_TRAN","LABOR_TRAN_ID","LABOR_TRAN_CRIT_FK2"
"LABOR_TRAN_DTL","LABOR_TRAN_ID","LABOR_TRAN","LABOR_TRAN_ID","LABOR_TRAN_DTL_FK3"
"LABOR_TRAN_DTL_CRIT","LABOR_TRAN_DTL_ID","LABOR_TRAN_DTL","LABOR_TRAN_DTL_ID","LABOR_TRAN_DTL_CRIT_FK2"
"LEMA_RULE_CONF_RES_ATTR_VAL","ATTR_ID","LEMA_RULE_CONF_RES_ATTR","IDENTITY","LEMA_RCRAV_FK1"
"LISTENER_STATUS_DETAIL","LISTENER_ID","LISTENER","LISTENER_ID","LISTENER_STATUS_DETAIL_FK"
"LIST_VIEW_DETAIL","LIST_VIEW_ID","LIST_VIEW","LIST_VIEW_ID","LIST_VIEW_DTL_LIST_VIEW_FK"
"LITERAL","SCREEN_TYPE_ID","SCREEN_TYPE","SCREEN_TYPE_ID","LITERAL_FK"
"LM_MONITOR_DFLTS","CD_MASTER_ID","CD_MASTER","CD_MASTER_ID","FK_LMMNTRDFLTS_CDMAS"
"LM_MONITOR_DFLTS","INVN_NEED_TYPE","INVN_NEED_TYPE","INVN_NEED_TYPE","FK_LMMNTRDFLTS_INVNNEEDTYPE"
"LM_MONITOR_DFLTS","WHSE","INVN_NEED_TYPE","WHSE","FK_LMMNTRDFLTS_INVNNEEDTYPE"
"LM_MONITOR_DFLTS","CD_MASTER_ID","INVN_NEED_TYPE","CD_MASTER_ID","FK_LMMNTRDFLTS_INVNNEEDTYPE"
"LOCATION_RANGE","RACK_TYPE","RACK_TYPE","RACK_TYPE","FK_LOCATION_RANGE_RACK_TYPE"
"LOCN_WIZ_DTL","LOCN_PARM_ID","LOCN_WIZ_HDR","LOCN_PARM_ID","FK_LOCN_WIZ_DTL_TO_LOCN_WIZ_HD"
"LOCN_WIZ_DTL","LOCN_SEQ_NBR","LOCN_WIZ_HDR","LOCN_SEQ_NBR","FK_LOCN_WIZ_DTL_TO_LOCN_WIZ_HD"
"LOGCOM","ID","LOGRECORDS","ID","FK_LOGCOM_LOGRECORDS"
"LOGSESSION","ID","LOGRECORDS","ID","FK_LOGSESSION_LOGRECORDS"
"LOGSTACKTRACE","ID","LOGRECORDS","ID","FK_LOGSTACKTRACE"
"LOGSUBSTITUTIONVALUES","ID","LOGRECORDS","ID","FK_LOGSUBSTITUTIONVALUES"
"LPN","ITEM_ID","ITEM_CBO","ITEM_ID","LPN_ITEM_FK1"
"LPN","ORDER_ID","ORDERS","ORDER_ID","LPN_ORDERS_FK"
"LPN","ASN_ID","ASN","ASN_ID","LPN_ASN_FK1"
"LPN","SHIPMENT_ID","SHIPMENT","SHIPMENT_ID","LPN_SHIP_FK1"
"LPN","LPN_FACILITY_STATUS","LPN_FACILITY_STATUS","LPN_FACILITY_STATUS","LPN_LPNFACSTAT_FK1"
"LPN","PURCHASE_ORDERS_ID","PURCHASE_ORDERS","PURCHASE_ORDERS_ID","LPN_PO_FK1"
"LPN","LPN_SIZE_TYPE_ID","LPN_SIZE_TYPE","LPN_SIZE_TYPE_ID","LPN_LPNSZTYPE_FK1"
"LPN","PARENT_LPN_ID","LPN","LPN_ID","LPN_PARENT_LPN_FK1"
"LPN","SPLIT_LPN_ID","LPN","LPN_ID","LPN_SPLIT_LPN_FK1"
"LPN","INBOUND_OUTBOUND_INDICATOR","LPN_FACILITY_STATUS","INBOUND_OUTBOUND_INDICATOR","LPN_LPNFACSTAT_FK1"
"LPN_ACCESSORIAL","LPN_ID","LPN","LPN_ID","FK_LPNACCESSORIAL_LPN"
"LPN_ADDRESS","LPN_ID","LPN","LPN_ID","LPN_ADDRESS_LPN_F1"
"LPN_ATTRIBUTE","LPN_ID","LPN","LPN_ID","LPN_ATT_LPN_FK1"
"LPN_CATCH_WEIGHT","LPN_ID","LPN_DETAIL","LPN_ID","LPN_CATCHWT_LPNDT1"
"LPN_CATCH_WEIGHT","LPN_DETAIL_ID","LPN_DETAIL","LPN_DETAIL_ID","LPN_CATCHWT_LPNDT1"
"LPN_DETAIL","LPN_ID","LPN","LPN_ID","LPNDTL_LPN_FK1"
"LPN_DETAIL","PURCHASE_ORDERS_ID","PURCHASE_ORDERS_LINE_ITEM","PURCHASE_ORDERS_ID","LPNDTL_PO_FK1"
"LPN_DETAIL","ITEM_ID","ITEM_CBO","ITEM_ID","LPNDTL_ITEM_FK1"
"LPN_DETAIL","PURCHASE_ORDERS_LINE_ID","PURCHASE_ORDERS_LINE_ITEM","PURCHASE_ORDERS_LINE_ITEM_ID","LPNDTL_PO_FK1"
"LPN_DETAIL_ATTRIBUTE","LPN_ID","LPN_DETAIL","LPN_ID","LPNDTL_ATTR_FK1"
"LPN_DETAIL_ATTRIBUTE","LPN_DETAIL_ID","LPN_DETAIL","LPN_DETAIL_ID","LPNDTL_ATTR_FK1"
"LPN_DISP_METHOD_PRTY","EVENT_PARM_ID","EVENT_RULE_PARM","EVENT_PARM_ID","FK_LPNMETHPRTY_EVENTRPARM"
"LPN_DISP_METHOD_PRTY","EVENT_RULE_PARM_ID","EVENT_RULE_PARM","EVENT_RULE_PARM_ID","FK_LPNMETHPRTY_EVENTRPARM2"
"LPN_DISP_METHOD_PRTY","RULE_ID","EVENT_RULE_PARM","RULE_ID","FK_LPNMETHPRTY_EVENTRPARM"
"LPN_EVENT","LPN_ID","LPN","LPN_ID","LPN_EVENT_LPN_FK"
"LPN_EVENT","LPN_ID","LPN_DETAIL","LPN_ID","LPN_EVENT_LPN_FK2"
"LPN_EVENT","LPN_DETAIL_ID","LPN_DETAIL","LPN_DETAIL_ID","LPN_EVENT_LPN_FK2"
"LPN_LOCK","LPN_ID","LPN","LPN_ID","LPN_LOCK_LPN_FK1"
"LPN_MOVEMENT","SHIPMENT_ID","SHIPMENT","SHIPMENT_ID","LPN_MVMNT_SHIP_FK"
"LPN_MOVEMENT","PURCHASE_ORDERS_ID","PURCHASE_ORDERS","PURCHASE_ORDERS_ID","LPN_MVMNT_PO_FK"
"LPN_MOVEMENT","ASN_ID","ASN","ASN_ID","LPN_MVMNT_ASN_FK"
"LPN_MOVEMENT","LPN_ID","LPN","LPN_ID","LPN_MVMNT_LPN_FK1"
"LPN_NOTES","LPN_ID","LPN","LPN_ID","LPN_NOTES_LPN_FK1"
"LRF_EVENT","EVENT_ID","LRF_SCHED_EVENT_REPORT","EVENT_ID","LRF_EVENT_FK1"
"LRF_PRT_QUEUE_DEST","PRT_Q_ID","LRF_PRT_QUEUE","PRT_Q_ID","LRFPRTQDEST_LRFPRTQ_FK"
"LRF_PRT_QUEUE_DEST","PRT_REQSTR_ID","LRF_PRT_REQUESTOR","PRT_REQSTR_ID","LRFPRTQDEST_LRFPRTREQ_FK"
"LRF_PRT_QUEUE_SERVICE","PRT_Q_ID","LRF_PRT_QUEUE","PRT_Q_ID","LRFPRTQSERV_LRFPRTQ_FK"
"LRF_REPORT","EVENT_ID","LRF_EVENT","LRF_EVENT_ID","LRFRPT_LRFSCHDEVNT_FK"
"LRF_REPORT_PARAM_VALUE","REPORT_ID","LRF_REPORT","REPORT_ID","LRFRPPRVL_LRFRPT_FK"
"LRF_REPORT_PARAM_VALUE","COMPANY_ID","LRF_REPORT","COMPANY_ID","LRFRPPRVL_LRFRPT_FK"
"LRF_REPORT_PARAM_VALUE_DTL","REP_PARAM_ID","LRF_REPORT_PARAM_VALUE","REP_PARAM_ID","LRFRPDPRMVDTL_LRFRPPRMV_FK"
"LRF_REPORT_PARAM_VALUE_DTL","REPORT_ID","LRF_REPORT_PARAM_VALUE","REPORT_ID","LRFRPDPRMVDTL_LRFRPPRMV_FK"
"LRF_REPORT_PARAM_VALUE_DTL","COMPANY_ID","LRF_REPORT_PARAM_VALUE","COMPANY_ID","LRFRPDPRMVDTL_LRFRPPRMV_FK"
"LRF_REP_SCHD_PARAM_DTL","REP_SCHD_ID","LRF_REP_SCHD_PARAM","REP_SCHD_ID","LRFRPDPRMDTL_LRFRPPRM_FK"
"LRF_REP_SCHD_PARAM_DTL","REP_SCHD_DETAIL_ID","LRF_REP_SCHD_PARAM","REP_SCHD_DETAIL_ID","LRFRPDPRMDTL_LRFRPPRM_FK"
"LRF_REP_SCHD_PARAM_DTL","COMPANY_ID","LRF_REP_SCHD_PARAM","COMPANY_ID","LRFRPDPRMDTL_LRFRPPRM_FK"
"LRF_SERVER_CONFIG","ORIG_SERVER","LRF_SERVER","SERVER_NAME","ORIG_SERVER_FK"
"LRF_SERVER_CONFIG","CURRENT_SERVER","LRF_SERVER","SERVER_NAME","CURRENT_SERVER_FK"
"MANIFESTED_LPN","PARENT_LPN_ID","LPN","LPN_ID","FK_MANIFLPN_LPN"
"MANIFESTED_LPN","LPN_ID","LPN","LPN_ID","FK_MANIFLPN_LPN2"
"MANIFESTED_LPN","SHIPMENT_ID","SHIPMENT","SHIPMENT_ID","FK_MANIFLPN_SHIPMENT"
"MANIFESTED_LPN","MANIFEST_ID","MANIFEST_HDR","MANIFEST_ID","FK_MANIFLPN_MANIFHDR"
"MANIFESTED_LPN","ORDER_ID","ORDERS","ORDER_ID","FK_MANIFLPN_ORDERS"
"MANIFEST_HDR","MANIFEST_TYPE_ID","MANIFEST_TYPE","MANIFEST_TYPE_ID","MNFST_TYP_FK"
"MANIFEST_HDR","SHIPMENT_ID","SHIPMENT","SHIPMENT_ID","FK_MANIFESTHDR_SHIPMENT"
"MAX_TF_WINDOW_PARAM","MOVE_TYPE","MOVE_TYPE","MOVE_TYPE","MAX_TF_MV_FK"
"MESSAGE_BU_MAPPING_DETAILS","MESSAGE_BU_MAPPING_ID","MESSAGE_BU_MAPPING","MESSAGE_BU_MAPPING_ID","MESSAGE_BU_MAPPING_DETAIL_FK1"
"MESSAGE_DISPLAY","SCREEN_TYPE_ID","SCREEN_TYPE","SCREEN_TYPE_ID","MESSAGE_DISPLAY_FK"
"MESSAGE_MASTER","BUNDLE_NAME","BUNDLE_META_DATA","BUNDLE_NAME","MESSAGE_MASTER_FK"
"MHE_MSG_FORMAT_DTL","MHE_MSG_FORMAT_ID","MHE_MSG_FORMAT","MHE_MSG_FORMAT_ID","FK_MHEMSGFORMAT_DTL"
"MHE_PARM_DTL","RULE_ID","RULE_HDR","RULE_ID","FK_MHEPARMDTL_RULEHDR"
"MHE_PARM_DTL","RULE_COLM_ID","RULE_COLM_LIST","RULE_COLM_ID","FK_MHEPARMDTL_RULECOLMLIST"
"MHE_SORT_RULE_PARM_DTL","MHE_PARM_ID","MHE_PARM_DTL","MHE_PARM_ID","FK_MHESRTRPARMDTL_MHEPARMDTL"
"MHE_SORT_RULE_PARM_DTL","MHE_SORT_RULE_HDR_ID","MHE_SORT_RULE_HDR","MHE_SORT_RULE_HDR_ID","FK_MHESRTRPARMDTL_MHESRTRHDR2"
"MHE_SORT_RULE_PARM_DTL","MHE_SORT_RULE_ID","MHE_SORT_RULE_HDR","MHE_SORT_RULE_ID","FK_MHESRTRPARMDTL_MHESRTRHDR"
"MHE_SORT_RULE_PARM_DTL","MHE_PARM_DTL_ID","MHE_PARM_DTL","MHE_PARM_DTL_ID","FK_MHESRTRPARMDTL_MHEPARMDTL2"
"MHE_SORT_RULE_PARM_DTL","PARM_SEQ_NBR","MHE_PARM_DTL","PARM_SEQ_NBR","FK_MHESRTRPARMDTL_MHEPARMDTL"
"MINOR_SRL_TRACK","SRL_NBR_TRK_ID","SRL_NBR_TRACK","SRL_NBR_TRK_ID","FK_MINORSRLTRACK_SRLNBRTRK"
"MLS_ACT","LABOR_TYPE_ID","E_LABOR_TYPE_CODE","LABOR_TYPE_ID","FK_MLS_ACT_E_LABOR_TYPE_CODE"
"MLS_ACT_ELM","MLS_ACT_ID","MLS_ACT","MLS_ACT_ID","FK_MLS_ACT_MLS_ACT_ELM"
"MLS_ACT_ELM","MLS_ELM_ID","MLS_ELM","MLS_ELM_ID","FK_MLS_ELM_MLS_ACT_ELM"
"MLS_ELM","MSRMNT_ID","E_MSRMNT","MSRMNT_ID","FK_MLS_ELM_TO_E_MSRMNT"
"MMC_AUDIT_DTL","MMC_AUDIT_HDR_ID","MMC_AUDIT_HDR","MMC_AUDIT_HDR_ID","MMC_AUDIT_HDR_ID_FK1"
"MOVE_LIST","ITEM_ID","ITEM_FACILITY_MAPPING_WMS","ITEM_FACILITY_MAPPING_ID","FK_MOVE_LIST_TO_ITEM_CBO"
"MOVE_LIST","DEST_SLOT_ID","PICK_LOCN_HDR_SLOTTING","PICK_LOCN_HDR_ID","FK_MOVE_LIST_TO_LHS"
"MOVE_LIST","MOVE_HDR_ID","MOVE_LIST_HDR","MOVE_HDR_ID","FK_MOVE_LIST_HDR"
"MOVE_LIST","SRC_SLOT_ID","PICK_LOCN_HDR_SLOTTING","PICK_LOCN_HDR_ID","FK_ML_TO_LHS"
"MOVE_LIST","SLOTITEM_ID","SLOT_ITEM","SLOTITEM_ID","SLOTITEM_ID_FK"
"MOVE_LIST_HDR","WHSE_CODE","WHPREFS","WHSE_CODE","FK_MOVE_LIST_HDR_TO_WHSE_CODE"
"MQ_LISTENER","LISTENER_ID","LISTENER","LISTENER_ID","MQ_LISTENER_FK"
"MSG_PROCESS_CONFIG","MSG_TYPE","MSG_TYPE","MSG_TYPE","MSGPROCESSCONFIG_MSGTYPE_FK"
"NAVIGATION","PARENT_ID","NAVIGATION","NAVIGATION_ID","NAVPARENT_NAV_FK"
"NAVIGATION_APP_MOD_PERM","NAVIGATION_ID","NAVIGATION","NAVIGATION_ID","NAVAMP_NAV_FK"
"NAVIGATION_PARAMETER","NAVIGATION_ID","NAVIGATION","NAVIGATION_ID","NAVPARAM_NAV_FK"
"NOTIFICATION_CONTEXT","DEVICE_ID","NOTIFICATION_DEVICE","DEVICE_ID","NOTIFICATION_CONTEXT_FK"
"NOTIFICATION_USER","NOTIFICATION_DATA_ID","NOTIFICATION_DATA","NOTIFICATION_DATA_ID","NOTIFICATION_USER_FK1"
"OAUTH_ACCESS_TOKEN","CLIENT_ID","OAUTH_CLIENT_DETAILS","CLIENT_ID","OAUTH_ACCESS_TOKEN_FK"
"OAUTH_CLIENT_TOKEN","CLIENT_ID","OAUTH_CLIENT_DETAILS","CLIENT_ID","OAUTH_CLIENT_TOKEN_FK"
"OBJECT_DBFIELD","OBJECT_DD_ID","OBJECT_DD","OBJECT_DD_ID","OBJ_DBF_FK1"
"OBJECT_DD","OBJECT_TYPE_ID","OBJECT_TYPE_TABLE","OBJECT_TYPE_ID","OBJ_DD_FK1"
"OBJECT_JOIN","OBJECT_DD_ID","OBJECT_DD","OBJECT_DD_ID","OBJ_JN_FK2"
"OBJECT_JOIN","JOIN_TYPE_ID","JOIN_TYPE","JOIN_TYPE_ID","OBJ_JN_FK1"
"OBJECT_JOIN_DBFIELD","JOIN_REF_ID","OBJECT_JOIN","JOIN_REF_ID","OBJ_JN_DBF_FK2"
"OBJECT_JOIN_DBFIELD","DB_FIELD_ID","OBJECT_DBFIELD","DB_FIELD_ID","OBJ_JN_DBF_FK1"
"OBJECT_JOIN_REPORT_DBFIELD","REPORT_DB_FIELD_ID","OBJECT_REPORT_DBFIELD","REPORT_DB_FIELD_ID","OBJ_JN_REP_DBF_FK1"
"OBJECT_JOIN_REPORT_DBFIELD","JOIN_REF_ID","OBJECT_JOIN","JOIN_REF_ID","OBJ_JN_REP_DBF_FK2"
"OBJECT_REPORT_DBFIELD","DB_FIELD_ID","OBJECT_DBFIELD","DB_FIELD_ID","OBJ_REP_DBF_FK1"
"OBJECT_UIDBFIELD","DB_FIELD_ID","OBJECT_DBFIELD","DB_FIELD_ID","OBJ_UIDBF_FK1"
"OM_SCHED_EVENT","EVENT_TYPE","SCHEDULER_EVENT_TYPE","SCHEDULER_EVENT_ID","EVENT_TYPE_FK"
"OM_SCHED_RECURRING","OM_SCHED_RECURRING_TYPE","OM_SCHED_RECURRING_KEY_DATE","OM_SCHED_RECURRING_TYPE","OM_SCHED_RECURRING_STKT_FK"
"OM_SCHED_RECURRING","KEY_TYPE","OM_SCHED_RECURRING_KEY_DATE","KEY_TYPE","OM_SCHED_RECURRING_STKT_FK"
"OPT_ENGINE","OPT_ENGINE_TYPE","OPT_ENGINE_TYPE","OPT_ENGINE_TYPE","OPT_ENGINE_OET_FK"
"OPT_PARAM_LIST","OPT_ENGINE_ID","OPT_ENGINE","OPT_ENGINE_ID","OPT_PRM_LS_FK2"
"ORDERS","PURCHASE_ORDER_ID","PURCHASE_ORDERS","PURCHASE_ORDERS_ID","ORDERS_PO_FK"
"ORDERS","TEMPLATE_ID","ORDERS_TEMPLATE","ORDER_ID","ORD_ORDTEMPL_FK"
"ORDERS","SHIPMENT_ID","SHIPMENT","SHIPMENT_ID","TO_LOAD_FK"
"ORDERS","ORDER_STATUS","ORDER_STATUS","ORDER_STATUS","ORD_ORDSTATUS_FK"
"ORDERS_TEMPLATE","WAVE_ID","WAVE","WAVE_ID","ORDERS_TMPLT_FK3"
"ORDERS_TEMPLATE","WAVE_OPTION_ID","WAVE_OPTION","WAVE_OPTION_ID","ORDERS_TMPLT_FK1"
"ORDERS_TEMPLATE","MOVE_TYPE","MOVE_TYPE","MOVE_TYPE","ORDERS_TMPLT_FK6"
"ORDERS_TEMPLATE","TC_COMPANY_ID","WAVE","TC_COMPANY_ID","ORDERS_TMPLT_FK3"
"ORDERS_TEMPLATE_RUN","ORDER_ID","ORDERS","ORDER_ID","ORDTMPRN_ORD_FK"
"ORDER_ACCESSORIAL_OPTION_GRP","ORDER_ID","ORDERS","ORDER_ID","ORDACCOPGR_ORD_FK"
"ORDER_ACC_OPTION_GRP_TEMPLATE","ORDER_ID","ORDERS_TEMPLATE","ORDER_ID","ORDACCGRPT_FK1"
"ORDER_ATTRIBUTE","ORDER_ID","ORDERS","ORDER_ID","ORDER_ATTRIB_FK"
"ORDER_BASELINE_COST","ORDER_SPLIT_ID","ORDER_SPLIT","ORDER_SPLIT_ID","ORDBLCST_OS_FK"
"ORDER_BASELINE_COST","ORDER_ID","ORDERS","ORDER_ID","ORD_BASE_CO_FK"
"ORDER_CHG_RULE_DTL","ORDER_CHG_ID","ORDER_CHG_RULE","ORDER_CHG_ID","ORDER_CHG_RDTL_FK"
"ORDER_DTL","ORDER_ID","ORDER_HDR","ORDER_ID","FK_ORDER_DTL_TO_ORDER_HDR"
"ORDER_DTL","SKU_ID","ITEM_FACILITY_MAPPING_WMS","ITEM_FACILITY_MAPPING_ID","FK_ORDER_DTL_TO_ITEM_CBO"
"ORDER_EVENT","ORDER_ID","ORDERS","ORDER_ID","TO_ORDER_EVT_FK"
"ORDER_LINE_ITEM","ORDER_ID","ORDERS","ORDER_ID","TO_LINE_ITEM_FK"
"ORDER_LINE_ITEM_SIZE","ORDER_ID","ORDER_LINE_ITEM","ORDER_ID","TOORDER_LIS_FK"
"ORDER_LINE_ITEM_SIZE","LINE_ITEM_ID","ORDER_LINE_ITEM","LINE_ITEM_ID","TOORDER_LIS_FK"
"ORDER_MASTER_ORDER","ORDER_ID","ORDERS","ORDER_ID","ORD_ORDERS1_FK"
"ORDER_MOVEMENT","SHIPMENT_ID","SHIPMENT","SHIPMENT_ID","OMOVE_SHP_ID_FK"
"ORDER_MOVEMENT","MOVEMENT_TYPE","MOVEMENT_TYPE","MOVEMENT_TYPE","ORDER_MOVEMENT_FK1"
"ORDER_MOVEMENT","ORDER_ID","ORDERS","ORDER_ID","ORDER_MOVEMENT_FK2"
"ORDER_NOTE","ORDER_ID","ORDERS","ORDER_ID","TO_NOTE_FK"
"ORDER_REASON_CODE","ORDER_ID","ORDERS","ORDER_ID","ORDRSNCODE_ORD_FK"
"ORDER_REASON_CODE","ORDER_ID","ORDER_LINE_ITEM","ORDER_ID","ORDRSNCODE_ORLN_FK"
"ORDER_REASON_CODE","ORDER_LINE_ID","ORDER_LINE_ITEM","LINE_ITEM_ID","ORDRSNCODE_ORLN_FK"
"ORDER_SPLIT","ORDER_ID","ORDERS","ORDER_ID","ORD_SPL_ORD_FK"
"ORDER_SPLIT","ORDER_SPLIT_STATUS","ORDER_STATUS","ORDER_STATUS","ORD_SPL_ORDSTS_FK"
"ORDER_SPLIT","SHIPMENT_ID","SHIPMENT","SHIPMENT_ID","ORD_SPL_SHIP_FK"
"ORDER_SPLIT_LINE_ITEM","ORDER_ID","ORDERS","ORDER_ID","ORDSPLLNIT_ORD_FK"
"ORDER_SPLIT_LINE_ITEM","ORDER_ID","ORDER_LINE_ITEM","ORDER_ID","ORDSPLLNIT_ORLN_FK"
"ORDER_SPLIT_LINE_ITEM","LINE_ITEM_ID","ORDER_LINE_ITEM","LINE_ITEM_ID","ORDSPLLNIT_ORLN_FK"
"ORDER_SPLIT_SIZE","ORDER_ID","ORDER_LINE_ITEM","ORDER_ID","ORDSPLTSZ_OLI_FK"
"ORDER_SPLIT_SIZE","LINE_ITEM_ID","ORDER_LINE_ITEM","LINE_ITEM_ID","ORDER_SPLIT_SIZE_FK2"
"ORDER_SPLIT_SIZE","ORDER_LINE_ITEM_ID","ORDER_LINE_ITEM","TC_ORDER_LINE_ID","ORDSPLTSZ_OLI_FK"
"ORDER_SRL_NBR","ORDER_ID","ORDERS","ORDER_ID","ORDSRLNBR_ORD_FK"
"ORDER_SRL_NBR_TEMPLATE","ORDER_ID","ORDERS_TEMPLATE","ORDER_ID","ORDSRLNBR_ORDT_FK"
"ORDER_TYPE","CHANNEL_TYPE","CHANNEL_TYPE","CHANNEL_TYPE","ORDTP_CHANNELTP_FK"
"ORDER_WORK_TYPE","ORDER_ID","ORDERS","ORDER_ID","ORDWRKTYP_ORD_FK"
"OUTBD_QA","OUTBD_QA_PARM_DTL_ID","OUTBD_QA_PARM_DTL","OUTBD_QA_PARM_DTL_ID","FK_OUTBDQA_OUTBDQAPARMDTL"
"OUTBD_QA","OUTBD_QA_PARM_ID","OUTBD_QA_PARM_DTL","OUTBD_QA_PARM_ID","FK_OUTBDQA_OUTBDQAPARMDTL2"
"OUTBD_QA","PARM_SEQ_NBR","OUTBD_QA_PARM_DTL","PARM_SEQ_NBR","FK_OUTBDQA_OUTBDQAPARMDTL2"
"OUTBD_QA_PARM_DTL","OUTBD_QA_PARM_HDR_ID","OUTBD_QA_PARM_HDR","OUTBD_QA_PARM_HDR_ID","FK_TO_OUTBD_PARM_HDR_PK"
"OUTBD_QA_PARM_DTL","OUTBD_QA_PARM_ID","OUTBD_QA_PARM_HDR","OUTBD_QA_PARM_ID","FK_TO_OUTBD_PARM_HDR_PK2"
"OUTBD_QA_PARM_DTL","RULE_COLM_ID","RULE_COLM_LIST","RULE_COLM_ID","FK_OUTBDQAPARMDTL_RULECOLMLIST"
"OUTBD_QA_PARM_HDR","CD_MASTER_ID","CD_MASTER","CD_MASTER_ID","FK_OUTBDQAPARMHDR_CDMASTER"
"OUTWARD_EVENT_SUBSCRIBERS","RULE_ID","RULE_HDR","RULE_ID","FK_SUB_RULE_RULE_HDR"
"OUTWARD_EVENT_SUBSCRIBERS","EVENT_ID","OUTWARD_EVENTS","EVENT_ID","FK_SUBSCRIBERS_EVENTS"
"PACK_WAVE_PARM_DTL","PACK_WAVE_PARM_HDR_ID","PACK_WAVE_PARM_HDR","PACK_WAVE_PARM_HDR_ID","FK_PCKWVPRMDTL_PCKWVPARMHDR2"
"PACK_WAVE_PARM_DTL","PACK_WAVE_PARM_ID","PACK_WAVE_PARM_HDR","PACK_WAVE_PARM_ID","FK_PCKWVPRMDTL_PCKWVPARMHDR"
"PALLETS","WHSE_CODE","WHPREFS","WHSE_CODE","FK_PALLETS_TO_WHPREFS"
"PALLET_XREF","SKU_ID","ITEM_FACILITY_MAPPING_WMS","ITEM_FACILITY_MAPPING_ID","FK_PALLET_XREF_TO_ITEM_CBO"
"PALLET_XREF","PALLET_ID","PALLETS","PALLET_ID","FK_PALLET_XREF"
"PARAM_DEF","PARAM_GROUP_ID","PARAM_SUBGROUP","PARAM_GROUP_ID","PARAMDEF_PGIPSI_FK"
"PARAM_DEF","DATA_TYPE","DATA_TYPE","DATA_TYPE","PARAM_DEF_FK1"
"PARAM_DEF","UI_TYPE","UI_TYPE","UI_TYPE","PARAM_DEF_FK2"
"PARAM_DEF","PARAM_SUBGROUP_ID","PARAM_SUBGROUP","PARAM_SUBGROUP_ID","PARAMDEF_PGIPSI_FK"
"PARAM_SPEC_VALUE","PARAM_DEF_ID","PARAM_DEF","PARAM_DEF_ID","PARAM_SVALUE_FK"
"PARAM_SPEC_VALUE","PARAM_GROUP_ID","PARAM_DEF","PARAM_GROUP_ID","PARAM_SVALUE_FK"
"PARAM_SUBGROUP","PARAM_GROUP_ID","PARAM_GROUP","PARAM_GROUP_ID","PARAM_SUBG_FK"
"PARCEL_RATE_DATA","PARCEL_RATE_CALENDER_ID","PARCEL_RATE_CALENDER","PARCEL_RATE_CALENDER_ID","PARCEL_RATE_CALENDER_FK1"
"PARCEL_SERVICE_LEVEL_MAP","PARCEL_SERVICE_LEVEL","PARCEL_SERVICE_LEVEL","PARCEL_SERVICE_LEVEL","PAR_SER_LVL_FK3"
"PATH_SET_SHIPPING_PARAM","LPN_TYPE","LPN_SHIPPABLE_TYPE","LPN_SHIPPABLE_TYPE","LPN_TYPE_FK"
"PICKLINE_GROUP","WHSE_CODE","WHPREFS","WHSE_CODE","FK_PICK_LINE_TO_WHPREFS"
"PICK_LOCN_DTL","LOCN_ID","PICK_LOCN_HDR","LOCN_ID","FK_PICK_LOCN_DTL_2"
"PICK_LOCN_DTL","PICK_LOCN_HDR_ID","PICK_LOCN_HDR","PICK_LOCN_HDR_ID","FK_TO_PICK_LO1"
"PICK_LOCN_DTL_SLOTTING","PICK_LOCN_DTL_ID","PICK_LOCN_DTL","PICK_LOCN_DTL_ID","PICK_LOCN_DTL_SLOT_FK"
"PICK_LOCN_HDR_SLOTTING","PICK_LOCN_HDR_ID","PICK_LOCN_HDR","PICK_LOCN_HDR_ID","PICK_LOCN_HDR_SLOT_FK"
"PICK_LOCN_HDR_SLOTTING","MY_SNS","WHSE_LOCN_MASK","WHSE_LOCN_MASK_ID","FK_MY_SNS_TO_WHSE_LOCN_MASK"
"PICK_LOCN_HDR_SLOTTING","RACK_TYPE","RACK_TYPE","RACK_TYPE","FK_LHS_TO_RACK_TYPE"
"PICK_LOCN_HDR_SLOTTING","LEFT_SLOT","PICK_LOCN_HDR_SLOTTING","PICK_LOCN_HDR_ID","FK_LHS_TO_LHS"
"PICK_LOCN_HDR_SLOTTING","RIGHT_SLOT","PICK_LOCN_HDR_SLOTTING","PICK_LOCN_HDR_ID","FK_LHS2_TO_LHS"
"PICK_LOCN_HDR_SLOTTING","MY_RANGE","TREE_DTL","NODE_ID","FK_LHS_TO_TREE_DTL"
"PICK_LOCN_HDR_SLOTTING","RACK_LEVEL_ID","RACK_TYPE_LEVEL","RACK_LEVEL_ID","FK_LHS_TO_RACK_TYPE_LVL"
"PICK_ZONE","WHSE_CODE","WHPREFS","WHSE_CODE","FK_PICK_ZONE_WHPREFS"
"PICK_ZONE","CNTR_TYPE","CONTAINER_TYPE","CNTR_TYPE","FK_CNTR_TYPE"
"PIX_REF_CODE_MASTER","RULE_COLM_ID","RULE_COLM_LIST","RULE_COLM_ID","FK_PIXREFCDMAS_RULECOLMLIST"
"PIX_SYNC","CD_MASTER_ID","CD_MASTER","CD_MASTER_ID","FK_PIXSYNC_CDMASTER"
"PIX_TRAN_CODE","CD_MASTER_ID","CD_MASTER","CD_MASTER_ID","FK_PIXTRANCODE_CDMASTER"
"PIX_TRAN_CODE_DTL","PIX_TRAN_CODE_ID","PIX_TRAN_CODE","PIX_TRAN_CODE_ID","FK_PIXTRANCODEDTL_PIXTRANCODE"
"PKT_CONSOL_LOCN","PUTWALL_HDR_ID","PUTWALL_HDR","PUTWALL_HDR_ID","FK_PKT_CONSOL_PWHDR_ID"
"PKT_DTL","PKT_CTRL_NBR","PKT_HDR","PKT_CTRL_NBR","FK_PKTDTL_PKTHDR"
"PKT_DTL","PKT_HDR_ID","PKT_HDR","PKT_HDR_ID","FK_PKTDTL_PKTHDR2"
"PKT_HDR","WHSE","PKT_CONSOL_PROF_HDR","WHSE","FK_PKTHDR_PKTCONSOLPROFHDR"
"PKT_HDR","CD_MASTER_ID","CD_MASTER","CD_MASTER_ID","FK_PKTHDR_CDMASTER"
"PKT_HDR","PKT_CONSOL_PROF","PKT_CONSOL_PROF_HDR","PKT_CONSOL_PROF","FK_PKTHDR_PKTCONSOLPROFHDR"
"POD_INTERACTION_PARAMETER","INTERACTION_ID","POD_INTERACTION","INTERACTION_ID","POD_FK_INTERACTION_ID"
"PO_LINE_CLASSIFICATION_CODE","CLASSIFICATION_CODE_ID","CLASSIFICATION_CODE","CLASSIFICATION_CODE_ID","PO_LINE_CLSCODE_FK2"
"PO_LINE_CLASSIFICATION_CODE","PO_LINE_ID","PURCHASE_ORDERS_LINE_ITEM","PURCHASE_ORDERS_LINE_ITEM_ID","PO_LINE_CLSCODE_FK1"
"PO_LINE_CLASSIFICATION_CODE","PURCHASE_ORDERS_ID","PURCHASE_ORDERS","PURCHASE_ORDERS_ID","PO_LINE_CLSCODE_FK3"
"PO_LINE_ITEMS_EXTN_EEM","PURCHASE_ORDERS_ID","PURCHASE_ORDERS","PURCHASE_ORDERS_ID","PO_LINEITEMSEXTNEEM_FK1"
"PO_LINE_ITEMS_EXTN_EEM","PURCHASE_ORDERS_LINE_ITEMS_ID","PURCHASE_ORDERS_LINE_ITEM","PURCHASE_ORDERS_LINE_ITEM_ID","PO_LINEITEMSEXTNEEM_FK2"
"PO_LINE_ITEM_ATTRIBUTE","PURCHASE_ORDERS_LINE_ITEM_ID","PURCHASE_ORDERS_LINE_ITEM","PURCHASE_ORDERS_LINE_ITEM_ID","POLI_ATTR_FK1"
"PO_LINE_ITEM_REF_FIELDS","PURCHASE_ORDERS_ID","PURCHASE_ORDERS","PURCHASE_ORDERS_ID","POLNREFFLD_PO_FK"
"PO_LINE_WMPROCESSINFO","PURCHASE_ORDERS_LINE_ITEM_ID","PURCHASE_ORDERS_LINE_ITEM","PURCHASE_ORDERS_LINE_ITEM_ID","POLINE_WMINF_FK1"
"PO_LINE_WMPROCESSINFO","PURCHASE_ORDERS_ID","PURCHASE_ORDERS","PURCHASE_ORDERS_ID","PO_LINE_WMPROCESSINFO_FK"
"PO_REF_FIELDS","PURCHASE_ORDERS_ID","PURCHASE_ORDERS","PURCHASE_ORDERS_ID","POREFFLD_PO_FK"
"PO_TERMS_BUSINESS_PARTNER_MAP","PO_TERMS_ID","PO_TERMS","PO_TERMS_ID","PO_TERMS_MAP_FK"
"PO_TERMS_LEGAL_TEXT","PO_TERMS_ID","PO_TERMS","PO_TERMS_ID","PO_TERMS_LEGAL_TEXT_FK"
"PO_WMPROCESSINFO","PURCHASE_ORDERS_ID","PURCHASE_ORDERS","PURCHASE_ORDERS_ID","PO_WMPRSNF_FK1"
"PROC_MNTR_DTL","PROC_TYPE","PROC_MNTR","PROC_TYPE","FK_PROCMNTRDTL_PROCMNTR"
"PROC_MNTR_DTL","PROC_MNTR_ID","PROC_MNTR","PROC_MNTR_ID","FK_PROCMNTRDTL_PROCMNTR2"
"PROC_MNTR_DTL","PROC_ID","PROC_MNTR","PROC_ID","FK_PROCMNTRDTL_PROCMNTR"
"PROD_TRKG_TRAN","TASK_ID","TASK_HDR","TASK_ID","FK_PRODTRKGTRAN_TASKHDR"
"PROD_TRKG_TRAN","CD_MASTER_ID","CD_MASTER","CD_MASTER_ID","FK_PRODTRKGTRAN_CDMASTER"
"PROFILE_ACCESS","TXN_ID","TXN_MASTER","TXN_ID","FK_PROFILE_ACCESS_TXN_MASTER"
"PROFILE_ACCESS","PROFILE_ID","PROFILE_MASTER","PROFILE_ID","FK_PROFILE_ACCESS_PROFILE_ID"
"PURCHASE_ORDERS","FULFILL_MODE","FULFILL_MODE","FULFILL_MODE","PURCHASE_ORDER_FK6"
"PURCHASE_ORDERS","PURCHASE_ORDERS_TYPE","PURCHASE_ORDERS_TYPE","PURCHASE_ORDERS_TYPE","PURCHASE_ORDER_FK5"
"PURCHASE_ORDERS_ATTRIBUTE","PURCHASE_ORDERS_ID","PURCHASE_ORDERS","PURCHASE_ORDERS_ID","PURCHASE_ATT_FK1"
"PURCHASE_ORDERS_EVENT","PURCHASE_ORDERS_ID","PURCHASE_ORDERS","PURCHASE_ORDERS_ID","PURCHASE_EVENT_FK1"
"PURCHASE_ORDERS_EXTN_TLM","PURCHASE_ORDERS_ID","PURCHASE_ORDERS","PURCHASE_ORDERS_ID","PO_EXTTLM_FK"
"PURCHASE_ORDERS_LINE_ITEM","INVENTORY_SEGMENT_ID","INVENTORY_SEGMENT","INVENTORY_SEGMENT_ID","PO_LINEITEM_FK2"
"PURCHASE_ORDERS_LINE_ITEM","PURCHASE_ORDERS_ID","PURCHASE_ORDERS","PURCHASE_ORDERS_ID","PO_LINEITEM_FK1"
"PURCHASE_ORDERS_LINE_ITEM","PURCHASE_ORDERS_LINE_STATUS","PURCHASE_ORDERS_LINE_STATUS","PURCHASE_ORDERS_LINE_STATUS","PO_LINE_ITEM_FK1"
"PURCHASE_ORDERS_LINE_NEEDS","NEEDS_LAYER_ID","NEEDS_LAYER","NEEDS_LAYER_ID","PO_LIN_ITM_FK_2"
"PURCHASE_ORDERS_NOTE","PURCHASE_ORDERS_ID","PURCHASE_ORDERS_LINE_ITEM","PURCHASE_ORDERS_ID","PO_NOTE_FK2"
"PURCHASE_ORDERS_NOTE","PURCHASE_ORDERS_ID","PURCHASE_ORDERS","PURCHASE_ORDERS_ID","PO_NOTE_FK1"
"PURCHASE_ORDERS_NOTE","PURCHASE_ORDERS_LINE_ITEM_ID","PURCHASE_ORDERS_LINE_ITEM","PURCHASE_ORDERS_LINE_ITEM_ID","PO_NOTE_FK2"
"PURCHASE_ORDER_BP","PURCHASE_ORDERS_ID","PURCHASE_ORDERS","PURCHASE_ORDERS_ID","POBP_PO_FK"
"PURCHASE_ORDER_BP_CONTACT","PURCHASE_ORDER_BP_ID","PURCHASE_ORDER_BP","PURCHASE_ORDER_BP_ID","POBPCONTCT_POBP_FK"
"PURCHASE_ORDER_LINE_COMPONENTS","PURCHASE_ORDERS_ID","PURCHASE_ORDERS","PURCHASE_ORDERS_ID","PO_LIC_FK1"
"PURCHASE_ORDER_LINE_COMPONENTS","PURCHASE_ORDERS_LINE_ITEM_ID","PURCHASE_ORDERS_LINE_ITEM","PURCHASE_ORDERS_LINE_ITEM_ID","PO_LIC_FK2"
"PURGE_CONFIG","CD_MASTER_ID","CD_MASTER","CD_MASTER_ID","FK_PURGECNFG_CDMASTER"
"PURGE_CONFIG","WHSE_MASTER_ID","WHSE_MASTER","WHSE_MASTER_ID","FK_PURGECNFG_WHSEMASTER"
"PUTWALL_HDR","PRT_REQSTR_ID","LRF_PRT_REQUESTOR","PRT_REQSTR_ID","FK_PRT_REQSTR_ID"
"PUTWALL_TXN","LPN_ID","LPN","LPN_ID","FK_PUTWALL_TXN_LPN_ID"
"PUTWALL_TXN","PUTWALL_HDR_ID","PUTWALL_HDR","PUTWALL_HDR_ID","FK_PUTWALL_HDR_ID"
"PUTWY_TYPE_PRTY","EVENT_PARM_ID","EVENT_PARM","EVENT_PARM_ID","FK_PUTWYTYPPRTY_EVENTPARM"
"PUTWY_ZONE_PRTY","PUTWY_METHOD_PRTY_ID","PUTWY_METHOD_PRTY","PUTWY_METHOD_PRTY_ID","FK_PUTWY_METHOD_PRTY_ID"
"QUAL_INSPCT","QUAL_INSPCT_RULE_HDR_ID","QUAL_INSPCT_RULE_HDR","QUAL_INSPCT_RULE_HDR_ID","FK_QUALINSPCT_QUALINSPCTRHDR"
"QUAL_INSPCT","VENDOR_MASTER_ID","VENDOR_MASTER","VENDOR_MASTER_ID","FK_QUALINSPCT_VENDMASTER"
"QUAL_INSPCT_RULE_DTL","QUAL_INSPCT_RULE_HDR_ID","QUAL_INSPCT_RULE_HDR","QUAL_INSPCT_RULE_HDR_ID","FK_QUALINSPCTRDTL_QINSPCTRHDR2"
"QUAL_INSPCT_RULE_DTL","WHSE","QUAL_INSPCT_RULE_HDR","WHSE","FK_QUALINSPCTRDTL_QINSPCTRHDR"
"QUAL_INSPCT_RULE_DTL","RULE_ID","QUAL_INSPCT_RULE_HDR","RULE_ID","FK_QUALINSPCTRDTL_QINSPCTRHDR"
"QUERY","MOD_PROFILE_ID","PROFILE_MASTER","PROFILE_ID","FK_QUERY_MOD_PROFILE_ID"
"QUERY","AUTHORIZED_USER","SO_USER_MASTER","USER_ID","FK_QUERY_AUTHORIZED_USER"
"QUERY","WHSE_CODE","WHPREFS","WHSE_CODE","FK_QUERY_TO_WHPREFS"
"QUERYENTRY","QUERY_ID","QUERY","QUERY_ID","FK_QUERYENTRY_TO_QUERY"
"QUERY_MASK_TYPE","OBJECT_TYPE_ID","OBJECT_TYPE_TABLE","OBJECT_TYPE_ID","QRY_MSK_TYP_FK1"
"QUESTION_ANS","QUES_MASTER_ID","QUESTION_MASTER","QUES_MASTER_ID","FK_QUESTIONANS_QUESMASTER"
"QUESTION_ANS_FILTER_HISTORY","QUE_ANS_ID","QUESTION_ANS","QUESTION_ANS_ID","FK_QUESANSFHIST_QUESANS"
"QUESTION_DETRM","QUES_MASTER_ID","QUESTION_MASTER","QUES_MASTER_ID","FK_QUESTIONDETRM_QUESMASTER"
"QUESTION_DETRM","FILTER_ID","FILTER","FILTER_ID","FK_QUESTIONDETRM_FILTER"
"RACK_BIN_XREF","BIN_ID","BINS","BIN_ID","FK_RACK_BIN_XREF_TO_BINS"
"RACK_BIN_XREF","RACK_TYPE","RACK_TYPE","RACK_TYPE","FK_RACK_BIN_XREF_TO_RACK_TYPE"
"RACK_BIN_XREF","RACK_LEVEL_ID","RACK_TYPE_LEVEL","RACK_LEVEL_ID","FK_RACK_BIN_XREF_TO_RACK_TYPE_"
"RACK_LEVEL_MAP","RACK_LEVEL_ID","RACK_TYPE_LEVEL","RACK_LEVEL_ID","FK_RACK_LEVEL_MAP_TO_RACK_TYPE"
"RACK_LEVEL_MAP","RACK_TYPE","RACK_TYPE","RACK_TYPE","FK_RACK_LEVEL_MAP_TO_RACK_TYP"
"RACK_PALLET_XREF","RACK_LEVEL_ID","RACK_TYPE_LEVEL","RACK_LEVEL_ID","FK_RACK_PALLET_XREF_TO_RACK_TY"
"RACK_PALLET_XREF","RACK_TYPE","RACK_TYPE","RACK_TYPE","FK_RACK_PALLET_X_TO_RACK_TYPE"
"RACK_PALLET_XREF","PALLET_ID","PALLETS","PALLET_ID","FK_RACK_PALLET_XREF_TO_PALLETS"
"RACK_TYPE_LEVEL","RACK_TYPE","RACK_TYPE","RACK_TYPE","FK_RACK_TYPE_LEVEL_TO_RACK_TYP"
"RAIL_ROUTE_DETAIL","RAIL_ROUTE_HEADER_ID","RAIL_ROUTE_HEADER","RAIL_ROUTE_HEADER_ID","RAIL_ROUTE_DETAIL_FK1"
"RECV_MSG_DATA","MESSAGE_ID","EVENT_MESSAGE","EVENT_MESSAGE_ID","FK_RECVMSGDATA_EVENTMSG"
"REPORT","REPORT_DEF_ID","REPORT_DEF","REPORT_DEF_ID","REPORT_RPTDF_FK"
"REPORT_DEF_LAYOUT","REPORT_DEF_ID","REPORT_DEF","REPORT_DEF_ID","RPDFLY_RPTDF_FK"
"REPORT_PARAM_VALUE","REPORT_ID","REPORT","REPORT_ID","RPPRVL_RPT_FK"
"REPORT_PARAM_VALUE","COMPANY_ID","REPORT","COMPANY_ID","RPPRVL_RPT_FK"
"RESERVE_BIN_XREF","RES_BIN_ID","BINS","BIN_ID","FK_RESERVE_BIN_XREF_TO_BINS"
"RESERVE_BIN_XREF","RES_SKU_ID","ITEM_FACILITY_MAPPING_WMS","ITEM_FACILITY_MAPPING_ID","FK_RESRV_BIN_XREF_TO_ITM_CBO"
"RESERVE_PALLET_XREF","RES_SKU_ID","ITEM_FACILITY_MAPPING_WMS","ITEM_FACILITY_MAPPING_ID","FK_RESRV_PLT_XREF_TO_ITM_CBO"
"RESERVE_PALLET_XREF","RES_PALLET_ID","PALLETS","PALLET_ID","FK_RESERVE_PALLET_XREF"
"RESOURCES","URI_TYPE_ID","URI_TYPE","URI_TYPE_ID","RESOURCES_TO_URI_FK"
"RESOURCE_PERMISSION","RESOURCE_ID","RESOURCES","RESOURCE_ID","RESOURCE_PERM_FK"
"RESOURCE_PERMISSION","PERMISSION_CODE","LOCK_CODE_PERMISSION","PERMISSION_CODE","RESOURCE_PERM_FK2"
"RESTRICTION_ATTRIBUTES","RES_OBJECT_ID","RESTRICTION_OBJECT","RES_OBJECT_ID","REST_ATTR_RES_OBJ_FK"
"RETN_DISP_DETERM","WHSE","RETN_DISP_CODE_MASTER","WHSE","FK_RDISPDETRM_RDISPCODEMAS"
"RETN_DISP_DETERM","CD_MASTER_ID","CD_MASTER","CD_MASTER_ID","FK_RETN_DISP_DETE1"
"RETN_DISP_DETERM","FINAL_DISP_CODE","RETN_DISP_CODE_MASTER","DISP_CODE","FK_RDISPDETRM_RDISPCODEMAS"
"RETN_IB_SUMM","VENDOR_MASTER_ID","VENDOR_MASTER","VENDOR_MASTER_ID","FK_RETNIBSUMM_VENDMASTER"
"RE_RULATR_CATNOPER","RULATR_CAT_OPER_ID","RE_RULATR_CAT_OPER","RULATR_CAT_OPER_ID","RE_RULATRC_FK"
"RE_RULATR_CATNOPER","RULE_OPERATOR_ID","RE_RULATR_OPERATOR","RULE_OPERATOR_ID","RE_RULATRC_FK2"
"RE_RULE_ATTRIBUTE","ATTRIB_DATA_TYPEID","RE_RULATR_DATATYPE","ATTRIB_DATA_TYPEID","RE_RULEA_FK4"
"RE_RULE_ATTRIBUTE","RE_RULE_OBJTYPE_ID","RE_RULE_OBJ_TYPE","RE_RULE_OBJTYPE_ID","RE_RULEA_FK5"
"RE_RULE_ATTRIBUTE","RULATR_CAT_OPER_ID","RE_RULATR_CAT_OPER","RULATR_CAT_OPER_ID","RE_RULEA_FK2"
"RE_RULE_ATTRIBUTE","RE_RULATR_BEHAVRID","RE_RULATR_BEHAVIOR","RE_RULATR_BEHAVRID","RE_RULEA_FK1"
"RE_RULE_ATTRIBUTE","RE_MODULE_TYPE_ID","RE_MODULE_TYPE","RE_MODULE_TYPE_ID","RE_RULEA_FK3"
"RF_MESSAGE_RESPONSE","RF_MSG_ID","RF_MESSAGE","RF_MSG_ID","FK_RFMSG_RFMSGRESPONSE"
"ROLE_CUSTOM_WINDOW_FORMAT","ROLE_ID","ROLE_MASTER","ROLE_ID","FK_RCUSTWINFRMT_ROLEMAS"
"ROLE_CUSTOM_WINDOW_FORMAT","CUSTOM_WINDOW_FORMAT_ID","CUSTOM_WINDOW_FORMAT","CUSTOM_WINDOW_FORMAT_ID","FK_RCUTWINFRMT"
"ROUTER","DESTINATION_SYSTEM_ID","DESTINATION_SYSTEM","DESTINATION_SYSTEM_ID","ROUTER_FK1"
"RS_CONFIG_CYCLE_DL","DL_ID","DISTRIBUTION_LIST","DL_ID","RS_CONFIG_DL_FK1"
"RTS","AUTO_CREATE_METHOD","MO_AUTO_CREATE_METHOD","MO_AUTO_CREATE_METHOD","RTS_FK1"
"RTS","RTS_STATUS","RTS_STATUS","RTS_STATUS","RTS_STATUS_FK"
"RTS_CHANGE_RULE","ACTION","PO_RTS_ACTION","PO_RTS_ACTION","RTS_CHANGE_RULE_FK"
"RTS_CHANGE_RULE","CRITICAL_CHG_FIELD","RTS_CRITICAL_FIELD_FV","RTS_CRITICAL_FIELD_FV","RTS_CHANGE_RULE_FK2"
"RTS_LINE_ITEM","RTS_LINE_STATUS","RTS_LINE_STATUS","RTS_LINE_STATUS","RTS_LI_FK4"
"RTS_LINE_ITEM","AUTO_CREATE_METHOD","MO_AUTO_CREATE_METHOD","MO_AUTO_CREATE_METHOD","RTS_LI_FK5"
"RTS_LINE_ITEM","RTS_ID","RTS","RTS_ID","RTS_LI_FK3"
"RTS_LINE_ITEM","ORDER_ID","PURCHASE_ORDERS","PURCHASE_ORDERS_ID","RTS_LINE_PO_FK6"
"RTS_SIZES","RTS_ID","RTS","RTS_ID","RS_RTS_ID_FK"
"RULE_COLM_REF","RULE_COLM_ID","RULE_COLM_LIST","RULE_COLM_ID","FK_RULECOLMREF_RULECOLMLIST"
"RULE_HDR","MHE_RULE_GROUP_ID","MHE_RULE_GROUP","MHE_RULE_GROUP_ID","FK_RULEHDR_MHERULEGROUP"
"RULE_PARM","RULES_ID","RULES","RULES_ID","FK_RULEPARM_RULES"
"RULE_PARM","RULE_ID","RULE_HDR","RULE_ID","FK_RULEPARM_RULEHDR"
"RULE_PARM","RULE_HDR_ID","RULE_HDR","RULE_HDR_ID","FK_RULEPARM_RULEHDR2"
"RULE_SEL_COL_DTL","RULE_HDR_ID","RULE_HDR","RULE_HDR_ID","FK_RULESELCOLDTL_TO_RULE_HDR"
"RULE_SEL_DTL","RULE_ID","RULE_HDR","RULE_ID","FK_RULESELDTL_RULEHDR"
"RULE_SEL_DTL","RULE_HDR_ID","RULE_HDR","RULE_HDR_ID","FK_RULESELDTL_RULEHDR2"
"RULE_SORT_DTL","RULE_HDR_ID","RULE_HDR","RULE_HDR_ID","FK_RULESORTDTL_RULEHDR2"
"RULE_SORT_DTL","RULE_ID","RULE_HDR","RULE_ID","FK_RULESORTDTL_RULEHDR"
"SAILING_SCHDL_TRNSPRTR","TC_COMPANY_ID","SAILING_SCHEDULE","TC_COMPANY_ID","SAIL_SCHD_TRNS_FK"
"SAILING_SCHDL_TRNSPRTR","SAILING_SCHEDULE_ID","SAILING_SCHEDULE","SAILING_SCHEDULE_ID","SAIL_SCHD_TRNS_FK"
"SAILING_SCHDL_TRNSPRTR_VIA","TC_COMPANY_ID","SAILING_SCHDL_TRNSPRTR","TC_COMPANY_ID","SAIL_SCH__VIA_FK"
"SAILING_SCHDL_TRNSPRTR_VIA","SAILING_SCHEDULE_ID","SAILING_SCHDL_TRNSPRTR","SAILING_SCHEDULE_ID","SAIL_SCH__VIA_FK"
"SAILING_SCHDL_TRNSPRTR_VIA","SAILING_SCHDL_TRNSPRTR_SEQ","SAILING_SCHDL_TRNSPRTR","SAILING_SCHDL_TRNSPRTR_SEQ","SAIL_SCH__VIA_FK"
"SCHEDULE_B","SCHEDULE_B_CHAPTER","SCHEDULE_B_CHAPTER","SCHEDULE_B_CHAPTER","SCHEDULEB_CHAPTER_FK"
"SCREEN_TYPE","BASE_SCREEN_TYPE_ID","SCREEN_TYPE","SCREEN_TYPE_ID","SCREEN_TYPE_FK"
"SEASONAL","WHSE_CODE","WHPREFS","WHSE_CODE","FK_SEASONAL_TO_WHPREFS"
"SEASONAL_DETAIL","SEAS_ID","SEASONAL","SEAS_ID","FK_SEASONAL_DTL_TO_SEASON"
"SHELF_SLOT_XREF","SHELF_ID","SHELF","SHELF_ID","FK_SHELF_XREF_TO_SHELF"
"SHELF_SLOT_XREF","SLOT_ID","PICK_LOCN_HDR_SLOTTING","PICK_LOCN_HDR_ID","FK_SHELF_XREF_TO_LHS"
"SHELF_SLOT_XREF","SKU_ID","ITEM_FACILITY_MAPPING_WMS","ITEM_FACILITY_MAPPING_ID","FK_SHELF_XREF_TO_ITEM_CBO"
"SHIPMENT_ACCESSORIAL","SHIPMENT_ID","SHIPMENT","SHIPMENT_ID","REFLOAD1439"
"SHIPMENT_CHG_RULE_DTL","SHIPMENT_CHG_ID","SHIPMENT_CHG_RULE","SHIPMENT_CHG_ID","SHP_CDTL_FK"
"SHIPMENT_COMMODITY","SHIPMENT_ID","SHIPMENT","SHIPMENT_ID","SHP_COMMODITY_SI1"
"SHIPMENT_EVENT","SHIPMENT_ID","SHIPMENT","SHIPMENT_ID","SHIPMENT_EVENT_FK"
"SHIPMENT_EXTN_TLM","MOVEMENT_TYPE","MOVEMENT_TYPE","MOVEMENT_TYPE","SHIPMENT_EXTN_TLM_FK1"
"SHIPMENT_NOTE","SHIPMENT_ID","SHIPMENT","SHIPMENT_ID","SHP_NOTE_SI_FK"
"SHIPMENT_NOTE","SHIPMENT_ID","STOP","SHIPMENT_ID","OSIZE_STOP_FK1"
"SHIPMENT_NOTE","STOP_SEQ","STOP","STOP_SEQ","OSIZE_STOP_FK1"
"SHIPMENT_SCHED_ACTION","SHIPMENT_ID","SHIPMENT","SHIPMENT_ID","SHP_SCHED_ACTION2"
"SHIPMENT_SEAL_NUMBER","SHIPMENT_ID","SHIPMENT","SHIPMENT_ID","SHPMNTSLNMBR_SHPM1"
"SHIPMENT_SIZE","SHIPMENT_ID","SHIPMENT","SHIPMENT_ID","SHP_SIZE_SI_FK"
"SHIPMENT_SIZE_OVERRIDE","SHIPMENT_ID","SHIPMENT","SHIPMENT_ID","SHP_SIZE_OVERRID2"
"SHIPMENT_TRACKING","SHIPMENT_ID","SHIPMENT","SHIPMENT_ID","SHP_TRACKING_1_FK"
"SHIP_WAVE_PARM","WAVE_PARM_ID","WAVE_PARM","WAVE_PARM_ID","FK_SWAVEPARM_WAVEPARM"
"SHIP_WAVE_PARM","PNH_PARM_ID","PNH_PARM","PNH_PARM_ID","FK_SHIP_WAVE_PARM_TO_PNH_PARM"
"SITC_CODE","SITC_CHAPTER","SITC_CHAPTER","SITC_CHAPTER","SITC_CODE_CHAPTER_FK"
"SKU_LOCATION","SKU_ID","ITEM_CBO","ITEM_ID","ITEM_SKULOC_FK1"
"SLOT_ITEM","CURRENT_PALLET","PALLETS","PALLET_ID","FK_SLOT_ITEM_TO_PALLETS"
"SLOT_ITEM","SLOT_ID","PICK_LOCN_HDR_SLOTTING","PICK_LOCN_HDR_ID","FK_SLOT_ITEM_TO_LHS"
"SLOT_ITEM","CURRENT_BIN","BINS","BIN_ID","FK_SLOT_ITEM_TO_BINS"
"SLOT_ITEM","SKU_ID","ITEM_FACILITY_MAPPING_WMS","ITEM_FACILITY_MAPPING_ID","FK_SLOT_ITEM_TO_ITEM_CBO"
"SLOT_ITEM_SCORE","SLOTITEM_ID","SLOT_ITEM","SLOTITEM_ID","FK_SLOT_ITM_SCORE_TO_SLOT_ITM"
"SLOT_ITEM_SCORE","CNSTR_ID","CONSTRAINTS","CNSTR_ID","FK_SLOT_ITM_SCORE_TO_CNSTRNTS"
"SLOT_LIST_TREE","WHSE_CODE","WHPREFS","WHSE_CODE","FK_SLOT_LIST_TREE_TO_WHPREFS"
"SLOT_LIST_TREE","CNSTR_ID","CONSTRAINTS","CNSTR_ID","FK_SLOT_LIST_TREE_TO_CONSTRAIN"
"SLOT_UNUSED","RIGHT_SLOT","SLOT_UNUSED","SLOT_ID","FK_SLOT2_TO_SLOT"
"SLOT_UNUSED","RACK_LEVEL_ID","RACK_TYPE_LEVEL","RACK_LEVEL_ID","FK_SLOT_TO_RACK_TYPE_LVL"
"SLOT_UNUSED","MY_SNS","SNS_MIGR","SNS_ID","FK_SLOT_TO_SNS"
"SLOT_UNUSED","WHSE_CODE","WHPREFS","WHSE_CODE","FK_SLOT_TO_WHPREFS"
"SLOT_UNUSED","LEFT_SLOT","SLOT_UNUSED","SLOT_ID","FK_SLOT_TO_SLOT"
"SLOT_UNUSED","RACK_TYPE","RACK_TYPE","RACK_TYPE","FK_SLOT_TO_RACK_TYPE"
"SL_FAILURE_REASONS","SLOTITEM_ID","SLOT_ITEM","SLOTITEM_ID","FK_SL_FAILURE_RESONS_SLOT_ITM"
"SMARTLABEL_ARN_EVENT_DTL","SMARTLABEL_ARN_EVENT_HDR_ID","SMARTLABEL_ARN_EVENT_HDR","SMARTLABEL_ARN_EVENT_HDR_ID","FK_SMARTLABELARNEDTL_SLAEHDR2"
"SMARTLABEL_ARN_EVENT_DTL","SMARTLABEL_ARN_EVENT_ID","SMARTLABEL_ARN_EVENT_HDR","SMARTLABEL_ARN_EVENT_ID","FK_SMARTLABELARNEDTL_SLAEHDR"
"SMARTLABEL_ARN_EVENT_HDR","CD_MASTER_ID","CD_MASTER","CD_MASTER_ID","FK_SMARTLABELARNEHDR_CDMASTER"
"SMARTLABEL_CARTON_HDR_HIST","CD_MASTER_ID","CD_MASTER","CD_MASTER_ID","FK_SMARTLBLCHHIST_CDMASTER"
"SMARTLABEL_PARM_DTL","SMARTLABEL_PARM_HDR_ID","SMARTLABEL_PARM_HDR","SMARTLABEL_PARM_HDR_ID","FK_SMARTLBLPDTL_SLBLPHDR"
"SMARTLABEL_PARM_DTL","SMARTLABEL_PARM_ID","SMARTLABEL_PARM_HDR","SMARTLABEL_PARM_ID","FK_SMARTLBLPARMDTL_SLBLPARMHDR"
"SMARTLABEL_PARM_HDR","CD_MASTER_ID","CD_MASTER","CD_MASTER_ID","FK_SMARTLABELPARMHDR_CDMASTER"
"SMARTLABEL_SKU_HIST","CD_MASTER_ID","CD_MASTER","CD_MASTER_ID","FK_SMARTLABELSKUHIST_CDMASTER"
"SM_MOVE_LIST_HDR","SM_RUN_ID","SM_HDR","SM_RUN_ID","FK_SM_MOVE_LIST_HDR_TO_SM_HDR"
"SM_RESULT","SM_RUN_ID","SM_HDR","SM_RUN_ID","FK_SM_RUN_ID"
"SNS_DTL","SNS_ID","SNS_MIGR","SNS_ID","FK_SNS_DTL_TO_SNS"
"SNS_MIGR","WHSE_CODE","WHPREFS","WHSE_CODE","FK_SNS_TO_WHPREFS"
"SOA_FILTER","PROXYID","SOA_PROXY","ID","FK_SOAFILTER_PROXY"
"SOA_FILTERMODULE_ALIAS_XREF","FILTERID","SOA_FILTER_MODULE_XREF","FILTERID","FK_SOAFILTMODALIASXREF_FILTERM"
"SOA_FILTERMODULE_ALIAS_XREF","ALIASID","SOA_BUCKET_ALIAS","ID","FK_SOAFILTMODALIASXREF_BUCKETA"
"SOA_FILTERMODULE_ALIAS_XREF","MODULEID","SOA_FILTER_MODULE_XREF","MODULEID","FK_SOAFILTMODALIASXREF_FILTERM"
"SOA_FILTERMODULE_ALIAS_XREF","SEQUENCEINDEX","SOA_FILTER_MODULE_XREF","SEQUENCEINDEX","FK_SOAFILTMODALIASXREF_FILTERM"
"SOA_FILTER_CATEGORY_XREF","FILTERCATEGORYID","SOA_FILTER_CATEGORY","ID","FK_SOAFILTERCATXREF_FILTER_CAT"
"SOA_FILTER_CATEGORY_XREF","FILTERID","SOA_FILTER","ID","FK_SOAFILTERCATXREF_FILTER"
"SOA_FILTER_MODULE_XREF","FILTERID","SOA_FILTER","ID","FK_SOAFILTERMODULEXREF_FILTER"
"SOA_FILTER_MODULE_XREF","MODULEID","SOA_MODULE","ID","FK_SOAFILTERMODULEXREF_MODULE"
"SOA_HTTPHEADERGROUP_XREF","HEADERID","SOA_HTTPHEADER","ID","FK_SOAHEADERGRPXREF_HEADER"
"SOA_HTTPHEADERGROUP_XREF","HEADERGROUPID","SOA_HTTPHEADERGROUP","ID","FK_SOAHEADERGRPXREF_GROUP"
"SOA_JYTHON_VARIABLE_XREF","JYTHONVARIABLEID","SOA_JYTHONVARIABLE","ID","FK_SOA_JYTHONVARXREF_JYTHONVAR"
"SOA_JYTHON_VARIABLE_XREF","JYTHONID","SOA_MODULE_JYTHON","ID","FK_SOA_JYTHONVARXREF_JYTHON"
"SOA_LISTENER_ALLOWDENY","LISTENERID","SOA_LISTENER","ID","FK_SOALISTENERAD_LISTENER"
"SOA_LISTENER_RESOURCEMAPPING","SOURCEID","SOA_MESSAGE_FRAGMENT","ID","FK_SOALISTENERRM_MFSOURCE"
"SOA_LISTENER_RESOURCEMAPPING","TARGETID","SOA_MESSAGE_FRAGMENT","ID","FK_SOALISTENERRM_MFTARGET"
"SOA_LISTENER_RESOURCEMAPPING","LISTENERID","SOA_LISTENER","ID","FK_SOALISTENERRM_LISTENER"
"SOA_MODULE_ALIAS_XREF","MODULEID","SOA_MODULE","ID","FK_SOAMODULEALIASXREF_MODULE"
"SOA_MODULE_ALIAS_XREF","ALIASID","SOA_BUCKET_ALIAS","ID","FK_SOAMODULEALIASXREF_BUCKETA"
"SOA_MODULE_CATEGORY_XREF","MODULEID","SOA_MODULE","ID","FK_SOAMODULECATXREF_MODULE"
"SOA_MODULE_CATEGORY_XREF","MODULECATEGORYID","SOA_MODULE_CATEGORY","ID","FK_SOAMODULECATXREF_MODULECAT"
"SOA_MODULE_CLSPARSER","TARGETID","SOA_MESSAGE_FRAGMENT","ID","FK_SOACLSPARSER_MSGFRAGTRG"
"SOA_MODULE_CLSPARSER","SOURCEID","SOA_MESSAGE_FRAGMENT","ID","FK_SOACLSPARSER_MSGFRAGSRC"
"SOA_MODULE_CORBA","TARGETID","SOA_MESSAGE_FRAGMENT","ID","FK_SOACORBA_MSGFRAGTRG"
"SOA_MODULE_CORBA","SOURCEID","SOA_MESSAGE_FRAGMENT","ID","FK_SOACORBA_MSGFRAGSRC"
"SOA_MODULE_DDR","SOURCEID","SOA_MESSAGE_FRAGMENT","ID","FK_SOADDR_MSGFRAGSRC"
"SOA_MODULE_DDR_RULE","DDRID","SOA_MODULE_DDR","ID","FK_SOAMODULEDDRRULE_DDR"
"SOA_XSL_EXTENSION_XREF","XSLID","SOA_MODULE_XSL","ID","FK_SOAXSLEXTENSIONXREF_XSL"
"SOA_XSL_EXTENSION_XREF","XSLEXTENSIONID","SOA_XSLEXTENSION","ID","FK_SOAXSLEXTENSIONXREF_XSLEXT"
"SORT_LOCN_CONFIG_DTL","SORT_LOCN_CONFIG_HDR_ID","SORT_LOCN_CONFIG_HDR","SORT_LOCN_CONFIG_HDR_ID","FK_SRTLOCNCNFGDTL_HDR2"
"SORT_LOCN_CONFIG_DTL","LOCN_ID","SORT_LOCN_CONFIG_HDR","LOCN_ID","FK_SRTLOCNCNFGDTL_HDR"
"SO_ITEM_MASTER_UNUSED","WHSE_CODE","WHPREFS","WHSE_CODE","FK_ITEM_MASTER_TO_WHPREFS"
"SO_ORDER_CHG_VALUE","ORDER_CCLFIELD","SO_ORDER_CCLFIELD","ORDER_CCLFIELD","SO_ORDCV_ORDCCL_FK"
"SO_ORDER_CHG_VALUE","EVENT_ID","OM_SCHED_EVENT","EVENT_ID","SO_ORDCV_EVNTID_FK"
"SQL_SCRIPT","IMPORT_FORMAT_PREFS_ID","IMPORT_FORMAT_PREFS","IMPORT_FORMAT_PREFS_ID","FK_SQL_SCRIPT_IMPRT_FRMT_PRFS"
"SQS_LISTENER","LISTENER_ID","LISTENER","LISTENER_ID","SQS_LISTENER1_FK1"
"SRL_NBR_TRACK","WM_INVENTORY_ID","WM_INVENTORY","WM_INVENTORY_ID","FK_SRLNBRTRK_WMINVN"
"SRL_NBR_TRACK","ASN","ASN_DETAIL","ASN_ID","FK_SRLNBRTRK_ASNDETAIL"
"SRL_NBR_TRACK","ASN","ASN","ASN_ID","FK_SRLNBRTRK_ASN"
"SRL_NBR_TRACK","LPN_ID","LPN_DETAIL","LPN_ID","FK_SRLNBRTRK_LPNDETAIL"
"SRL_NBR_TRACK","LPN_ID","LPN","LPN_ID","FK_SRLNBRTRK_LPN"
"SRL_NBR_TRACK","DISTRIBUTION_ORDER","ORDER_LINE_ITEM","ORDER_ID","FK_SRLNBRTRK_ORDLINEITEM"
"SRL_NBR_TRACK","DISTRIBUTION_ORDER","ORDERS","ORDER_ID","FK_SRLNBRTRK_ORDERS"
"SRL_NBR_TRACK","DISTRIBUTION_ORDER_LINE_ID","ORDER_LINE_ITEM","LINE_ITEM_ID","FK_SRLNBRTRK_ORDLINEITEM"
"SRL_NBR_TRACK","ASN_DETAIL_ID","ASN_DETAIL","ASN_DETAIL_ID","FK_SRLNBRTRK_ASNDETAIL"
"SRL_NBR_TRACK","LPN_DETAIL_ID","LPN_DETAIL","LPN_DETAIL_ID","FK_SRLNBRTRK_LPNDETAIL"
"SRL_PIX_TRAN","PIX_TRAN_ID","PIX_TRAN","PIX_TRAN_ID","FK_SRLPIXTRAN_PIXTRAN2"
"SRL_PIX_TRAN","TRAN_TYPE","PIX_TRAN","TRAN_TYPE","FK_SRLPIXTRAN_PIXTRAN"
"SRL_PIX_TRAN","TRAN_CODE","PIX_TRAN","TRAN_CODE","FK_SRLPIXTRAN_PIXTRAN"
"SRL_PIX_TRAN","TRAN_NBR","PIX_TRAN","TRAN_NBR","FK_SRLPIXTRAN_PIXTRAN"
"SRL_PIX_TRAN","PIX_SEQ_NBR","PIX_TRAN","PIX_SEQ_NBR","FK_SRLPIXTRAN_PIXTRAN"
"SR_ALERT_DTL","SR_HEADER_ID","SR_HEADER","SR_HEADER_ID","SR_AL_DTL_FK"
"SR_ALERT_DTL","SYSTEM_ALERT_DEF_ID","AP_ALERT_DEF","ALERT_DEF_ID","SR_AD_AP_ALRT_FK"
"SR_FIELD_DETAIL","SR_HEADER_ID","SR_HEADER","SR_HEADER_ID","SR_FL_DTL_FK"
"SR_LAYOUT_DTL","DATA_TYPE","DATA_TYPE","DATA_TYPE","SR_LAYOUT_DTL_FK1"
"SR_LAYOUT_DTL","SR_LAYOUT_HEADER_ID","SR_LAYOUT_HEADER","SR_LAYOUT_HEADER_ID","SR_LAYOUT_DTL_FK2"
"SR_LAYOUT_DTL_FN","SR_FUNCTION_ID","SR_FUNCTION","SR_FUNCTION_ID","SR_LAYOUT_FN_FK1"
"SR_LAYOUT_DTL_FN","SR_LAYOUT_DTL_ID","SR_LAYOUT_DTL","SR_LAYOUT_DTL_ID","SR_LAYOUT_FN_FK2"
"SR_LAYOUT_HEADER","SR_OBJECT_TYPE_ID","SR_OBJECT_TYPE","SR_OBJECT_TYPE_ID","SR_LAYOUT_HDR_FK"
"SR_OPTION_DETAIL","SR_HEADER_ID","SR_HEADER","SR_HEADER_ID","SR_OPT_DTL_FK"
"SR_SHIPMENT_TIER_DTL","SR_HEADER_ID","SR_HEADER","SR_HEADER_ID","SR_SHP_TR_DTL_FK"
"STATS_SNAPSHOT_EVENT","SNAPSHOT_ID","STATS_SNAPSHOT","SNAPSHOT_ID","SNAPSHOT_EVENT_FK"
"STATS_SNAPSHOT_EVENT_DATA","SNAPSHOT_ID","STATS_SNAPSHOT","SNAPSHOT_ID","SNAPSHOT_ID_EVENT_DATA_FK"
"STCC_CODE","STCC_CHAPTER","STCC_CHAPTER","STCC_CHAPTER","STCC_CODE_CHAPTER_FK"
"STOP","SHIPMENT_ID","SHIPMENT","SHIPMENT_ID","STOP_SHP_ID_FK"
"STOP_ACTION_SHIPMENT","SHIPMENT_ID","SHIPMENT","SHIPMENT_ID","STOPACTSHP_SHIP_FK"
"STOP_ACTION_TEMPLATE","ACTION_TYPE","ACTION_TYPE","ACTION_TYPE","STOP_ACT_FK2"
"STOP_ADDITIONAL_SIZE","SHIPMENT_ID","SHIPMENT","SHIPMENT_ID","STOP_ADDTN_SIZE_SHIP_FK1"
"STOP_ADDITIONAL_SIZE_TEMPLATE","SHIPMENT_ID","SHIPMENT_TEMPLATE","SHIPMENT_ID","STP_TEMP_ADDTN_SIZE_SHIP_FK1"
"STOP_COMMODITY","SHIPMENT_ID","STOP","SHIPMENT_ID","STOPCOMMOD_PK"
"STOP_COMMODITY","STOP_SEQ","STOP","STOP_SEQ","STOPCOMMOD_PK"
"STOP_COMMODITY_TEMPLATE","SHIPMENT_ID","STOP_TEMPLATE","SHIPMENT_ID","STOP_COMMTPL_FK1"
"STOP_COMMODITY_TEMPLATE","STOP_SEQ","STOP_TEMPLATE","STOP_SEQ","STOP_COMMTPL_FK1"
"STOP_SIZE","SHIPMENT_ID","SHIPMENT","SHIPMENT_ID","STOP_SIZE_SHP_ID_FK1"
"STOP_SIZE_TEMPLATE","SHIPMENT_ID","SHIPMENT_TEMPLATE","SHIPMENT_ID","STOP_TEMPLATE_SIZE_SHP_ID_FK1"
"STOP_TEMPLATE","WAVE_OPTION_ID","WAVE_OPTION","WAVE_OPTION_ID","STOP_TMPL_FK1"
"STORE_PACK_LOCN_DTL","LOCN_ID","STORE_PACK_LOCN_HDR","LOCN_ID","FK_STOREPACKLOCNDTL_HDR"
"STORE_PACK_LOCN_DTL","STORE_PACK_LOCN_HDR_ID","STORE_PACK_LOCN_HDR","STORE_PACK_LOCN_HDR_ID","FK_STOREPACKLOCNDTL_HDR2"
"STORE_SKU_QLTY_MAP","QUALITY_LEVEL_ID","QUALITY_LEVEL","QUALITY_LEVEL_ID","STSKUQLTYMAP_QL_FK"
"SYSTEM_CODE_DTL","WHSE_CODE","WHPREFS","WHSE_CODE","FK_SYSTEM_CODE_DTL_TO_WHPREFS"
"TASK_DTL","CD_MASTER_ID","CD_MASTER","CD_MASTER_ID","FK_TASKDTL_CDMASTER"
"TASK_DTL","TASK_HDR_ID","TASK_HDR","TASK_HDR_ID","FK_TASKDTL_TASKHDR2"
"TASK_DTL","TASK_ID","TASK_HDR","TASK_ID","FK_TASKDTL_TASKHDR"
"TASK_HDR","TASK_PARM_ID","TASK_RULE_PARM","TASK_PARM_ID","FK_TASKHDR_TASKRULEPARM"
"TASK_HDR","ORIG_TASK_ID","TASK_HDR","TASK_ID","FK_TASKHDR_TASKHDR"
"TASK_HDR","RULE_ID","TASK_RULE_PARM","RULE_ID","FK_TASKHDR_TASKRULEPARM"
"TASK_PRT_SORT_DTL","RULE_ID","RULE_HDR","RULE_ID","FK_TASKPRTSORTDTL_RULEHDR"
"TASK_PRT_SORT_DTL","RULE_HDR_ID","RULE_HDR","RULE_HDR_ID","FK_TASKPRTSORTDTL_RULEHDR2"
"TASK_RULE_PARM","RULE_HDR_ID","RULE_HDR","RULE_HDR_ID","FK_TASKRULEPARM_RULEHDR2"
"TASK_RULE_PARM","RULE_ID","RULE_HDR","RULE_ID","FK_TASKRULEPARM_RULEHDR"
"TASK_RULE_PARM","CART_PLAN_ID","CART_PLAN","CART_PLAN_ID","FK_TASKRULEPARM_CARTPLAN"
"TASK_RULE_PARM","TASK_PARM_ID","TASK_PARM","TASK_PARM_ID","FK_TASKRULEPARM_TASKPARM"
"TERMDICTIONARY","ENTERPRISEID","ENTERPRISE","ENTERPRISEID","FK_TERMDICTIONARY_ENTERPRISE"
"TEXTREPOSITORY","ENTERPRISEID","ENTERPRISE","ENTERPRISEID","FK_TEXTREPOSITORY_ENTERPRISE"
"TEXTREPOSITORYGROUPXREF","GROUPNAMESPACE","TEXTREPOSITORYGROUPS","GROUPNAMESPACE","FK_TXTREPOSITRYGRPXREF_GRPS"
"TEXTREPOSITORYGROUPXREF","GROUPID","TEXTREPOSITORYGROUPS","GROUPID","FK_TXTREPOSITRYGRPXREF_GRPS"
"TF_PENALTY_GROUP_FACILITY","TF_PENALTY_ID","TF_PENALTY","TF_PENALTY_ID","TF_PENALTY_GRP_FAC_FK1"
"THEME_DATA","THEME_TYPE_ID","THEME_TYPE","THEME_TYPE_ID","THEME_DATA_THEME_TYPE_FK1"
"THEME_DATA","PARENT_THEME_DATA_ID","THEME_DATA","THEME_DATA_ID","PARENT_THEME_DATA_FK"
"THEME_DATA","THEME_REPOSITORY_TYPE_ID","THEME_REPOSITORY_TYPE","THEME_REPOSITORY_TYPE_ID","THEME_DATA_REPOSITORY_FK1"
"THEME_MANAGER","THEME_CUSTOM_USER_TYPE_ID","THEME_CUSTOM_USER_TYPE","THEME_CUSTOM_USER_TYPE_ID","THEME_MANAGER_CU_TYPE_FK"
"THEME_MANAGER","THEME_DATA_ID","THEME_DATA","THEME_DATA_ID","THEME_MANAGER_THEME_DATA_FK1"
"THEME_RESOURCE","THEME_RESOURCE_TYPE_ID","THEME_RESOURCE_TYPE","THEME_RESOURCE_TYPE_ID","THEME_RESOURCE_TYPE_FK"
"THEME_SECTION","THEME_DATA_ID","THEME_DATA","THEME_DATA_ID","THEME_SECTION_THEME_DATA_FK1"
"THEME_SECTION","PARENT_THEME_SECTION_ID","THEME_SECTION","THEME_SECTION_ID","PARENT_THEME_SECTION_FK"
"TRACKING_MESSAGE","HANDLER","HANDLER","HANDLER","TRACKING_MESSAGE_FK1"
"TRACKING_MESSAGE","VENDOR_ID","TRACKING_VENDORS","VENDOR_ID","TRACKING_VENDOR_FK1"
"TRACKING_MESSAGE","MESSAGE_TYPE","MESSAGE_TYPE","MESSAGE_TYPE","TRKMSG_MSGTYPE_FK"
"TRAILER_CONTENTS","SHIPMENT_ID","SHIPMENT","SHIPMENT_ID","FK_TRLR_CNTNTS_SHIPMENT_ID"
"TRAILER_CONTENTS","VISIT_DETAIL_ID","TRAILER_VISIT_DETAIL","VISIT_DETAIL_ID","FK_TRLR_CNTNTS_VISIT_DTL_ID"
"TRAILER_CONTENTS","PO_ID","PURCHASE_ORDERS","PURCHASE_ORDERS_ID","FK_TRLR_CNTNTS_PO_ID"
"TRAILER_CONTENTS","ASN_ID","ASN","ASN_ID","FK_TRLR_CNTNTS_ASN_ID"
"TRAILER_REF","ACTIVE_VISIT_ID","TRAILER_VISIT","VISIT_ID","FK_TRLR_REF_ACTIVE_VISIT_ID"
"TRAILER_REF","ACTIVE_VISIT_DETAIL_ID","TRAILER_VISIT_DETAIL","VISIT_DETAIL_ID","FK_TRLR_RF_ACT_VST_DTL_ID"
"TRAILER_VISIT_DETAIL","VISIT_ID","TRAILER_VISIT","VISIT_ID","FK_TLR_VST_DTL_VISIT_ID"
"TRAILER_VISIT_DETAIL","APPOINTMENT_ID","ILM_APPOINTMENTS","APPOINTMENT_ID","FK_TLR_VST_DTL_APPOINTMENT_ID"
"TRANS_ITEM","WHSE_CODE","WHPREFS","WHSE_CODE","FK_TRANS_ITEM_TO_WHPREFS"
"TRAN_MASTER_PARM","CD_MASTER_ID","CD_MASTER","CD_MASTER_ID","FK_TRANMTRPARM_CDMASTER"
"TRAN_MASTER_PARM","TRAN_ID","TRAN_MASTER","TRAN_ID","FK_TRANMTRPARM_TRANMASTER"
"TRAN_MASTER_PARM","WHSE_MASTER_ID","WHSE_MASTER","WHSE_MASTER_ID","FK_TRANMTRPARM_WHSEMASTER"
"TRAN_ROLE","ROLE_MASTER_ID","ROLE_MASTER","ROLE_MASTER_ID","FK_TRANROLE_ROLEMASTER2"
"TRAN_ROLE","TRAN_ID","TRAN_MASTER","TRAN_ID","FK_TRANROLE_TRANMASTER2"
"TRAN_ROLE","ROLE_ID","ROLE_MASTER","ROLE_ID","FK_TRANROLE_ROLEMASTER"
"TRAN_ROLE","TRAN_MASTER_ID","TRAN_MASTER","TRAN_MASTER_ID","FK_TRANROLE_TRANMASTER"
"TRAVEL_AISLE_CONFIG","WHSE_MASTER_ID","WHSE_MASTER","WHSE_MASTER_ID","FK_TRVLAISLECNFG_WHSEMASTER"
"TREE_DTL","TREE_ID","SLOT_LIST_TREE","TREE_ID","FK_TREE_DTL_TO_SLOT_LIST_TREE"
"TREE_DTL","PARENT_NODE_ID","TREE_DTL","NODE_ID","FK_TREE_DTL_TO_TREE_DTL"
"TREE_DTL","SNS_ID","WHSE_LOCN_MASK","WHSE_LOCN_MASK_ID","FK_TREE_DTL_TO_WHSE_LOCN_MASK"
"TREE_DTL","PICKLINE_GRP_ID","PICKLINE_GROUP","PICKLINE_GRP_ID","FK_TREE_DTL_TO_PICKLINE_GROUP"
"UI_CU_PARM_DEF","PARAM_SUBGROUP_ID","UI_CU_PARM_SUBGRP","PARAM_SUBGROUP_ID","FK_PD_SUBGRPID"
"UI_CU_PARM_DEF","DATA_TYPE_ID","UI_CU_DATA_TYPE","DATA_TYPE_ID","FK_PD_DATATYPEID"
"UI_CU_PARM_DEF","UI_BEHAVIOR_TYPE_ID","UI_CU_UIBEHARTYPE","UI_BEHAVIOR_TYPE_ID","FK_PD_BEAVTYPEID"
"UI_CU_PARM_GROUP","PRODUCT_ID","UI_CU_PRODUCT","PRODUCT_ID","FK_PARM_GRP_PRODID"
"UI_CU_PARM_SUBGRP","PARAM_GROUP_ID","UI_CU_PARM_GROUP","PARAM_GROUP_ID","FK_PARMSGRP_PARMGP"
"UI_CU_USER_PARAM","PARAM_DEF_ID","UI_CU_PARM_DEF","PARAM_DEF_ID","FK_USER_PARAM_DEFID"
"UI_CU_USER_PARVAL","USER_PARAM_ID","UI_CU_USER_PARAM","USER_PARAM_ID","FK_USER_PARVAL_PARMID"
"UI_MENU_ITEM","UI_MENU_SCREEN_ID","UI_MENU_SCREEN","UI_MENU_SCREEN_ID","UI_MENU_SCREEN_ID201"
"UI_MENU_ITEM","MENU_ID","UI_MENU","MENU_ID","MENU_ID112"
"UI_MENU_ITEM_PERMISSION","UI_MENU_ITEM_ID","UI_MENU_ITEM","UI_MENU_ITEM_ID","UI_MENU_ITEM_ID212"
"UI_MENU_SCREEN","MENU_ID","UI_MENU","MENU_ID","MENU_SCREEN_ID5"
"UI_VIEWCOMPANYCTRL","UI_VIEWCUSTOMCONTROL_ID","UI_VIEWCUSTCONTROLMD","UI_VIEWCUSTOMCONTROL_ID","FK_CONTROL_ID"
"UI_VIEWCUSTCONTROLMD","PRODUCT_TYPE_ID","ILS_PRODUCT_TYPE","PRODUCT_TYPE_ID","UI_VIEWCUSTCONTROLMD_PROD_FK"
"UI_VIEWCUSTCONTROLMD","CONTROL_TYPE_ID","UI_CONTROL_TYPE","CONTROL_TYPE_ID","FK_BEHAVIOR_TYPE"
"UI_VIEWFIELDMETADATA","OBJECT_TYPE_ID","ILS_OBJECT_TYPE","OBJECT_TYPE_ID","ILS_OBJECT_TYPE_FK"
"UI_VIEWMENUMETADATA","OBJECT_TYPE_ID","ILS_OBJECT_TYPE","OBJECT_TYPE_ID","UI_VIEWMENUMETADATA_OBJ_FK"
"UI_VIEWMENUMETADATA","PRODUCT_TYPE_ID","ILS_PRODUCT_TYPE","PRODUCT_TYPE_ID","UI_VIEWMENUMETADATA_PROD_FK"
"UI_VIEWPANELMETADATA","PRODUCT_TYPE_ID","ILS_PRODUCT_TYPE","PRODUCT_TYPE_ID","UI_VIEWPANELMETADATA_PROD_FK"
"UI_VIEWPANELMETADATA","OBJECT_TYPE_ID","ILS_OBJECT_TYPE","OBJECT_TYPE_ID","UI_VIEWPANELMETADATA_OBJ_FK"
"UNIQUE_IDS","WHSE_CODE","WHPREFS","WHSE_CODE","FK_UNIQUE_IDS_TO_WHPREFS"
"USER_ACCESS","LOGIN_USER_ID","USER_PROFILE","LOGIN_USER_ID","FK_USERACCESS_USERPROFILE"
"USER_NAVIGATION","NAVIGATION_ID","NAVIGATION","NAVIGATION_ID","USER_NAVIGATION_FK1"
"USER_NAVIGATION","PARENT_ID","USER_NAVIGATION","USER_NAVIGATION_ID","USERNAV_PARENT_FK"
"USER_PROFILE","SECURITY_CONTEXT_ID","USER_SECURITY_CONTEXT","SECURITY_CONTEXT_ID","FK_UM_TO_USER_SEC1"
"USER_PROFILE_XREF","WHSE_CODE","WHPREFS","WHSE_CODE","FK_USER_PROFILE_XREF_WHSE_CODE"
"USER_PROFILE_XREF","PROFILE_ID","PROFILE_MASTER","PROFILE_ID","FK_USR_PRFLE_XREF_PRFLE_ID"
"USER_PROFILE_XREF","USER_ID","SO_USER_MASTER","USER_ID","FK_USR_PRFLE_XREF_TO_USR_MSTR"
"USER_RANGE_XREF","USER_ID","SO_USER_MASTER","USER_ID","FK_USER_RANGE_XREF_USER_ID"
"USER_TASK_GRP","USER_PROFILE_ID","USER_PROFILE","USER_PROFILE_ID","FK_TO_USER_PR1"
"VAL_EXPECTED_RESULTS","VAL_JOB_DTL_ID","VAL_JOB_DTL","VAL_JOB_DTL_ID","FK_VR_TO_VJD"
"VAL_JOB_DTL","SQL_ID","VAL_SQL","SQL_ID","FK_VJD_TO_VS"
"VAL_JOB_DTL","VAL_JOB_HDR_ID","VAL_JOB_HDR","VAL_JOB_HDR_ID","FK_VJD_TO_VJH"
"VAL_JOB_SEQ","JOB_NAME","VAL_JOB_HDR","JOB_NAME","FK_VJS_TO_VJH"
"VAL_JOB_TAGS","VAL_JOB_HDR_ID","VAL_JOB_HDR","VAL_JOB_HDR_ID","FK_VJT_TO_VJH"
"VAL_PARSED_SELECT_LIST","SQL_ID","VAL_SQL","SQL_ID","FK_VPSL_TO_VS"
"VAL_RESULT_HIST","VAL_JOB_DTL_ID","VAL_JOB_DTL","VAL_JOB_DTL_ID","FK_VRH_TO_VJD"
"VAL_RUNTIME_BINDS","VAL_JOB_DTL_ID","VAL_JOB_DTL","VAL_JOB_DTL_ID","FK_VRB_TO_VJD"
"VAL_SQL_BINDS","VAL_JOB_DTL_ID","VAL_JOB_DTL","VAL_JOB_DTL_ID","FK_VSB_TO_VJD"
"VAL_SQL_TAGS","SQL_ID","VAL_SQL","SQL_ID","FK_VST_TO_VS"
"VAL_SQL_TAGS","TYPE","VAL_TAG_TYPE_XREF","TYPE","FK_VST_TO_VTTX"
"VAL_SQL_TAGS","TAG","VAL_TAG_TYPE_XREF","TAG","FK_VST_TO_VTTX"
"VAL_TAG_TYPE_XREF","TYPE","VAL_TAG_TYPE","TYPE","FK_VTTX_TO_VTT"
"VAL_TAG_TYPE_XREF","TAG","VAL_TAG","TAG","FK_VTTX_TO_VT"
"VAS_PKT","ORDER_ID","ORDER_LINE_ITEM","ORDER_ID","FK_VAS_PKT_ORDER_LINE_ITEM_ID"
"VAS_PKT","PKT_DTL_ID","PKT_DTL","PKT_DTL_ID","FK_VASPKT_PKTDTL2"
"VAS_PKT","PKT_CTRL_NBR","PKT_DTL","PKT_CTRL_NBR","FK_VASPKT_PKTDTL"
"VAS_PKT","PKT_SEQ_NBR","PKT_DTL","PKT_SEQ_NBR","FK_VASPKT_PKTDTL"
"VAS_PKT","LINE_ITEM_ID","ORDER_LINE_ITEM","LINE_ITEM_ID","FK_VAS_PKT_ORDER_LINE_ITEM_ID"
"VCP_COMPANY_PARAMETER","PARAM_DEF_ID","PARAM_DEF","PARAM_DEF_ID","VCPCPAR_PARAM_FK3"
"VCP_COMPANY_PARAMETER","PARAM_GROUP_ID","PARAM_GROUP","PARAM_GROUP_ID","VCPCPAR_PGRP_FK4"
"VCP_COMPANY_PARAMETER","PARAM_GROUP_ID","PARAM_DEF","PARAM_GROUP_ID","VCPCPAR_PARAM_FK3"
"VENDOR_MASTER","CD_MASTER_ID","CD_MASTER","CD_MASTER_ID","VENDOR_MASTER_FK1"
"VEND_PERF_TRAN","CD_MASTER_ID","CD_MASTER","CD_MASTER_ID","FK_VENDPTRAN_CDMASTER"
"VEND_PERF_TRAN","PERF_CODE","VEND_PERF_CODE","PERF_CODE","FK_VENDPTRAN_VENDPCODE"
"VEND_PERF_TRAN","VENDOR_MASTER_ID","VENDOR_MASTER","VENDOR_MASTER_ID","FK_VENDPTRAN_VENDMASTER"
"VEND_QUAL_AUDIT_LVL","CD_MASTER_ID","CD_MASTER","CD_MASTER_ID","FK_VENDQUALAUDLVL_CDMASTER"
"VOCOLLECT_USER_LOGIN","LOGIN_USER_ID","USER_PROFILE","LOGIN_USER_ID","FK_VOCOLLECTUSRLOGIN_USERPROF"
"WAVE_OPTION_LIST","WAVE_ID","WAVE","WAVE_ID","WAVE_OPTION_LIST_FK2"
"WAVE_OPTION_LIST","WAVE_OPTION_ID","WAVE_OPTION","WAVE_OPTION_ID","WAVE_OPTION_LIST_FK3"
"WAVE_OPTION_LIST","TC_COMPANY_ID","WAVE","TC_COMPANY_ID","WAVE_OPTION_LIST_FK2"
"WAVE_OPTION_LIST_USED","WAVE_OPTION_LIST_ID","WAVE_OPTION_LIST","WAVE_OPTION_LIST_ID","WV_OPT_LST_USD_FK"
"WAVE_PARM","WHSE","PKT_CONSOL_PROF_HDR","WHSE","FK_WAVEPARM_PCONSPROFHDR"
"WAVE_PARM","PKT_CONSOL_PROF","PKT_CONSOL_PROF_HDR","PKT_CONSOL_PROF","FK_WAVEPARM_PCONSPROFHDR"
"WAVE_QUEUE","LOGIN_USER_ID","USER_PROFILE","LOGIN_USER_ID","FK_WAVEQ_USERPROFILE"
"WAVE_QUEUE","SHIP_WAVE_PARM_ID","SHIP_WAVE_PARM","SHIP_WAVE_PARM_ID","FK_WAVEQ_SHIPWAVEPARM"
"WAVE_QUEUE_LOAD","WAVE_QUEUE_ID","WAVE_QUEUE","WAVE_QUEUE_ID","FK_WAVEQLOAD_WAVEQ2"
"WAVE_QUEUE_PKT","WAVE_QUEUE_ID","WAVE_QUEUE","WAVE_QUEUE_ID","FK_WAVEQPKT_WAVEQ2"
"WAVE_QUEUE_WORK_ORD","WAVE_QUEUE_ID","WAVE_QUEUE","WAVE_QUEUE_ID","FK_WAVEQWRKORD_WAVEQ2"
"WAVE_QUEUE_WORK_ORD","WORK_ORD_NBR","WORK_ORD_HDR","WORK_ORD_NBR","FK_WAVEQWRKORD_WRKORDHDR"
"WAVE_RULE_PARM","RULE_ID","RULE_HDR","RULE_ID","FK_WAVERULEPARM_RULEHDR"
"WAVE_RULE_PARM","WAVE_PARM_ID","SHIP_WAVE_PARM","SHIP_WAVE_PARM_ID","FK_WAVERPARM_SHIPWAVEPARM"
"WAVE_RULE_PARM","SHIP_WAVE_PARM_ID","SHIP_WAVE_PARM","SHIP_WAVE_PARM_ID","FK_WAVERPARM_SHIPWAVEPARM2"
"WAVE_RULE_PARM","RULE_HDR_ID","RULE_HDR","RULE_HDR_ID","FK_WAVERULEPARM_RULEHDR2"
"WAVE_WORK_TYPE_STATS","WAVE_PARM_ID","SHIP_WAVE_PARM","SHIP_WAVE_PARM_ID","FK_WAVEWTYPESTATS_SHIPWAVEPARM"
"WA_DETAIL","SKU_ID","ITEM_FACILITY_MAPPING_WMS","ITEM_FACILITY_MAPPING_ID","FK_WA_DETAIL_ITEM_CBO"
"WA_DETAIL","SLOT_ID","PICK_LOCN_HDR_SLOTTING","PICK_LOCN_HDR_ID","FK_WA_DETAIL_LHS"
"WA_DETAIL","WA_NUMBER","WA_HEADER","WA_NUMBER","FK_WA_DETAIL_WA_HEADER"
"WA_HEADER","PICK_ZONE_ID","PICK_ZONE","PICK_ZONE_ID","FK_WA_HEADER_PICK_ZONE"
"WA_HEADER","WHSE_CODE","WHPREFS","WHSE_CODE","FK_WA_HEADER_WHPREFS"
"WHPREFS","MISC3_ID","CATEGORY","CAT_ID","FK_WHPREFS_TO_CATEGORY3"
"WHPREFS","MISC2_ID","CATEGORY","CAT_ID","FK_WHPREFS_TO_CATEGORY2"
"WHPREFS","VEN_ID","CATEGORY","CAT_ID","FK_WHPREFS_TO_CATEGORY11"
"WHPREFS","HAZ_ID","CATEGORY","CAT_ID","FK_WHPREFS_TO_CATEGORY10"
"WHPREFS","MISC1_ID","CATEGORY","CAT_ID","FK_WHPREFS_TO_CATEGORY1"
"WHPREFS","MISC4_ID","CATEGORY","CAT_ID","FK_WHPREFS_TO_CATEGORY4"
"WHPREFS","MISC5_ID","CATEGORY","CAT_ID","FK_WHPREFS_TO_CATEGORY5"
"WHPREFS","MISC6_ID","CATEGORY","CAT_ID","FK_WHPREFS_TO_CATEGORY6"
"WHPREFS","FG_ID","CATEGORY","CAT_ID","FK_WHPREFS_TO_CATEGORY7"
"WHPREFS","CC_ID","CATEGORY","CAT_ID","FK_WHPREFS_TO_CATEGORY8"
"WHPREFS","CRUSH_ID","CATEGORY","CAT_ID","FK_WHPREFS_TO_CATEGORY9"
"WHPREFS","DEFAULT_BIN","BINS","BIN_ID","FK_WHPREFS_TO_BINS"
"WHPREFS","DEFAULT_PALLET","PALLETS","PALLET_ID","FK_WHPREFS_TO_PALLETS"
"WHSE_IMPORT_PREFS","WHSE_CODE","WHPREFS","WHSE_CODE","FK_WHPRFS_TO_WHSE_IMPRT_PRFS"
"WHSE_MASTER_DTL","WHSE_MASTER_ID","WHSE_MASTER","WHSE_MASTER_ID","WHSE_MASTER_DTL_FK"
"WHSE_PARAMETERS","WHSE_MASTER_ID","WHSE_MASTER","WHSE_MASTER_ID","WHSE_MASTER_FK7"
"WHSE_PROCESS_STAGE","ITEM_ID","ITEM_FACILITY_SLOTTING","ITEM_FACILITY_MAPPING_ID","FK_ITEM_ID_TO_IFS"
"WHSE_PROCESS_STAGE","WHSE_CODE","WHPREFS","WHSE_CODE","FK_WHSE_TO_WHPREFS"
"WHSE_PROCESS_STAGE","SLOT_ID","PICK_LOCN_HDR_SLOTTING","PICK_LOCN_HDR_ID","FK_SLOT_ID_TO_PLHS"
"WHSE_PROCESS_STAGE","SLOT_FILTER_ID","QUERY","QUERY_ID","FK_SLOT_FILTER_ID_TO_QUERY"
"WHSE_PROCESS_STAGE_PARM","WHSE_PROCESS_STAGE_ID","WHSE_PROCESS_STAGE","ID","FK_WPSP_TO_WPS"
"WM_INVENTORY","LPN_ID","LPN","LPN_ID","FK_WMINVN_LPN"
"WM_INVENTORY","ITEM_ID","ITEM_CBO","ITEM_ID","FK_WMINVN_ITEMCBO"
"WM_INVENTORY","LPN_ID","LPN_DETAIL","LPN_ID","FK_WMINVN_LPNDTL"
"WM_INVENTORY","LPN_DETAIL_ID","LPN_DETAIL","LPN_DETAIL_ID","FK_WMINVN_LPNDTL"
"WM_MHE_MSG_FORMAT_DTL","WM_MHE_MSG_FORMAT_HDR_ID","WM_MHE_MSG_FORMAT_HDR","WM_MHE_MSG_FORMAT_HDR_ID","FK_WMMHEMSGFRMTDTL_HDR_ID"
"WM_MHE_MSG_FORMAT_HDR","PRINT_AND_APPLY_ID","PRINT_AND_APPLY","PRINT_AND_APPLY_ID","FK_WMMHEMSGFRMTHDR_PRINTAPPLY"
"WM_MHE_MSG_FORMAT_HDR","MHE_RULE_GROUP_ID","MHE_RULE_GROUP","MHE_RULE_GROUP_ID","FK_WMMHEMSGFRMTHDR_MHERULEGRP"
"WORKFLOW_COMPONENT","SCRIPT_NAME","WORKFLOW_SCRIPT","SCRIPT_NAME","WORKFLOW_COMPONENT_FK1"
"WORKFLOW_COMPONENT_PERM","SCRIPT_NAME","WORKFLOW_COMPONENT","SCRIPT_NAME","WORKFLOW_COMPONENT_PERM_FK1"
"WORKFLOW_COMPONENT_PERM","COMPONENT_NAME","WORKFLOW_COMPONENT","COMPONENT_NAME","WORKFLOW_COMPONENT_PERM_FK1"
"WORKFLOW_MSG_ASSOCIATION","SCRIPT_NAME","WORKFLOW_SCRIPT","SCRIPT_NAME","WORKFLOW_MSG_ASSOCIATION_FK1"
"WORKFLOW_VALUE_ASSOCIATION","SCRIPT_NAME","WORKFLOW_SCRIPT","SCRIPT_NAME","WORKFLOW_VALUE_ASSOCIATION_FK"
"WORK_ORD_CMNT","WORK_ORD_NBR","WORK_ORD_HDR","WORK_ORD_NBR","FK_WORKORDCMT_HDR"
"WORK_ORD_CMNT","WORK_ORD_HDR_ID","WORK_ORD_HDR","WORK_ORD_HDR_ID","FK_WORKORDCMT_HDR2"
"WORK_ORD_DTL","WORK_ORD_HDR_ID","WORK_ORD_HDR","WORK_ORD_HDR_ID","FK_WORKORDDTL_HDR2"
"WORK_ORD_DTL","WORK_ORD_NBR","WORK_ORD_HDR","WORK_ORD_NBR","FK_WORKORDDTL_HDR"
"WORK_ORD_HDR","CD_MASTER_ID","CD_MASTER","CD_MASTER_ID","FK_WORDHDR_CDMASTER"
"WORK_ORD_WORK_TYPE","WORK_ORD_HDR_ID","WORK_ORD_HDR","WORK_ORD_HDR_ID","FK_WORKORDWORKTYPE_HDR2"
"WORK_ORD_WORK_TYPE","WORK_ORD_NBR","WORK_ORD_HDR","WORK_ORD_NBR","FK_WORKORDWORKTYPE_HDR"
"WSDL_BINDINGS","OPERATION_ID","WSDL_PT_OPERATIONS","OPERATION_ID","WB_WPO_FK"
"WSDL_BINDINGS","BINDING_TYPE_ID","BINDING_TYPE","BINDING_TYPE_ID","WB_BT_FK"
"WSDL_MSG_PARTS","MSG_ID","WSDL_MESSAGES","MSG_ID","WMP_WM_FK"
"WSDL_PARTNERLINK_TYPE_ROLE","PARTNER_LINK_ID","WSDL_PARTNER_LINK_TYPE","PARTNER_LINK_ID","WPLTR_WPLT_FK"
"WSDL_PT_OPERATIONS","PORT_TYPE_ID","WSDL_PORT_TYPES","PORT_TYPE_ID","WPO_WPT_FK"
"WSDL_PT_OPERATIONS_ARGS","OPERATION_ID","WSDL_PT_OPERATIONS","OPERATION_ID","WPOA_WPO_FK"
"XBASE_MENU_ITEM","XMENU_ITEM_ID","XMENU_ITEM","XMENU_ITEM_ID","XBASE_MEN_ITE_FK2"
"XBASE_MENU_ITEM","XBASE_MENU_PART_ID","XBASE_MENU_PART","XBASE_MENU_PART_ID","XBASE_MEN_ITE_FK1"
"XBASE_MENU_PART","XBASE_MENU_SECTION_ID","XBASE_MENU_SECTION","XBASE_MENU_SECTION_ID","XBASE_MEN_PT_FK1"
"XBASE_MENU_PART_PERMISSION","PERMISSION_CODE","LOCK_CODE_PERMISSION","PERMISSION_CODE","XBAS_MENU_PART_PERM_FK2"
"XBASE_MENU_PART_PERMISSION","XBASE_MENU_PART_ID","XBASE_MENU_PART","XBASE_MENU_PART_ID","XBAS_MENU_PART_PERM_FK1"
"XBASE_MENU_SECTION_PERMISSION","PERMISSION_CODE","LOCK_CODE_PERMISSION","PERMISSION_CODE","XBAS_MENU_SECT_PERM_FK2"
"XBASE_MENU_SECTION_PERMISSION","XBASE_MENU_SECTION_ID","XBASE_MENU_SECTION","XBASE_MENU_SECTION_ID","XBAS_MENU_SECT_PERM_FK1"
"XFILTER_PREF","XFILTER_ID","XFILTER","XFILTER_ID","XFILTER_PREF_FK2"
"XLAYOUT_SECTION","XLAYOUT_COMPONENT_ID","XLAYOUT_COMPONENT","XLAYOUT_COMPONENT_ID","XLAYOUT_SECTION_XLAYCOMP_FK"
"XMENU_ITEM_APP","XMENU_ITEM_ID","XMENU_ITEM","XMENU_ITEM_ID","XMEN_ITM_APP_FK1"
"XMENU_ITEM_PARAMETER","XMENU_ITEM_ID","XMENU_ITEM","XMENU_ITEM_ID","XMEN_ITM_PARAM_FK1"
"XMENU_ITEM_PERMISSION","XMENU_ITEM_ID","XMENU_ITEM","XMENU_ITEM_ID","XMEN_ITM_PERM_FK2"
"XMENU_ITEM_PERMISSION","PERMISSION_CODE","LOCK_CODE_PERMISSION","PERMISSION_CODE","XMEN_ITM_PERM_FK1"
"XQUICK_MENU_ITEM","XQUICK_MENU_PART_ID","XQUICK_MENU_PART","XQUICK_MENU_PART_ID","XQUK_MEN_ITM_FK1"
"XQUICK_MENU_ITEM","XMENU_ITEM_ID","XMENU_ITEM","XMENU_ITEM_ID","XQUK_MEN_ITM_FK2"
"XQUICK_MENU_PART","XQUICK_MENU_SECTION_ID","XQUICK_MENU_SECTION","XQUICK_MENU_SECTION_ID","XQUK_MEN_PT_FK1"
"XQUICK_MENU_SECTION","XQUICK_MENU_ID","XQUICK_MENU","XQUICK_MENU_ID","XQUK_MEN_SEC_FK1"
"XTHEME_RESOURCE","THEME_DATA_ID","THEME_DATA","THEME_DATA_ID","THEME_DATA_ID_FK"
"XTILE","XWORKSPACE_ID","XWORKSPACE","XWORKSPACE_ID","XTILE_FK1"
"YARD_AUDIT_DETAIL","YARD_AUDIT_ID","YARD_AUDIT_TASK","YARD_AUDIT_ID","YARD_AUDIT_DETAIL_FK"
"YARD_AUDIT_TASK","TASK_ID","ILM_TASKS","TASK_ID","YARD_AUDIT_TASK_FK"
"YARD_RECURRING_TASK","TASK_ID","ILM_TASKS","TASK_ID","FK_YARD_RECR_TASK_ID"
"YARD_TASK_GRP_ELGBLTY","WORK_AREA_MASTER_ID","WORK_AREA_MASTER","WORK_AREA_MASTER_ID","WORK_AREA_MASTER_ID_FK"
"YARD_TASK_PATH_DEFN","SOURCE_WORK_AREA_MASTER_ID","WORK_AREA_MASTER","WORK_AREA_MASTER_ID","FK_YARD_TASK_PATH_DEFN_1"
"YARD_TASK_PATH_DEFN","DEST_WORK_AREA_MASTER_ID","WORK_AREA_MASTER","WORK_AREA_MASTER_ID","FK_YARD_TASK_PATH_DEFN_2"
