???"TABLE_NAME","INDEX_NAME","UNIQUENESS","COLUMN_NAME","COLUMN_POSITION"
"ABW_ANALYSIS_RESULTS","PK_ABW_ANALYSIS_RESULTS","UNIQUE","ABW_ANALYSIS_RESULTS_ID","1"
"ABW_CREATE_AISLE","PK_ABW_CREATE_AISLE","UNIQUE","ABW_CREATE_AISLE_DTL_ID","1"
"ABW_CREATE_AISLE_HDR","PK_ABW_CREATE_AISLE_HDR","UNIQUE","ABW_CREATE_AISLE_ID","1"
"ACCEPTANCE_STATUS","ACCEP_STATUS_PK","UNIQUE","ACCEPTANCE_STATUS","1"
"ACCESSORIAL","ACCESSORIAL_PK","UNIQUE","ACCESSORIAL_ID","1"
"ACCESSORIAL","T_ACCESSORIAL_FK_IDX_1","NONUNIQUE","ACCESSORIAL_TYPE","1"
"ACCESSORIAL_PARAM_SET_ERRORS","ACC_PRM_SET_ERR_PK","UNIQUE","ACCESSORIAL_PARAM_SET_ERROR","1"
"ACTION_TYPE","ACTION_TYPE_PK","UNIQUE","ACTION_TYPE","1"
"ACTIVITY_TYPE","ACTIVITY_TYPE_PK","UNIQUE","ACTIVITY_TYPE_ID","1"
"ADJUSTMENT_REASON_CONFIG","ADJUSTMENT_REASON_CONFIG_PK","UNIQUE","ADJUSTMENT_REASON_CONFIG_ID","1"
"ADJUSTMENT_REASON_CONFIG","ADJ_RSN_CONFIG_UNIQUE_UX_1","UNIQUE","FACILITY_ID","1"
"ADJUSTMENT_REASON_CONFIG","ADJ_RSN_CONFIG_UNIQUE_UX_1","UNIQUE","REASON_CODE","2"
"ADJUSTMENT_REASON_CONFIG","ADJ_RSN_CONFIG_UNIQUE_UX_1","UNIQUE","PERMISSION_CODE","3"
"ADJUSTMENT_REASON_CONFIG","ADJ_RSN_CONFIG_UNIQUE_UX_1","UNIQUE","TRANSACTION_ID","4"
"ADJUSTMENT_REASON_CONFIG","ADJ_RSN_CONFIG_UNIQUE_UX_1","UNIQUE","TC_COMPANY_ID","5"
"AI_MASTER","PK_AI_MASTER","UNIQUE","AI_MASTER_ID","1"
"AI_MASTER","UK_AI_MASTER","UNIQUE","AI","1"
"AI_TRAN_CONFIG","AITRANCONFIG_AI_IDX","NONUNIQUE","AI","1"
"AI_TRAN_CONFIG","PK_AI_TRAN_CONFIG","UNIQUE","AI_TRAN_CONFIG_ID","1"
"AI_TRAN_CONFIG","UK_AI_TRAN_CONFIG","UNIQUE","TRAN_GRP","1"
"AI_TRAN_CONFIG","UK_AI_TRAN_CONFIG","UNIQUE","AI","2"
"ALLOC_INVN_DTL","AID_ALLOCATION_KEY_IDX","NONUNIQUE","ALLOCATION_KEY","1"
"ALLOC_INVN_DTL","AID_TCORDIDSTAT_IDX","NONUNIQUE","TC_ORDER_ID","1"
"ALLOC_INVN_DTL","AID_TCORDIDSTAT_IDX","NONUNIQUE","STAT_CODE","2"
"ALLOC_INVN_DTL","ALLOCINVNDTL_I11","NONUNIQUE","ITEM_ID","1"
"ALLOC_INVN_DTL","ALLOCINVNDTL_I11","NONUNIQUE","INVN_NEED_TYPE","2"
"ALLOC_INVN_DTL","ALLOCINVNDTL_I11","NONUNIQUE","STAT_CODE","3"
"ALLOC_INVN_DTL","ALLOCINVNDTL_I11","NONUNIQUE","INVN_TYPE","4"
"ALLOC_INVN_DTL","ALLOCINVNDTL_I11","NONUNIQUE","PROD_STAT","5"
"ALLOC_INVN_DTL","ALLOCINVNDTL_I11","NONUNIQUE","BATCH_NBR","6"
"ALLOC_INVN_DTL","ALLOCINVNDTL_I11","NONUNIQUE","SKU_ATTR_1","7"
"ALLOC_INVN_DTL","ALLOCINVNDTL_I11","NONUNIQUE","SKU_ATTR_2","8"
"ALLOC_INVN_DTL","ALLOCINVNDTL_I11","NONUNIQUE","SKU_ATTR_3","9"
"ALLOC_INVN_DTL","ALLOCINVNDTL_I11","NONUNIQUE","SKU_ATTR_4","10"
"ALLOC_INVN_DTL","ALLOCINVNDTL_I11","NONUNIQUE","SKU_ATTR_5","11"
"ALLOC_INVN_DTL","ALLOCINVNDTL_I11","NONUNIQUE","CNTRY_OF_ORGN","12"
"ALLOC_INVN_DTL","ALLOCINVNDTL_I11","NONUNIQUE","WHSE","13"
"ALLOC_INVN_DTL","ALLOCINVNDTL_I11","NONUNIQUE","QTY_ALLOC","14"
"ALLOC_INVN_DTL","ALLOCINVNDTL_I11","NONUNIQUE","QTY_PULLD","15"
"ALLOC_INVN_DTL","ALLOC_INVN_DTL_I12","NONUNIQUE","CNTR_NBR","1"
"ALLOC_INVN_DTL","ALLOC_INVN_DTL_I12","NONUNIQUE","INVN_TYPE","2"
"ALLOC_INVN_DTL","ALLOC_INVN_DTL_I12","NONUNIQUE","PROD_STAT","3"
"ALLOC_INVN_DTL","ALLOC_INVN_DTL_I12","NONUNIQUE","BATCH_NBR","4"
"ALLOC_INVN_DTL","ALLOC_INVN_DTL_I12","NONUNIQUE","SKU_ATTR_1","5"
"ALLOC_INVN_DTL","ALLOC_INVN_DTL_I12","NONUNIQUE","SKU_ATTR_2","6"
"ALLOC_INVN_DTL","ALLOC_INVN_DTL_I12","NONUNIQUE","SKU_ATTR_3","7"
"ALLOC_INVN_DTL","ALLOC_INVN_DTL_I12","NONUNIQUE","SKU_ATTR_4","8"
"ALLOC_INVN_DTL","ALLOC_INVN_DTL_I12","NONUNIQUE","SKU_ATTR_5","9"
"ALLOC_INVN_DTL","ALLOC_INVN_DTL_I12","NONUNIQUE","CNTRY_OF_ORGN","10"
"ALLOC_INVN_DTL","ALLOC_INVN_DTL_I12","NONUNIQUE","WHSE","11"
"ALLOC_INVN_DTL","ALLOC_INVN_DTL_I12","NONUNIQUE","STAT_CODE","12"
"ALLOC_INVN_DTL","ALLOC_INVN_DTL_I12","NONUNIQUE","INVN_NEED_TYPE","13"
"ALLOC_INVN_DTL","ALLOC_INVN_DTL_I12","NONUNIQUE","QTY_ALLOC","14"
"ALLOC_INVN_DTL","ALLOC_INVN_DTL_I12","NONUNIQUE","QTY_PULLD","15"
"ALLOC_INVN_DTL","ALOCINVNDTL_CDMASTERID_IDX","NONUNIQUE","CD_MASTER_ID","1"
"ALLOC_INVN_DTL","ALOCINVNDTL_CNTRNBR_IDX","NONUNIQUE","CNTR_NBR","1"
"ALLOC_INVN_DTL","ALOCINVNDTL_CRTNBRSEQNBR_IDX","NONUNIQUE","CARTON_NBR","1"
"ALLOC_INVN_DTL","ALOCINVNDTL_CRTNBRSEQNBR_IDX","NONUNIQUE","CARTON_SEQ_NBR","2"
"ALLOC_INVN_DTL","ALOCINVNDTL_CRTNNBR_IDX","NONUNIQUE","CARTON_NBR","1"
"ALLOC_INVN_DTL","ALOCINVNDTL_DESTLOCNID_IDX","NONUNIQUE","DEST_LOCN_ID","1"
"ALLOC_INVN_DTL","ALOCINVNDTL_INEEDTASKSTAT_IDX","NONUNIQUE","INVN_NEED_TYPE","1"
"ALLOC_INVN_DTL","ALOCINVNDTL_INEEDTASKSTAT_IDX","NONUNIQUE","CREATE_DATE_TIME","2"
"ALLOC_INVN_DTL","ALOCINVNDTL_INEEDTASKSTAT_IDX","NONUNIQUE","TASK_PRTY","3"
"ALLOC_INVN_DTL","ALOCINVNDTL_INEEDTASKSTAT_IDX","NONUNIQUE","STAT_CODE","4"
"ALLOC_INVN_DTL","ALOCINVNDTL_ITEMIDSTATCODE_IDX","NONUNIQUE","ITEM_ID","1"
"ALLOC_INVN_DTL","ALOCINVNDTL_ITEMIDSTATCODE_IDX","NONUNIQUE","STAT_CODE","2"
"ALLOC_INVN_DTL","ALOCINVNDTL_ITEMID_IDX","NONUNIQUE","ITEM_ID","1"
"ALLOC_INVN_DTL","ALOCINVNDTL_MODDATETIME_IDX","NONUNIQUE","MOD_DATE_TIME","1"
"ALLOC_INVN_DTL","ALOCINVNDTL_NEEDSTATWHSE_IDX","NONUNIQUE","NEED_ID","1"
"ALLOC_INVN_DTL","ALOCINVNDTL_NEEDSTATWHSE_IDX","NONUNIQUE","STAT_CODE","2"
"ALLOC_INVN_DTL","ALOCINVNDTL_NEEDSTATWHSE_IDX","NONUNIQUE","INVN_NEED_TYPE","3"
"ALLOC_INVN_DTL","ALOCINVNDTL_NEEDSTATWHSE_IDX","NONUNIQUE","WHSE","4"
"ALLOC_INVN_DTL","ALOCINVNDTL_PKTNBRSTATCODE_IDX","NONUNIQUE","PKT_CTRL_NBR","1"
"ALLOC_INVN_DTL","ALOCINVNDTL_PKTNBRSTATCODE_IDX","NONUNIQUE","STAT_CODE","2"
"ALLOC_INVN_DTL","ALOCINVNDTL_STATCDCRTNBR_IDX","NONUNIQUE","STAT_CODE","1"
"ALLOC_INVN_DTL","ALOCINVNDTL_STATCDCRTNBR_IDX","NONUNIQUE","CARTON_NBR","2"
"ALLOC_INVN_DTL","ALOCINVNDTL_STATCDINVNCNTR_IDX","NONUNIQUE","CNTR_NBR","1"
"ALLOC_INVN_DTL","ALOCINVNDTL_STATCDINVNCNTR_IDX","NONUNIQUE","STAT_CODE","2"
"ALLOC_INVN_DTL","ALOCINVNDTL_STATCDINVNCNTR_IDX","NONUNIQUE","INVN_NEED_TYPE","3"
"ALLOC_INVN_DTL","ALOCINVNDTL_STATCDINVNCNTR_IDX","NONUNIQUE","QTY_ALLOC","4"
"ALLOC_INVN_DTL","ALOCINVNDTL_STATCDINVNCNTR_IDX","NONUNIQUE","QTY_PULLD","5"
"ALLOC_INVN_DTL","ALOCINVNDTL_STATCDINVNCNTR_IDX","NONUNIQUE","WHSE","6"
"ALLOC_INVN_DTL","ALOCINVNDTL_TASKCODENBR_IDX","NONUNIQUE","TASK_CMPL_REF_CODE","1"
"ALLOC_INVN_DTL","ALOCINVNDTL_TASKCODENBR_IDX","NONUNIQUE","TASK_CMPL_REF_NBR","2"
"ALLOC_INVN_DTL","ALOCINVNDTL_TOTENBR_IDX","NONUNIQUE","TOTE_NBR","1"
"ALLOC_INVN_DTL","ALOCINVNDTL_TOTENBR_IDX","NONUNIQUE","STAT_CODE","2"
"ALLOC_INVN_DTL","ALOCINVNDTL_TSKGENBRCODE_IDX","NONUNIQUE","TASK_GENRTN_REF_NBR","1"
"ALLOC_INVN_DTL","ALOCINVNDTL_TSKGENBRCODE_IDX","NONUNIQUE","TASK_GENRTN_REF_CODE","2"
"ALLOC_INVN_DTL","PE_PULL_IDX","NONUNIQUE","PULL_LOCN_ID","1"
"ALLOC_INVN_DTL","PK_ALLOC_INVN_DTL","UNIQUE","ALLOC_INVN_DTL_ID","1"
"ALLOC_PARM","ALLOCPARM_CDMASTERID_IDX","NONUNIQUE","CD_MASTER_ID","1"
"ALLOC_PARM","ALLOCPARM_INVNWHSECDMASID_IDX","NONUNIQUE","INVN_NEED_TYPE","1"
"ALLOC_PARM","ALLOCPARM_INVNWHSECDMASID_IDX","NONUNIQUE","TASK_PRTY","2"
"ALLOC_PARM","ALLOCPARM_INVNWHSECDMASID_IDX","NONUNIQUE","WHSE","3"
"ALLOC_PARM","ALLOCPARM_INVNWHSECDMASID_IDX","NONUNIQUE","CD_MASTER_ID","4"
"ALLOC_PARM","PK_ALLOC_PARM","UNIQUE","ALLOC_PARM_ID","1"
"APPLICATION_CONFIGURATION","APP_CONFIG_PK","UNIQUE","KEY","1"
"APPLICATION_CONFIGURATION","APP_CONFIG_PK","UNIQUE","APPLY_TO_SERVER","2"
"APPOINTMENT_REPORT","APPOINTMENT_REPORT_PK","UNIQUE","APPOINTMENT_REPORT_ID","1"
"APPOINTMENT_TYPE","APPT_TYPE_PK","UNIQUE","APPOINTMENT_TYPE","1"
"APPT_OBJECT_FEASIBLE_APPT","APPT_OBJECT_FEASIBLE_APPT_PK","UNIQUE","APPT_OBJECT_PK_ID","1"
"APPT_OBJECT_INFEASIBLE_APPT","APPT_OBJECT_INFEASIBLE_APPT_PK","UNIQUE","APPT_OBJECT_PK_ID","1"
"APPT_OBJECT_PK","APPT_OBJECT_PK_PK","UNIQUE","APPT_OBJECT_PK_ID","1"
"APPT_OBJECT_SLOT_GROUP_SLOT","APPT_OBJECT_SLOT_GROUP_SLOT_PK","UNIQUE","APPT_OBJECT_PK_ID","1"
"APPT_SETUP_UPLOAD","APPT_SETUP_UPLOAD_PK","UNIQUE","APPT_SETUP_UPLOAD_ID","1"
"APPT_SETUP_UPLOAD","TM_APPT_SETUP_UPLOAD_IDX1","NONUNIQUE","UPLOAD_STATUS","1"
"APPT_SETUP_UPLOAD","TM_APPT_SETUP_UPLOAD_IDX2","NONUNIQUE","UPLOAD_TYPE","1"
"APPT_UPLOAD_STATUS","APPT_UPLOAD_STATUS_UX","UNIQUE","APPT_UPLOAD_STATUS","1"
"APPT_UPLOAD_TYPE","APPT_UPLOAD_TYPE_UX","UNIQUE","APPT_UPLOAD_TYPE","1"
"APP_SERVER_STATUS","APP_SERVER_STATUS_PK","UNIQUE","APP_INST_SHORT_NAME","1"
"AP_ALERT","APALRT_CIEOI_IDX","NONUNIQUE","COMPANY_ID","1"
"AP_ALERT","APALRT_CIEOI_IDX","NONUNIQUE","EXTERNAL_OBJECT_ID","2"
"AP_ALERT","AP_ALERT_OIOTASAI_IDX","NONUNIQUE","OBJECT_ID","1"
"AP_ALERT","AP_ALERT_OIOTASAI_IDX","NONUNIQUE","OBJECT_TYPE","2"
"AP_ALERT","AP_ALERT_OIOTASAI_IDX","NONUNIQUE","ALERT_STATUS","3"
"AP_ALERT","AP_ALERT_OIOTASAI_IDX","NONUNIQUE","ALERT_ID","4"
"AP_ALERT","AP_ALERT_PK","UNIQUE","ALERT_ID","1"
"AP_ALERT","AP_ALERT_PRD_IDX","NONUNIQUE","ALERT_ID","1"
"AP_ALERT","AP_ALERT_PRD_IDX","NONUNIQUE","COMPANY_ID","2"
"AP_ALERT","AP_ALERT_PRD_IDX","NONUNIQUE","OBJECT_TYPE","3"
"AP_ALERT","AP_ALERT_PRD_IDX","NONUNIQUE","ALERT_STATUS","4"
"AP_ALERT","AP_ALERT_PRD_IDX","NONUNIQUE","ALERT_DEF_ID","5"
"AP_ALERT","PE_AP_ALERT_IX3","NONUNIQUE","LAST_UPDATED_DTTM","1"
"AP_ALERT","PE_AP_ALERT_IX3","NONUNIQUE","ALERT_ID","2"
"AP_ALERT","PE_AP_ALERT_IX3","NONUNIQUE","OUTBOUND_REGION_ID","3"
"AP_ALERT","PE_AP_ALERT_IX3","NONUNIQUE","INBOUND_REGION_ID","4"
"AP_ALERT","PE_AP_ALERT_IX3","NONUNIQUE","OBJECT_TYPE","5"
"AP_ALERT","PE_AP_ALERT_IX3","NONUNIQUE","ALERT_DEF_ID","6"
"AP_ALERT_ACTIVITY_DETAILS","APALRTACTDTL_AIDADT_IDX","NONUNIQUE","ACTIVITY_DTTM","1"
"AP_ALERT_ACTIVITY_DETAILS","APALRTACTDTL_AIDADT_IDX","NONUNIQUE","ALERT_ID","2"
"AP_ALERT_ACTIVITY_DETAILS","AP_ALERT_ACTI_DET_PRD_PUSH","NONUNIQUE","ALERT_ID","1"
"AP_ALERT_ACTIVITY_DETAILS","AP_ALERT_DTS_PK","UNIQUE","ALERT_ACTIVITY_ID","1"
"AP_ALERT_ARGS","AP_ALERT_ARGS_PK","UNIQUE","ALERT_ID","1"
"AP_ALERT_ARGS","AP_ALERT_ARGS_PK","UNIQUE","ALERT_GLOBALIZATION_ID","2"
"AP_ALERT_ARGS","AP_ALERT_ARGS_PK","UNIQUE","ARG_SEQ_NBR","3"
"AP_ALERT_ARGS","TM_AP_ALERT_ARGS_IDX1","NONUNIQUE","ALERT_ID","1"
"AP_ALERT_DEF","AP_ALERT_DEF_PK","UNIQUE","ALERT_DEF_ID","1"
"AP_ALERT_DEF","AP_ALERT_DEF_PRD_PUSH","NONUNIQUE","COMPANY_ID","1"
"AP_ALERT_DEF","AP_ALERT_DEF_PRD_PUSH","NONUNIQUE","ALERT_DEF_ID","2"
"AP_ALERT_DEF","AP_ALERT_DEF_PRD_PUSH","NONUNIQUE","ALERT_NAME","3"
"AP_ALERT_DEF_LCLZD_MSG","AP_LCLZD_PK","UNIQUE","ALERT_DEF_ID","1"
"AP_ALERT_DEF_LCLZD_MSG","AP_LCLZD_PK","UNIQUE","LOCALE_CODE","2"
"AP_ALERT_DEF_LCLZD_MSG","TM_AP_ALERT_DEF_IDX1","NONUNIQUE","ALERT_DEF_ID","1"
"AP_ALERT_DEF_NOTIFICATION","AP_ALRT_DEF_NOTI_PK","UNIQUE","ALERT_DEF_ID","1"
"AP_ALERT_DEF_USER_GROUP_MAP","AP_ALERT_USR_PK","UNIQUE","ALERT_DEF_ID","1"
"AP_ALERT_DEF_USER_GROUP_MAP","AP_ALERT_USR_PK","UNIQUE","USER_GROUP","2"
"AP_ALERT_ESCALATION_DETAILS","APALERTED_PK","UNIQUE","ALERT_ACTIVITY_ID","1"
"AP_ALERT_ESCALATION_DETAILS","APALERTED_PK","UNIQUE","ALERT_ID","2"
"AP_ALERT_ESCALATION_DETAILS","APALERTED_PK","UNIQUE","ALERT_ESCALATION_ID","3"
"AP_ALERT_ESCALATION_DETAILS","APALERTED_PK","UNIQUE","USER_ID","4"
"AP_ALERT_ESCALATION_DETAILS","APALRTESCDTLS_ALER","NONUNIQUE","ALERT_ID","1"
"AP_ALERT_OBJECTS","AP_ALERT_OBJ_PK","UNIQUE","ALERT_ID","1"
"AP_ALERT_OBJECTS","AP_ALERT_OBJ_PK","UNIQUE","OBJECT_ID","2"
"AP_ALERT_OBJECTS","AP_ALERT_OBJ_PK","UNIQUE","OBJECT_TYPE","3"
"AP_SYSTEM_ALERT_DEF","APSYSALERTDEF_PK","UNIQUE","SYSTEM_ALERT_DEF_ID","1"
"AP_SYSTEM_ALERT_DEF","AP_SYSTEM_ALERT_DEF_PK_2","UNIQUE","ALERT_DEF_NAME","1"
"AP_SYSTEM_ALERT_DEF","ASAD_NAMEDESC_IDX","NONUNIQUE","ALERT_DEF_NAME","1"
"AP_SYSTEM_ALERT_DEF","ASAD_NAMEDESC_IDX","NONUNIQUE","DESCRIPTION","2"
"AR_ACCT","PK_AR_ACCT","UNIQUE","AR_ACCT_ID","1"
"AR_ACCT","UK_AR_ACCT","UNIQUE","ACCT_RCVBL_ACCT_NBR","1"
"AR_ACCT","UK_AR_ACCT","UNIQUE","FACILITY_ID","2"
"AR_ACCT","UK_AR_ACCT","UNIQUE","TC_COMPANY_ID","3"
"AR_ACCT_DTL","PK_AR_ACCT_DTL","UNIQUE","AR_ACCT_DTL_ID","1"
"AR_ACCT_DTL","TM_AR_ACCT_DTL_IDX1","NONUNIQUE","ACCT_RCVBL_ACCT_NBR","1"
"AR_ACCT_DTL","TM_AR_ACCT_DTL_IDX1","NONUNIQUE","FACILITY_ID","2"
"AR_ACCT_DTL","TM_AR_ACCT_DTL_IDX1","NONUNIQUE","TC_COMPANY_ID","3"
"AR_ACCT_DTL","TM_AR_ACCT_DTL_IDX2","NONUNIQUE","AR_ACCT_ID","1"
"AR_ACCT_DTL","UK_AR_ACCT_DTL","UNIQUE","ACCT_RCVBL_ACCT_NBR","1"
"AR_ACCT_DTL","UK_AR_ACCT_DTL","UNIQUE","FACILITY_ID","2"
"AR_ACCT_DTL","UK_AR_ACCT_DTL","UNIQUE","TC_COMPANY_ID","3"
"AR_ACCT_DTL","UK_AR_ACCT_DTL","UNIQUE","RRN_SEND_DAY","4"
"ASN","ASN_DFID_IDX","NONUNIQUE","DESTINATION_FACILITY_ID","1"
"ASN","ASN_OFID_IDX","NONUNIQUE","ORIGIN_FACILITY_ID","1"
"ASN","ASN_PK","UNIQUE","ASN_ID","1"
"ASN","ASN_SHPID_IDX","NONUNIQUE","SHIPMENT_ID","1"
"ASN","ASN_UIDX","UNIQUE","TC_ASN_ID","1"
"ASN","ASN_UIDX","UNIQUE","TC_COMPANY_ID","2"
"ASN","PE_ASN_LIST_IX","NONUNIQUE","TC_COMPANY_ID","1"
"ASN","PE_ASN_LIST_IX","NONUNIQUE","INBOUND_REGION_ID","2"
"ASN","PE_ASN_LIST_IX","NONUNIQUE","OUTBOUND_REGION_ID","3"
"ASN","PE_ASN_LIST_IX","NONUNIQUE","ASN_ORGN_TYPE","4"
"ASN","PE_ASN_LIST_IX","NONUNIQUE","ASN_STATUS","5"
"ASN","TM_ASN_IDX1","NONUNIQUE","ASN_LEVEL","1"
"ASN","TM_ASN_IDX2","NONUNIQUE","ASN_STATUS","1"
"ASN","TM_ASN_IDX3","NONUNIQUE","ASN_TYPE","1"
"ASN","TM_ASN_IDX4","NONUNIQUE","DOCK_DOOR_ID","1"
"ASN","TM_ASN_IDX5","NONUNIQUE","MODE_ID","1"
"ASN","TM_ASN_IDX6","NONUNIQUE","SHIPPING_COST_CURRENCY_CODE","1"
"ASN","TM_ASN_IDX7","NONUNIQUE","TC_COMPANY_ID","1"
"ASN_ATTRIBUTE","ASN_ATTRIBUTE_PK","UNIQUE","ASN_ID","1"
"ASN_ATTRIBUTE","ASN_ATTRIBUTE_PK","UNIQUE","ATTRIBUTE_NAME","2"
"ASN_ATTRIBUTE","ASN_ATTRIBUTE_PK","UNIQUE","ATTRIBUTE_SEQ","3"
"ASN_ATTRIBUTE","TM_ASN_ATTRIBUTE_IDX1","NONUNIQUE","ASN_ID","1"
"ASN_COMMUNICATION_METHOD","ASN_COMM_PK","UNIQUE","ASN_COMMUNICATION_METHOD","1"
"ASN_DETAIL","ASNDTL_SID_IDX","NONUNIQUE","SKU_ID","1"
"ASN_DETAIL","ASN_DETAIL_ID_ASN_ID_IDX","NONUNIQUE","ASN_DETAIL_ID","1"
"ASN_DETAIL","ASN_DETAIL_ID_ASN_ID_IDX","NONUNIQUE","ASN_ID","2"
"ASN_DETAIL","ASN_DETAIL_PK","UNIQUE","ASN_ID","1"
"ASN_DETAIL","ASN_DETAIL_PK","UNIQUE","ASN_DETAIL_ID","2"
"ASN_DETAIL","ASN_DETAIL_TC_PO_IDX","NONUNIQUE","TC_PURCHASE_ORDERS_ID","1"
"ASN_DETAIL","ASN_DETAIL_TC_PO_IDX","NONUNIQUE","TC_COMPANY_ID","2"
"ASN_DETAIL","ASN_DET_ORDLI_IDX1","NONUNIQUE","ORDER_LINE_ITEM_ID","1"
"ASN_DETAIL","ASN_DET_ORD_IDX1","NONUNIQUE","ORDER_ID","1"
"ASN_DETAIL","PE_ASNDLT_PO_IX","NONUNIQUE","PURCHASE_ORDERS_ID","1"
"ASN_DETAIL","PE_ASNDLT_PO_IX1","NONUNIQUE","TC_PURCHASE_ORDERS_ID","1"
"ASN_DETAIL","TM_ASN_DETAIL_IDX1","NONUNIQUE","ASN_DETAIL_STATUS","1"
"ASN_DETAIL","TM_ASN_DETAIL_IDX2","NONUNIQUE","ASN_ID","1"
"ASN_DETAIL","TM_ASN_DETAIL_IDX3","NONUNIQUE","INVENTORY_SEGMENT_ID","1"
"ASN_DETAIL_ATTRIBUTE","ASN_DT_ATTRIB_PK","UNIQUE","ASN_ID","1"
"ASN_DETAIL_ATTRIBUTE","ASN_DT_ATTRIB_PK","UNIQUE","ASN_DETAIL_ID","2"
"ASN_DETAIL_ATTRIBUTE","ASN_DT_ATTRIB_PK","UNIQUE","ATTRIBUTE_NAME","3"
"ASN_DETAIL_ATTRIBUTE","ASN_DT_ATTRIB_PK","UNIQUE","ATTRIBUTE_SEQ","4"
"ASN_DETAIL_ATTRIBUTE","TM_ASN_DETAIL_AT_IDX1","NONUNIQUE","ASN_ID","1"
"ASN_DETAIL_ATTRIBUTE","TM_ASN_DETAIL_AT_IDX1","NONUNIQUE","ASN_DETAIL_ID","2"
"ASN_DETAIL_REF","ASN_DETAIL_REF_PK","UNIQUE","ASN_ID","1"
"ASN_DETAIL_REF","ASN_DETAIL_REF_PK","UNIQUE","ASN_DETAIL_ID","2"
"ASN_DETAIL_STATUS","ASN_DT_STATUS_PK","UNIQUE","ASN_DETAIL_STATUS","1"
"ASN_EVENT","ASN_EVENT_PK","UNIQUE","ASN_EVENT_ID","1"
"ASN_EVENT","ASN_EVENT_PK","UNIQUE","ASN_ID","2"
"ASN_LEVEL","ASN_LEVEL_PK","UNIQUE","ASN_LEVEL","1"
"ASN_NOTE","ASN_NOTE_IDX2","NONUNIQUE","ASN_DETAIL_ID","1"
"ASN_NOTE","ASN_NOTE_PK","UNIQUE","ASN_ID","1"
"ASN_NOTE","ASN_NOTE_PK","UNIQUE","NOTE_ID","2"
"ASN_NOTE","TM_ASN_NOTE_IDX1","NONUNIQUE","ASN_ID","1"
"ASN_RECEIVED_CODES","PK_ASN_RECEIVED_CODES","UNIQUE","SHPMT_NBR","1"
"ASN_REF","ASN_REF_PK","UNIQUE","ASN_ID","1"
"ASN_SEAL_NUMBER","ASN_SEAL_NUMBER_PK","UNIQUE","ASN_ID","1"
"ASN_SEAL_NUMBER","ASN_SEAL_NUMBER_PK","UNIQUE","SEAL_ID","2"
"ASN_SEAL_NUMBER","TM_ASN_SEAL_NUMB_IDX1","NONUNIQUE","ASN_ID","1"
"ASN_STATUS","ASN_STATUS_PK","UNIQUE","ASN_STATUS","1"
"ASN_TYPE","ASN_TYPE_PK","UNIQUE","ASN_TYPE","1"
"ASN_UNIT_DETAIL","ASN_UNIT_DETAIL_PK","UNIQUE","ASN_UNIT_ID","1"
"ASN_UNIT_DETAIL","ASN_UNI_ASN_I_IDX1","NONUNIQUE","ASN_ID","1"
"AUDIT_FIELD_NAME","AUDIT_FIELD_NAME_PK","UNIQUE","AUDIT_FIELD_NAME","1"
"AUTOMATION","IDX_AUTOMATION_BR_HDR_ID","NONUNIQUE","BR_HDR_ID","1"
"AUTOMATION","MOVE_HRD","NONUNIQUE","MOVE_HDR_ID","1"
"AUTOMATION","PK_AUTOMATION","UNIQUE","AUTO_ID","1"
"AUTO_CREATE_RULE","AUTO_CREATE_RULE_FI_CFK_INDX","NONUNIQUE","FACILITY_ID","1"
"AUTO_CREATE_RULE","AUTO_CRT_PK","UNIQUE","AUTO_CREATE_ID","1"
"AUTO_CREATE_RULE","TM_AUTO_CREATE_R_IDX1","NONUNIQUE","DATE_TYPE","1"
"AUTO_CREATE_RULE","TM_AUTO_CREATE_R_IDX2","NONUNIQUE","DSG_CARRIER_ID","1"
"AUTO_CREATE_RULE","TM_AUTO_CREATE_R_IDX3","NONUNIQUE","DSG_EQUIPMENT_ID","1"
"AUTO_CREATE_RULE","TM_AUTO_CREATE_R_IDX4","NONUNIQUE","DSG_MOT_ID","1"
"AUTO_CREATE_RULE","TM_AUTO_CREATE_R_IDX5","NONUNIQUE","DSG_SERVICE_LEVEL_ID","1"
"AUTO_CREATE_RULE","TM_AUTO_CREATE_R_IDX6","NONUNIQUE","FROM_OBJECT_TYPE","1"
"AUTO_CREATE_RULE","TM_AUTO_CREATE_R_IDX7","NONUNIQUE","OVERRIDE_MOT_ID","1"
"AUTO_CREATE_RULE","TM_AUTO_CREATE_R_IDX8","NONUNIQUE","TO_OBJECT_TYPE","1"
"BASE_ACTIVITY_TYPE","BASE_ACT_PL","UNIQUE","BASE_ACTIVITY_TYPE_ID","1"
"BASE_DATA_DELTA","BASE_DATA_DELTA_IDX","NONUNIQUE","OBJECT_TYPE","1"
"BASE_DATA_DELTA","BASE_DATA_DELTA_IDX","NONUNIQUE","OBJECT_ID","2"
"BASE_DATA_DELTA","BASE_DATA_DELTA_PK","UNIQUE","BASE_DATA_DELTA_ID","1"
"BASIC_QUARTZ_CONFIG","SYS_C0063290","UNIQUE","JOB_KEY","1"
"BATCH_HIST_SHIP","BATCHSHIP_BATCHNBRITEMID_IDX","NONUNIQUE","BATCH_NBR","1"
"BATCH_HIST_SHIP","BATCHSHIP_BATCHNBRITEMID_IDX","NONUNIQUE","ITEM_ID","2"
"BATCH_HIST_SHIP","PK_BATCH_HIST_SHIP","UNIQUE","BATCH_HIST_SHIP_ID","1"
"BATCH_HIST_STAT","BATCHSTAT_BATCHNBRITEMID_IDX","NONUNIQUE","BATCH_NBR","1"
"BATCH_HIST_STAT","BATCHSTAT_BATCHNBRITEMID_IDX","NONUNIQUE","ITEM_ID","2"
"BATCH_HIST_STAT","PK_BATCH_HIST_STAT","UNIQUE","BATCH_HIST_STAT_ID","1"
"BATCH_HIST_WORK_ORD","BATCHWORKORD_BCHNBRITEMID_IDX","NONUNIQUE","BATCH_NBR","1"
"BATCH_HIST_WORK_ORD","BATCHWORKORD_BCHNBRITEMID_IDX","NONUNIQUE","ITEM_ID","2"
"BATCH_HIST_WORK_ORD","BATCHWORKORD_WORDNBR_IDX","NONUNIQUE","WORK_ORD_NBR","1"
"BATCH_HIST_WORK_ORD","PK_BATCH_HIST_WORK_ORD","UNIQUE","BATCH_HIST_WORK_ORD_ID","1"
"BATCH_HIST_WORK_ORD","TM_BATCH_HIST_WORK_ORD_IDX1","NONUNIQUE","BATCH_MASTER_ID","1"
"BATCH_HIST_WORK_ORD","TM_BATCH_HIST_WORK_ORD_IDX2","NONUNIQUE","WORK_ORD_HDR_ID","1"
"BATCH_MASTER","BATCHMASTER_ITEMID_IDX","NONUNIQUE","ITEM_ID","1"
"BATCH_MASTER","BATCHMASTER_ITEMID_IDX","NONUNIQUE","BATCH_NBR","2"
"BATCH_MASTER","BATCHMASTER_ITEMID_IDX","NONUNIQUE","STAT_CODE","3"
"BATCH_MASTER","BATCHMASTER_VENDMASID_IDX","NONUNIQUE","VENDOR_MASTER_ID","1"
"BATCH_MASTER","PK_BATCH_MASTER","UNIQUE","BATCH_MASTER_ID","1"
"BATCH_MASTER","UK_BATCH_MASTER","UNIQUE","BATCH_NBR","1"
"BATCH_MASTER","UK_BATCH_MASTER","UNIQUE","ITEM_ID","2"
"BAY_TYPES","PK_BAY_TYPES","UNIQUE","BAY_TYPE_ID","1"
"BAY_TYPE_LEVEL","PK_BAY_TYPE_LEVEL","UNIQUE","BAY_TYPE_LEVEL_ID","1"
"BEAN_VALIDATOR","BEAN_VALIDTR_PK","UNIQUE","BEAN_VALIDATOR_ID","1"
"BEAN_VALIDATOR","BEAN_VALIDTR_UK","UNIQUE","SCOPE","1"
"BEAN_VALIDATOR","BEAN_VALIDTR_UK","UNIQUE","CONTEXT","2"
"BINDING_DETAILS","BINDING_DETAILS_PK","UNIQUE","BINDING_DETAILS_ID","1"
"BINDING_DETAILS","TM_BINDING_DETAI_IDX1","NONUNIQUE","BINDING_ID","1"
"BINDING_TYPE","BINDING_TYPE_PK","UNIQUE","BINDING_TYPE_ID","1"
"BINDING_TYPE","BINDING_TYPE_UK","UNIQUE","TYPE_NAME","1"
"BINS","PK_BINS","UNIQUE","BIN_ID","1"
"BINS","UK_BINS","UNIQUE","CODE","1"
"BINS","UK_BINS","UNIQUE","WHSE_CODE","2"
"BIN_XREF","INDX_BIN_XREF_1","NONUNIQUE","SKU_ID","1"
"BIN_XREF","PK_BIN_XREF","UNIQUE","BINXREF_ID","1"
"BIN_XREF","UK_BIN_XREF","UNIQUE","BIN_ID","1"
"BIN_XREF","UK_BIN_XREF","UNIQUE","SKU_ID","2"
"BOL_OUTPT_CARR_INFO","BOL_OUTPT_CARR_INFO_IDX1","NONUNIQUE","RUN_ID","1"
"BOL_OUTPT_CARR_INFO","PK_BOL_OUTPT_CARR_INFO_ID","UNIQUE","BOL_OUTPT_CARR_INFO_ID","1"
"BOL_OUTPT_CUST_ORD","BOL_OUTPT_CUST_ORD_IDX1","NONUNIQUE","RUN_ID","1"
"BOL_OUTPT_SHPMT_ATTR","PK_BOL_OUTPT_SHPMT_ATTR","UNIQUE","RUN_ID","1"
"BOL_OUTPT_STOP_ATTR","PK_BOL_OUTPT_STOP_ATTR","UNIQUE","RUN_ID","1"
"BOL_OUTPT_STOP_ATTR","PK_BOL_OUTPT_STOP_ATTR","UNIQUE","STOP_SEQ","2"
"BOOKING_ACTION","BOOKING_ACTION_PK","UNIQUE","BOOKING_ACTION","1"
"BORROWING","INDX_BORROWING_WHSECODE","NONUNIQUE","WHSE_CODE","1"
"BORROWING","PK_BORROWING","UNIQUE","BORROWING_ID","1"
"BP_RESTRICTION","BP_REST_ATTR_FK_1_IX","NONUNIQUE","RES_ATTRIBUTE_ID","1"
"BP_RESTRICTION","BP_REST_OBJECT_FK_1_IX","NONUNIQUE","RES_OBJECT_ID","1"
"BP_RESTRICTION","BP_REST_PK","UNIQUE","TC_COMPANY_ID","1"
"BP_RESTRICTION","BP_REST_PK","UNIQUE","BUSINESS_PARTNER_ID","2"
"BP_RESTRICTION","BP_REST_PK","UNIQUE","RES_ATTRIBUTE_ID","3"
"BRCD_STRUCT","BRCDSTRUCT_AI_IDX","NONUNIQUE","AI","1"
"BRCD_STRUCT","PK_BRCD_STRUCT","UNIQUE","BRCD_STRUCT_ID","1"
"BRCD_STRUCT","UK_BRCD_STRUCT","UNIQUE","BRCD_TYPE","1"
"BRCD_STRUCT","UK_BRCD_STRUCT","UNIQUE","BRCD_LEN","2"
"BRCD_STRUCT","UK_BRCD_STRUCT","UNIQUE","SEQ_NBR","3"
"BROKEN_CONSTRAINTS","PK_BRKN_CONS_LGL_FT_RSN","UNIQUE","LEGAL_FIT_REASON","1"
"BR_ADDL_ITEMS","PK_BR_ADDL_ITEMS","UNIQUE","BR_ADDL_ITEMS_ID","1"
"BR_ADDL_ITEMS","UK_BR_ADDL_ITEMS","UNIQUE","BR_DTL_ID","1"
"BR_ADDL_ITEMS","UK_BR_ADDL_ITEMS","UNIQUE","ADDL_NODE_ID","2"
"BR_ADDL_ITEMS","UK_BR_ADDL_ITEMS","UNIQUE","ADDL_ITEM_TYPE","3"
"BR_DETAIL","IDX_BR_DETAIL_QUERY_ID","NONUNIQUE","QUERY_ID","1"
"BR_DETAIL","INDX_BR_DETAIL","NONUNIQUE","BR_HDR_ID","1"
"BR_DETAIL","PK_BR_DETAIL","UNIQUE","BR_DTL_ID","1"
"BR_DETAIL","UK_BR_DETAIL","UNIQUE","BR_HDR_ID","1"
"BR_DETAIL","UK_BR_DETAIL","UNIQUE","SEQ_NUM","2"
"BR_HEADER","PK_BR_HEADER","UNIQUE","BR_HDR_ID","1"
"BR_HEADER","UK_BR_HEADER","UNIQUE","NAME","1"
"BR_HEADER","UK_BR_HEADER","UNIQUE","WHSE_CODE","2"
"BR_TARGET","PK_BR_TARGET","UNIQUE","BR_TARGET_ID","1"
"BR_TARGET","UK_BR_TARGET","UNIQUE","BR_DTL_ID","1"
"BR_TARGET","UK_BR_TARGET","UNIQUE","TARGET_NODE_ID","2"
"BUNDLE_META_DATA","BUD_META_DAT_FK_1_1_IX","NONUNIQUE","DEF_BU_ID","1"
"BUNDLE_META_DATA","BUNDLE_MDAID_FK_1_IX","NONUNIQUE","DEF_APP_ID","1"
"BUNDLE_META_DATA","BUNDLE_MDDST_FK_1_IX","NONUNIQUE","DEF_SCREEN_TYPE_ID","1"
"BUNDLE_META_DATA","BUNDLE_META_DATA_PK","UNIQUE","BUNDLE_META_DATA_ID","1"
"BUNDLE_META_DATA","BUNDLE_META_DATA_UX1","UNIQUE","BUNDLE_NAME","1"
"BUSINESS_GROUP","BUSINESS_GRP_PK","UNIQUE","BUSINESS_GROUP_ID","1"
"BUSINESS_GROUP","TM_BUSINESS_GROU_IDX1","NONUNIQUE","CRGCLM_MINBLNCE_CURRENCY_CODE","1"
"BUSINESS_ORDER_MAPPING","BUSINESS_ORDER_MAPPING_PK","UNIQUE","BUSINESS_ORDER_MAPPING_ID","1"
"BUSINESS_ORDER_MAPPING","TM_BUSINESS_ORDE_IDX1","NONUNIQUE","CREATED_SOURCE_TYPE","1"
"BUSINESS_ORDER_MAPPING","TM_BUSINESS_ORDE_IDX2","NONUNIQUE","LAST_UPDATED_SOURCE_TYPE","1"
"BUSINESS_ORDER_MAPPING","TM_BUSINESS_ORDE_IDX3","NONUNIQUE","TC_COMPANY_ID","1"
"CALENDAR_DTL","CALENDAR_DTL_PK","UNIQUE","CALENDAR_ID","1"
"CALENDAR_DTL","CALENDAR_DTL_PK","UNIQUE","CALENDAR_DTL_ID","2"
"CALENDAR_DTL","TM_CALENDAR_DTL_IDX1","NONUNIQUE","CALENDAR_ID","1"
"CALLOUT_EVENT","CALLOUT_EVENT_PK","UNIQUE","CALLOUT_EVENT_ID","1"
"CALLOUT_EVENT","CALLOUT_EVENT_UK1","UNIQUE","EVENT_NAME","1"
"CALLOUT_EVENT","CALLOUT_EVENT_UK2","UNIQUE","EVENT_CLASS_NAME","1"
"CALLOUT_MAPPING","CALLOUT_MAPPING_FK1_IDX","NONUNIQUE","CALLOUT_SCRIPT_ID","1"
"CALLOUT_MAPPING","CALLOUT_MAPPING_FK2_IDX","NONUNIQUE","CALLOUT_EVENT_ID","1"
"CALLOUT_MAPPING","CALLOUT_MAPPING_FK3_IDX","NONUNIQUE","FACILITY_ID","1"
"CALLOUT_MAPPING","CALLOUT_MAPPING_FK4_IDX","NONUNIQUE","COMPANY_ID","1"
"CALLOUT_MAPPING","CALLOUT_MAPPING_PK","UNIQUE","CALLOUT_MAPPING_ID","1"
"CALLOUT_MAPPING","CALLOUT_MAPPING_UK1","UNIQUE","CALLOUT_EVENT_ID","1"
"CALLOUT_MAPPING","CALLOUT_MAPPING_UK1","UNIQUE","FACILITY_ID","2"
"CALLOUT_MAPPING","CALLOUT_MAPPING_UK1","UNIQUE","COMPANY_ID","3"
"CALLOUT_SCRIPT","CALLOUT_SCRIPT_PK","UNIQUE","CALLOUT_SCRIPT_ID","1"
"CALLOUT_SCRIPT","CALLOUT_SCRIPT_UK1","UNIQUE","SCRIPT_NAME","1"
"CARRIER_BILLING_METHODS","CARR_BILL_MTHD_PK","UNIQUE","BILLING_METHOD","1"
"CARRIER_BILLING_METHODS","CARR_BILL_MTHD_PK","UNIQUE","CARRIER_ID","2"
"CARRIER_CODE_NOTE","CARRIER_CNOTE_PK","UNIQUE","CARRIER_ID","1"
"CARRIER_CODE_NOTE","CARRIER_CNOTE_PK","UNIQUE","NOTE_SEQ","2"
"CARRIER_CODE_NOTE","TM_CARRIER_CNOT_IDX1","NONUNIQUE","CARRIER_ID","1"
"CARRIER_INVOICE_MASK","CARRIER_IMASK_PK","UNIQUE","CARRIER_ID","1"
"CARRIER_INVOICE_MASK","CARRIER_IMASK_PK","UNIQUE","CARR_INV_MASK_ID","2"
"CARRIER_INVOICE_MASK","TM_CARRIER_INVOI_IDX1","NONUNIQUE","CARRIER_ID","1"
"CARRIER_RGLANE_REJECT","CARRIER_RGLANE_REJECT_FK_IDX","NONUNIQUE","LANE_ID","1"
"CARRIER_RGLANE_REJECT","CARRIER_RGLANE_REJECT_FK_IDX","NONUNIQUE","LANE_DTL_SEQ","2"
"CARRIER_RGLANE_REJECT","CARRIER_RGLANE_REJECT_PK","UNIQUE","CAR_RG_REG_ID","1"
"CART_PLAN","PK_CART_PLAN","UNIQUE","CART_PLAN_ID","1"
"CASE_LOCN_FIT","CASE_LOCN_FIT_IND1","UNIQUE","WHSE","1"
"CASE_LOCN_FIT","CASE_LOCN_FIT_IND1","UNIQUE","CASE_SIZE_TYPE","2"
"CASE_LOCN_FIT","CASE_LOCN_FIT_IND1","UNIQUE","PRTY","3"
"CASE_LOCN_FIT","CASE_LOCN_FIT_IND1","UNIQUE","LOCN_SIZE_TYPE","4"
"CASE_LOCN_FIT","CASE_LOCN_FIT_IND1","UNIQUE","TO_BE_LOCATED_CASES","5"
"CASE_LOCN_FIT","FK_CASE_LOCN_FIT_1","NONUNIQUE","WHSE","1"
"CASE_LOCN_FIT","FK_CASE_LOCN_FIT_1","NONUNIQUE","LOCN_SIZE_TYPE","2"
"CASE_LOCN_FIT","PK_CASE_LOCN_FIT","UNIQUE","CASE_LOCN_FIT_ID","1"
"CASE_LOCN_FIT","TM_CASE_LOCN_FIT_IDX1","NONUNIQUE","LOCN_SIZE_TYPE_ID","1"
"CATEGORY","PK_CATEGORY","UNIQUE","CAT_ID","1"
"CATEGORY","UK_CATEGORY","UNIQUE","CAT_NAME","1"
"CAT_CODE","INDX_CAT_CODE_1","NONUNIQUE","CAT_ID","1"
"CAT_CODE","PK_CAT_CODE","UNIQUE","CAT_CODE_ID","1"
"CAT_CODE","UK_CAT_CODE","UNIQUE","CAT_CODE","1"
"CAT_CODE","UK_CAT_CODE","UNIQUE","CAT_ID","2"
"CAT_CODE","UK_CAT_CODE","UNIQUE","WHSE_CODE","3"
"CD_MASTER","PK_CD_MASTER","UNIQUE","CD_MASTER_ID","1"
"CD_MASTER_DTL","PK_CD_MASTER_DTL","UNIQUE","CD_MASTER_DTL_ID","1"
"CD_MASTER_DTL","TM_CD_MASTER_DTL_IDX1","NONUNIQUE","CD_MASTER_ID","1"
"CD_MASTER_DTL","TM_CD_MASTER_DTL_IDX1","NONUNIQUE","COLUMN_NAME","2"
"CFMF_STATUS","CFMF_STATUS_PK","UNIQUE","CFMF_STATUS","1"
"CHANNEL_TYPE","CHANNEL_TYPE_PK1","UNIQUE","CHANNEL_TYPE","1"
"CHECK_DIGIT_TYPE","CHECK_DTYPE_PK","UNIQUE","CHECK_DIGIT_TYPE","1"
"CHUTE_ASSIGN_PRTY","PK_CHUTE_ASSIGN_PRTY","UNIQUE","CHUTE_ASSIGN_PRTY_ID","1"
"CHUTE_ASSIGN_PRTY","UK_CHUTE_ASGN_PRTY_CHT_PRTY_ID","UNIQUE","CHUTE_PRTY_ID","1"
"CHUTE_MASTER","CHUTEMAS_PACKWMASIDWHSE_IDX","NONUNIQUE","PACK_WKSTN_ID","1"
"CHUTE_MASTER","CHUTEMAS_PACKWMASIDWHSE_IDX","NONUNIQUE","WHSE","2"
"CHUTE_MASTER","PK_CHUTE_MASTER","UNIQUE","CHUTE_MASTER_ID","1"
"CHUTE_MASTER","TM_CHUTE_MASTER_IDX1","NONUNIQUE","PACK_WKSTN_MASTER_ID","1"
"CHUTE_MASTER","UK_CHUTE_MASTER","UNIQUE","WHSE","1"
"CHUTE_MASTER","UK_CHUTE_MASTER","UNIQUE","CHUTE_ID","2"
"CLAIM_ACTION_CODE","CLAIM_ACODE_PK","UNIQUE","CLAIM_ACTION_CODE","1"
"CLAIM_ACTION_CODE","CLAIM_ACODE_PK","UNIQUE","CLAIM_ACTION_TYPE","2"
"CLAIM_ACTION_CODE","CLAIM_ACODE_PK","UNIQUE","TC_COMPANY_ID","3"
"CLAIM_ACTION_CODE","TM_CLAIM_ACTION__IDX1","NONUNIQUE","CLAIM_ACTION_TYPE","1"
"CLAIM_ACTION_TYPE","CLAIM_ACTIONT_PK","UNIQUE","CLAIM_ACTION_TYPE","1"
"CLAIM_CATEGORY","CLAIM_CATEGORY_PK","UNIQUE","CLAIM_CATEGORY","1"
"CLAIM_CATEGORY","TM_CLAIM_CATEGOR_IDX1","NONUNIQUE","CLAIM_CLASSIFICATION","1"
"CLAIM_CLASSIFICATION","CLAIM_CLFS_PK","UNIQUE","CLAIM_CLASSIFICATION","1"
"CLAIM_PARAMETER","CLAIM_PARAMETER_PK","UNIQUE","CLAIM_PARAM_ID","1"
"CLAIM_PARAMETER","TM_CLAIM_PARAMET_IDX1","NONUNIQUE","CARRIER_ID","1"
"CLAIM_PARAMETER","TM_CLAIM_PARAMET_IDX2","NONUNIQUE","CLAIM_CATEGORY","1"
"CLAIM_PARAMETER","TM_CLAIM_PARAMET_IDX3","NONUNIQUE","CLAIM_GROUP","1"
"CLAIM_PARAMETER","TM_CLAIM_PARAMET_IDX4","NONUNIQUE","CLAIM_TYPE","1"
"CLAIM_PARAMETER","TM_CLAIM_PARAMET_IDX5","NONUNIQUE","TC_COMPANY_ID","1"
"CLAIM_SYSTEM_ACTION_CODE","CLAIM_SCODE_PK","UNIQUE","CLAIM_ACTION_CODE","1"
"CLAIM_SYSTEM_ACTION_CODE","CLAIM_SCODE_PK","UNIQUE","CLAIM_ACTION_TYPE","2"
"CLAIM_TYPE","CLAIM_TYPE_PK","UNIQUE","CLAIM_TYPE","1"
"CLAIM_TYPE","TM_CLAIM_TYPE_IDX1","NONUNIQUE","CLAIM_CATEGORY","1"
"CLASSIFICATION_CODE","CLASSIFICATION_CODE_FK1_1_IX","NONUNIQUE","COMPANY_ID","1"
"CLASSIFICATION_CODE","CLASSIFICATION_CODE_PK","UNIQUE","CLASSIFICATION_CODE_ID","1"
"CLASSIFICATION_CODE","CLASSIFICATION_CODE_UK","UNIQUE","TYPE","1"
"CLASSIFICATION_CODE","CLASSIFICATION_CODE_UK","UNIQUE","CLASSIFICATION_CODE","2"
"CLASSIFICATION_CODE","CLASSIFICATION_CODE_UK","UNIQUE","COMPANY_ID","3"
"CL_ALERT","CL_ALERT_IN_1","UNIQUE","ENDPOINT_ID","1"
"CL_ALERT","CL_ALERT_IN_1","UNIQUE","ALERT_TYPE","2"
"CL_ALERT","CL_ALERT_IN_1","UNIQUE","SEVERITY","3"
"CL_ALERT","CL_ALERT_PK","UNIQUE","ALERT_ID","1"
"CL_ALERT","TM_CL_ALERT_IDX1","NONUNIQUE","ENDPOINT_ID","1"
"CL_CLUSTER","CL_CLUSTER_IN_1","UNIQUE","NAME","1"
"CL_CLUSTER","CL_CLUSTER_PK","UNIQUE","CLUSTER_ID","1"
"CL_CONNECT_MODE","CL_CONNECT_MODE_PK","UNIQUE","CONNECT_MODE_ID","1"
"CL_CONNECT_WHEN","CL_CONNECT_WHEN_PK","UNIQUE","CONNECT_WHEN_ID","1"
"CL_CONTROL_FILE_FORMAT","CL_CONTROL_FILE_FORMAT_PK","UNIQUE","CONTROL_FILE_FORMAT_ID","1"
"CL_CONTROL_FILE_OPTION","CL_CONTROL_FILE_OPTION_PK","UNIQUE","CONTROL_FILE_OPTION_ID","1"
"CL_CONVERSATION","CL_CONVERSATION_PK","UNIQUE","CONVERSATION_ID","1"
"CL_CRON","CL_CRON_IN_1","UNIQUE","NAME","1"
"CL_CRON","CL_CRON_PK","UNIQUE","CRON_ID","1"
"CL_CRON","TM_CL_CRON_IDX1","NONUNIQUE","CRON_GROUP_ID","1"
"CL_CRON_GROUP","CL_CRON_GROUP_IN_1","UNIQUE","NAME","1"
"CL_CRON_GROUP","CL_CRON_GROUP_PK","UNIQUE","CRON_GROUP_ID","1"
"CL_DATA_ENCODING","CL_DATA_ENCODING_PK","UNIQUE","DATA_ENCODING_ID","1"
"CL_DATA_FORMAT","CL_DATA_FORMAT_PK","UNIQUE","DATA_FORMAT_ID","1"
"CL_DATA_TRANSFER","CL_DATA_TRANSFER_PK","UNIQUE","DATA_TRANSFER_ID","1"
"CL_DIRECTION","CL_DIRECTION_PK","UNIQUE","DIRECTION_ID","1"
"CL_DISCONNECT_WHEN","CL_DISCONNECT_WHEN_PK","UNIQUE","DISCONNECT_WHEN_ID","1"
"CL_DRIVER","CL_DRIVER_IN_1","UNIQUE","NAME","1"
"CL_DRIVER","CL_DRIVER_PK","UNIQUE","DRIVER_ID","1"
"CL_DRIVER","TM_CL_DRIVER_IDX1","NONUNIQUE","CLUSTER_ID","1"
"CL_DRIVER","TM_CL_DRIVER_IDX2","NONUNIQUE","ENDPOINT_ID","1"
"CL_DRIVER","TM_CL_DRIVER_IDX3","NONUNIQUE","ENGINE_ID","1"
"CL_DRIVER_INTERCEPTOR","CL_DRIVER_INTERCEPTOR_PK","UNIQUE","DRIVER_ID","1"
"CL_DRIVER_INTERCEPTOR","CL_DRIVER_INTERCEPTOR_PK","UNIQUE","INTERCEPTOR_ID","2"
"CL_DRIVER_INTERCEPTOR","TM_CL_DRIVER_INT_IDX1","NONUNIQUE","DRIVER_ID","1"
"CL_DRIVER_INTERCEPTOR","TM_CL_DRIVER_INT_IDX2","NONUNIQUE","INTERCEPTOR_ID","1"
"CL_ENABLE_OPTION","CL_ENABLE_OPTION_PK","UNIQUE","ENABLE_OPTION_ID","1"
"CL_ENDPOINT","CL_ENDPOINT_IN_1","UNIQUE","NAME","1"
"CL_ENDPOINT","CL_ENDPOINT_IN_2","NONUNIQUE","CONVERSATION_ID","1"
"CL_ENDPOINT","CL_ENDPOINT_PK","UNIQUE","ENDPOINT_ID","1"
"CL_ENDPOINT","TM_CL_ENDPOINT_IDX1","NONUNIQUE","CRON_GROUP_ID","1"
"CL_ENDPOINT_EXT","CL_ENDPOINT_EXT_PK","UNIQUE","ENDPOINT_EXT_ID","1"
"CL_ENDPOINT_QUEUE","CL_ENDPOINT_QUEUE_IN_1","UNIQUE","ENDPOINT_ID","1"
"CL_ENDPOINT_QUEUE","CL_ENDPOINT_QUEUE_IN_1","UNIQUE","STATUS","2"
"CL_ENDPOINT_QUEUE","CL_ENDPOINT_QUEUE_IN_1","UNIQUE","SYS_NC00017$","3"
"CL_ENDPOINT_QUEUE","CL_ENDPOINT_QUEUE_IN_1","UNIQUE","WHEN_QUEUED","4"
"CL_ENDPOINT_QUEUE","CL_ENDPOINT_QUEUE_IN_1","UNIQUE","ENDPOINT_QUEUE_ID","5"
"CL_ENDPOINT_QUEUE","CL_ENDPOINT_QUEUE_IN_2","NONUNIQUE","WHEN_STATUS_CHANGED","1"
"CL_ENDPOINT_QUEUE","CL_ENDPOINT_QUEUE_IN_3","NONUNIQUE","MSG_ID","1"
"CL_ENDPOINT_QUEUE","CL_ENDPOINT_QUEUE_IN_4","NONUNIQUE","WHEN_QUEUED","1"
"CL_ENDPOINT_QUEUE","CL_ENDPOINT_QUEUE_IN_5","NONUNIQUE","STATUS","1"
"CL_ENDPOINT_QUEUE","CL_ENDPOINT_QUEUE_PK","UNIQUE","ENDPOINT_QUEUE_ID","1"
"CL_ENDPOINT_QUEUE_HISTORY","CL_ENDPOINT_QUEUE_HIST_IN_1","NONUNIQUE","WHEN_STATUS_CHANGED","1"
"CL_ENDPOINT_QUEUE_HISTORY","CL_ENDPOINT_QUEUE_HIST_IN_2","NONUNIQUE","MSG_ID","1"
"CL_ENDPOINT_QUEUE_HISTORY","CL_ENDPOINT_QUEUE_HIST_PK","UNIQUE","ENDPOINT_QUEUE_ID","1"
"CL_ENDPOINT_STATUS_DETAIL","CL_ENDPOINT_STATUS_DETAIL_PK","UNIQUE","CL_ENDPOINT_STATUS_DETAIL_ID","1"
"CL_ENDPOINT_STATUS_DETAIL","CL_ENDPT_STATUS_DETAIL_FK_1_IX","NONUNIQUE","ENDPOINT_ID","1"
"CL_ENGINE","CL_ENGINE_IN_1","UNIQUE","NAME","1"
"CL_ENGINE","CL_ENGINE_PK","UNIQUE","ENGINE_ID","1"
"CL_ENGINE","TM_CL_ENGINE_IDX1","NONUNIQUE","MACHINE_ID","1"
"CL_ENGINE_CONFIG","CL_ENGINE_CONFIG_PK","UNIQUE","ENGINE_CONFIG_ID","1"
"CL_ENGINE_GROUP","CL_ENGINE_GROUP_IN_1","UNIQUE","NAME","1"
"CL_ENGINE_GROUP","CL_ENGINE_GROUP_PK","UNIQUE","ENGINE_GROUP_ID","1"
"CL_ENGINE_GROUP_XREF","CL_ENGINE_GROUP_XREF_PK","UNIQUE","ENGINE_GROUP_ID","1"
"CL_ENGINE_GROUP_XREF","CL_ENGINE_GROUP_XREF_PK","UNIQUE","ENGINE_ID","2"
"CL_ENGINE_GROUP_XREF","TM_CL_ENGINE_GRO_IDX1","NONUNIQUE","ENGINE_GROUP_ID","1"
"CL_ENGINE_GROUP_XREF","TM_CL_ENGINE_GRO_IDX2","NONUNIQUE","ENGINE_ID","1"
"CL_EVENT_MASTER","CL_EVENT_MASTER_PK","UNIQUE","EVENT_ID","1"
"CL_EVENT_PUBLICATION","CL_EVENT_PUBLICATION_PK","UNIQUE","EVENT_ID","1"
"CL_EVENT_PUBLICATION","CL_EVENT_PUBLICATION_PK","UNIQUE","ENDPOINT_ID","2"
"CL_EVENT_PUBLICATION","TM_CL_EVENT_PUBL_IDX1","NONUNIQUE","ENDPOINT_ID","1"
"CL_EVENT_PUBLICATION","TM_CL_EVENT_PUBL_IDX2","NONUNIQUE","EVENT_ID","1"
"CL_EVENT_SUBSCRIPTION","CL_EVENT_SUBSCRIPTION_PK","UNIQUE","EVENT_ID","1"
"CL_EVENT_SUBSCRIPTION","CL_EVENT_SUBSCRIPTION_PK","UNIQUE","ENDPOINT_ID","2"
"CL_EVENT_SUBSCRIPTION","CL_EVENT_SUBSCRIPTION_PK","UNIQUE","C_MHE_RULE_GROUP","3"
"CL_EVENT_SUBSCRIPTION","TM_CL_EVENT_SUBS_IDX1","NONUNIQUE","ENDPOINT_ID","1"
"CL_EVENT_SUBSCRIPTION","TM_CL_EVENT_SUBS_IDX2","NONUNIQUE","EVENT_ID","1"
"CL_EXTENDED_CONFIGURATION","CL_EXTENDED_CONFIGURATION_PK","UNIQUE","CONFIG_ID","1"
"CL_FAILOVER_TRACKING","CL_FAILOVER_TRACKING_PK","UNIQUE","CLUSTER_ID","1"
"CL_FAILOVER_TRACKING","CL_FAILOVER_TRACKING_PK","UNIQUE","DRIVER_ID","2"
"CL_FAILOVER_TRACKING","TM_CL_FAILOVER_T_IDX1","NONUNIQUE","CLUSTER_ID","1"
"CL_FAILOVER_TRACKING","TM_CL_FAILOVER_T_IDX2","NONUNIQUE","DRIVER_ID","1"
"CL_FRAMING_STYLE","CL_FRAMING_STYLE_PK","UNIQUE","FRAMING_STYLE_ID","1"
"CL_FTP_CONNECT_MODE","CL_FTP_CONNECT_MODE_PK","UNIQUE","FTP_CONNECT_MODE_ID","1"
"CL_HEARTBEAT_TYPE","CL_HEARTBEAT_TYPE_PK","UNIQUE","HEARTBEAT_TYPE_ID","1"
"CL_HTTP_GROUP","CL_HTTP_GROUP_IN_1","UNIQUE","NAME","1"
"CL_HTTP_GROUP","CL_HTTP_GROUP_PK","UNIQUE","HTTP_GROUP_ID","1"
"CL_HTTP_HEADER","CL_HTTP_HEADER_IN_1","NONUNIQUE","NAME","1"
"CL_HTTP_HEADER","CL_HTTP_HEADER_PK","UNIQUE","HTTP_HEADER_ID","1"
"CL_HTTP_HEADER","TM_CL_HTTP_HEADE_IDX1","NONUNIQUE","HTTP_GROUP_ID","1"
"CL_INTERCEPTOR","CL_INTERCEPTOR_PK","UNIQUE","INTERCEPTOR_ID","1"
"CL_MACHINE","CL_MACHINE_IN_1","UNIQUE","NAME","1"
"CL_MACHINE","CL_MACHINE_PK","UNIQUE","MACHINE_ID","1"
"CL_MACHINE_XREF","CL_MACHINE_XREF_FK_3_1_IX","NONUNIQUE","MACHINE_ID","1"
"CL_MACHINE_XREF","CL_MACHINE_XREF_PK","UNIQUE","CLUSTER_ID","1"
"CL_MACHINE_XREF","CL_MACHINE_XREF_PK","UNIQUE","SERVER_CONFIG_ID","2"
"CL_MESSAGE","CL_MESSAGE_IN_1","NONUNIQUE","EVENT_ID","1"
"CL_MESSAGE","CL_MESSAGE_PK","UNIQUE","MSG_ID","1"
"CL_MESSAGE_HISTORY","CL_MESSAGE_HIST_PK","UNIQUE","MSG_ID","1"
"CL_MESSAGE_KEYS","CL_MESSAGE_KEYS_PK","UNIQUE","MSG_ID","1"
"CL_MESSAGE_KEYS","CL_MESSAGE_KEYS_PK","UNIQUE","KEY_ID","2"
"CL_MESSAGE_KEYS","CL_MESSAGE_KEYS_PK","UNIQUE","VALUE","3"
"CL_MESSAGE_KEYS_HISTORY","CL_MESSAGE_KEYS_HIST_PK","UNIQUE","MSG_ID","1"
"CL_MESSAGE_KEYS_HISTORY","CL_MESSAGE_KEYS_HIST_PK","UNIQUE","KEY_ID","2"
"CL_MESSAGE_KEYS_HISTORY","CL_MESSAGE_KEYS_HIST_PK","UNIQUE","VALUE","3"
"CL_MESSAGE_STATUS","CL_MESSAGE_STATUS_PK","UNIQUE","STATUS_ID","1"
"CL_PRIORITY","CL_PRIORITY_PK","UNIQUE","PRIORITY_ID","1"
"CL_PROTOCOL","CL_PROTOCOL_PK","UNIQUE","PROTOCOL_ID","1"
"CL_PROTOCOL_FILE","CL_PROTOCOL_FILE_PK","UNIQUE","PROTOCOL_FILE_ID","1"
"CL_PROTOCOL_FTP","CL_PROTOCOL_FTP_PK","UNIQUE","PROTOCOL_FTP_ID","1"
"CL_PROTOCOL_HTTP","CL_PROTOCOL_HTTP_PK","UNIQUE","PROTOCOL_HTTP_ID","1"
"CL_PROTOCOL_JMS","CL_PROTOCOL_JMS_PK","UNIQUE","PROTOCOL_JMS_ID","1"
"CL_PROTOCOL_MQS","CL_PROTOCOL_MQS_PK","UNIQUE","PROTOCOL_MQS_ID","1"
"CL_PROTOCOL_RFID1","CL_PROTOCOL_RFID1_PK","UNIQUE","PROTOCOL_RFID1_ID","1"
"CL_PROTOCOL_TCP","CL_PROTOCOL_TCP_PK","UNIQUE","PROTOCOL_TCP_ID","1"
"CL_PROTOCOL_TCPMUX","CL_PROTOCOL_TCPMUX_PK","UNIQUE","PROTOCOL_TCPMUX_ID","1"
"CL_PROTOCOL_UDP","CL_PROTOCOL_UDP_PK","UNIQUE","PROTOCOL_UDP_ID","1"
"CL_SEQUENCE","CL_SEQUENCE_PK","UNIQUE","SEQUENCE_NAME","1"
"CL_SERVER_CONFIG","CL_SERVER_CONFIG_PK","UNIQUE","MACHINE_ID","1"
"CL_SERVER_CONFIG","CL_SERVER_CONFIG_PK","UNIQUE","PORT","2"
"CL_SERVER_CONFIG","CL_SERVER_CONFIG_UNQ","UNIQUE","SERVER_CONFIG_ID","1"
"CL_SERVER_TYPE","CL_SERVER_TYPE_PK","UNIQUE","SERVER_TYPE_ID","1"
"CL_SIZE_ENCODING","CL_SIZE_ENCODING_PK","UNIQUE","SIZE_ENCODING_ID","1"
"CL_SIZE_SCOPE","CL_SIZE_SCOPE_PK","UNIQUE","SIZE_SCOPE_ID","1"
"CL_SOURCE_FILE_OPTION","CL_SOURCE_FILE_OPTION_PK","UNIQUE","SOURCE_FILE_OPTION_ID","1"
"CL_STATUS","CL_STATUS_PK","UNIQUE","STATUS_ID","1"
"CL_TRANSFER_TYPE","CL_TRANSFER_TYPE_PK","UNIQUE","TRANSFER_TYPE_ID","1"
"CL_VOCO_CONFIG","CL_VOCO_CONFIG_PK","UNIQUE","CONFIG_VOCO_ID","1"
"CNFG_FRAME_MASTER","PK_CNFG_FRAME_MASTER","UNIQUE","CNFG_FRAME_MASTER_ID","1"
"CNFG_FRAME_MASTER","UK_CNFG_FRAME_MASTER","UNIQUE","FRAME_ID","1"
"CNFG_SCRN_FRAME","PK_CNFG_SCRN_FRAME","UNIQUE","CNFG_SCRN_FRAME_ID","1"
"CNFG_SCRN_FRAME","UK_CNFG_SCRN_FRAME","UNIQUE","SCRN_ID","1"
"CNFG_SCRN_FRAME","UK_CNFG_SCRN_FRAME","UNIQUE","FRAME_ID","2"
"CNFG_SCRN_FRAME","UK_CNFG_SCRN_FRAME","UNIQUE","LOGIN_USER_ID","3"
"CNFG_SCRN_FRAME","UK_CNFG_SCRN_FRAME","UNIQUE","ROLE_ID","4"
"CNFG_SCRN_MASTER","PK_CNFG_SCRN_MASTER","UNIQUE","CNFG_SCRN_MASTER_ID","1"
"CNFG_SCRN_MASTER","UK_CNFG_SCRN_MASTER","UNIQUE","SCRN_ID","1"
"CNSTR_DTL","IDX_CNSTR_DTL_CNSTR_ID","NONUNIQUE","CNSTR_ID","1"
"CNSTR_DTL","INDX_CNSTR_DTL_1","NONUNIQUE","CAT_ID","1"
"CNSTR_DTL","INDX_CNSTR_DTL_2","NONUNIQUE","CAT_ID","1"
"CNSTR_DTL","INDX_CNSTR_DTL_2","NONUNIQUE","CAT_CODE_ID","2"
"CNSTR_DTL","PK_CNSTR_DTL","UNIQUE","CONST_XREF_ID","1"
"CNSTR_GRP","IDX_CNSTR_GRP_WHSE_CODE","NONUNIQUE","WHSE_CODE","1"
"CNSTR_GRP","PK_CNSTR_GRP","UNIQUE","CNSTR_GRP_ID","1"
"CNSTR_MULT_LOC","PK_CNSTR_MULT_LOC","UNIQUE","CNSTR_MULT_LOC_ID","1"
"CNSTR_RACK_LEVEL","IDX_CNSTR_RACK_LEVEL_WHSE_CODE","NONUNIQUE","WHSE_CODE","1"
"CNSTR_RACK_LEVEL","INDX_CNSTR_RACK_LEVEL1","NONUNIQUE","CNSTR_ID","1"
"CNSTR_RACK_LEVEL","PK_CNSTR_RACK_LEVEL","UNIQUE","CNSTR_RACK_LEVEL_ID","1"
"CNTR_TYPE","CNTR_TYPE_PK","UNIQUE","CNTR_TYPE_ID","1"
"CNT_INVN_DTL","FK_CNT_INVN_DTL_TO_HDR","NONUNIQUE","CNT_INVN_HDR_ID","1"
"CNT_INVN_DTL","PK_CNT_INVN_DTL","UNIQUE","CNT_INVN_DTL_ID","1"
"CNT_INVN_DTL","TM_CNT_INVN_DTL_IDX1","NONUNIQUE","ITEM_ID","1"
"CNT_INVN_HDR","CNTINVNHDR_LOCNID_IDX","NONUNIQUE","LOCN_ID","1"
"CNT_INVN_HDR","PE_CNT_INVN_HDR_IDX1","NONUNIQUE","PHYS_INVN_HDR_ID","1"
"CNT_INVN_HDR","PE_CNT_INVN_HDR_IDX2","NONUNIQUE","LPN_ID","1"
"CNT_INVN_HDR","PE_CNT_INVN_HDR_IDX2","NONUNIQUE","LOCN_ID","2"
"CNT_INVN_HDR","PE_CNT_INVN_HDR_IDX3","NONUNIQUE","LOCN_ID","1"
"CNT_INVN_HDR","PE_CNT_INVN_HDR_IDX3","NONUNIQUE","PHYS_INVN_HDR_ID","2"
"CNT_INVN_HDR","PK_CNT_INVN_HDR","UNIQUE","CNT_INVN_HDR_ID","1"
"CNT_INVN_HDR","TM_CNT_INVN_HDR_IDX1","NONUNIQUE","LPN_ID","1"
"CNT_INVN_SRL_NBR","PK_CNT_INVN_SRL_NBR","UNIQUE","CNT_INVN_SRL_NBR_ID","1"
"CNT_INVN_SRL_NBR","TM_CNT_INVN_SRL_NBR_IDX1","NONUNIQUE","CNT_INVN_DTL_ID","1"
"COGI_DETAIL","COGI_DETAIL_PK","UNIQUE","TC_COMPANY_ID","1"
"COGI_DETAIL","COGI_DETAIL_PK","UNIQUE","COGI_ID","2"
"COGI_DETAIL","COGI_DETAIL_PK","UNIQUE","COGI_DETAIL_ID","3"
"COGI_DETAIL","COGI_DE_COGI__IDX1","NONUNIQUE","COGI_ID","1"
"COGI_DETAIL","TM_COGI_DETAIL_IDX1","NONUNIQUE","TC_COMPANY_ID","1"
"COLM_MASTER","PK_COLM_MASTER","UNIQUE","COLM_MASTER_ID","1"
"COLOR_CODE_DTL","IDX_CLR_CODE_DTL_CLR_CODE_ID","NONUNIQUE","COLOR_CODE_ID","1"
"COLOR_CODE_DTL","PK_COLOR_CODE_DTL","UNIQUE","COLOR_CODE_DTL_ID","1"
"COLOR_CODE_HDR","PK_COLOR_ATTRIBUTE_HDR","UNIQUE","COLOR_CODE_ID","1"
"COMMENT_TYPE","COMMENT_TYPE_PK","UNIQUE","CODE","1"
"COMPANY_OPT_ENGINE","COMPANY_OPT_ENGINE_PK","UNIQUE","COMPANY_ID","1"
"COMPANY_OPT_ENGINE","COMPANY_OPT_ENGINE_PK","UNIQUE","OPT_ENGINE_ID","2"
"COMPANY_OPT_ENGINE","T_COMPANY_OPT_ENGI_FK_IDX_62","NONUNIQUE","OPT_ENGINE_ID","1"
"COMPANY_OPT_ENGINE","T_COMPANY_OPT_ENGI_FK_IDX_63","NONUNIQUE","OPT_ENGINE_TYPE","1"
"COMPANY_PARAMETER","COMPANY_PARAMETER_IDX","UNIQUE","TC_COMPANY_ID","1"
"COMPANY_PARAMETER","COMPANY_PARAMETER_IDX","UNIQUE","PARAM_DEF_ID","2"
"COMPANY_PARAMETER","COMPANY_PARAMETER_IDX","UNIQUE","PARAM_GROUP_ID","3"
"COMPANY_PARAMETER","COMPANY_PARAMETER_IDX","UNIQUE","ADDITIONAL_QUALIFIER","4"
"COMPANY_PARAMETER","TM_COMPANY_PARAM_IDX1","NONUNIQUE","TC_COMPANY_ID","1"
"COMPANY_PARAMETER","T_COMPANY_PARAMETE_FK_IDX_64","NONUNIQUE","PARAM_DEF_ID","1"
"COMPANY_PARAMETER","T_COMPANY_PARAMETE_FK_IDX_64","NONUNIQUE","PARAM_GROUP_ID","2"
"COMPANY_REF","COMPANY_REF_PK","UNIQUE","COMPANY_ID","1"
"COMPOSITE_SERVICE_ARGS","COMPSERVARGS_PK","UNIQUE","ARG_ID","1"
"COMPOSITE_SERVICE_ARGS","TM_COMPOSITE_SER_IDX1","NONUNIQUE","CS_ID","1"
"COMPOSITE_SERVICE_REPOSITORY","COMP_SERV_REP_PK","UNIQUE","CS_ID","1"
"COMPOSITE_SERVICE_REPOSITORY","COMP_SERV_REP_UK","UNIQUE","NAME","1"
"COMPOSITE_SERVICE_REPOSITORY","COMP_SERV_REP_UK","UNIQUE","TARGET_NAMESPACE","2"
"COMPOSITE_SERVICE_REPOSITORY","COMP_SERV_REP_UK","UNIQUE","DOMAINGROUPID","3"
"COMPOSITE_SERVICE_REPOSITORY","COMP_SERV_REP_UK","UNIQUE","STATUS","4"
"CONDITION_TYPE","CTYPE_PK","UNIQUE","CONDITION_TYPE","1"
"CONFIG_TOOL_DEPENDENT_STEPS","PK_CONTOOLDEPSTEPS","UNIQUE","CONFIG_TOOL_DEPENDENT_STEPS_ID","1"
"CONFIG_TOOL_DEPENDENT_STEPS","TM_CONFIG_TOOL_DEP_STEPS_IDX1","NONUNIQUE","CONFIG_DEPENDENT_STEP_ID","1"
"CONFIG_TOOL_DEPENDENT_STEPS","TM_CONFIG_TOOL_DEP_STEPS_IDX2","NONUNIQUE","CONFIG_TOOL_DTL_ID","1"
"CONFIG_TOOL_DTL","PK_CONTOOLDTL","UNIQUE","CONFIG_TOOL_DTL_ID","1"
"CONFIG_TOOL_DTL","TM_CONFIG_TOOL_DTL_IDX1","NONUNIQUE","CONFIG_TOOL_HDR_ID","1"
"CONFIG_TOOL_HDR","PK_CONFIGTOOLHDR","UNIQUE","CONFIG_TOOL_HDR_ID","1"
"CONFIG_TOOL_PREF_ANSWER","PK_CONTOOLPREFANS","UNIQUE","CONFIG_TOOL_PREF_ANSWER_ID","1"
"CONFIG_TOOL_PREF_ANSWER","TM_CONFIG_TOOL_PREF_ANSR_IDX1","NONUNIQUE","CONFIG_TOOL_PREF_QUESTION_ID","1"
"CONFIG_TOOL_PREF_DISABLED_STEP","PK_CONTOOLPREFDISSTEP","UNIQUE","CONFIG_TOOL_PREF_DSBLD_STEP_ID","1"
"CONFIG_TOOL_PREF_DISABLED_STEP","TM_CONFIG_TOOL_PREF_DI_ST_IDX1","NONUNIQUE","CONFIG_TOOL_DTL_ID","1"
"CONFIG_TOOL_PREF_QUESTION","PK_CONFIGTOOLPREFQUES","UNIQUE","CONFIG_TOOL_PREF_QUESTION_ID","1"
"CONFIG_TOOL_PREF_QUESTION","TM_CONFIG_TOOL_PREF_QUES_IDX1","NONUNIQUE","CONFIG_TOOL_HDR_ID","1"
"CONSTEMP_SCHED_EVENT","CTEMP_SCHDEVENT_PK","UNIQUE","TC_COMPANY_ID","1"
"CONSTEMP_SCHED_EVENT","CTEMP_SCHDEVENT_PK","UNIQUE","EVENT_ID","2"
"CONSTEMP_SCHED_EVENT","CTEMP_SCHDEVENT_PK","UNIQUE","DAY_OF_WEEK","3"
"CONSTEMP_SCHED_EVENT","CTEMP_SCHDEVENT_PK","UNIQUE","CONS_TEMPLATE_ID","4"
"CONSTEMP_SCHED_EVENT","TM_CONSTEMP_SCHED_EVENT_IDX1","NONUNIQUE","EVENT_ID","1"
"CONSTEMP_SCHED_EVENT","TM_CONSTEMP_SCHED_EVENT_IDX2","NONUNIQUE","TC_COMPANY_ID","1"
"CONSTEMP_SCHED_EVENT_HISTORY","CTEMP_SCHDEVENT_HIST_IDX1","NONUNIQUE","EVENT_ID","1"
"CONSTEMP_SCHED_EVENT_HISTORY","CTEMP_SCHDEVENT_HIST_PK","UNIQUE","TC_COMPANY_ID","1"
"CONSTEMP_SCHED_EVENT_HISTORY","CTEMP_SCHDEVENT_HIST_PK","UNIQUE","EVENT_ID","2"
"CONSTEMP_SCHED_EVENT_HISTORY","CTEMP_SCHDEVENT_HIST_PK","UNIQUE","DAY_OF_WEEK","3"
"CONSTEMP_SCHED_EVENT_HISTORY","CTEMP_SCHDEVENT_HIST_PK","UNIQUE","CONS_TEMPLATE_ID","4"
"CONSTRAINTS","IDX_CONSTRAINTS_CNSTR_GRP_ID","NONUNIQUE","CNSTR_GRP_ID","1"
"CONSTRAINTS","INDX_CONSTRAINT_1","NONUNIQUE","KIT_ID","1"
"CONSTRAINTS","INDX_CONSTRAINT_2","NONUNIQUE","CAT_ID","1"
"CONSTRAINTS","PK_CONSTRAINTS","UNIQUE","CNSTR_ID","1"
"CONS_ORDER_PATH","CONS_ORD_PATH_INDX","UNIQUE","CONS_RUN_ID","1"
"CONS_ORDER_PATH","CONS_ORD_PATH_INDX","UNIQUE","ORDER_ID","2"
"CONS_ORDER_PATH","CONS_ORD_PATH_INDX","UNIQUE","ORDER_SPLIT_ID","3"
"CONS_ORDER_PATH","CONS_ORD_PATH_INDX","UNIQUE","TC_COMPANY_ID","4"
"CONS_ORDER_PATH","CONS_ORD_PATH_INDX","UNIQUE","PATH_SET_ID","5"
"CONS_ORDER_PATH","CONS_ORD_PATH_INDX","UNIQUE","PATH_ID","6"
"CONS_ORDER_PATH","CONS_ORD_PATH_OID_IDX","NONUNIQUE","ORDER_ID","1"
"CONS_ORDER_PATH","CONS_ORD_PATH_PK","UNIQUE","CONS_ORDER_PATH_ID","1"
"CONS_ORDER_PATH","TM_CONS_ORDER_PATH_IDX1","NONUNIQUE","CONS_RUN_ID","1"
"CONS_ORDER_PATH","TM_CONS_ORDER_PATH_IDX2","NONUNIQUE","ERROR_MSG_ID","1"
"CONS_ORDER_PATH","TM_CONS_ORDER_PATH_IDX3","NONUNIQUE","ORDER_SPLIT_ID","1"
"CONS_REGION","CONS_REGION_PK","UNIQUE","TC_COMPANY_ID","1"
"CONS_REGION","CONS_REGION_PK","UNIQUE","CONS_REGION_CODE","2"
"CONS_REGION","TM_CONS_REGION_IDX1","NONUNIQUE","DIRECTION","1"
"CONS_RUN","CONS_RUN_CRT_IDX","NONUNIQUE","CONS_RUN_TYPE","1"
"CONS_RUN","CONS_RUN_PK","UNIQUE","CONS_RUN_ID","1"
"CONS_RUN","TE_IND_RTE_WAVE","NONUNIQUE","RTE_WAVE_NBR","1"
"CONS_RUN","TM_CONS_RUN_IDX1","NONUNIQUE","OPT_ENGINE_ID","1"
"CONS_RUN","TM_CONS_RUN_IDX2","NONUNIQUE","TC_COMPANY_ID","1"
"CONS_RUN_DTL","CONS_RUN_DTL_IDX","NONUNIQUE","CONS_RUN_ID","1"
"CONS_RUN_DTL","CONS_RUN_DTL_IDX2","NONUNIQUE","CONS_DTL_CODE","1"
"CONS_RUN_DTL","CONS_RUN_DTL_IDX3","NONUNIQUE","DESCRIPTION","1"
"CONS_RUN_DTL","CONS_RUN_DTL_PK","UNIQUE","CONS_RUN_DTL_ID","1"
"CONS_RUN_DTL","TM_CONS_RUN_DTL_IDX1","NONUNIQUE","CONS_RUN_DTL_TYPE","1"
"CONS_RUN_DTL_TYPE","CONS_RUN_DTL_TY_PK","UNIQUE","CONS_RUN_DTL_TYPE","1"
"CONS_TEMPLATE","CONS_TEMPLATE_PK","UNIQUE","CONS_TEMPLATE_ID","1"
"CONS_TEMPLATE","CONS_TEMP_COMP_IDX","NONUNIQUE","TC_COMPANY_ID","1"
"CONS_TEMPLATE","TM_CONS_TEMPLATE_IDX1","NONUNIQUE","FILTER_ID","1"
"CONS_TEMPLATE","TM_CONS_TEMPLATE_IDX2","NONUNIQUE","OPT_ENGINE_ID","1"
"CONS_TEMPLATE","TM_CONS_TEMPLATE_IDX3","NONUNIQUE","TC_COMPANY_ID","1"
"CONS_TEMPLATE","TM_CONS_TEMPLATE_IDX3","NONUNIQUE","OPT_PARAM_LIST_ID","2"
"CONTACT_FILTER_MAP","CONTACT_FILTER_MAP_PK","UNIQUE","CONTACT_ID","1"
"CONTACT_FILTER_MAP","CONTACT_FILTER_MAP_PK","UNIQUE","FILTER_OBJECT","2"
"CONTACT_FILTER_MAP","T_CONTACT_FILTER_M_FK_IDX_100","NONUNIQUE","FILTER_ID","1"
"CONTACT_FILTER_MAP","T_CONTACT_FILTER_M_FK_IDX_101","NONUNIQUE","FILTER_OBJECT","1"
"CONTAINER_TYPE","PK_CONTAINER_TYPE","UNIQUE","CNTR_TYPE","1"
"CONTEXT_REPO","CONTEXT_REPO_PK","UNIQUE","CONTEXT_ID","1"
"COST_TYPE_CBO","COST_TYPE_CBO_PK","UNIQUE","COST_TYPE_ID","1"
"CREATION_TYPE","CREATION_TYPE_PK","UNIQUE","CREATION_TYPE","1"
"CREDIT_CARD_TYPE","CREDIT_CARDTYPE_PK","UNIQUE","CREDIT_CARD_TYPE","1"
"CRON_JOB_HISTORY","CRON_JOB_HISTORY_IDX","NONUNIQUE","CURRENT_RUN_START_DTTM","1"
"CRON_JOB_HISTORY","CRON_JOB_HISTORY_IDX","NONUNIQUE","CURRENT_RUN_END_DTTM","2"
"CRON_JOB_HISTORY","CRON_JOB_HISTORY_IDX","NONUNIQUE","CURRENT_RUN_STATUS","3"
"CRON_JOB_HISTORY","CRON_JOB_HISTORY_IDX","NONUNIQUE","CRON_JOB_ID","4"
"CRON_JOB_HISTORY","PK_CRON_JOB_HISTORY","UNIQUE","CRON_JOB_HISTORY_ID","1"
"CROSSREF","CROSSREF_PK","UNIQUE","CROSSREF_ID","1"
"CS_EXECUTION_CONFIG_CONTEXT","CS_EXE_CONFIG_PK","UNIQUE","EXE_CONFIG_ID","1"
"CS_EXECUTION_CONFIG_CONTEXT","TM_CS_EXECUTION__IDX1","NONUNIQUE","CS_ID","1"
"CS_EXECUTION_CONFIG_CONTEXT","TM_CS_EXECUTION__IDX2","NONUNIQUE","FAILURE_NOTIFICATION_TYPE","1"
"CS_EXE_NOTIFICATION_PARAMS","CSEXENOTIFPARAM_PK","UNIQUE","EXE_NOTIFICATION_ID","1"
"CS_EXE_NOTIFICATION_PARAMS","TM_CS_EXE_NOTIFI_IDX1","NONUNIQUE","EXE_CONFIG_ID","1"
"CUSTOMER_CONTACT","CUST_CONTACT_PK","UNIQUE","CUSTOMER_ID","1"
"CUSTOMER_CONTACT","CUST_CONTACT_PK","UNIQUE","CUST_CONTACT_ID","2"
"CUSTOMER_CONTACT","TM_CUSTOMER_CONT_IDX1","NONUNIQUE","CUSTOMER_ID","1"
"CUSTOMER_CREDIT_LIMIT","CUST_CLIMIT_PK","UNIQUE","CUSTOMER_CREDIT_LIMIT_ID","1"
"CUSTOMER_CREDIT_LIMIT","TM_CUSTOMER_CRED_IDX1","NONUNIQUE","CURRENCY_CODE","1"
"CUSTOMER_CREDIT_LIMIT","TM_CUSTOMER_CRED_IDX2","NONUNIQUE","CUSTOMER_ID","1"
"CUSTOMER_CREDIT_LIMIT","TM_CUSTOMER_CRED_IDX3","NONUNIQUE","MOT_ID","1"
"CUSTOMER_DOC_DELIVERY_DTL","CUST_DOC_DDTL_PK","UNIQUE","CUSTOMER_DOC_DELIVERY_DTL_ID","1"
"CUSTOMER_DOC_DELIVERY_DTL","TM_CUSTOMER_DOC__IDX1","NONUNIQUE","CUSTOMER_ID","1"
"CUSTOMER_DOC_DELIVERY_DTL","TM_CUSTOMER_DOC__IDX2","NONUNIQUE","DELIVERY_METHOD","1"
"CUSTOMER_LETTER_OF_CREDIT","CUST_LOC_PK","UNIQUE","TC_COMPANY_ID","1"
"CUSTOMER_LETTER_OF_CREDIT","CUST_LOC_PK","UNIQUE","CUSTOMER_ID","2"
"CUSTOMER_LETTER_OF_CREDIT","CUST_LOC_PK","UNIQUE","CUSTOMER_LOC_ID","3"
"CUSTOMER_LETTER_OF_CREDIT","TM_CUSTOMER_LETT_IDX1","NONUNIQUE","CUSTOMER_ID","1"
"CUSTOMIZE_VIEW_TYPE","CUSTOMIZE_VW_TYP_PK","UNIQUE","CUSTOMIZE_VIEW_TYPE_ID","1"
"CUSTOM_BEHAVIORAL_DETAIL","CUST_BHVL_DTL_PK","UNIQUE","BEHAVIORAL_VIEW_ID","1"
"CUSTOM_BEHAVIORAL_DETAIL","TM_CUSTOM_BEHAVI_IDX1","NONUNIQUE","BEHAVIORAL_VIEW_TYPE_ID","1"
"CUSTOM_BEHAVIORAL_VIEW","CUST_BEHA_VIE_PK","UNIQUE","VIEW_ATTR_ID","1"
"CUSTOM_BEHAVIORAL_VIEW","TM_CUSTOM_BHV_IDX1","NONUNIQUE","VIEW_TYPE_ID","1"
"CUSTOM_BINDING_DETAILS","CUSTOM_BINDDTLS_PK","UNIQUE","CST_BINDING_DETAILS_ID","1"
"CUSTOM_BINDING_DETAILS","TM_CUSTOM_BINDIN_IDX1","NONUNIQUE","BINDING_ID","1"
"CUSTOM_BINDING_DETAILS","TM_CUSTOM_BINDIN_IDX2","NONUNIQUE","BINDING_TYPE_ID","1"
"CUSTOM_DISPLAY","CUSTOM_DISPLAY_CDTCI_UIDX","UNIQUE","CUSTOM_DISPLAY_TYPE","1"
"CUSTOM_DISPLAY","CUSTOM_DISPLAY_CDTCI_UIDX","UNIQUE","CONTACT_ID","2"
"CUSTOM_DISPLAY","CUSTOM_DISPLAY_PK","UNIQUE","CUSTOM_DISPLAY_ID","1"
"CUSTOM_DISPLAY","TM_CUSTOM_DISPLA_IDX1","NONUNIQUE","CUSTOM_DISPLAY_TYPE","1"
"CUSTOM_DISPLAY_DATATYPE","CUSTOM_DISPLAY_DATATYPE_PK","UNIQUE","CUSTOM_DISPLAY_DATATYPE","1"
"CUSTOM_DISPLAY_DETAIL","CUSTOM_DISPLAY_DETAIL_PK","UNIQUE","CUSTOM_DISPLAY_ID","1"
"CUSTOM_DISPLAY_DETAIL","CUSTOM_DISPLAY_DETAIL_PK","UNIQUE","DISPLAY_SEQ","2"
"CUSTOM_DISPLAY_DETAIL","TM_CUSTOM_DISPD_IDX1","NONUNIQUE","CUSTOM_DISPLAY_FIELD_ID","1"
"CUSTOM_DISPLAY_DETAIL","TM_CUSTOM_DISPD_IDX2","NONUNIQUE","CUSTOM_DISPLAY_ID","1"
"CUSTOM_DISPLAY_FIELD","CUSTOM_DSP_FIELD_PK","UNIQUE","CUSTOM_DISPLAY_FIELD_ID","1"
"CUSTOM_DISPLAY_FIELD","CUST_DISP_FLD_IDX","NONUNIQUE","CUSTOM_DISPLAY_TYPE","1"
"CUSTOM_DISPLAY_FIELD","CUST_DISP_FLD_IDX","NONUNIQUE","IS_DEFAULT","2"
"CUSTOM_DISPLAY_FIELD","CUST_DISP_FLD_IDX","NONUNIQUE","DEFAULT_SEQ","3"
"CUSTOM_DISPLAY_FIELD","TM_CUSTOM_DISPF_IDX1","NONUNIQUE","CUSTOM_DISPLAY_DATATYPE","1"
"CUSTOM_DISPLAY_FIELD","TM_CUSTOM_DISPF_IDX2","NONUNIQUE","CUSTOM_DISPLAY_TYPE","1"
"CUSTOM_DISPLAY_FIELD_ATTRIB","CUSTOM_DISPLAY_FIELD_ATTRIB_PK","UNIQUE","CUSTOM_DISPLAY_FIELD_ID","1"
"CUSTOM_DISPLAY_FIELD_ATTRIB","CUSTOM_DISPLAY_FIELD_ATTRIB_PK","UNIQUE","CUSTOM_DISPLAY_ATTRIB_SEQ","2"
"CUSTOM_DISPLAY_FIELD_ATTRIB","TM_CUSTOM_DISPA_IDX1","NONUNIQUE","CUSTOM_DISPLAY_FIELD_ID","1"
"CUSTOM_DISPLAY_FIELD_PERMIS","CUSTOM_DISPLAY_FIELD_PERM_PK","UNIQUE","CUSTOM_DISPLAY_FIELD_ID","1"
"CUSTOM_DISPLAY_FIELD_PERMIS","CUSTOM_DISPLAY_FIELD_PERM_PK","UNIQUE","PERMISSION","2"
"CUSTOM_DISPLAY_OPT_TABLES","CUSTOM_DISPLAY_OPT_TABLES_PK","UNIQUE","CUSTOM_DISPLAY_TYPE","1"
"CUSTOM_DISPLAY_OPT_TABLES","CUSTOM_DISPLAY_OPT_TABLES_PK","UNIQUE","TABLE_NAME","2"
"CUSTOM_DISPLAY_OPT_TABLES","TM_CUSTOM_DISPT_IDX1","NONUNIQUE","CUSTOM_DISPLAY_TYPE","1"
"CUSTOM_DISPLAY_TYPE","CUSTOM_DISPLAY_TYPE_PK","UNIQUE","CUSTOM_DISPLAY_TYPE","1"
"CUSTOM_FIELD","CUSTOM_FIELD_PK","UNIQUE","CUSTOM_FIELD_ID","1"
"CUSTOM_FIELD","IDX_PARENT_PANEL_ID","NONUNIQUE","CUSTOM_PANEL_ID","1"
"CUSTOM_FILTER_LAYOUT","CUSFLT_CUSTATT_FK1_1_IX","NONUNIQUE","CUSTOM_ATTRIBUTE_ID","1"
"CUSTOM_FILTER_LAYOUT","CUSFLT_CUSTATT_FK2_1_IX","NONUNIQUE","OBJECT_TYPE","1"
"CUSTOM_FILTER_LAYOUT","CUS_FIL_LAY_PK","UNIQUE","FILTER_LAYOUT_ID","1"
"CUSTOM_FRAGMENT","CUSTOM_FRAGMENT_PK","UNIQUE","CUSTOM_FRAGMENT_ID","1"
"CUSTOM_FRAGMENT","CUSTOM_FRGPRNT_IDX","NONUNIQUE","PARENT_CUSTOM_FRAGMENT_ID","1"
"CUSTOM_OPERATOR","CUSTOM_OPERATOR_FK1","NONUNIQUE","CUSTOM_OPERATOR_TYPE_ID","1"
"CUSTOM_OPERATOR","CUSTOM_OPERATOR_PK","UNIQUE","CUSTOM_OPERATOR_ID","1"
"CUSTOM_OPERATOR_TYPE","CUSTOM_OPRTR_TY_PK","UNIQUE","CUSTOM_OPERATOR_TYPE_ID","1"
"CUSTOM_PAGE","CUSTOM_CSID_IDX","NONUNIQUE","CUSTOM_ID","1"
"CUSTOM_PAGE","CUSTOM_PAGE_IDX","NONUNIQUE","CUSTOM_PAGE_INFO_ID","1"
"CUSTOM_PAGE","CUSTOM_PAGE_PK","UNIQUE","CUSTOM_PAGE_ID","1"
"CUSTOM_PAGE","CUSTOM_VIEW_TYPE_FK_1_IX","NONUNIQUE","CUSTOMIZE_VIEW_TYPE_ID","1"
"CUSTOM_PAGE_INFO","CUSTOM_PAGE_INFO_PK","UNIQUE","CUSTOM_PAGE_INFO_ID","1"
"CUSTOM_PANEL","CUSTOM_FRGMNT_IDX","NONUNIQUE","CUSTOM_FRAGMENT_ID","1"
"CUSTOM_PANEL","CUSTOM_PANEL_IDX","NONUNIQUE","CUSTOM_PAGE_ID","1"
"CUSTOM_PANEL","CUSTOM_PANEL_PK","UNIQUE","CUSTOM_PANEL_ID","1"
"CUSTOM_PANEL","CUSTOM_PARENT_IDX","NONUNIQUE","PARENT_CUSTOM_PANEL_ID","1"
"CUSTOM_QUICK_FILTER_LAYOUT","CSTQFLTLYT_CMP_IDX","NONUNIQUE","COMPANY_ID","1"
"CUSTOM_QUICK_FILTER_LAYOUT","CUSTQKFLTRLYT_PK","UNIQUE","QUICK_FILTER_ID","1"
"CUSTOM_REPORT_FILTER_LAYOUT","CRPTLOUT_CATT_FK_1_1_IX","NONUNIQUE","CUSTOM_ATTRIBUTE_ID","1"
"CUSTOM_REPORT_FILTER_LAYOUT","CUSTREPOLOUT_PK","UNIQUE","REPORT_DEF_LAYOUT_ID","1"
"CUSTOM_STYLE_VIEW","CUST_STL_VW_PK","UNIQUE","STYLE_VIEW_ID","1"
"CUSTOM_STYLE_VIEW","TM_CUSTOM_STYLE_IDX1","NONUNIQUE","STYLE_VIEW_TYPE_ID","1"
"CUSTOM_USER_ROLE_MAPPING","CUSTOM_URP_PK","UNIQUE","CUSTOM_USER_ROLE_ID","1"
"CUSTOM_USER_ROLE_MAPPING","CUSTOM_URP_UX","UNIQUE","CUSTOM_PAGE_ID","1"
"CUSTOM_USER_ROLE_MAPPING","CUSTOM_URP_UX","UNIQUE","USER_ID","2"
"CUSTOM_USER_ROLE_MAPPING","CUSTOM_URP_UX","UNIQUE","ROLE_ID","3"
"CUSTOM_VIEW_UIATTR","CUST_VW_UIATTR_PK","UNIQUE","CUSTOM_VIEW_UIATTR_ID","1"
"CUSTOM_VIEW_UIATTR","TM_CUSTOM_VIEW_U_IDX1","NONUNIQUE","CUSTOMIZE_VIEW_TYPE_ID","1"
"CUSTOM_VIEW_UIATTR","TM_CUSTOM_VIEW_U_IDX2","NONUNIQUE","OBJECT_TYPE_ID","1"
"CUSTOM_WINDOW_FORMAT","PK_CUSTOM_WINDOW_FORMAT","UNIQUE","CUSTOM_WINDOW_FORMAT_ID","1"
"CUST_INV_SCHED_CONFIG","CISC_FK1_IDX","NONUNIQUE","TC_COMPANY_ID","1"
"CUST_INV_SCHED_CONFIG","CISC_FK2_IDX","NONUNIQUE","RUN_TIME_ZONE","1"
"CUST_INV_SCHED_CONFIG","CST_INV_SCH_CFG_PK","UNIQUE","CONFIG_ID","1"
"CUST_INV_SCHED_CONFIG","TM_CUST_INV_SCHED_CONFIG_IDX1","NONUNIQUE","COUNTRY_CODE","1"
"CUST_INV_SCHED_CONFIG_DTL","CUSINVSCDCFGDTL_PK","UNIQUE","CONFIG_ID","1"
"CUST_INV_SCHED_CONFIG_DTL","CUSINVSCDCFGDTL_PK","UNIQUE","CONFIG_DTL_ID","2"
"CW","SYS_C0078109","UNIQUE","A","1"
"CYCLE_COUNT_TRIG","CCTRIG_TASKPARMID_IDX","NONUNIQUE","TASK_PARM_ID","1"
"CYCLE_COUNT_TRIG","PK_CYCLE_COUNT_TRIG","UNIQUE","CYCLE_COUNT_TRIG_ID","1"
"CYCLE_COUNT_TRIG","UK_CYCLE_COUNT_TRIG","UNIQUE","TRIG_CODE","1"
"CYCLE_COUNT_TRIG","UK_CYCLE_COUNT_TRIG","UNIQUE","WHSE","2"
"C_ASN","C_ASN_DFID_IDX","NONUNIQUE","DESTINATION_FACILITY_ID","1"
"C_ASN","C_ASN_OFID_IDX","NONUNIQUE","ORIGIN_FACILITY_ID","1"
"C_ASN","C_ASN_SHPID_IDX","NONUNIQUE","SHIPMENT_ID","1"
"C_ASN","C_PE_ASN_LIST_IX","NONUNIQUE","TC_COMPANY_ID","1"
"C_ASN","C_PE_ASN_LIST_IX","NONUNIQUE","INBOUND_REGION_ID","2"
"C_ASN","C_PE_ASN_LIST_IX","NONUNIQUE","OUTBOUND_REGION_ID","3"
"C_ASN","C_PE_ASN_LIST_IX","NONUNIQUE","ASN_ORGN_TYPE","4"
"C_ASN","C_PE_ASN_LIST_IX","NONUNIQUE","ASN_STATUS","5"
"C_ASN","C_TM_ASN_IDX1","NONUNIQUE","ASN_LEVEL","1"
"C_ASN","C_TM_ASN_IDX2","NONUNIQUE","ASN_STATUS","1"
"C_ASN","C_TM_ASN_IDX3","NONUNIQUE","ASN_TYPE","1"
"C_ASN","C_TM_ASN_IDX4","NONUNIQUE","DOCK_DOOR_ID","1"
"C_ASN","C_TM_ASN_IDX5","NONUNIQUE","MODE_ID","1"
"C_ASN","C_TM_ASN_IDX6","NONUNIQUE","SHIPPING_COST_CURRENCY_CODE","1"
"C_ASN","C_TM_ASN_IDX7","NONUNIQUE","TC_COMPANY_ID","1"
"C_ASN_ATTRIBUTE","C_TM_ASN_ATTRIBUTE_IDX1","NONUNIQUE","ASN_ID","1"
"C_ASN_DETAIL","C_ASNDTL_SID_IDX","NONUNIQUE","SKU_ID","1"
"C_ASN_DETAIL","C_ASN_DETAIL_ID_ASN_ID_IDX","NONUNIQUE","ASN_DETAIL_ID","1"
"C_ASN_DETAIL","C_ASN_DETAIL_ID_ASN_ID_IDX","NONUNIQUE","ASN_ID","2"
"C_ASN_DETAIL","C_ASN_DETAIL_TC_PO_IDX","NONUNIQUE","TC_PURCHASE_ORDERS_ID","1"
"C_ASN_DETAIL","C_ASN_DETAIL_TC_PO_IDX","NONUNIQUE","TC_COMPANY_ID","2"
"C_ASN_DETAIL","C_ASN_DET_ORDLI_IDX1","NONUNIQUE","ORDER_LINE_ITEM_ID","1"
"C_ASN_DETAIL","C_ASN_DET_ORD_IDX1","NONUNIQUE","ORDER_ID","1"
"C_ASN_DETAIL","C_PE_ASNDLT_PO_IX","NONUNIQUE","PURCHASE_ORDERS_ID","1"
"C_ASN_DETAIL","C_PE_ASNDLT_PO_IX1","NONUNIQUE","TC_PURCHASE_ORDERS_ID","1"
"C_ASN_DETAIL","C_TM_ASN_DETAIL_IDX1","NONUNIQUE","ASN_DETAIL_STATUS","1"
"C_ASN_DETAIL","C_TM_ASN_DETAIL_IDX2","NONUNIQUE","ASN_ID","1"
"C_ASN_DETAIL","C_TM_ASN_DETAIL_IDX3","NONUNIQUE","INVENTORY_SEGMENT_ID","1"
"C_ASN_NOTE","C_ASN_NOTE_IDX2","NONUNIQUE","ASN_DETAIL_ID","1"
"C_ASN_NOTE","C_TM_ASN_NOTE_IDX1","NONUNIQUE","ASN_ID","1"
"C_ASRS_STATUS","PK_C_ASRS_STATUS","UNIQUE","WHSE","1"
"C_ASRS_STATUS","PK_C_ASRS_STATUS","UNIQUE","CRANE","2"
"C_CARTON_DTL","PK_C_CARTON_DTL","UNIQUE","CARTON_NBR","1"
"C_CARTON_DTL","PK_C_CARTON_DTL","UNIQUE","CARTON_SEQ_NBR","2"
"C_CARTON_HDR","PK_C_CARTON_HDR","UNIQUE","CARTON_NBR","1"
"C_GSP_NBR_TRKG","C_GSP_NBR_TRKG_CREADT","NONUNIQUE","CREATE_DATE_TIME","1"
"C_GSP_NBR_TRKG","C_GSP_NBR_TRKG_IND_1","NONUNIQUE","CNTR_NBR","1"
"C_GSP_NBR_TRKG","C_GSP_NBR_TRKG_IND_1","NONUNIQUE","STAT_CODE","2"
"C_GSP_NBR_TRKG","C_GSP_NBR_TRKG_IND_1","NONUNIQUE","I_O_FLAG","3"
"C_GSP_NBR_TRKG","C_GSP_NBR_TRKG_IND_10","NONUNIQUE","I_O_FLAG","1"
"C_GSP_NBR_TRKG","C_GSP_NBR_TRKG_IND_10","NONUNIQUE","SKU_ID","2"
"C_GSP_NBR_TRKG","C_GSP_NBR_TRKG_IND_10","NONUNIQUE","BATCH_NBR","3"
"C_GSP_NBR_TRKG","C_GSP_NBR_TRKG_IND_2","NONUNIQUE","GSP_NBR","1"
"C_GSP_NBR_TRKG","C_GSP_NBR_TRKG_IND_2","NONUNIQUE","STAT_CODE","2"
"C_GSP_NBR_TRKG","C_GSP_NBR_TRKG_IND_2","NONUNIQUE","I_O_FLAG","3"
"C_GSP_NBR_TRKG","C_GSP_NBR_TRKG_IND_3","NONUNIQUE","PKT_CTRL_NBR","1"
"C_GSP_NBR_TRKG","C_GSP_NBR_TRKG_IND_4","NONUNIQUE","CNTR_NBR","1"
"C_GSP_NBR_TRKG","C_GSP_NBR_TRKG_IND_5","NONUNIQUE","RCVD_SHPMT_NBR","1"
"C_GSP_NBR_TRKG","C_GSP_NBR_TRKG_IND_6","NONUNIQUE","GSP_NBR","1"
"C_GSP_NBR_TRKG","C_GSP_NBR_TRKG_IND_6","NONUNIQUE","CNTR_NBR","2"
"C_GSP_NBR_TRKG","C_GSP_NBR_TRKG_IND_6","NONUNIQUE","STAT_CODE","3"
"C_GSP_NBR_TRKG","C_GSP_NBR_TRKG_IND_6","NONUNIQUE","I_O_FLAG","4"
"C_GSP_NBR_TRKG","C_GSP_NBR_TRKG_IND_7","NONUNIQUE","PKT_CTRL_NBR","1"
"C_GSP_NBR_TRKG","C_GSP_NBR_TRKG_IND_7","NONUNIQUE","PROC_STAT_CODE","2"
"C_GSP_NBR_TRKG","C_GSP_NBR_TRKG_IND_7","NONUNIQUE","STAT_CODE","3"
"C_GSP_NBR_TRKG","C_GSP_NBR_TRKG_IND_7","NONUNIQUE","I_O_FLAG","4"
"C_GSP_NBR_TRKG","C_GSP_NBR_TRKG_IND_8","NONUNIQUE","PROC_STAT_DESC","1"
"C_GSP_NBR_TRKG","C_GSP_NBR_TRKG_IND_9","NONUNIQUE","STAT_CODE","1"
"C_GSP_NBR_TRKG","C_GSP_NBR_TRKG_IND_9","NONUNIQUE","I_O_FLAG","2"
"C_GSP_NBR_TRKG","C_GSP_NBR_TRKG_IND_9","NONUNIQUE","PROC_STAT_CODE","3"
"C_GSP_NBR_TRKG","C_GSP_NBR_TRKG_MOD_T","NONUNIQUE","MOD_DATE_TIME","1"
"C_GSP_NBR_TRKG","C_GSP_NBR_TRKG_PROC_STAT_CODE","NONUNIQUE","PROC_STAT_CODE","1"
"C_GSP_NBR_TRKG","C_GSP_NBR_TRKG_SKU_ID","NONUNIQUE","SKU_ID","1"
"C_GSP_NBR_TRKG","C_GSP_NBR_TRKG_SUBSTR","NONUNIQUE","SYS_NC00047$","1"
"C_GSP_NBR_TRKG","C_GSP_NBR_TRKG_SUBSTR_PKT","NONUNIQUE","SYS_NC00048$","1"
"C_GSP_NBR_TRKG","C_GSP_NBR_TRKG_TOCHAR_CREADT","NONUNIQUE","SYS_NC00049$","1"
"C_GSP_NBR_TRKG","PK_C_GSP_NBR_TRKG","UNIQUE","C_GSP_NBR_TRKG_ID","1"
"C_GSP_NBR_VLDG","GSP_SKUID","UNIQUE","GSP_NBR","1"
"C_GSP_NBR_VLDG","GSP_SKUID","UNIQUE","SKU_ID","2"
"C_GUI_SESSION","C_GUI_SESSION_ALL_USERS","NONUNIQUE","STAT_CODE","1"
"C_GUI_SESSION","C_GUI_SESSION_ALL_USERS","NONUNIQUE","MOD_DATE_TIME","2"
"C_GUI_SESSION","C_GUI_SESSION_MOD_DATE_TIME","NONUNIQUE","MOD_DATE_TIME","1"
"C_GUI_SESSION","C_GUI_SESSION_MOD_DATE_TIME","NONUNIQUE","USER_ID","2"
"C_GUI_SESSION","C_GUI_SESSION_MOD_DATE_TIME","NONUNIQUE","STAT_CODE","3"
"C_GUI_SESSION","PK_C_GUI_SESSION","UNIQUE","TOKEN","1"
"C_ORDERS","C_C_ORDERS_IDX1","NONUNIQUE","MAJOR_ORDER_CTRL_NBR","1"
"C_ORDERS","C_ORDERS_CRI_IDX","NONUNIQUE","CONS_RUN_ID","1"
"C_ORDERS","C_ORDERS_CRI_IDX","NONUNIQUE","ORDER_ID","2"
"C_ORDERS","C_ORDERS_DOS_OR_TC_IDX","NONUNIQUE","DO_STATUS","1"
"C_ORDERS","C_ORDERS_DOS_OR_TC_IDX","NONUNIQUE","ORDER_STREAM","2"
"C_ORDERS","C_ORDERS_DOS_OR_TC_IDX","NONUNIQUE","ORDER_ID","3"
"C_ORDERS","C_ORDERS_DOS_OR_TC_IDX","NONUNIQUE","TC_ORDER_ID","4"
"C_ORDERS","C_ORDERS_DOS_OR_TC_IDX","NONUNIQUE","PRIORITY","5"
"C_ORDERS","C_ORDERS_DOS_TOI_SI_IDX","NONUNIQUE","DO_STATUS","1"
"C_ORDERS","C_ORDERS_DOS_TOI_SI_IDX","NONUNIQUE","TC_ORDER_ID","2"
"C_ORDERS","C_ORDERS_DOS_TOI_SI_IDX","NONUNIQUE","SHIPMENT_ID","3"
"C_ORDERS","C_ORDERS_ORD_STAT_IDX","NONUNIQUE","ORDER_STATUS","1"
"C_ORDERS","C_ORDERS_ORD_STAT_IDX","NONUNIQUE","DELIVERY_END_DTTM","2"
"C_ORDERS","C_ORDERS_OTBHIITHPOF_FUNC_IDX","NONUNIQUE","ORDER_STATUS","1"
"C_ORDERS","C_ORDERS_OTBHIITHPOF_FUNC_IDX","NONUNIQUE","TRANS_RESP_CODE","2"
"C_ORDERS","C_ORDERS_OTBHIITHPOF_FUNC_IDX","NONUNIQUE","BLOCK_AUTO_CONSOLIDATE","3"
"C_ORDERS","C_ORDERS_OTBHIITHPOF_FUNC_IDX","NONUNIQUE","HAS_IMPORT_ERROR","4"
"C_ORDERS","C_ORDERS_OTBHIITHPOF_FUNC_IDX","NONUNIQUE","IS_CANCELLED","5"
"C_ORDERS","C_ORDERS_OTBHIITHPOF_FUNC_IDX","NONUNIQUE","IS_SUSPENDED","6"
"C_ORDERS","C_ORDERS_OTBHIITHPOF_FUNC_IDX","NONUNIQUE","TC_COMPANY_ID","7"
"C_ORDERS","C_ORDERS_OTBHIITHPOF_FUNC_IDX","NONUNIQUE","HAS_SPLIT","8"
"C_ORDERS","C_ORDERS_OTBHIITHPOF_FUNC_IDX","NONUNIQUE","PICKUP_START_DTTM","9"
"C_ORDERS","C_ORDERS_OTBHIITHPOF_FUNC_IDX","NONUNIQUE","SYS_NC00370$","10"
"C_ORDERS","C_ORDERS_PARENT_IDX","NONUNIQUE","PARENT_ORDER_ID","1"
"C_ORDERS","C_ORDERS_PARENT_IDX","NONUNIQUE","ORDER_ID","2"
"C_ORDERS","C_ORDERS_PARENT_IDX","NONUNIQUE","IS_PARTIALLY_PLANNED","3"
"C_ORDERS","C_ORDERS_RTEWNBR_IDX_1","NONUNIQUE","RTE_WAVE_NBR","1"
"C_ORDERS","C_ORDERS_SHIPM_IDX","NONUNIQUE","ORDER_ID","1"
"C_ORDERS","C_ORDERS_SHIPM_IDX","NONUNIQUE","SHIPMENT_ID","2"
"C_ORDERS","C_ORDERS_SHIP_IDX","NONUNIQUE","SHIPMENT_ID","1"
"C_ORDERS","C_ORDERS_TCI_DS_OI_SI_PE_IDX","NONUNIQUE","TC_COMPANY_ID","1"
"C_ORDERS","C_ORDERS_TCI_DS_OI_SI_PE_IDX","NONUNIQUE","DO_STATUS","2"
"C_ORDERS","C_ORDERS_TCI_DS_OI_SI_PE_IDX","NONUNIQUE","ORDER_ID","3"
"C_ORDERS","C_ORDERS_TCI_DS_OI_SI_PE_IDX","NONUNIQUE","SHIPMENT_ID","4"
"C_ORDERS","C_ORD_DFAC_IDX","NONUNIQUE","D_FACILITY_ID","1"
"C_ORDERS","C_ORD_DFAC_IDX","NONUNIQUE","D_FACILITY_ALIAS_ID","2"
"C_ORDERS","C_ORD_DFAC_IDX","NONUNIQUE","IS_ORIGINAL_ORDER","3"
"C_ORDERS","C_ORD_DFAC_IDX","NONUNIQUE","DO_STATUS","4"
"C_ORDERS","C_ORD_DFAC_STAT_IDX","NONUNIQUE","D_FACILITY_ALIAS_ID","1"
"C_ORDERS","C_ORD_DFAC_STAT_IDX","NONUNIQUE","DO_STATUS","2"
"C_ORDERS","C_ORD_DFAC_STAT_IDX","NONUNIQUE","ORDER_ID","3"
"C_ORDERS","C_ORD_DFAC_STAT_IDX","NONUNIQUE","IS_ORIGINAL_ORDER","4"
"C_ORDERS","C_ORD_FAC_STAT_IDX","NONUNIQUE","ORDER_ID","1"
"C_ORDERS","C_ORD_FAC_STAT_IDX","NONUNIQUE","DO_TYPE","2"
"C_ORDERS","C_ORD_FAC_STAT_IDX","NONUNIQUE","O_FACILITY_ID","3"
"C_ORDERS","C_ORD_FAC_STAT_IDX","NONUNIQUE","DO_STATUS","4"
"C_ORDERS","C_ORD_IO_TIIP_IDX","NONUNIQUE","PICKUP_START_DTTM","1"
"C_ORDERS","C_ORD_IO_TIIP_IDX","NONUNIQUE","TC_COMPANY_ID","2"
"C_ORDERS","C_ORD_IO_TIIP_IDX","NONUNIQUE","INBOUND_REGION_ID","3"
"C_ORDERS","C_ORD_IO_TIIP_IDX","NONUNIQUE","OUTBOUND_REGION_ID","4"
"C_ORDERS","C_ORD_IO_TIIP_IDX","NONUNIQUE","IS_CANCELLED","5"
"C_ORDERS","C_ORD_IO_TIIP_IDX","NONUNIQUE","IS_SUSPENDED","6"
"C_ORDERS","C_ORD_IO_TIIP_IDX","NONUNIQUE","CONS_RUN_ID","7"
"C_ORDERS","C_ORD_IO_TIIP_IDX","NONUNIQUE","ORDER_STATUS","8"
"C_ORDERS","C_ORD_MNFST_IDX","NONUNIQUE","MANIFEST_NBR","1"
"C_ORDERS","C_ORD_ORDTEMPL_FK_INDX","NONUNIQUE","TEMPLATE_ID","1"
"C_ORDERS","C_ORD_ST_PRI_FAC_STR_PICK_IDX","NONUNIQUE","DO_STATUS","1"
"C_ORDERS","C_ORD_ST_PRI_FAC_STR_PICK_IDX","NONUNIQUE","TC_COMPANY_ID","2"
"C_ORDERS","C_ORD_ST_PRI_FAC_STR_PICK_IDX","NONUNIQUE","PRIORITY","3"
"C_ORDERS","C_ORD_ST_PRI_FAC_STR_PICK_IDX","NONUNIQUE","O_FACILITY_ID","4"
"C_ORDERS","C_ORD_ST_PRI_FAC_STR_PICK_IDX","NONUNIQUE","ORDER_STREAM","5"
"C_ORDERS","C_ORD_ST_PRI_FAC_STR_PICK_IDX","NONUNIQUE","PICKUP_START_DTTM","6"
"C_ORDERS","C_ORD_TCIPED_IDX","NONUNIQUE","PICKUP_END_DTTM","1"
"C_ORDERS","C_ORD_TCIPED_IDX","NONUNIQUE","PICKUP_START_DTTM","2"
"C_ORDERS","C_ORD_TCIPED_IDX","NONUNIQUE","DELIVERY_START_DTTM","3"
"C_ORDERS","C_ORD_TCIPED_IDX","NONUNIQUE","DELIVERY_END_DTTM","4"
"C_ORDERS","C_ORD_TCIPED_IDX","NONUNIQUE","TC_COMPANY_ID","5"
"C_ORDERS","C_ORD_TCIPED_IDX","NONUNIQUE","INBOUND_REGION_ID","6"
"C_ORDERS","C_ORD_TCIPED_IDX","NONUNIQUE","OUTBOUND_REGION_ID","7"
"C_ORDERS","C_ORD_TCIPED_IDX","NONUNIQUE","IS_CANCELLED","8"
"C_ORDERS","C_ORD_TCIPED_IDX","NONUNIQUE","IS_SUSPENDED","9"
"C_ORDERS","C_ORD_TCIPED_IDX","NONUNIQUE","CONS_RUN_ID","10"
"C_ORDERS","C_ORD_TCIPED_IDX","NONUNIQUE","ORDER_STATUS","11"
"C_ORDERS","C_ORD_TCIPED_IDX","NONUNIQUE","DO_STATUS","12"
"C_ORDERS","C_ORD_TCI_IDX","NONUNIQUE","DELIVERY_END_DTTM","1"
"C_ORDERS","C_ORD_TCI_IDX","NONUNIQUE","TC_COMPANY_ID","2"
"C_ORDERS","C_ORD_ZONEDSG_IDX","NONUNIQUE","ZONE_SKIP_HUB_LOCATION_ID","1"
"C_ORDERS","C_ORD_ZONEDSG_IDX","NONUNIQUE","DSG_HUB_LOCATION_ID","2"
"C_ORDERS","C_PE_ORD_PO_IX","NONUNIQUE","PURCHASE_ORDER_ID","1"
"C_ORDERS","C_SHIP_GROUP_ID_IDX","NONUNIQUE","SHIP_GROUP_ID","1"
"C_ORDERS","C_TM_ORDERS_IDX1","NONUNIQUE","BASELINE_CARRIER_ID","1"
"C_ORDERS","C_TM_ORDERS_IDX2","NONUNIQUE","DSG_HUB_LOCATION_ID","1"
"C_ORDERS","C_TM_ORDERS_IDX3","NONUNIQUE","D_FACILITY_ALIAS_ID","1"
"C_ORDERS","C_TM_ORDERS_IDX3","NONUNIQUE","D_FACILITY_ID","2"
"C_ORDERS","C_TM_ORDERS_IDX5","NONUNIQUE","ORDER_STATUS","1"
"C_ORDERS","C_TM_ORDERS_IDX5","NONUNIQUE","HAS_SPLIT","2"
"C_ORDERS","C_TM_ORDERS_IDX5","NONUNIQUE","IS_ORIGINAL_ORDER","3"
"C_ORDERS","C_TM_ORDERS_IDX6","NONUNIQUE","O_FACILITY_ALIAS_ID","1"
"C_ORDERS","C_TM_ORDERS_IDX6","NONUNIQUE","O_FACILITY_ID","2"
"C_ORDERS","C_TM_ORDERS_IDX7","NONUNIQUE","TC_COMPANY_ID","1"
"C_ORDERS_ASN_CANCEL","C_ORDERS_ASN_CANCEL_IND_1","NONUNIQUE","ORDERS_ASN_NBR","1"
"C_ORDERS_ASN_CANCEL","C_ORDERS_ASN_CANCEL_IND_1","NONUNIQUE","WHSE","2"
"C_ORDERS_ASN_CANCEL","SYS_C0063225","UNIQUE","ORDERS_ASN_CANCEL_ID","1"
"C_ORDER_ATTRIBUTE","C_TM_ORDER_ATTRIBU_IDX1","NONUNIQUE","ORDER_ID","1"
"C_ORDER_LINE_ITEM","C_C_PE_OLI_IDX1","NONUNIQUE","ORDER_ID","1"
"C_ORDER_LINE_ITEM","C_C_PE_OLI_IDX1","NONUNIQUE","IS_CANCELLED","2"
"C_ORDER_LINE_ITEM","C_C_PE_OLI_IDX1","NONUNIQUE","ORDER_QTY","3"
"C_ORDER_LINE_ITEM","C_IDX_OLI_COM_ID","NONUNIQUE","COMMODITY_CODE_ID","1"
"C_ORDER_LINE_ITEM","C_OLI_INDX11","NONUNIQUE","ALLOCATION_SOURCE_ID","1"
"C_ORDER_LINE_ITEM","C_OLI_INDX11","NONUNIQUE","ALLOCATION_SOURCE","2"
"C_ORDER_LINE_ITEM","C_OLI_INDX11","NONUNIQUE","ALLOCATION_SOURCE_LINE_ID","3"
"C_ORDER_LINE_ITEM","C_OLI_MO_IDX","NONUNIQUE","MASTER_ORDER_ID","1"
"C_ORDER_LINE_ITEM","C_OLI_MO_IDX","NONUNIQUE","MO_LINE_ITEM_ID","2"
"C_ORDER_LINE_ITEM","C_OLI_MO_IDX","NONUNIQUE","ORDER_ID","3"
"C_ORDER_LINE_ITEM","C_OLI_MO_IDX","NONUNIQUE","IS_CANCELLED","4"
"C_ORDER_LINE_ITEM","C_OLI_STAT_ITEM_COMP_ORD_IDX","NONUNIQUE","DO_DTL_STATUS","1"
"C_ORDER_LINE_ITEM","C_OLI_STAT_ITEM_COMP_ORD_IDX","NONUNIQUE","ITEM_ID","2"
"C_ORDER_LINE_ITEM","C_OLI_STAT_ITEM_COMP_ORD_IDX","NONUNIQUE","TC_COMPANY_ID","3"
"C_ORDER_LINE_ITEM","C_OLI_STAT_ITEM_COMP_ORD_IDX","NONUNIQUE","ORDER_ID","4"
"C_ORDER_LINE_ITEM","C_OLI_WAVNBRDODTL_IX","NONUNIQUE","WAVE_NBR","1"
"C_ORDER_LINE_ITEM","C_OLI_WAVNBRDODTL_IX","NONUNIQUE","DO_DTL_STATUS","2"
"C_ORDER_LINE_ITEM","C_ORDER_LINE_ITEM_IDX1","NONUNIQUE","EXT_PURCHASE_ORDER","1"
"C_ORDER_LINE_ITEM","C_ORDER_LINE_ITEM_IDX1","NONUNIQUE","TC_COMPANY_ID","2"
"C_ORDER_LINE_ITEM","C_ORDLN_ITMNAME_IDX","NONUNIQUE","ITEM_NAME","1"
"C_ORDER_LINE_ITEM","C_PE_OLI_LIRO_IX1","NONUNIQUE","REFERENCE_LINE_ITEM_ID","1"
"C_ORDER_LINE_ITEM","C_PE_OLI_LIRO_IX1","NONUNIQUE","REFERENCE_ORDER_ID","2"
"C_ORDER_LINE_ITEM","C_PE_OLI_LIRO_IX1","NONUNIQUE","ORDER_ID","3"
"C_ORDER_LINE_ITEM","C_PE_OLI_RTS_IX1","NONUNIQUE","RTS_ID","1"
"C_ORDER_LINE_ITEM","C_PE_OLI_RTS_IX1","NONUNIQUE","RTS_LINE_ITEM_ID","2"
"C_ORDER_LINE_ITEM","C_PE_OLI_RTS_IX1","NONUNIQUE","IS_CANCELLED","3"
"C_ORDER_LINE_ITEM","C_PE_OLI_RTS_IX1","NONUNIQUE","ORDER_ID","4"
"C_ORDER_LINE_ITEM","C_PE_OLNITM_IDX","NONUNIQUE","LINE_ITEM_ID","1"
"C_ORDER_LINE_ITEM","C_PE_OLNITM_IDX","NONUNIQUE","ORDER_ID","2"
"C_ORDER_LINE_ITEM","C_PE_OLNITM_IDX","NONUNIQUE","ITEM_ID","3"
"C_ORDER_LINE_ITEM","C_PE_ORD_SHPW_NBR","NONUNIQUE","SHIP_WAVE_NBR","1"
"C_ORDER_LINE_ITEM","C_TM_ORDER_LINE_IT_IDX1","NONUNIQUE","ORDER_ID","1"
"C_ORDER_LINE_ITEM","C_TM_ORDER_LINE_IT_IDX2","NONUNIQUE","TC_COMPANY_ID","1"
"C_ORDER_NOTE","C_TM_ORDER_NOTE_IDX1","NONUNIQUE","ORDER_ID","1"
"C_OSR_REQUEST","SYS_C0063288","UNIQUE","REQUEST_ID","1"
"C_OSR_STORAGE","PK_C_OSR_STORAGE","UNIQUE","REQUEST_ID","1"
"C_OSR_STORAGE","PK_C_OSR_STORAGE","UNIQUE","SEQ_NBR","2"
"C_QI_INSPECTION","SYS_C0063221","UNIQUE","SEQ_ID","1"
"C_RFDTPD_ALL","SYS_C0068553","UNIQUE","ID","1"
"C_RFDTPD_ALL_BAK","SYS_C0068556","UNIQUE","ID","1"
"C_RFPD_ALL","SYS_C0068547","UNIQUE","ID","1"
"C_RFPD_ALL_BAK","SYS_C0068550","UNIQUE","ID","1"
"C_SPL_LEAN_REPL_TASK","SYS_C0066696","UNIQUE","PK_TASK_ID","1"
"C_TMP_PICKING_INVN","C_TMP_PICKING_INVN_INDX_1","UNIQUE","LOCN_ID","1"
"C_TMP_PICKING_INVN","C_TMP_PICKING_INVN_INDX_1","UNIQUE","ITEM_ID","2"
"C_TMP_PICKING_INVN","C_TMP_PICKING_INVN_INDX_1","UNIQUE","SYS_NC00017$","3"
"C_TMP_PICKING_INVN","C_TMP_PICKING_INVN_INDX_1","UNIQUE","SYS_NC00018$","4"
"C_TMP_PICKING_INVN","C_TMP_PICKING_INVN_INDX_1","UNIQUE","SYS_NC00019$","5"
"C_TMP_PICKING_INVN","C_TMP_PICKING_INVN_INDX_1","UNIQUE","SYS_NC00020$","6"
"C_TMP_PICKING_INVN","C_TMP_PICKING_INVN_INDX_1","UNIQUE","SYS_NC00021$","7"
"C_TMP_PICKING_INVN","C_TMP_PICKING_INVN_INDX_1","UNIQUE","SYS_NC00022$","8"
"C_TMP_PICKING_INVN","C_TMP_PICKING_INVN_INDX_1","UNIQUE","SYS_NC00023$","9"
"C_TMP_PICKING_INVN","C_TMP_PICKING_INVN_INDX_1","UNIQUE","SYS_NC00024$","10"
"C_TMP_PICKING_INVN","C_TMP_PICKING_INVN_INDX_1","UNIQUE","SYS_NC00025$","11"
"DAILY_UTILIZATION","DAILY_UTILIZATION_PK","UNIQUE","UTILIZATION_DATE","1"
"DAILY_UTILIZATION","DAILY_UTILIZATION_PK","UNIQUE","INTERNAL_SEQ","2"
"DAILY_UTILIZATION","DLYUTLCMPCRMOT_IDX","NONUNIQUE","CARRIER_ID","1"
"DAILY_UTILIZATION","DLYUTLCMPCRMOT_IDX","NONUNIQUE","MOT_ID","2"
"DAILY_UTILIZATION","TM_DAILY_UTILIZATION_IDX1","NONUNIQUE","LANE_ID","1"
"DAILY_UTILIZATION","TM_DAILY_UTILIZATION_IDX1","NONUNIQUE","RG_LANE_DTL_SEQ","2"
"DAILY_UTILIZATION","T_DAILY_UTILIZATIO_FK_IDX_110","NONUNIQUE","LANE_ID","1"
"DAILY_UTILIZATION","T_DAILY_UTILIZATIO_FK_IDX_110","NONUNIQUE","RG_LANE_DTL_SEQ","2"
"DAILY_UTILIZATION","T_DAILY_UTILIZATIO_FK_IDX_110","NONUNIQUE","UTILIZATION_DATE","3"
"DAILY_UTILIZATION","T_DAILY_UTILIZATIO_FK_IDX_110","NONUNIQUE","DAILY_UTILIZATION","4"
"DATASOURCE","DATASOURCE_NAME_UDX","UNIQUE","NAME","1"
"DATASOURCE","PK_DATASOURCE","UNIQUE","ID","1"
"DATASOURCE_SOA","PK_DATASOURCE_SOA","UNIQUE","ID","1"
"DATASOURCE_SQL","PK_DATASOURCE_SQL","UNIQUE","ID","1"
"DATASOURCE_SQL","TM_DATASOURCE_SQL_IDX1","NONUNIQUE","DATASOURCE_SQL_CONNECTION_ID","1"
"DATASOURCE_SQL_CONNECTION","PK_DATASOURCE_SQL_CONN","UNIQUE","ID","1"
"DATASOURCE_STOREDPROCEDURE","DSSPROC_DSSCID_UDX","NONUNIQUE","DATASOURCE_SQL_CONNECTION_ID","1"
"DATASOURCE_STOREDPROCEDURE","PK_DATASOURCE_STOREDPROCEDURE","UNIQUE","ID","1"
"DATASOURCE_TEXT","PK_DATASOURCE_TEXT","UNIQUE","ID","1"
"DATA_LOADER_LISTENER","DATA_LOADER_LISTENER_FK_1_IX","NONUNIQUE","LISTENER_ID","1"
"DATA_LOADER_LISTENER","DATA_LOADER_LISTENER_PK","UNIQUE","DATA_LOADER_LISTENER_ID","1"
"DATA_LOADER_UPLOAD_LOG","DATA_LOADER_UPLOAD_LOG_PK","UNIQUE","DATA_LOADER_UPLOAD_LOG_ID","1"
"DATA_SOURCE","DATA_SOURCE_PK","UNIQUE","DATA_SOURCE","1"
"DATA_TYPE","DATA_TYPE_PK","UNIQUE","DATA_TYPE","1"
"DATE_TYPE","DATE_TYPE_PK","UNIQUE","DATE_TYPE","1"
"DAY_OF_WEEK_CBO","PK_DAY_OF_WEEK_CBO","UNIQUE","DAY_OF_WEEK_ID","1"
"DAY_OF_WEEK_OCCURANCE_CBO","PK_DAY_OF_WEEK","UNIQUE","DAY_OF_WEEK_OCCURANCE","1"
"DB_BUILD_HISTORY","DB_BLD_HST_PK","UNIQUE","VERSION_LABEL","1"
"DB_CR_HISTORY","DB_CR_HISTORY_PK","UNIQUE","DB_CR_HISTORY_ID","1"
"DB_CR_HISTORY","DB_CR_HISTORY_UK","UNIQUE","CR_NUMBER","1"
"DB_CR_HISTORY","DB_CR_HISTORY_UK","UNIQUE","DB_LAYER","2"
"DB_LISTENER","DB_LISTENER_PK","UNIQUE","DB_LISTENER_ID","1"
"DB_LISTENER","DB_LIST_LISTE_IDX1","NONUNIQUE","LISTENER_ID","1"
"DEBUG_SQL","DEBUG_SQL_SLD_IDX","NONUNIQUE","SOURCE_LOCATION","1"
"DEBUG_SQL","DEBUG_SQL_SLD_IDX","NONUNIQUE","DATETIME","2"
"DELIVERY_AREA_SURCHARGE_TYPE","DASURCHGTYP_PK","UNIQUE","DELIVERY_AREA_SURCHG_TYPE_ID","1"
"DELIVERY_CHANNEL","DELIVERY_CH_PK","UNIQUE","DELIVERY_CHANNEL_ID","1"
"DELIVERY_METHOD","DELIVERYM_PK","UNIQUE","DELIVERY_METHOD","1"
"DELIVERY_REQ","DELIVERY_REQ_PK","UNIQUE","DELIVERY_REQ","1"
"DEP_ACCESSORIAL_CODE_MAP","DEP_ACCES_CD_MP_PK","UNIQUE","ACCESSORIAL_ID","1"
"DEP_ACCESSORIAL_CODE_MAP","DEP_ACCES_CD_MP_PK","UNIQUE","DEP_ACCESSORIAL_ID","2"
"DEP_ACCESSORIAL_CODE_MAP","T_DEP_ACCESSORIAL__FK_IDX_111","NONUNIQUE","TC_COMPANY_ID","1"
"DEP_ACCESSORIAL_CODE_MAP","T_DEP_ACCESSORIAL__FK_IDX_111","NONUNIQUE","ACCESSORIAL_ID","2"
"DEP_ACCESSORIAL_CODE_MAP","T_DEP_ACCESSORIAL__FK_IDX_112","NONUNIQUE","TC_COMPANY_ID","1"
"DEP_ACCESSORIAL_CODE_MAP","T_DEP_ACCESSORIAL__FK_IDX_112","NONUNIQUE","DEP_ACCESSORIAL_ID","2"
"DESTINATION","DESTINATION_DESTFROMTOZIP_UDX","UNIQUE","DEST_FROM_ZIP","1"
"DESTINATION","DESTINATION_DESTFROMTOZIP_UDX","UNIQUE","DEST_TO_ZIP","2"
"DESTINATION","DESTINATION_DESTFROMTOZIP_UDX","UNIQUE","DEST_CITY","3"
"DESTINATION","DESTINATION_DESTFROMTOZIP_UDX","UNIQUE","DEST_STATE","4"
"DESTINATION","DESTINATION_DESTFROMTOZIP_UDX","UNIQUE","DEST_CNTRY","5"
"DESTINATION","PK_DESTINATION","UNIQUE","DESTINATION_ID","1"
"DESTINATION","UK_DESTINATION_DEST_ID","UNIQUE","DEST_ID","1"
"DESTINATION_SYSTEM","DESTINATION_SYSTEM_PK","UNIQUE","DESTINATION_SYSTEM_ID","1"
"DHL_POSTAL_CODE","DHL_POSTAL_CODE_PK","UNIQUE","DHL_POSTAL_CODE_ID","1"
"DHL_SERVICE_LEVEL","DHL_SERVICE_LEVEL_PK","UNIQUE","DHL_SERVICE_LEVEL_ID","1"
"DHL_TRANSIT_TIME","DHL_TRANSIT_TIME_PK","UNIQUE","DHL_TRANSIT_TIME_ID","1"
"DIRECTION","DIRECTION_PK","UNIQUE","DIRECTION","1"
"DISPATCH_STATUS","DISPATCHS_PK","UNIQUE","DISPATCH_STATUS","1"
"DISPOSITION_TYPE","PK_DISPOSITION_TYPE","UNIQUE","DISPOSITION_TYPE_ID","1"
"DISTRIBUTION_LIST","DLIST_PK","UNIQUE","DL_ID","1"
"DISTRIB_LIST_MEMBER","DLIST_MBR_PK","UNIQUE","DL_ID","1"
"DISTRIB_LIST_MEMBER","DLIST_MBR_PK","UNIQUE","TP_COMPANY_ID","2"
"DISTRIB_LIST_MEMBER","TM_DISTRIB_LIST__IDX1","NONUNIQUE","DL_ID","1"
"DISTRIB_LIST_MEMBER_DL","DLIST_MBRDL_PK","UNIQUE","PARENT_DL_ID","1"
"DISTRIB_LIST_MEMBER_DL","DLIST_MBRDL_PK","UNIQUE","MEMBER_DL_ID","2"
"DISTRIB_LIST_MEMBER_DL","TM_DISTRIB_LIST_IDX1","NONUNIQUE","MEMBER_DL_ID","1"
"DISTRIB_LIST_MEMBER_DL","TM_DISTRIB_LIST_IDX2","NONUNIQUE","PARENT_DL_ID","1"
"DIVRT_HIST","DIVRTHIST_CDMASTERID_IDX","NONUNIQUE","CD_MASTER_ID","1"
"DIVRT_HIST","PE_DIVRTHIST_IDX","NONUNIQUE","CNTR_NBR","1"
"DIVRT_HIST","PE_DIVRTHIST_IDX","NONUNIQUE","LOGICAL_DIVRT","2"
"DIVRT_HIST","PE_DIVRTHIST_IDX","NONUNIQUE","MHE_CNTR_STATE","3"
"DIVRT_HIST","PE_DIVRTHIST_IDX","NONUNIQUE","WHSE","4"
"DIVRT_HIST","PE_DIVRTHIST_IDX","NONUNIQUE","CD_MASTER_ID","5"
"DIVRT_HIST","PK_DIVRT_HIST","UNIQUE","DIVRT_HIST_ID","1"
"DIVRT_HIST","PURGE_IDX_DH_01","NONUNIQUE","CD_MASTER_ID","1"
"DIVRT_HIST","PURGE_IDX_DH_01","NONUNIQUE","WHSE","2"
"DIVRT_HIST","PURGE_IDX_DH_01","NONUNIQUE","MOD_DATE_TIME","3"
"DOCK_DOOR_AVAIL_DATE","PK_DOCK_DOOR_AVAIL_DATE","UNIQUE","DOCK_DOOR_AVAIL_DATE_ID","1"
"DOCK_DOOR_AVAIL_DATE","TM_DOCK_DOOR_AVAIL_DATE_IDX1","NONUNIQUE","DOCK_DOOR_MASTER_ID","1"
"DOCK_DOOR_AVAIL_DATE","TM_DOCK_DOOR_AVAIL_DATE_IDX2","NONUNIQUE","WHSE","1"
"DOCK_DOOR_AVAIL_DATE","TM_DOCK_DOOR_AVAIL_DATE_IDX2","NONUNIQUE","DOCK","2"
"DOCK_DOOR_AVAIL_DATE","TM_DOCK_DOOR_AVAIL_DATE_IDX2","NONUNIQUE","DOOR","3"
"DOCK_DOOR_AVAIL_DATE","UK_DOCK_DOOR_AVAIL_DATE","UNIQUE","WHSE","1"
"DOCK_DOOR_AVAIL_DATE","UK_DOCK_DOOR_AVAIL_DATE","UNIQUE","DOCK","2"
"DOCK_DOOR_AVAIL_DATE","UK_DOCK_DOOR_AVAIL_DATE","UNIQUE","DOOR","3"
"DOCK_DOOR_AVAIL_DATE","UK_DOCK_DOOR_AVAIL_DATE","UNIQUE","AVAIL_DATE","4"
"DOCK_DOOR_AVAIL_DATE","UK_DOCK_DOOR_AVAIL_DATE","UNIQUE","START_TIME","5"
"DOCK_DOOR_AVAIL_DAY","PK_DOCK_DOOR_AVAIL_DAY","UNIQUE","DOCK_DOOR_AVAIL_DAY_ID","1"
"DOCK_DOOR_AVAIL_DAY","TM_DOCK_DOOR_AVAIL_DAY_IDX1","NONUNIQUE","DOCK_DOOR_MASTER_ID","1"
"DOCK_DOOR_AVAIL_DAY","TM_DOCK_DOOR_AVAIL_DAY_IDX2","NONUNIQUE","WHSE","1"
"DOCK_DOOR_AVAIL_DAY","TM_DOCK_DOOR_AVAIL_DAY_IDX2","NONUNIQUE","DOCK","2"
"DOCK_DOOR_AVAIL_DAY","TM_DOCK_DOOR_AVAIL_DAY_IDX2","NONUNIQUE","DOOR","3"
"DOCK_DOOR_AVAIL_DAY","UK_DOCK_DOOR_AVAIL_DAY","UNIQUE","WHSE","1"
"DOCK_DOOR_AVAIL_DAY","UK_DOCK_DOOR_AVAIL_DAY","UNIQUE","DOCK","2"
"DOCK_DOOR_AVAIL_DAY","UK_DOCK_DOOR_AVAIL_DAY","UNIQUE","DOOR","3"
"DOCK_DOOR_AVAIL_DAY","UK_DOCK_DOOR_AVAIL_DAY","UNIQUE","DAY_OF_WEEK","4"
"DOCK_DOOR_AVAIL_DAY","UK_DOCK_DOOR_AVAIL_DAY","UNIQUE","START_TIME","5"
"DOCK_DOOR_AVAIL_SCHED","DDAVAILSCHED_WHSEDOCKDOOR_IDX","NONUNIQUE","WHSE","1"
"DOCK_DOOR_AVAIL_SCHED","DDAVAILSCHED_WHSEDOCKDOOR_IDX","NONUNIQUE","DOCK","2"
"DOCK_DOOR_AVAIL_SCHED","DDAVAILSCHED_WHSEDOCKDOOR_IDX","NONUNIQUE","DOOR","3"
"DOCK_DOOR_AVAIL_SCHED","PK_DOCK_DOOR_AVAIL_SCHED","UNIQUE","DOCK_DOOR_AVAIL_SCHED_ID","1"
"DOCK_DOOR_AVAIL_SCHED","TM_DOCK_DOOR_AVAIL_SCHED_IDX1","NONUNIQUE","DOCK_DOOR_MASTER_ID","1"
"DOCK_DOOR_AVAIL_SCHED","UK_DOCK_DOOR_AVAIL_SCHED","UNIQUE","REC_TYPE","1"
"DOCK_DOOR_AVAIL_SCHED","UK_DOCK_DOOR_AVAIL_SCHED","UNIQUE","WHSE","2"
"DOCK_DOOR_AVAIL_SCHED","UK_DOCK_DOOR_AVAIL_SCHED","UNIQUE","DOCK","3"
"DOCK_DOOR_AVAIL_SCHED","UK_DOCK_DOOR_AVAIL_SCHED","UNIQUE","DOOR","4"
"DOCK_DOOR_AVAIL_SCHED","UK_DOCK_DOOR_AVAIL_SCHED","UNIQUE","START_DATE_TIME","5"
"DOCK_DOOR_MASTER","DDMASTER_CLOADNBR_IDX","NONUNIQUE","CURR_LOAD_NBR","1"
"DOCK_DOOR_MASTER","DDMASTER_LOCNID_IDX","NONUNIQUE","LOCN_ID","1"
"DOCK_DOOR_MASTER","DDMASTER_WHSEDDBRCD_UDX","UNIQUE","WHSE","1"
"DOCK_DOOR_MASTER","DDMASTER_WHSEDDBRCD_UDX","UNIQUE","DOCK_DOOR_BRCD","2"
"DOCK_DOOR_MASTER","PK_DOCK_DOOR_MASTER","UNIQUE","DOCK_DOOR_MASTER_ID","1"
"DOCK_DOOR_MASTER","TM_DOCK_DOOR_MASTER_IDX1","NONUNIQUE","ANCHOR_LOCN_ID","1"
"DOCK_DOOR_MASTER","UK_DOCK_DOOR_MASTER","UNIQUE","WHSE","1"
"DOCK_DOOR_MASTER","UK_DOCK_DOOR_MASTER","UNIQUE","DOCK","2"
"DOCK_DOOR_MASTER","UK_DOCK_DOOR_MASTER","UNIQUE","DOOR","3"
"DOCK_DOOR_REF","DOCK_DOOR_REF_ASN_FK_1_IX","NONUNIQUE","ASN_ID","1"
"DOCK_DOOR_REF","DOCK_DOOR_REF_CARRIER_1_IX","NONUNIQUE","CARRIER_ID","1"
"DOCK_DOOR_REF","DOCK_DOOR_REF_PK","UNIQUE","DOCK_DOOR_ID","1"
"DOCK_DOOR_REF","FK_DOCK_DOOR_REF_TRLR_ID_IDX","NONUNIQUE","TRAILER_ID","1"
"DOCK_DOOR_REF","TM_DOCK_DOOR_REF_APPOINTM_1_IX","NONUNIQUE","APPOINTMENT_ID","1"
"DOCK_RATE_TYPE","DOCK_RTYPE_PK","UNIQUE","DOCK_RATE_TYPE","1"
"DOCUMENT","DOCUMENT_DTOT_IDX","NONUNIQUE","DOCUMENT_TYPE","1"
"DOCUMENT","DOCUMENT_DTOT_IDX","NONUNIQUE","OBJECT_TYPE","2"
"DOCUMENT","DOCUMENT_DTOT_IDX","NONUNIQUE","OBJECT_ID","3"
"DOCUMENT","DOCUMENT_PK","UNIQUE","DOCUMENT_ID","1"
"DOCUMENT","TM_DOCUMENT_IDX1","NONUNIQUE","DOCUMENT_FORMAT_TYPE","1"
"DOCUMENT","TM_DOCUMENT_IDX2","NONUNIQUE","DOCUMENT_STATUS","1"
"DOCUMENT","TM_DOCUMENT_IDX3","NONUNIQUE","DOCUMENT_TYPE","1"
"DOCUMENT","TM_DOCUMENT_IDX4","NONUNIQUE","OBJECT_TYPE","1"
"DOCUMENT_DESCRIPTOR","DOCUMENT_DESC_PK","UNIQUE","TC_COMPANY_ID","1"
"DOCUMENT_DESCRIPTOR","DOCUMENT_DESC_PK","UNIQUE","DOCUMENT_TYPE","2"
"DOCUMENT_DESCRIPTOR","DOCUMENT_DESC_PK","UNIQUE","DOCUMENT_EVENT_TYPE","3"
"DOCUMENT_DESCRIPTOR","TM_DOCUMENT_DESC_IDX1","NONUNIQUE","DOCUMENT_EVENT_TYPE","1"
"DOCUMENT_DESCRIPTOR","TM_DOCUMENT_DESC_IDX2","NONUNIQUE","DOCUMENT_GENERATOR_TYPE","1"
"DOCUMENT_DESCRIPTOR","TM_DOCUMENT_DESC_IDX3","NONUNIQUE","DOCUMENT_TYPE","1"
"DOCUMENT_DESCRIPTOR","TM_DOCUMENT_DESC_IDX4","NONUNIQUE","OBJECT_TYPE","1"
"DOCUMENT_DESCRIPTOR","TM_DOCUMENT_DESC_IDX5","NONUNIQUE","TC_COMPANY_ID","1"
"DOCUMENT_DESCRIPTOR","TM_DOCUMENT_DESC_IDX6","NONUNIQUE","XML_TRANSLATOR_TYPE","1"
"DOCUMENT_EVENT_TYPE","DOC_ETYPE_PK","UNIQUE","DOCUMENT_EVENT_TYPE","1"
"DOCUMENT_FORMAT_TYPE","DOC_FTYPE_PK","UNIQUE","DOCUMENT_FORMAT_TYPE","1"
"DOCUMENT_GENERATOR_TYPE","DOC_GTYPE_PK","UNIQUE","DOCUMENT_GENERATOR_TYPE","1"
"DOCUMENT_MANAGEMENT","DOCUMENT_MANAGEMENT_PK","UNIQUE","DOC_ID","1"
"DOCUMENT_MANAGEMENT","DOCUMENT_MANAGEMENT_PK","UNIQUE","DOC_TYPE","2"
"DOCUMENT_MANAGEMENT","DOCUMENT_MANAGEMENT_PK","UNIQUE","DOC_REVISION","3"
"DOCUMENT_STATUS","DOC_STATUS_PK","UNIQUE","DOCUMENT_STATUS","1"
"DOCUMENT_TYPE","DOC_TYPE_PK","UNIQUE","DOCUMENT_TYPE","1"
"DOC_DELIVERY","DOC_DELIVERY_PK","UNIQUE","DOC_DELIVERY_ID","1"
"DOC_DELIVERY","TM_DOC_DELIVERY_IDX1","NONUNIQUE","DOCUMENT_TYPE","1"
"DOC_DELIVERY","TM_DOC_DELIVERY_IDX2","NONUNIQUE","OBJECT_TYPE","1"
"DOC_DELIVERY","TM_DOC_DELIVERY_IDX3","NONUNIQUE","TC_COMPANY_ID","1"
"DOC_DELIVERY_DTL","DOC_DLVRY_DTL_PK","UNIQUE","DOC_DELIVERY_ID","1"
"DOC_DELIVERY_DTL","DOC_DLVRY_DTL_PK","UNIQUE","DOC_DELIVERY_DTL_ID","2"
"DOC_DELIVERY_DTL","TM_DOC_DELIVERY__IDX1","NONUNIQUE","DOC_DELIVERY_ID","1"
"DO_LINE_CLASSIFICATION_CODE","DO_LINE_CLASSFN_CD_IDX1","NONUNIQUE","ORDER_ID","1"
"DO_LINE_CLASSIFICATION_CODE","DO_LINE_CLASSFN_CD_IDX2","NONUNIQUE","CLASSIFICATION_CODE_ID","1"
"DO_LINE_CLASSIFICATION_CODE","DO_LINE_CLSCODE_PK","UNIQUE","DO_LINE_CLS_CODE_ID","1"
"DO_LINE_CLASSIFICATION_CODE","DO_LINE_ID_IDX1","NONUNIQUE","LINE_ITEM_ID","1"
"DO_LINE_CLS_CODE_TEMPLATE","DO_LINET_IDX1","NONUNIQUE","LINE_ITEM_ID","1"
"DO_LINE_CLS_CODE_TEMPLATE","DO_LINE_CLS_CD_TMPLT_FK1_1_IX","NONUNIQUE","LINE_ITEM_ID","1"
"DO_LINE_CLS_CODE_TEMPLATE","DO_LINE_CLS_CD_TMPLT_FK1_1_IX","NONUNIQUE","ORDER_ID","2"
"DO_LINE_CLS_CODE_TEMPLATE","DO_LINE_CLS_CD_TMPLT_FK2_1_IX","NONUNIQUE","CLASSIFICATION_CODE_ID","1"
"DO_LINE_CLS_CODE_TEMPLATE","DO_LINE_CLS_CODE_TEMPLATE_PK","UNIQUE","DO_LINE_CLS_CODE_ID","1"
"DO_LINE_CLS_CODE_TEMPLATE","DO_LINE_ORDER_IDX1","NONUNIQUE","ORDER_ID","1"
"DO_LINE_WMPROCESSINFO","DO_LINE_WMPRCSINF_PK","UNIQUE","LINE_ITEM_ID","1"
"DO_LINE_WMPROCESSINFO","DO_LN_WMPRSSINF_IDX1","NONUNIQUE","ORDER_ID","1"
"DO_STATUS","DO_STATUS_PK","UNIQUE","ORDER_STATUS","1"
"DO_TYPE","DO_TYPE_PK","UNIQUE","DO_TYPE","1"
"DO_WMPROCESSINFO","DO_WMPRSNF_PK","UNIQUE","ORDER_ID","1"
"DRIVER","DRIVER_PK","UNIQUE","CARRIER_ID","1"
"DRIVER","DRIVER_PK","UNIQUE","DRIVER_ID","2"
"DRIVER","TM_DRIVER_IDX1","NONUNIQUE","DISPATCH_STATUS","1"
"DRIVER","TM_DRIVER_IDX2","NONUNIQUE","RIGID_TRACTOR_ID","1"
"DRIVER_CALENDAR_MAP","DRIVERCALMAP_IDX","NONUNIQUE","DRIVER_ID","1"
"DRIVER_CALENDAR_MAP","DRIVERCALMAP_IDX","NONUNIQUE","CARRIER_ID","2"
"DRIVER_CALENDAR_MAP","DRIVERCALMAP_IDX","NONUNIQUE","TC_COMPANY_ID","3"
"DRIVER_CALENDAR_MAP","DRIVERCALMAP_IDX","NONUNIQUE","EFFECTIVE_DT","4"
"DRIVER_CALENDAR_MAP","DRIVERCALMAP_IDX","NONUNIQUE","EXPIRATION_DT","5"
"DRIVER_CALENDAR_MAP","DRIVER_CMAP_PK","UNIQUE","DRIVER_CALENDAR_MAP_ID","1"
"DRIVER_CALENDAR_MAP","TM_DRIVER_CALEND_IDX1","NONUNIQUE","CALENDAR_ID","1"
"DRIVER_DOMICILE","DRIVER_DOMIC_PK","UNIQUE","DRIVER_DOMICILE_ID","1"
"DRIVER_DOMICILE","DRVDOM_CMPDRV_IDX","NONUNIQUE","TC_COMPANY_ID","1"
"DRIVER_DOMICILE","DRVDOM_CMPDRV_IDX","NONUNIQUE","DRIVER_ID","2"
"DRIVER_DOMICILE","DRVDOM_CMPDRV_IDX","NONUNIQUE","EFFECTIVE_DTTM","3"
"DRIVER_DOMICILE","DRVDOM_CMPDRV_IDX","NONUNIQUE","EXPIRATION_DTTM","4"
"DRIVER_DOMICILE","DRVDOM_FAC_IDX","NONUNIQUE","FACILITY_ID","1"
"DRIVER_DOMICILE","DRVDOM_FAC_IDX","NONUNIQUE","FACILITY_ALIAS_ID","2"
"DRIVER_PREFERENCE","DRVR_PREF_PK","UNIQUE","DRIVER_PREFERENCE_ID","1"
"DRIVER_PREFERENCE","DRVR_PRF_FACAS_FK1_1_IX","NONUNIQUE","O_FACILITY_ALIAS_ID","1"
"DRIVER_PREFERENCE","DRVR_PRF_FACAS_FK1_1_IX","NONUNIQUE","O_FACILITY_ID","2"
"DRIVER_PREFERENCE","DRVR_PRF_FACAS_FK2_1_IX","NONUNIQUE","D_FACILITY_ALIAS_ID","1"
"DRIVER_PREFERENCE","DRVR_PRF_FACAS_FK2_1_IX","NONUNIQUE","D_FACILITY_ID","2"
"DRIVER_PREFERENCE","DRVR_PRF_FACAS_FK3_1_IX","NONUNIQUE","FIRST_DLVRY_FACILITY_ALIAS_ID","1"
"DRIVER_PREFERENCE","DRVR_PRF_FACAS_FK3_1_IX","NONUNIQUE","FIRST_DLVRY_FACILITY_ID","2"
"DRIVER_PREFERENCE","DRVR_PRF_FACAS_FK4_1_IX","NONUNIQUE","LAST_DLVRY_FACILITY_ALIAS_ID","1"
"DRIVER_PREFERENCE","DRVR_PRF_FACAS_FK4_1_IX","NONUNIQUE","LAST_DLVRY_FACILITY_ID","2"
"DRIVER_PREFERENCE","DRVR_PRF_FACAS_FK5_1_IX","NONUNIQUE","STOP_FACILITY_ALIAS_ID","1"
"DRIVER_PREFERENCE","DRVR_PRF_FACAS_FK5_1_IX","NONUNIQUE","STOP_FACILITY_ID","2"
"DRIVER_PREFERENCE","TM_DRIVER_PREFER_IDX1","NONUNIQUE","PRODUCT_CLASS_ID","1"
"DRIVER_SCHED_EXCEPTION","DRIVER_SE_PK","UNIQUE","CARRIER_ID","1"
"DRIVER_SCHED_EXCEPTION","DRIVER_SE_PK","UNIQUE","DRIVER_ID","2"
"DRIVER_SCHED_EXCEPTION","DRIVER_SE_PK","UNIQUE","DRIVER_SCHED_EXCEPTION_ID","3"
"DRIVER_SCHED_EXCEPTION","DRVSDEXP_CMPDT_IDX","NONUNIQUE","TC_COMPANY_ID","1"
"DRIVER_SCHED_EXCEPTION","DRVSDEXP_CMPDT_IDX","NONUNIQUE","SCHED_EXC_START_DTTM","2"
"DRIVER_SCHED_EXCEPTION","DRVSDEXP_CMPDT_IDX","NONUNIQUE","SCHED_EXC_END_DTTM","3"
"DRIVER_SCHED_EXCEPTION","TM_DRIVER_SCHED__IDX1","NONUNIQUE","DRIVER_SCHED_EXC_TYPE","1"
"DRIVER_SCHED_EXC_TYPE","DRIVER_STYPE_PK","UNIQUE","DRIVER_SCHED_EXC_TYPE","1"
"DRIVER_SHIPMENT","FK_SHIPMENT_ID_1_IX","NONUNIQUE","SHIPMENT_ID","1"
"DRIVER_SHIPMENT","PK_ROW_UID","UNIQUE","ROW_UID","1"
"DRIVER_TRAVEL_INFO","DRIVER_TINFO_PK","UNIQUE","DRIVER_TRAVEL_INFO_ID","1"
"DRIVER_TRAVEL_INFO","DTI_FK1_1_IX","NONUNIQUE","CARRIER_ID","1"
"DRIVER_TRAVEL_INFO","DTI_FK1_1_IX","NONUNIQUE","DRIVER_ID","2"
"DRIVER_TRAVEL_INFO","DTI_FK2_1_IX","NONUNIQUE","TRIP_ID","1"
"DROPOFF_PICKUP","DROPOFF_PICKUP_PK","UNIQUE","DROPOFF_PICKUP","1"
"DSP_DISPATCH_TYPE","DSP_DSPTH_TYPE_PK","UNIQUE","DSP_DISPATCH_TYPE","1"
"DSP_DR","DSP_DR_PK","UNIQUE","DSP_DR_ID","1"
"DSP_DR","TM_DSP_DR_IDX1","NONUNIQUE","DSP_DR_SET_ID","1"
"DSP_DR","TM_DSP_DR_IDX2","NONUNIQUE","DSP_DR_TYPE_ID","1"
"DSP_DR_CONFIGURATION","DSP_DR_CON_PK","UNIQUE","DSP_DR_CONFIGURATION_ID","1"
"DSP_DR_PARAMETER","DSP_DR_PAR_PK","UNIQUE","DSP_DR_PARAMETER_ID","1"
"DSP_DR_PARAMETER_SET","DSP_DR_PSET_PK","UNIQUE","DSP_DR_PARAMETER_SET_ID","1"
"DSP_DR_PARAMETER_SET","TM_DSP_DR_PARAME_IDX1","NONUNIQUE","DSP_DR_PARAMETER_ID","1"
"DSP_DR_PARAMETER_SET","TM_DSP_DR_PARAME_IDX2","NONUNIQUE","DSP_DR_SET_ID","1"
"DSP_DR_SET","DSPDR_CMPSRLVL_IDX","NONUNIQUE","TC_COMPANY_ID","1"
"DSP_DR_SET","DSPDR_CMPSRLVL_IDX","NONUNIQUE","SERVICE_LEVEL_ID","2"
"DSP_DR_SET","DSP_DR_SET_PK","UNIQUE","DSP_DR_SET_ID","1"
"DSP_DR_SET","TM_DSP_DR_SET_IDX1","NONUNIQUE","DSP_DR_CONFIGURATION_ID","1"
"DSP_DR_SET","TM_DSP_DR_SET_IDX2","NONUNIQUE","SERVICE_LEVEL_ID","1"
"DSP_DR_TYPE","DSP_DR_TYPE_PK","UNIQUE","DSP_DR_TYPE_ID","1"
"DT_CACHE2","DT_CACHE2_PK","UNIQUE","DT_PARM_LIST_ID","1"
"DT_CACHE2","DT_CACHE2_PK","UNIQUE","ORIG","2"
"DT_CACHE2","DT_CACHE2_PK","UNIQUE","DEST","3"
"DT_CACHE2","TM_DT_CACHE2_IDX1","NONUNIQUE","DT_PARM_LIST_ID","1"
"DT_CALCULATOR","DT_CALCULATOR_PK","UNIQUE","DT_CALCULATOR","1"
"DT_OVERRIDE","DT_OVERRIDE_COD_UX","UNIQUE","COMPANY_ID","1"
"DT_OVERRIDE","DT_OVERRIDE_COD_UX","UNIQUE","ORIG","2"
"DT_OVERRIDE","DT_OVERRIDE_COD_UX","UNIQUE","DEST","3"
"DT_OVERRIDE","DT_OVERRIDE_PK","UNIQUE","OVERRIDE_SEQ","1"
"DT_OVERRIDE","DT_OVERRIDE_PK","UNIQUE","COMPANY_ID","2"
"DT_OVERRIDE_DETAIL","DTORDTL_DTOR_FK_IDX","NONUNIQUE","OVERRIDE_SEQ","1"
"DT_OVERRIDE_DETAIL","DTORDTL_DTOR_FK_IDX","NONUNIQUE","TC_COMPANY_ID","2"
"DT_OVERRIDE_DETAIL","DT_OR_DTL_PK","UNIQUE","DT_OVERRIDE_DETAIL_ID","1"
"DT_OVERRIDE_DETAIL","TM_DT_OVERRIDE_D_IDX2","NONUNIQUE","OVERRIDE_WINDOW_ID","1"
"DT_OVERRIDE_STATE_TAX","PK_STATE_TAX_SEQ","UNIQUE","STATE_TAX_SEQ","1"
"DT_OVERRIDE_STATE_TAX","TM_DT_OVERRIDE_STATE_TAX_IDX1","NONUNIQUE","DT_OVERRIDE_ID","1"
"DT_OVERRIDE_STATE_TAX","TM_DT_OVERRIDE_STATE_TAX_IDX1","NONUNIQUE","TC_COMPANY_ID","2"
"DT_OVERRIDE_STATE_TAX","TM_DT_OVERRIDE_STATE_TAX_IDX2","NONUNIQUE","STATE_PROV","1"
"DT_OVERRIDE_STATE_TAX","TM_DT_OVERRIDE_STATE_TAX_IDX2","NONUNIQUE","COUNTRY_CODE","2"
"DT_OVERRIDE_WINDOW","DT_OVRRD_WIN_PK","UNIQUE","DT_OVERRIDE_WINDOW_ID","1"
"DT_PARM_LIST","DT_PARM_LIST_PK","UNIQUE","DT_PARM_LIST_ID","1"
"DT_PARM_LIST","TM_DT_PARM_LIST_IDX1","NONUNIQUE","DT_CALCULATOR","1"
"DT_PARM_LIST_DTL","DT_PARM_LDTL_PK","UNIQUE","DT_PARM_LIST_ID","1"
"DT_PARM_LIST_DTL","DT_PARM_LDTL_PK","UNIQUE","DT_PARM_LIST_DTL_SEQ","2"
"DT_PARM_LIST_DTL","TM_DT_PARM_LIST__IDX1","NONUNIQUE","DT_PARM_LIST_ID","1"
"DWM_ACTOR_SYSTEM","ACTOR_SYS_ID_PK","UNIQUE","ACTOR_SYS_ID","1"
"DWM_ACTOR_SYSTEM","DWM_ACTOR_SYSTEM_UK","UNIQUE","HOST_NAME","1"
"DWM_ACTOR_SYSTEM","DWM_ACTOR_SYSTEM_UK","UNIQUE","PORT","2"
"DWM_WORK_EVENT_LOG","DWM_WORK_REST_IDX","NONUNIQUE","WORK_REQUEST_ID","1"
"DWM_WORK_EVENT_LOG","WORK_EVENT_ID_PK","UNIQUE","WORK_EVENT_ID","1"
"DWM_WORK_REQUEST","WORK_REQUEST_ID_PK","UNIQUE","WORK_REQUEST_ID","1"
"DWM_WORK_REQUEST","WORK_TYPE_CONFIG_ID_FK_1_IX","NONUNIQUE","WORK_TYPE_CONFIG_ID","1"
"DWM_WORK_REQUEST_ERROR","DWM_WORK_REST_ERR_IDX","NONUNIQUE","WORK_REQUEST_ID","1"
"DWM_WORK_REQUEST_ERROR","ERROR_ID_PK","UNIQUE","ERROR_ID","1"
"DWM_WORK_TYPE_ACTOR_SYS_MAP","ACTOR_SYS_ID_MAP_FK_1_IX","NONUNIQUE","ACTOR_SYS_ID","1"
"DWM_WORK_TYPE_ACTOR_SYS_MAP","DWM_WORK_TYPE_ACTOR_SYS_MAP_PK","UNIQUE","WORK_TYPE_MAP_ID","1"
"DWM_WORK_TYPE_ACTOR_SYS_MAP","DWM_WORK_TYPE_ACTOR_SYS_MAP_UK","UNIQUE","WORK_TYPE_CONFIG_ID","1"
"DWM_WORK_TYPE_ACTOR_SYS_MAP","DWM_WORK_TYPE_ACTOR_SYS_MAP_UK","UNIQUE","ACTOR_SYS_ID","2"
"DWM_WORK_TYPE_CONFIG","WORK_TYPE_ID_PK","UNIQUE","WORK_TYPE_CONFIG_ID","1"
"DWM_WORK_TYPE_CONFIG","WORK_TYPE_NAME_UK","UNIQUE","WORK_TYPE_NAME","1"
"DYNAMICCONTROL","DYNAMICCONTROL_UX","UNIQUE","TC_COMPANY_ID","1"
"DYNAMICCONTROL","DYNAMICCONTROL_UX","UNIQUE","FIELD_NAME","2"
"DYNAMICCONTROL","DYNAMICCONTROL_UX2","UNIQUE","TC_COMPANY_ID","1"
"DYNAMICCONTROL","DYNAMICCONTROL_UX2","UNIQUE","DISPLAY_SEQ","2"
"DYNAMIC_CONTROL_FIELDS","DC_FIELDS_PK","UNIQUE","FIELD_ID","1"
"DYNAMIC_CONTROL_INFO","DC_INFO_PK","UNIQUE","DYNAMIC_CONTROL_INFO_ID","1"
"DYNAMIC_ROUTE","PK_DYNAMIC_ROUTE","UNIQUE","DYNAMIC_ROUTE_ID","1"
"DYNAMIC_ROUTE_DETAIL","PK_DYNAMIC_ROUTE_DETAIL","UNIQUE","DYNAMIC_ROUTE_DETAIL_ID","1"
"DYNAMIC_ROUTE_DETAIL","TM_DYNAMIC_ROUTE_DETAIL_IDX1","NONUNIQUE","DYNAMIC_ROUTE_ID","1"
"EC_CONSUMER","PK_EC_CONSUMER","UNIQUE","EC_CONSUMER_ID","1"
"EC_CONSUMER","UK_EC_CONSUMER_CONS_ID","UNIQUE","CONSUMER_ID","1"
"EC_CONSUMER_MSG_TYPE","PK_EC_CONSUMER_MSG_TYPE","UNIQUE","EC_CONSUMER_MSG_TYPE_ID","1"
"EC_CONSUMER_MSG_TYPE","TM_EC_CONSUMER_MSG_TYPE_IDX1","NONUNIQUE","EC_CONSUMER_ID","1"
"EC_CONSUMER_MSG_TYPE","UK_EC_CONS_MSGTYPE_CONS_ID_MSG","UNIQUE","MSG_TYPE","1"
"EC_CONSUMER_MSG_TYPE","UK_EC_CONS_MSGTYPE_CONS_ID_MSG","UNIQUE","CONSUMER_ID","2"
"EC_MESSAGE","PK_EC_MESSAGE","UNIQUE","EC_MESSAGE_ID","1"
"EC_MESSAGE","UK_EC_MESSAGE_MSG_ID","UNIQUE","MSG_ID","1"
"EC_MESSAGE_CONSUMER","PK_EC_MESSAGE_CONSUMER","UNIQUE","EC_MESSAGE_CONSUMER_ID","1"
"EC_MESSAGE_CONSUMER","TM_EC_MESSAGE_CONSUMER_IDX1","NONUNIQUE","EC_CONSUMER_ID","1"
"EC_MESSAGE_CONSUMER","TM_EC_MESSAGE_CONSUMER_IDX2","NONUNIQUE","EC_MESSAGE_ID","1"
"EC_MESSAGE_CONSUMER","UK_EC_MSG_CONSUMER_CONS_MSG_ID","UNIQUE","CONSUMER_ID","1"
"EC_MESSAGE_CONSUMER","UK_EC_MSG_CONSUMER_CONS_MSG_ID","UNIQUE","MSG_ID","2"
"EDI_XREF","EDIXREF_CUSTBILLDFACNAME_UDX","UNIQUE","CUSTOMER","1"
"EDI_XREF","EDIXREF_CUSTBILLDFACNAME_UDX","UNIQUE","BILL_TO_FACILITY_NAME","2"
"EDI_XREF","EDIXREF_CUSTBILLDFACNAME_UDX","UNIQUE","D_FACILITY_NAME","3"
"EDI_XREF","EDIXREF_CUSTBILLDFACNAME_UDX","UNIQUE","CARR_TYPE","4"
"EDI_XREF","EDIXREF_CUSTBILLDFACNAME_UDX","UNIQUE","SHIP_VIA","5"
"EDI_XREF","PK_EDI_XREF","UNIQUE","EDI_XREF_ID","1"
"EMPLOYEE","EMPLOYEES_PK","UNIQUE","IEMPOYEECODE","1"
"ENGINE_INPUT_PARM","PK_ENGINE_INPUT_PARM","UNIQUE","ENGINE_ID","1"
"ENGINE_LOG_PARM","PK_ENGINE_LOG_PARM","UNIQUE","ENGINE_ID","1"
"ENGINE_LOG_PARM","PK_ENGINE_LOG_PARM","UNIQUE","WHSE","2"
"ENGINE_OUTPUT_PARM","PK_ENGINE_OUTPUT_PARM","UNIQUE","ENGINE_ID","1"
"ENTERPRISE","PK_ENTERPRISE","UNIQUE","ENTERPRISEID","1"
"ENTERPRISE_MASTER","PK_ENTERPRISE_MASTER","UNIQUE","ENTERPRISE_MASTER_ID","1"
"EPI_END_OF_DAY","EPI_EOD_COMPANY_FAC_STATUS_IDX","NONUNIQUE","TC_COMPANY_ID","1"
"EPI_END_OF_DAY","EPI_EOD_COMPANY_FAC_STATUS_IDX","NONUNIQUE","O_FACILITY_ID","2"
"EPI_END_OF_DAY","EPI_EOD_COMPANY_FAC_STATUS_IDX","NONUNIQUE","EOD_STATUS","3"
"EPI_END_OF_DAY","EPI_EOD_COMPANY_STATUS_IDX","NONUNIQUE","TC_COMPANY_ID","1"
"EPI_END_OF_DAY","EPI_EOD_COMPANY_STATUS_IDX","NONUNIQUE","EOD_STATUS","2"
"EPI_END_OF_DAY","FK_ENDOFDAY_CARRIER_ID_1_IX","NONUNIQUE","CARRIER_ID","1"
"EPI_END_OF_DAY","FK_ENDOFDAY_FACILITY_ID_1_IX","NONUNIQUE","O_FACILITY_ID","1"
"EPI_END_OF_DAY","UK_EOD_REQUEST_ID_IDX","UNIQUE","EOD_REQUEST_ID","1"
"EPI_END_OF_DAY_SERVICE_LEVEL","EPI_EOD_SRVC_LVL_IDX1","NONUNIQUE","EOD_REQUEST_ID","1"
"EPI_END_OF_DAY_SERVICE_LEVEL","EPI_EOD_SRVC_LVL_IDX2","NONUNIQUE","SERVICE_LEVEL_ID","1"
"EPI_END_OF_DAY_SERVICE_LEVEL","PK_EPI_EOD_SRVC_LVL","UNIQUE","EPI_EOD_SERVICE_LEVEL_ID","1"
"EPI_TRANSACTION_LOG","EPI_TRANSACTION_LOG_PK","UNIQUE","EPI_TRANSACTION_LOG_ID","1"
"EQUIPMENT_CUS_REF_FIELDS","EQUIPCUSREFFLDS_PK","UNIQUE","TC_COMPANY_ID","1"
"EQUIPMENT_CUS_REF_FIELDS","EQUIPCUSREFFLDS_PK","UNIQUE","EQUIPMENT_INSTANCE_ID","2"
"EQUIPMENT_CUS_REF_FIELDS","EQUIPCUSREFFLDS_PK","UNIQUE","ATTRIBUTE_NAME","3"
"EQUIPMENT_CUS_REF_FIELDS","TM_EQUIPMENT_CUS_IDX1","NONUNIQUE","EQUIPMENT_INSTANCE_ID","1"
"EQUIPMENT_NOTE","EQUIP_NT_PK","UNIQUE","EQUIPMENT_ID","1"
"EQUIPMENT_NOTE","EQUIP_NT_PK","UNIQUE","NOTE_SEQ","2"
"EQUIPMENT_NOTE","TM_EQUIPMENT_NOT_IDX1","NONUNIQUE","EQUIPMENT_ID","1"
"EQUIPMENT_OVERFLOW","EQUIP_OVF_PK","UNIQUE","EQUIPMENT_OVERFLOW","1"
"EQUIP_CURR_DOMICILE","EQUIP_CD_DSPRF_FK_1_IX","NONUNIQUE","DSP_REGION_ID","1"
"EQUIP_CURR_DOMICILE","EQUIP_CD_DSPRF_FK_1_IX","NONUNIQUE","FACILITY_ALIAS_ID","2"
"EQUIP_CURR_DOMICILE","EQUIP_CD_DSPRF_FK_1_IX","NONUNIQUE","FACILITY_ID","3"
"EQUIP_CURR_DOMICILE","EQUIP_CURR_PK","UNIQUE","EQUIP_CURR_DOMICILE_ID","1"
"EQUIP_CURR_DOMICILE","EQUIP_C_FACA_IDX1","NONUNIQUE","FACILITY_ALIAS_ID","1"
"EQUIP_CURR_DOMICILE","EQUIP_C_FAC_IDX1","NONUNIQUE","FACILITY_ID","1"
"EQUIP_CURR_DOMICILE","TM_EQUIP_CURR_DO_IDX1","NONUNIQUE","DSP_REGION_ID","1"
"EQUIP_CURR_DOMICILE","TM_EQUIP_CURR_DO_IDX1","NONUNIQUE","FACILITY_ID","2"
"EQUIP_CURR_DOMICILE","TM_EQUIP_CURR_DO_IDX1","NONUNIQUE","FACILITY_ALIAS_ID","3"
"EQUIP_CURR_DOMICILE","TM_EQUIP_CURR_DO_IDX2","NONUNIQUE","EQUIPMENT_ID","1"
"EQUIP_INSTANCE_CURR_DOMICILE","EQPINSCURDM_EQPINS_IDX","NONUNIQUE","EQUIPMENT_INSTANCE_ID","1"
"EQUIP_INSTANCE_CURR_DOMICILE","EQPINSCURDM_EQPINS_IDX","NONUNIQUE","START_DATE","2"
"EQUIP_INSTANCE_CURR_DOMICILE","EQPINSCURDM_EQPINS_IDX","NONUNIQUE","EXPIRATION_DATE","3"
"EQUIP_INSTANCE_CURR_DOMICILE","EQUIP_ICD_PK","UNIQUE","EQUIP_INST_CURR_DOMICILE_ID","1"
"EQUIP_INST_SCHED_PLANNED","EQUIP_INST_SPK","UNIQUE","EQUIPMENT_INSTANCE_ID","1"
"EQUIP_INST_SCHED_PLANNED","EQUIP_INST_SPK","UNIQUE","EQUIP_INST_SCHED_PLAN_ID","2"
"EQUIP_INST_SCHED_PLANNED","TM_EQUIP_INST_SC_IDX1","NONUNIQUE","EQUIP_INST_SCHED_TYPE","1"
"EQUIP_INST_SCHED_TYPE","EQUIP_INST_PK","UNIQUE","EQUIP_INST_SCHED_TYPE","1"
"ERP_PIX_CROSSREF","ERP_PIX_CROSSREF_PK","UNIQUE","ERP_PIX_CROSSREF_ID","1"
"ERROR_LOG","ELOG_ASN_IDX","NONUNIQUE","ASN_ID","1"
"ERROR_LOG","ELOG_ASN_IDX","NONUNIQUE","TC_COMPANY_ID","2"
"ERROR_LOG","ERROR_LOG_PK","UNIQUE","ERROR_ID","1"
"ERROR_LOG","ERR_LOG_IDX","NONUNIQUE","OBJECT_TYPE","1"
"ERROR_LOG","ERR_LOG_IDX","NONUNIQUE","ID1","2"
"ERROR_LOG","ERR_LOG_IDX","NONUNIQUE","ERROR_MSG_ID","3"
"ERROR_LOG","ERR_LOG_LPN_IDX","NONUNIQUE","LPN_ID","1"
"ERROR_LOG","ERR_LOG_ORD_IDX","NONUNIQUE","ORDER_ID","1"
"ERROR_LOG","ERR_LOG_SHIP_IDX","NONUNIQUE","SHIPMENT_ID","1"
"ERROR_LOG","ERR_LOG_TMI_IDX","NONUNIQUE","TRACKING_MSG_ID","1"
"ERROR_LOG","PE_ERRLG_PO_IX","NONUNIQUE","PURCHASE_ORDERS_ID","1"
"ERROR_LOG","PURGE_IDX_EL_01","NONUNIQUE","TC_COMPANY_ID","1"
"ERROR_LOG","PURGE_IDX_EL_01","NONUNIQUE","CREATED_DTTM","2"
"ERROR_LOG","TM_ERROR_LOG_IDX1","NONUNIQUE","OBJECT_TYPE","1"
"ERROR_LOG_ARGS","ERROR_LOG_ARGS_PK","UNIQUE","ERROR_ID","1"
"ERROR_LOG_ARGS","ERROR_LOG_ARGS_PK","UNIQUE","ARG_SEQ_NBR","2"
"ERROR_LOG_ARGS","TM_ERROR_LOG_ARG_IDX1","NONUNIQUE","ERROR_ID","1"
"ERROR_MESSAGE","ERROR_MESSAGE_PK","UNIQUE","ERROR_MSG_ID","1"
"ERROR_TYPE","ERROR_TYPE_PK","UNIQUE","ERROR_TYPE","1"
"ER_COLUMNS","ER_COLUMNS_PK","UNIQUE","ER_COLUMN_ID","1"
"ER_TABLES","ER_TABLES_PK","UNIQUE","ER_TABLE_ID","1"
"EVENT_ARACCT","PK_EVENT_ARACCT","UNIQUE","EVENT_ARACCT_ID","1"
"EVENT_ARACCT","UK_EVENT_ARACCT","UNIQUE","EVENT_ID","1"
"EVENT_ARACCT","UK_EVENT_ARACCT","UNIQUE","WHSE","2"
"EVENT_ARACCT","UK_EVENT_ARACCT","UNIQUE","TC_COMPANY_ID","3"
"EVENT_ARACCT","UK_EVENT_ARACCT","UNIQUE","ACCT_RCVBL_ACCT_NBR","4"
"EVENT_CATEGORY","EVENT_CATEGORY_PK","UNIQUE","EVENT_CATEGORY","1"
"EVENT_HANDLER","EVENT_HANDLER_PK","UNIQUE","TC_COMPANY_ID","1"
"EVENT_HANDLER","EVENT_HANDLER_PK","UNIQUE","JAVA_EVENT_TYPE","2"
"EVENT_HANDLER","TM_EVENT_HANDLER_IDX1","NONUNIQUE","TC_COMPANY_ID","1"
"EVENT_LOG","EVENT_LOG_PK","UNIQUE","EVENT_LOG_ID","1"
"EVENT_LOG","EVENT_LOG_PK","UNIQUE","COMPANY_ID","2"
"EVENT_LOG","TM_EVENT_LOG_IDX1","NONUNIQUE","EVENT_CATEGORY","1"
"EVENT_LOG","TM_EVENT_LOG_IDX2","NONUNIQUE","EVENT_SEVERITY","1"
"EVENT_MESSAGE","EVENTMSG_CDMASTERID_IDX","NONUNIQUE","CD_MASTER_ID","1"
"EVENT_MESSAGE","PE_EVENTMSG_EVENTIDSTATCD_IDX","NONUNIQUE","STAT_CODE","1"
"EVENT_MESSAGE","PE_EVENTMSG_EVENTIDSTATCD_IDX","NONUNIQUE","NBR_OF_RETRY","2"
"EVENT_MESSAGE","PE_EVENTMSG_EVENTIDSTATCD_IDX","NONUNIQUE","EVENT_ID","3"
"EVENT_MESSAGE","PE_EVENTMSG_EVENTIDSTATCD_IDX","NONUNIQUE","EVENT_MESSAGE_ID","4"
"EVENT_MESSAGE","PE_EVENT_MESSAGE_IDX2","NONUNIQUE","EVENT_ID","1"
"EVENT_MESSAGE","PE_EVENT_MESSAGE_IDX2","NONUNIQUE","STAT_CODE","2"
"EVENT_MESSAGE","PE_EVENT_MESSAGE_IDX2","NONUNIQUE","ERROR_SEQ_NBR","3"
"EVENT_MESSAGE","PE_EVENT_MESSAGE_IDX2","NONUNIQUE","NBR_OF_RETRY","4"
"EVENT_MESSAGE","PE_EVENT_MESSAGE_IDX2","NONUNIQUE","CREATE_DATE_TIME","5"
"EVENT_MESSAGE","PE_EVENT_MESSAGE_IDX2","NONUNIQUE","MOD_DATE_TIME","6"
"EVENT_MESSAGE","PE_EVNT_IDX","NONUNIQUE","STAT_CODE","1"
"EVENT_MESSAGE","PE_EVNT_IDX","NONUNIQUE","EVENT_ID","2"
"EVENT_MESSAGE","PE_EVNT_IDX","NONUNIQUE","EVENT_MESSAGE_ID","3"
"EVENT_MESSAGE","PE_EVNT_IDX","NONUNIQUE","CREATE_DATE_TIME","4"
"EVENT_MESSAGE","PK_EVENT_MESSAGE","UNIQUE","EVENT_MESSAGE_ID","1"
"EVENT_MESSAGE","PURGE_IDX_EM_01","NONUNIQUE","CD_MASTER_ID","1"
"EVENT_MESSAGE","PURGE_IDX_EM_01","NONUNIQUE","WHSE","2"
"EVENT_MESSAGE","PURGE_IDX_EM_01","NONUNIQUE","MOD_DATE_TIME","3"
"EVENT_MESSAGE_HISTORY","EVENT_MESSAGE_HIST_IDX1","NONUNIQUE","MOD_DATE_TIME","1"
"EVENT_MESSAGE_HISTORY","EVENT_MESSAGE_HIST_IDX1","NONUNIQUE","STAT_CODE","2"
"EVENT_MESSAGE_HISTORY","EVENT_MESSAGE_HIST_IDX1","NONUNIQUE","WHSE","3"
"EVENT_MESSAGE_HISTORY","EVENT_MESSAGE_HIST_IDX1","NONUNIQUE","CD_MASTER_ID","4"
"EVENT_MESSAGE_HISTORY","PK_EVENT_MESSAGE_HISTORY","UNIQUE","EVENT_MESSAGE_ID","1"
"EVENT_PARM","EVENTPARM_EVENTDESC_IDX","NONUNIQUE","EVENT_PARM_DESC","1"
"EVENT_PARM","PK_EVENT_PARM","UNIQUE","EVENT_PARM_ID","1"
"EVENT_RULE_ATTRIB","EVENT_RULE_ATTRIB_PK","UNIQUE","EVENT_RULE_PARM_ID","1"
"EVENT_RULE_ATTRIB","EVENT_RULE_ATTRIB_PK","UNIQUE","RULE_COLM_LIST_ID","2"
"EVENT_RULE_PARM","EVENTRPARM_DLOCNID_IDX","NONUNIQUE","DEST_LOCN_ID","1"
"EVENT_RULE_PARM","EVENTRPARM_TPARMID_IDX","NONUNIQUE","TASK_PARM_ID","1"
"EVENT_RULE_PARM","EVENT_RULE_PARM_IV_EVENT_IDX","NONUNIQUE","IV_EVENT","1"
"EVENT_RULE_PARM","PK_EVENT_RULE_PARM","UNIQUE","EVENT_RULE_PARM_ID","1"
"EVENT_RULE_PARM","TM_EVENT_RULE_PARM_IDX1","NONUNIQUE","EVENT_PARM_ID","1"
"EVENT_RULE_PARM","TM_EVENT_RULE_PARM_IDX2","NONUNIQUE","RULE_HDR_ID","1"
"EVENT_RULE_PARM","TM_EVENT_RULE_PARM_IDX3","NONUNIQUE","RULE_ID","1"
"EVENT_RULE_PARM","UK_EVENT_RULE_PARM","UNIQUE","EVENT_PARM_ID","1"
"EVENT_RULE_PARM","UK_EVENT_RULE_PARM","UNIQUE","RULE_ID","2"
"EVENT_SEVERITY","EVENT_SEVERITY_PK","UNIQUE","EVENT_SEVERITY","1"
"EXCEL_IMPORT_DETAILS","EXCEL_IMPORT_DETAILS_PK","UNIQUE","IMPORT_FILE_ID","1"
"EXCEL_MESSAGE_TYPE","EXCEL_MESSAGE_TYPE_PK","UNIQUE","MESSAGE_TYPE","1"
"EXCEPTIONS","IDX_EXCEPTIONS_WHSE_CODE","NONUNIQUE","WHSE_CODE","1"
"EXCEPTIONS","PK_EXCEPTIONS","UNIQUE","EX_ID","1"
"EXE_NOTIFICATION_TYPES","EXE_NOTIF_TYPES_PK","UNIQUE","TYPE_ID","1"
"EXPT_W17_ASN","IX_EXPT_W17_ASN_1_1","NONUNIQUE","SYS_CRT_DTTM","1"
"EXPT_W17_ASN","IX_EXPT_W17_ASN_1_2","NONUNIQUE","SYS_MDF_DTTM","1"
"EXPT_W17_ASN","IX_EXPT_W17_ASN_1_3","NONUNIQUE","STATUS","1"
"EXPT_W17_ASN","IX_EXPT_W17_ASN_1_4","NONUNIQUE","EXPT_W17_ASN_SAVE3_PK","1"
"EXPT_W17_ASN","PK_EXPT_W17_ASN","UNIQUE","EXPT_W17_ASN_PK","1"
"EXPT_W17_COMPANY","IX_EXPT_W17_COMPANY_1_1","NONUNIQUE","SYS_MDF_DTTM","1"
"EXPT_W17_COMPANY","IX_EXPT_W17_COMPANY_1_2","NONUNIQUE","SYS_CRT_DTTM","1"
"EXPT_W17_COMPANY","IX_EXPT_W17_COMPANY_1_3","NONUNIQUE","SAVE3_COMPANY_WHSE_PK","1"
"EXPT_W17_COMPANY","PK_EXPT_W17_COMPANY","UNIQUE","EXPT_W17_COMPANY_PK","1"
"EXPT_W17_FACILITY","IX_EXPT_W17_FACILITY_1_1","NONUNIQUE","SYS_CRT_DTTM","1"
"EXPT_W17_FACILITY","IX_EXPT_W17_FACILITY_1_2","NONUNIQUE","SYS_MDF_DTTM","1"
"EXPT_W17_FACILITY","IX_EXPT_W17_FACILITY_1_3","NONUNIQUE","FACILITY_CODE","1"
"EXPT_W17_FACILITY","IX_EXPT_W17_FACILITY_1_4","NONUNIQUE","COMPANY_CODE","1"
"EXPT_W17_FACILITY","PK_EXPT_W17_FACILITY","UNIQUE","EXPT_W17_FACILITY_PK","1"
"EXPT_W17_ITEM","IX_EXPT_W17_ITEM_1_1","NONUNIQUE","SYS_CRT_DTTM","1"
"EXPT_W17_ITEM","IX_EXPT_W17_ITEM_1_2","NONUNIQUE","SYS_MDF_DTTM","1"
"EXPT_W17_ITEM","IX_EXPT_W17_ITEM_1_3","NONUNIQUE","ITEM_CODE","1"
"EXPT_W17_ITEM","IX_EXPT_W17_ITEM_1_4","NONUNIQUE","SAVE3_EXPT_W17_ITEM_URL_PK","1"
"EXPT_W17_ITEM","PK_EXPT_W17_ITEM","UNIQUE","EXPT_W17_ITEM_PK","1"
"EXPT_W17_ORDERS","IX_EXPT_W17_ORDERS_1_1","NONUNIQUE","SYS_CRT_DTTM","1"
"EXPT_W17_ORDERS","IX_EXPT_W17_ORDERS_1_2","NONUNIQUE","SYS_MDF_DTTM","1"
"EXPT_W17_ORDERS","IX_EXPT_W17_ORDERS_1_3","NONUNIQUE","STATUS","1"
"EXPT_W17_ORDERS","IX_EXPT_W17_ORDERS_1_4","NONUNIQUE","EXPT_W17_ORDERS_SAVE3_PK","1"
"EXPT_W17_ORDERS","PK_EXPT_W17_ORDERS","UNIQUE","EXPT_W17_ORDERS_PK","1"
"EXTERNAL_RESOURCE","EXTERNAL_RESOURCE_PK","UNIQUE","TC_COMPANY_ID","1"
"EXTERNAL_RESOURCE","EXTERNAL_RESOURCE_PK","UNIQUE","RESOURCE_ID","2"
"EXTERNAL_RESOURCE","TM_EXTERNAL_RESO_IDX1","NONUNIQUE","EXTERNAL_RESOURCE_TYPE","1"
"EXTERNAL_RESOURCE_TYPE","EXTERNAL_RTYPE_PK","UNIQUE","EXTERNAL_RESOURCE_TYPE","1"
"E_ACT","E_ACT_IND_1","UNIQUE","ACT_ID","1"
"E_ACT","E_ACT_IND_1","UNIQUE","WHSE","2"
"E_ACT","FK_E_ACT_TO_E_JOB_FUNC","NONUNIQUE","JOB_FUNC_ID","1"
"E_ACT","FK_E_ACT_TO_E_LABOR_TYPE_CODE","NONUNIQUE","LABOR_TYPE_ID","1"
"E_ACT","PK_E_ACT","UNIQUE","ACT_ID","1"
"E_ACT","TM_E_ACT_IDX1","NONUNIQUE","LABOR_ACTIVITY_ID","1"
"E_ACT","TM_E_ACT_IDX2","NONUNIQUE","VHCL_TYPE_ID","1"
"E_ACT","UX_E_ACT_ID","UNIQUE","LABOR_ACTIVITY_ID","1"
"E_ACT","UX_E_ACT_ID","UNIQUE","WHSE","2"
"E_ACT_ELM","FK_E_ACT_EL_E_ACT_ELM_E_ELM","NONUNIQUE","ELM_ID","1"
"E_ACT_ELM","PK_E_ACT_ELM","UNIQUE","ACT_ID","1"
"E_ACT_ELM","PK_E_ACT_ELM","UNIQUE","ELM_ID","2"
"E_ACT_ELM","TM_E_ACT_ELM_IDX1","NONUNIQUE","ACT_ID","1"
"E_ACT_ELM_CRIT","E_ACT_ELM_CRIT_IND_1","NONUNIQUE","ACT_ID","1"
"E_ACT_ELM_CRIT","E_ACT_ELM_CRIT_IND_1","NONUNIQUE","ELM_ID","2"
"E_ACT_ELM_CRIT","FK_E_ACT_ELM_CRIT_TO_ELM_CRIT","NONUNIQUE","ELM_ID","1"
"E_ACT_ELM_CRIT","FK_E_ACT_ELM_CRIT_TO_ELM_CRIT","NONUNIQUE","CRIT_ID","2"
"E_ACT_ELM_CRIT","FK_E_ACT_ELM_CRIT_TO_ELM_CRIT","NONUNIQUE","CRIT_VAL_ID","3"
"E_ACT_ELM_CRIT","PK_E_ACT_ELM_CRIT","UNIQUE","ACT_ID","1"
"E_ACT_ELM_CRIT","PK_E_ACT_ELM_CRIT","UNIQUE","ELM_ID","2"
"E_ACT_ELM_CRIT","PK_E_ACT_ELM_CRIT","UNIQUE","CRIT_VAL_ID","3"
"E_ACT_ELM_CRIT","PK_E_ACT_ELM_CRIT","UNIQUE","CRIT_ID","4"
"E_ACT_ELM_CRIT","TM_E_ACT_ELM_CRIT_IDX1","NONUNIQUE","ACT_ID","1"
"E_ACT_ELM_FCT","FK_E_ACT_ELM_FCT_TO_ELM_FCT","NONUNIQUE","ELM_ID","1"
"E_ACT_ELM_FCT","FK_E_ACT_ELM_FCT_TO_ELM_FCT","NONUNIQUE","FCT_ID","2"
"E_ACT_ELM_FCT","PK_E_ACT_ELM_FCT","UNIQUE","ACT_ID","1"
"E_ACT_ELM_FCT","PK_E_ACT_ELM_FCT","UNIQUE","ELM_ID","2"
"E_ACT_ELM_FCT","PK_E_ACT_ELM_FCT","UNIQUE","FCT_ID","3"
"E_ACT_ELM_FCT","TM_E_ACT_ELM_FCT_IDX1","NONUNIQUE","ACT_ID","1"
"E_ACT_ELM_FCT","TM_E_ACT_ELM_FCT_IDX2","NONUNIQUE","ACT_ID","1"
"E_ACT_ELM_FCT","TM_E_ACT_ELM_FCT_IDX2","NONUNIQUE","ELM_ID","2"
"E_ACT_ELM_FCT_CRIT","FK_E_AEFC_TO_ELM_FCT_CRIT","NONUNIQUE","ELM_ID","1"
"E_ACT_ELM_FCT_CRIT","FK_E_AEFC_TO_ELM_FCT_CRIT","NONUNIQUE","FCT_ID","2"
"E_ACT_ELM_FCT_CRIT","FK_E_AEFC_TO_ELM_FCT_CRIT","NONUNIQUE","CRIT_ID","3"
"E_ACT_ELM_FCT_CRIT","FK_E_AEFC_TO_ELM_FCT_CRIT","NONUNIQUE","CRIT_VAL_ID","4"
"E_ACT_ELM_FCT_CRIT","PK_E_ACT_ELM_FCT_CRIT","UNIQUE","ACT_ID","1"
"E_ACT_ELM_FCT_CRIT","PK_E_ACT_ELM_FCT_CRIT","UNIQUE","ELM_ID","2"
"E_ACT_ELM_FCT_CRIT","PK_E_ACT_ELM_FCT_CRIT","UNIQUE","FCT_ID","3"
"E_ACT_ELM_FCT_CRIT","PK_E_ACT_ELM_FCT_CRIT","UNIQUE","CRIT_ID","4"
"E_ACT_ELM_FCT_CRIT","PK_E_ACT_ELM_FCT_CRIT","UNIQUE","CRIT_VAL_ID","5"
"E_ACT_ELM_FCT_CRIT","TM_E_ACT_ELM_FCT_CRIT_IDX1","NONUNIQUE","ACT_ID","1"
"E_ACT_ELM_FCT_CRIT","TM_E_ACT_ELM_FCT_CRIT_IDX2","NONUNIQUE","ACT_ID","1"
"E_ACT_ELM_FCT_CRIT","TM_E_ACT_ELM_FCT_CRIT_IDX2","NONUNIQUE","ELM_ID","2"
"E_ACT_ELM_FCT_CRIT","TM_E_ACT_ELM_FCT_CRIT_IDX2","NONUNIQUE","FCT_ID","3"
"E_ACT_ELM_HIST","PK_E_ACT_ELM_HIST","UNIQUE","ACT_ELM_HIST_ID","1"
"E_ACT_ELM_PFD","FK_E_ACT_ELM_PFD_TO_ELM_PFD","NONUNIQUE","ELM_ID","1"
"E_ACT_ELM_PFD","FK_E_ACT_ELM_PFD_TO_ELM_PFD","NONUNIQUE","PFD_ID","2"
"E_ACT_ELM_PFD","FK_E_ACT_ELM_PFD_TO_PFD_HDR","NONUNIQUE","PFD_ID","1"
"E_ACT_ELM_PFD","PK_E_ACT_ELM_PFD","UNIQUE","ACT_ID","1"
"E_ACT_ELM_PFD","PK_E_ACT_ELM_PFD","UNIQUE","ELM_ID","2"
"E_ACT_ELM_PFD","PK_E_ACT_ELM_PFD","UNIQUE","PFD_ID","3"
"E_ACT_ELM_PFD","TM_E_ACT_ELM_PFD_IDX1","NONUNIQUE","ACT_ID","1"
"E_ACT_ELM_PFD","TM_E_ACT_ELM_PFD_IDX1","NONUNIQUE","ELM_ID","2"
"E_ACT_HIST","E_ACT_HIST_INDX_1","NONUNIQUE","LABOR_TYPE_ID","1"
"E_ACT_HIST","PK_E_ACT_HIST","UNIQUE","ACT_HIST_ID","1"
"E_ASN_DTL","PK_E_ASN_DTL","UNIQUE","SHIPMENT_NBR","1"
"E_ASN_DTL","PK_E_ASN_DTL","UNIQUE","SEQUENCE_NUMBER","2"
"E_ASN_DTL","TM_E_ASN_DTL_IDX1","NONUNIQUE","SHIPMENT_NBR","1"
"E_ASN_HDR","PK_E_ASN_HDR","UNIQUE","SHIPMENT_NBR","1"
"E_AUD_LOG","E_AUD_LOG_IDX1_ARCH","NONUNIQUE","WHSE","1"
"E_AUD_LOG","E_AUD_LOG_IDX1_ARCH","NONUNIQUE","CREATE_DATE_TIME","2"
"E_AUD_LOG","E_AUD_LOG_IND_1","NONUNIQUE","TRAN_NBR","1"
"E_AUD_LOG","E_AUD_LOG_IND_2","NONUNIQUE","ELS_TRAN_ID","1"
"E_AUD_LOG","E_AUD_LOG_IND_3","NONUNIQUE","UOM","1"
"E_AUD_LOG","E_AUD_LOG_PE_IDX_2","NONUNIQUE","TRAN_NBR","1"
"E_AUD_LOG","E_AUD_LOG_PE_IDX_2","NONUNIQUE","WHSE","2"
"E_AUD_LOG","PK_E_AUD_LOG","UNIQUE","AUD_ID","1"
"E_AUD_LOG_FACTOR","PK_E_AUD_LOG_FACTOR","UNIQUE","AUD_FACTOR_ID","1"
"E_AUD_LOG_FACTOR","TM_E_AUD_LOG_FACTOR_IDX1","NONUNIQUE","AUD_ID","1"
"E_AUD_LOG_TRVL","PK_E_AUD_LOG_TRVL","UNIQUE","AUD_TRVL_ID","1"
"E_AUD_LOG_TRVL","TM_E_AUD_LOG_TRVL_IDX1","NONUNIQUE","AUD_ID","1"
"E_AUD_LOG_TRVL","TM_E_AUD_LOG_TRVL_IDX2","NONUNIQUE","VHCL_TYPE_ID","1"
"E_AUD_LOG_TRVL","UX_AUD_TRVL_ID","UNIQUE","TRAN_NBR","1"
"E_AUD_LOG_TRVL","UX_AUD_TRVL_ID","UNIQUE","AUD_ID","2"
"E_AUD_LOG_TRVL","UX_AUD_TRVL_ID","UNIQUE","SEQ_NBR","3"
"E_AUD_LOG_TRVL","UX_AUD_TRVL_ID","UNIQUE","ALTERNATE_PATH_NBR","4"
"E_AUD_LOG_TRVL","UX_AUD_TRVL_ID","UNIQUE","WHSE","5"
"E_AVG_CALCS","E_AVG_CALCS_IND_1","NONUNIQUE","WHSE","1"
"E_AVG_CALCS","E_AVG_CALCS_IND_1","NONUNIQUE","JOB_FUNC_ID","2"
"E_AVG_CALCS","E_AVG_CALCS_IND_1","NONUNIQUE","VHCL_TYPE_ID","3"
"E_AVG_CALCS","E_AVG_CALCS_IND_2","NONUNIQUE","CALCS_TYPE_ID","1"
"E_AVG_CALCS","E_AVG_CALCS_IND_2","NONUNIQUE","JOB_FUNC_ID","2"
"E_AVG_CALCS","E_AVG_CALCS_IND_2","NONUNIQUE","WHSE","3"
"E_AVG_CALCS","E_AVG_CALCS_IND_3","NONUNIQUE","ACT_ID","1"
"E_AVG_CALCS","E_AVG_CALCS_IND_3","NONUNIQUE","VHCL_TYPE_ID","2"
"E_AVG_CALCS","E_AVG_CALCS_IND_3","NONUNIQUE","WHSE","3"
"E_AVG_CALCS","PK_E_AVG_CALCS","UNIQUE","AVG_CALCS_ID","1"
"E_AVG_ESP","PK_E_AVG_ESP","UNIQUE","AVG_ESP_ID","1"
"E_AVG_ESP","PK_E_AVG_ESP","UNIQUE","UCL_USER_ID","2"
"E_AVG_ESP","PK_E_AVG_ESP","UNIQUE","JOB_FUNC_ID","3"
"E_AVG_ESP","TM_E_AVG_ESP_IDX1","NONUNIQUE","JOB_FUNC_ID","1"
"E_AVG_ESP","TM_E_AVG_ESP_IDX2","NONUNIQUE","UCL_USER_ID","1"
"E_AVG_HRLY_LABOR_COST_RATE","PK_E_AVG_HRLY_LBR_COST_RATE","UNIQUE","AVG_HRLY_LABOR_COST_RATE_ID","1"
"E_AVG_HRLY_LABOR_COST_RATE","TM_E_AVG_HRLY_LAB_CO_RATE_IDX1","NONUNIQUE","SHIFT_ID","1"
"E_AVG_HRLY_LABOR_COST_RATE","UX_E_AVG_HRLY_LBR_COST_RATE","UNIQUE","SHIFT_ID","1"
"E_AVG_HRLY_LABOR_COST_RATE","UX_E_AVG_HRLY_LBR_COST_RATE","UNIQUE","WHSE","2"
"E_AVG_PICKING","PK_E_AVG_PICKING","UNIQUE","AVG_PICKING_ID","1"
"E_AVG_PICKING","TM_E_AVG_PICKING_IDX1","NONUNIQUE","ACT_ID","1"
"E_AVG_PICKING","UX_E_AVG_PICKING","UNIQUE","ACT_ID","1"
"E_AVG_PICKING","UX_E_AVG_PICKING","UNIQUE","WHSE","2"
"E_COND_ACCESS_DIST","PK_E_COND_ACCESS_DIST","UNIQUE","VHCL_ACCESS_DIST_ID","1"
"E_COND_ACCESS_DIST","TM_E_COND_ACCESS_DIST_IDX1","NONUNIQUE","VHCL_TYPE_ID","1"
"E_COND_ACCESS_DIST","UX_E_COND_ACCESS_DIST","UNIQUE","VHCL_TYPE_ID","1"
"E_COND_ACCESS_DIST","UX_E_COND_ACCESS_DIST","UNIQUE","FROM_TRVL_AISLE_ID","2"
"E_COND_ACCESS_DIST","UX_E_COND_ACCESS_DIST","UNIQUE","TO_TRVL_AISLE_ID","3"
"E_CONSOL_PERF_SMRY","ECONS_REFNUM_INDX","NONUNIQUE","REF_NBR","1"
"E_CONSOL_PERF_SMRY","E_CONSOL_PERF_IDX_DMM","NONUNIQUE","LOGIN_USER_ID","1"
"E_CONSOL_PERF_SMRY","E_CONSOL_PERF_IDX_DMM","NONUNIQUE","WHSE","2"
"E_CONSOL_PERF_SMRY","E_CONSOL_PERF_IDX_DMM","NONUNIQUE","CLOCK_IN_STATUS","3"
"E_CONSOL_PERF_SMRY","E_CONSOL_PERF_IDX_DMM","NONUNIQUE","START_DATE_TIME","4"
"E_CONSOL_PERF_SMRY","E_CONSOL_PERF_SMRY_CLCKIN_INDX","NONUNIQUE","WHSE","1"
"E_CONSOL_PERF_SMRY","E_CONSOL_PERF_SMRY_CLCKIN_INDX","NONUNIQUE","CLOCK_IN_DATE","2"
"E_CONSOL_PERF_SMRY","E_CONSOL_PERF_SMRY_INDX_2","NONUNIQUE","CLOCK_IN_DATE","1"
"E_CONSOL_PERF_SMRY","E_CONSOL_PERF_SMRY_INDX_2","NONUNIQUE","LOGIN_USER_ID","2"
"E_CONSOL_PERF_SMRY","E_CONSOL_PERF_SMRY_INDX_2","NONUNIQUE","CLOCK_IN_STATUS","3"
"E_CONSOL_PERF_SMRY","E_CONSOL_PERF_SMRY_INDX_2","NONUNIQUE","WHSE","4"
"E_CONSOL_PERF_SMRY","E_CONSOL_PERF_SMRY_INDX_3","NONUNIQUE","LOGIN_USER_ID","1"
"E_CONSOL_PERF_SMRY","E_CONSOL_PERF_SMRY_INDX_3","NONUNIQUE","WHSE","2"
"E_CONSOL_PERF_SMRY","E_CONSOL_PERF_SMRY_INDX_3","NONUNIQUE","JOB_FUNCTION_NAME","3"
"E_CONSOL_PERF_SMRY","E_CONSOL_PERF_SMRY_INDX_3","NONUNIQUE","END_DATE_TIME","4"
"E_CONSOL_PERF_SMRY","E_CONSOL_PERF_SMRY_INDX_4","UNIQUE","PERF_SMRY_TRAN_ID","1"
"E_CONSOL_PERF_SMRY","E_CONSOL_PERF_SMRY_INDX_4","UNIQUE","VERSION_ID","2"
"E_CONSOL_PERF_SMRY","E_CONSOL_PERF_SMRY_INDX_5","NONUNIQUE","EMP_PERF_SMRY_ID","1"
"E_CONSOL_PERF_SMRY","E_CONSOL_PERF_SMRY_INDX_6","NONUNIQUE","LOGIN_USER_ID","1"
"E_CONSOL_PERF_SMRY","E_CONSOL_PERF_SMRY_INDX_6","NONUNIQUE","WHSE","2"
"E_CONSOL_PERF_SMRY","E_CONSOL_PERF_SMRY_INDX_6","NONUNIQUE","WHSE_DATE","3"
"E_CONSOL_PERF_SMRY","E_CONSOL_PERF_SMRY_INDX_7","NONUNIQUE","LOGIN_USER_ID","1"
"E_CONSOL_PERF_SMRY","E_CONSOL_PERF_SMRY_INDX_7","NONUNIQUE","WHSE","2"
"E_CONSOL_PERF_SMRY","E_CONSOL_PERF_SMRY_INDX_7","NONUNIQUE","JOB_FUNCTION_NAME","3"
"E_CONSOL_PERF_SMRY","E_CONSOL_PERF_SMRY_INDX_7","NONUNIQUE","CLOCK_IN_STATUS","4"
"E_CONSOL_PERF_SMRY","E_CONSOL_PERF_SMRY_INDX_7","NONUNIQUE","EMP_PERF_SMRY_ID","5"
"E_CONSOL_PERF_SMRY","E_CONSOL_PERF_SMRY_INDX_7","NONUNIQUE","EVENT_COUNT","6"
"E_CONSOL_PERF_SMRY","E_CONSOL_PERF_SMRY_INDX_7","NONUNIQUE","END_DATE_TIME","7"
"E_CONSOL_PERF_SMRY","E_CONSOL_PERF_SMRY_INDX_8","NONUNIQUE","EMP_PERF_SMRY_ID","1"
"E_CONSOL_PERF_SMRY","E_CONSOL_PERF_SMRY_INDX_8","NONUNIQUE","CLOCK_IN_STATUS","2"
"E_CONSOL_PERF_SMRY","PK_E_CONSOL_PERF_SMRY","UNIQUE","PERF_SMRY_TRAN_ID","1"
"E_CRIT_VAL","PK_E_CRIT_VAL","UNIQUE","CRIT_ID","1"
"E_CRIT_VAL","PK_E_CRIT_VAL","UNIQUE","CRIT_VAL_ID","2"
"E_CRIT_VAL","TM_E_CRIT_VAL_IDX1","NONUNIQUE","CRIT_ID","1"
"E_CRIT_VAL","UX_E_CRT_VAL","UNIQUE","CRIT_ID","1"
"E_CRIT_VAL","UX_E_CRT_VAL","UNIQUE","CRIT_VAL","2"
"E_DAY_CODE","PK_E_DAY_CODE","UNIQUE","DAY_ID","1"
"E_DAY_CODE","UX_E_DAY_CODE","UNIQUE","DAY_CODE","1"
"E_DEPT","PK_E_DEPT","UNIQUE","DEPT_ID","1"
"E_DEPT","UX_E_DEPT","UNIQUE","WHSE","1"
"E_DEPT","UX_E_DEPT","UNIQUE","DEPT_CODE","2"
"E_DTL_CRIT_MSG_LOG","PK_E_DTL_CRIT_MSG_LOG","UNIQUE","DTL_CRIT_MSG_ID","1"
"E_DYN_ACT","PK_E_DYN_ACT","UNIQUE","DYN_ACT_ID","1"
"E_DYN_ACT","UNIQUE_E_DYN_ACT_NAME","UNIQUE","NAME","1"
"E_DYN_ACT","UNIQUE_E_DYN_ACT_NAME","UNIQUE","WHSE","2"
"E_DYN_ACT_RULE","E_DYN_ACT_RULE_INDX_1","NONUNIQUE","DYN_ACT_ID","1"
"E_DYN_ACT_RULE","PK_E_DYN_ACT_RULE","UNIQUE","DYN_ACT_ID","1"
"E_DYN_ACT_RULE","PK_E_DYN_ACT_RULE","UNIQUE","RULE_NBR","2"
"E_DYN_ACT_RULE_CONDITION","E_DYN_ACT_RULE_CONDITION_INDX1","NONUNIQUE","DYN_ACT_ID","1"
"E_DYN_ACT_RULE_CONDITION","E_DYN_ACT_RULE_CONDITION_INDX1","NONUNIQUE","RULE_NBR","2"
"E_DYN_ACT_RULE_CONDITION","E_DYN_ACT_RULE_CONDITION_INDX2","NONUNIQUE","DYN_ACT_ID","1"
"E_DYN_ACT_RULE_CONDITION","PK_E_DYN_ACT_RULE_CONDITION","UNIQUE","DYN_ACT_ID","1"
"E_DYN_ACT_RULE_CONDITION","PK_E_DYN_ACT_RULE_CONDITION","UNIQUE","RULE_NBR","2"
"E_DYN_ACT_RULE_CONDITION","PK_E_DYN_ACT_RULE_CONDITION","UNIQUE","RULE_SEQ_NBR","3"
"E_ELM","FK_E_ELM_TO_E_MSRMNT","NONUNIQUE","MSRMNT_ID","1"
"E_ELM","PK_E_ELM","UNIQUE","ELM_ID","1"
"E_ELM","UX_E_ELM","UNIQUE","NAME","1"
"E_ELM_CRIT","FK_E_ELM_CRIT_TO_CRIT_VAL","NONUNIQUE","CRIT_ID","1"
"E_ELM_CRIT","FK_E_ELM_CRIT_TO_CRIT_VAL","NONUNIQUE","CRIT_VAL_ID","2"
"E_ELM_CRIT","PK_E_ELM_CRIT","UNIQUE","ELM_ID","1"
"E_ELM_CRIT","PK_E_ELM_CRIT","UNIQUE","CRIT_ID","2"
"E_ELM_CRIT","PK_E_ELM_CRIT","UNIQUE","CRIT_VAL_ID","3"
"E_ELM_CRIT","TM_E_ELM_CRIT_IDX1","NONUNIQUE","ELM_ID","1"
"E_ELM_FCT","FK_E_ELM_FCT_TO_FCT","NONUNIQUE","FCT_ID","1"
"E_ELM_FCT","PK_E_ELM_FCT","UNIQUE","ELM_ID","1"
"E_ELM_FCT","PK_E_ELM_FCT","UNIQUE","FCT_ID","2"
"E_ELM_FCT","TM_E_ELM_FCT_IDX1","NONUNIQUE","ELM_ID","1"
"E_ELM_FCT_CRIT","FK_E_ELM_FCT_CRIT_TO_FCT_CRIT","NONUNIQUE","FCT_ID","1"
"E_ELM_FCT_CRIT","FK_E_ELM_FCT_CRIT_TO_FCT_CRIT","NONUNIQUE","CRIT_ID","2"
"E_ELM_FCT_CRIT","FK_E_ELM_FCT_CRIT_TO_FCT_CRIT","NONUNIQUE","CRIT_VAL_ID","3"
"E_ELM_FCT_CRIT","PK_E_ELM_FCT_CRIT","UNIQUE","ELM_ID","1"
"E_ELM_FCT_CRIT","PK_E_ELM_FCT_CRIT","UNIQUE","FCT_ID","2"
"E_ELM_FCT_CRIT","PK_E_ELM_FCT_CRIT","UNIQUE","CRIT_ID","3"
"E_ELM_FCT_CRIT","PK_E_ELM_FCT_CRIT","UNIQUE","CRIT_VAL_ID","4"
"E_ELM_FCT_CRIT","TM_E_ELM_FCT_CRIT_IDX1","NONUNIQUE","ELM_ID","1"
"E_ELM_FCT_CRIT","TM_E_ELM_FCT_CRIT_IDX2","NONUNIQUE","ELM_ID","1"
"E_ELM_FCT_CRIT","TM_E_ELM_FCT_CRIT_IDX2","NONUNIQUE","FCT_ID","2"
"E_ELM_HIST","E_ELM_HIST_INDX_1","NONUNIQUE","MSRMNT_ID","1"
"E_ELM_HIST","PK_E_ELM_HIST","UNIQUE","ELM_HIST_ID","1"
"E_ELM_PFD","FK_E_ELM_PFD_TO_PFD_HDR","NONUNIQUE","PFD_ID","1"
"E_ELM_PFD","PK_E_ELM_PFD","UNIQUE","ELM_ID","1"
"E_ELM_PFD","PK_E_ELM_PFD","UNIQUE","PFD_ID","2"
"E_ELM_PFD","TM_E_ELM_PFD_IDX1","NONUNIQUE","ELM_ID","1"
"E_ELS_LAP","ELS_LAP_ID_PK","UNIQUE","ELS_LAP_ID","1"
"E_ELS_LAP","E_ELS_LAP_INDX","NONUNIQUE","ELS_VAL_ID","1"
"E_ELS_NOTES","E_ELS_NOTES_INDX","NONUNIQUE","ELS_VAL_ID","1"
"E_ELS_NOTES","NOTE_ID_PK","UNIQUE","NOTE_ID","1"
"E_ELS_VALIDATE","ELS_VAL_ID_PK","UNIQUE","ELS_VAL_ID","1"
"E_EMP_ABSENT","FK_E_EMP_ABSENT_E_PAY_TYPE","NONUNIQUE","PAY_TYPE_ID","1"
"E_EMP_ABSENT","PK_E_EMP_ABSENT","UNIQUE","EMP_ABSENT_ID","1"
"E_EMP_ABSENT","TM_E_EMP_ABSENT_IDX1","NONUNIQUE","EMP_ID","1"
"E_EMP_DTL","E_EMP_DTL_IND_1","NONUNIQUE","EMP_STAT_ID","1"
"E_EMP_DTL","FK_E_EMP_DTL_TO_E_JOB_FUNC","NONUNIQUE","JOB_FUNC_ID","1"
"E_EMP_DTL","FK_E_EMP_DT_E_EMP_DTL_E_DEPT","NONUNIQUE","DEPT_ID","1"
"E_EMP_DTL","FK_E_EMP_DT_E_EMP_DTL_E_SHIFT","NONUNIQUE","SHIFT_ID","1"
"E_EMP_DTL","PK_E_EMP_DTL","UNIQUE","EMP_DTL_ID","1"
"E_EMP_DTL","TM_E_EMP_DTL_IDX1","NONUNIQUE","EMP_ID","1"
"E_EMP_DTL","TM_E_EMP_DTL_IDX2","NONUNIQUE","SPVSR_EMP_ID","1"
"E_EMP_DTL","UX_E_EMP_DTL","UNIQUE","EMP_ID","1"
"E_EMP_DTL","UX_E_EMP_DTL","UNIQUE","EFF_DATE_TIME","2"
"E_EMP_DTL","UX_E_EMP_DTL","UNIQUE","WHSE","3"
"E_EMP_HDR","E_EMP_HDR_IDX_EMPID","NONUNIQUE","EMP_ID","1"
"E_EMP_INC","FK_E_EMP_INC_E_INC_CODE","NONUNIQUE","INC_CODE_ID","1"
"E_EMP_INC","PK_E_EMP_INC","UNIQUE","EMP_INC_ID","1"
"E_EMP_INC","TM_E_EMP_INC_IDX1","NONUNIQUE","EMP_ID","1"
"E_EMP_INC","UX_E_EMP_INC","UNIQUE","EMP_ID","1"
"E_EMP_INC","UX_E_EMP_INC","UNIQUE","INC_CODE_ID","2"
"E_EMP_INC","UX_E_EMP_INC","UNIQUE","EFF_BEGIN_DATE","3"
"E_EMP_INC_PAY","E_EMP_INC_PAY_IND1","NONUNIQUE","EMP_ID","1"
"E_EMP_INC_PAY","FK_E_EMP_INC_PAY_LABOR_TYP_CD","NONUNIQUE","LABOR_TYPE_ID","1"
"E_EMP_INC_PAY","FK_E_INC_CODE_ID","NONUNIQUE","INC_CODE_ID","1"
"E_EMP_INC_PAY","PK_E_EMP_INC_PAY","UNIQUE","EMP_INC_PAY_ID","1"
"E_EMP_INC_PAY","TM_E_EMP_INC_PAY_IDX1","NONUNIQUE","SPVSR_EMP_ID","1"
"E_EMP_JF_WORK","PK_EMP_JF_WORK","UNIQUE","EMP_JF_WORK_ID","1"
"E_EMP_JF_WORK_DTL","E_EMP_JF_WORK_DTL_INDX_1","NONUNIQUE","EMP_JF_WORK_ID","1"
"E_EMP_JF_WORK_DTL","E_EMP_JF_WORK_DTL_INDX_1","NONUNIQUE","EMP_PERF_SMRY_ID","2"
"E_EMP_JF_WORK_DTL","PK_EMP_JF_WORK_DTL","UNIQUE","EMP_JF_WORK_DTL_ID","1"
"E_EMP_JF_WORK_DTL","TM_E_EMP_JF_WORK_DTL_IDX1","NONUNIQUE","EMP_JF_WORK_ID","1"
"E_EMP_JF_WORK_DTL","TM_E_EMP_JF_WORK_DTL_IDX2","NONUNIQUE","EMP_PERF_SMRY_ID","1"
"E_EMP_METRICS","PK_E_EMP_METRICS","UNIQUE","EMP_METRICS_ID","1"
"E_EMP_METRICS","UK_E_EMP_METRICS","UNIQUE","EMP_ID","1"
"E_EMP_METRICS","UK_E_EMP_METRICS","UNIQUE","METRIC_ID","2"
"E_EMP_METRIC_DTL","E_EMP_METRIC_DTL_INDX1","NONUNIQUE","METRIC_ID","1"
"E_EMP_METRIC_DTL","E_EMP_METRIC_DTL_PK","UNIQUE","METRIC_DTL_ID","1"
"E_EMP_METRIC_HDR","E_EMP_METRIC_HDR_PK","UNIQUE","METRIC_ID","1"
"E_EMP_PAY","FK_E_EMP_PAY_E_PAY_RATE","NONUNIQUE","PAY_RATE_ID","1"
"E_EMP_PAY","PK_E_EMP_PAY","UNIQUE","EMP_PAY_ID","1"
"E_EMP_PAY","TM_E_EMP_PAY_IDX1","NONUNIQUE","EMP_ID","1"
"E_EMP_PAY_OVERRIDE","FK_E_EMP_PAY_OVERRIDE_E_JF","NONUNIQUE","JOB_FUNC_ID","1"
"E_EMP_PAY_OVERRIDE","FK_E_EMP_PAY_OVERRIDE_E_SHIFT","NONUNIQUE","SHIFT_ID","1"
"E_EMP_PAY_OVERRIDE","FK_E_EMP_PAY_OVRIDE_E_PAY_SC","NONUNIQUE","PAY_SCALE_ID","1"
"E_EMP_PAY_OVERRIDE","PK_E_EMP_PAY_OVERRIDE","UNIQUE","EMP_PAY_OVERRIDE_ID","1"
"E_EMP_PAY_OVERRIDE","TM_E_EMP_PAY_OVERRIDE_IDX1","NONUNIQUE","EMP_ID","1"
"E_EMP_PAY_OVERRIDE","UX_E_EMP_PAY_OVERRIDE","UNIQUE","EMP_ID","1"
"E_EMP_PAY_OVERRIDE","UX_E_EMP_PAY_OVERRIDE","UNIQUE","JOB_FUNC_ID","2"
"E_EMP_PAY_OVERRIDE","UX_E_EMP_PAY_OVERRIDE","UNIQUE","SHIFT_ID","3"
"E_EMP_PAY_OVERRIDE","UX_E_EMP_PAY_OVERRIDE","UNIQUE","EFF_BEGIN_DATE","4"
"E_EMP_PERF_GOAL","FK_E_EMP_PE_E_EMP_PRF_E_ACT","NONUNIQUE","ACT_ID","1"
"E_EMP_PERF_GOAL","PK_E_EMP_PERF_GOAL","UNIQUE","EMP_ID","1"
"E_EMP_PERF_GOAL","PK_E_EMP_PERF_GOAL","UNIQUE","ACT_ID","2"
"E_EMP_PERF_GOAL","PK_E_EMP_PERF_GOAL","UNIQUE","EFF_DATE","3"
"E_EMP_PERF_GOAL","TM_E_EMP_PERF_GOAL_IDX1","NONUNIQUE","EMP_ID","1"
"E_EMP_PERF_SMRY","E_EMP_PERF_SMRY_IDX_PE","NONUNIQUE","EMP_ID","1"
"E_EMP_PERF_SMRY","E_EMP_PERF_SMRY_IDX_PE","NONUNIQUE","WHSE","2"
"E_EMP_PERF_SMRY","E_EMP_PERF_SMRY_IDX_PE","NONUNIQUE","REPROCESS_STATUS","3"
"E_EMP_PERF_SMRY","E_EMP_PERF_SMRY_IDX_PE","NONUNIQUE","CLOCK_IN_DATE","4"
"E_EMP_PERF_SMRY","E_EMP_PERF_SMRY_IND_1","NONUNIQUE","WHSE","1"
"E_EMP_PERF_SMRY","E_EMP_PERF_SMRY_IND_1","NONUNIQUE","REPROCESS_STATUS","2"
"E_EMP_PERF_SMRY","E_EMP_PERF_SMRY_IND_2","NONUNIQUE","CLOCK_IN_DATE","1"
"E_EMP_PERF_SMRY","E_EMP_PERF_SMRY_IND_2","NONUNIQUE","LOGIN_USER_ID","2"
"E_EMP_PERF_SMRY","E_EMP_PERF_SMRY_IND_2","NONUNIQUE","WHSE","3"
"E_EMP_PERF_SMRY","E_EMP_PERF_SMRY_IND_3","NONUNIQUE","CLOCK_IN_DATE","1"
"E_EMP_PERF_SMRY","E_EMP_PERF_SMRY_IND_3","NONUNIQUE","CLOCK_OUT_DATE","2"
"E_EMP_PERF_SMRY","E_EMP_PERF_SMRY_IND_3","NONUNIQUE","LOGIN_USER_ID","3"
"E_EMP_PERF_SMRY","E_EMP_PERF_SMRY_IND_3","NONUNIQUE","WHSE","4"
"E_EMP_PERF_SMRY","E_EMP_PERF_SMRY_IND_3","NONUNIQUE","EMP_PERF_SMRY_ID","5"
"E_EMP_PERF_SMRY","E_EMP_PERF_SMRY_IND_3","NONUNIQUE","REPROCESS_STATUS","6"
"E_EMP_PERF_SMRY","PE_EMP_PERF_IDX2","NONUNIQUE","LOGIN_USER_ID","1"
"E_EMP_PERF_SMRY","PE_EMP_PERF_IDX2","NONUNIQUE","WHSE","2"
"E_EMP_PERF_SMRY","PE_EMP_PERF_IDX2","NONUNIQUE","ROUND_CLOCK_IN_DATE","3"
"E_EMP_PERF_SMRY","PE_EMP_PERF_IDX3","NONUNIQUE","CLOCK_IN_DATE","1"
"E_EMP_PERF_SMRY","PE_EMP_PERF_IDX3","NONUNIQUE","LOGIN_USER_ID","2"
"E_EMP_PERF_SMRY","PE_EMP_PERF_IDX3","NONUNIQUE","WHSE","3"
"E_EMP_PERF_SMRY","PE_EMP_PERF_IDX3","NONUNIQUE","REPROCESS_STATUS","4"
"E_EMP_PERF_SMRY","PE_E_EMP_IDX3","NONUNIQUE","WHSE","1"
"E_EMP_PERF_SMRY","PE_E_EMP_IDX3","NONUNIQUE","DEPT_CODE","2"
"E_EMP_PERF_SMRY","PE_E_EMP_IDX4","NONUNIQUE","SHIFT_ID","1"
"E_EMP_PERF_SMRY","PE_E_EMP_IDX5","NONUNIQUE","EMP_STAT_CODE","1"
"E_EMP_PERF_SMRY","PE_E_EMP_IDX6","NONUNIQUE","SPVSR_ID","1"
"E_EMP_PERF_SMRY","PE_E_EMP_PERF_SMRY_IDX","NONUNIQUE","WHSE","1"
"E_EMP_PERF_SMRY","PE_E_EMP_PERF_SMRY_IDX","NONUNIQUE","CLOCK_IN_DATE","2"
"E_EMP_PERF_SMRY","PE_E_EMP_PERF_SMRY_IDX","NONUNIQUE","EMP_ID","3"
"E_EMP_PERF_SMRY","PE_E_EMP_PERF_SMRY_IDX","NONUNIQUE","CLOCK_OUT_DATE","4"
"E_EMP_PERF_SMRY","PK_E_EMP_PERF_SMRY","UNIQUE","EMP_PERF_SMRY_ID","1"
"E_EMP_PERF_SMRY","TM_E_EMP_PERF_SMRY_IDX1","NONUNIQUE","EMP_ID","1"
"E_EMP_PERF_SMRY","TM_E_EMP_PERF_SMRY_IDX3","NONUNIQUE","LOGIN_USER_ID","1"
"E_EMP_REFLECT_STD","E_EMP_REFLECT_STD_IDX1_ARCH","NONUNIQUE","REFLECT_STD_EMP_END_DATE_TIME","1"
"E_EMP_REFLECT_STD","PE_E_EMP_IDX9","NONUNIQUE","EMP_ID","1"
"E_EMP_REFLECT_STD","PK_E_EMP_REFLECT_STD","UNIQUE","SEQ_NBR","1"
"E_EMP_REFLECT_STD_CONFIG","PK_E_EMP_REFLECT_STD_CONFIG","UNIQUE","EMP_REFLECT_STD_ID","1"
"E_EMP_REFLECT_STD_CONFIG","TM_E_EMP_REFLECT_STD_CONF_IDX1","NONUNIQUE","EMP_ID","1"
"E_EMP_SAFE","PK_E_EMP_SAFE","UNIQUE","EMP_SAFE_ID","1"
"E_EMP_SAFE","TM_E_EMP_SAFE_IDX1","NONUNIQUE","SAFE_CODE_ID","1"
"E_EMP_SAFE","UX_SAFE_CASE_NUM_WHSE","UNIQUE","EMP_SAFE_CASE_NUM","1"
"E_EMP_SAFE","UX_SAFE_CASE_NUM_WHSE","UNIQUE","WHSE","2"
"E_EMP_STAT_CODE","PK_E_EMP_STAT_CODE","UNIQUE","EMP_STAT_ID","1"
"E_EMP_STAT_CODE","UX_E_EMP_STAT_CODE","UNIQUE","EMP_STAT_CODE","1"
"E_EMP_SUBSCRIPTION_LOG","PK_E_EMP_SUBSCRIPTION_LOG","UNIQUE","EMP_SUBSCRIPTION_LOG_ID","1"
"E_EMP_TRAIN_OVERRIDE","E_EMP_TRAIN_OVERRIDE_IDX_1","NONUNIQUE","EMP_ID","1"
"E_EMP_TRAIN_OVERRIDE","E_EMP_TRAIN_OVERRIDE_IDX_1","NONUNIQUE","JOB_FUNC_ID","2"
"E_EMP_TRAIN_OVERRIDE","E_EMP_TRAIN_OVERRIDE_IDX_1","NONUNIQUE","WHSE","3"
"E_EMP_TRAIN_OVERRIDE","E_EMP_TRAIN_OVERRIDE_IDX_1","NONUNIQUE","TRAIN_COMP_DATE_TIME","4"
"E_EMP_TRAIN_OVERRIDE","FK_EMP_TRAIN_OVERRIDE_E_JF","NONUNIQUE","JOB_FUNC_ID","1"
"E_EMP_TRAIN_OVERRIDE","PK_E_EMP_TRAIN_OVERRIDE","UNIQUE","EMP_TRAIN_OVERRIDE_ID","1"
"E_EMP_TRAIN_OVERRIDE","TM_E_EMP_TRAIN_OVERRIDE_IDX1","NONUNIQUE","EMP_ID","1"
"E_EMP_WHSEDAY","PK_E_EMP_WHSEDAY","UNIQUE","EMP_WHSEDAY_ID","1"
"E_EMP_WHSEDAY","TM_E_EMP_WHSEDAY_IDX1","NONUNIQUE","EMP_ID","1"
"E_EMP_WHSEDAY","UX_E_EMP_WHSEDAY","UNIQUE","WHSE","1"
"E_EMP_WHSEDAY","UX_E_EMP_WHSEDAY","UNIQUE","EMP_ID","2"
"E_EMP_WHSEDAY","UX_E_EMP_WHSEDAY","UNIQUE","WHSE_DATE","3"
"E_ENGINE_OUTPUT_MSG","PK_E_ENGINE_OUTPUT_MSG","UNIQUE","SEQ_NBR","1"
"E_ERROR_LOG","PK_E_ERROR_LOG_ID","UNIQUE","ERROR_LOG_ID","1"
"E_ERROR_LOG_DTL","FK_E_ERROR_LOG_DTL_E_ERROR_LOG","NONUNIQUE","SEQ_NBR","1"
"E_ERROR_LOG_DTL","FK_E_ERROR_LOG_DTL_E_ERROR_LOG","NONUNIQUE","JOB_ID","2"
"E_ERROR_LOG_DTL","PK_E_ERROR_LOG_DTL","UNIQUE","ERROR_ID","1"
"E_EVNT_ADJ_CODE","PK_E_EVNT_ADJ_CODE","UNIQUE","EVNT_ADJ_ID","1"
"E_EVNT_ADJ_CODE","UX_E_EVNT_ADJ_CODE","UNIQUE","EVNT_ADJ_CODE","1"
"E_EVNT_ADJ_SMRY","PK_E_EVNT_ADJ_SMRY","UNIQUE","EVNT_ADJ_SMRY_ID","1"
"E_EVNT_ADJ_SMRY","TM_E_EVNT_ADJ_SMRY_IDX1","NONUNIQUE","EMP_ID","1"
"E_EVNT_ADJ_SMRY_DTL","E_EVNT_ADJ_SMRY_DTL_IND_1","NONUNIQUE","ELS_TRAN_ID","1"
"E_EVNT_ADJ_SMRY_DTL","PK_E_EVNT_ADJ_SMRY_DTL","UNIQUE","ADJ_ID","1"
"E_EVNT_CTGRY","PK_E_EVNT_CTGRY","UNIQUE","EVNT_CTGRY_ID","1"
"E_EVNT_CTGRY","PK_E_EVNT_CTGRY","UNIQUE","NAME","2"
"E_EVNT_CTGRY","PK_E_EVNT_CTGRY","UNIQUE","WHSE","3"
"E_EVNT_SMRY_ELM_DTL","E_EVNT_SMRY_ELM_DTL_IND_1","NONUNIQUE","TRAN_NBR","1"
"E_EVNT_SMRY_ELM_DTL","E_EVNT_SMRY_ELM_DTL_IND_1","NONUNIQUE","ELM_ID","2"
"E_EVNT_SMRY_ELM_DTL","E_EVNT_SMRY_ELM_DTL_IND_1","NONUNIQUE","WHSE","3"
"E_EVNT_SMRY_ELM_DTL","E_EVNT_SMRY_ELM_DTL_IND_3","NONUNIQUE","ELS_TRAN_ID","1"
"E_EVNT_SMRY_ELM_DTL","E_EVNT_SMRY_ELM_DTL_IND_3","NONUNIQUE","MSRMNT_ID","2"
"E_EVNT_SMRY_ELM_DTL","E_EVNT_SMRY_ELM_DTL_IND_3","NONUNIQUE","THRUPUT_ELIGIBLE","3"
"E_EVNT_SMRY_ELM_DTL","E_EVNT_SMRY_ELM_DTL_IND_3","NONUNIQUE","UOM_QTY","4"
"E_EVNT_SMRY_ELM_DTL","PK_E_EVNT_SMRY_ELM_DTL","UNIQUE","ELM_DTL_ID","1"
"E_EVNT_SMRY_ELM_DTL","TM_E_EVNT_SMRY_ELM_DTL_IDX1","NONUNIQUE","ELS_TRAN_ID","1"
"E_EVNT_SMRY_ELM_DTL","UX_E_EVNT_SMRY_ELM_DTL","NONUNIQUE","ELS_TRAN_ID","1"
"E_EVNT_SMRY_ELM_DTL","UX_E_EVNT_SMRY_ELM_DTL","NONUNIQUE","WHSE","2"
"E_EVNT_SMRY_ELM_DTL","UX_E_EVNT_SMRY_ELM_DTL","NONUNIQUE","ELM_ID","3"
"E_EVNT_SMRY_HDR","EVNT_SMRY_HDR_PE_UOM_IDX","NONUNIQUE","WHSE","1"
"E_EVNT_SMRY_HDR","EVNT_SMRY_HDR_PE_UOM_IDX","NONUNIQUE","SCHED_START_DATE","2"
"E_EVNT_SMRY_HDR","EVNT_SMRY_HDR_PE_UOM_IDX","NONUNIQUE","ACT_ID","3"
"E_EVNT_SMRY_HDR","EVNT_SMRY_HDR_PE_UOM_IDX","NONUNIQUE","DISPLAY_UOM","4"
"E_EVNT_SMRY_HDR","EVNT_SMRY_TEAM_PE","NONUNIQUE","LOGIN_USER_ID","1"
"E_EVNT_SMRY_HDR","EVNT_SMRY_TEAM_PE","NONUNIQUE","WHSE","2"
"E_EVNT_SMRY_HDR","EVNT_SMRY_TEAM_PE","NONUNIQUE","SCHED_START_DATE","3"
"E_EVNT_SMRY_HDR","EVNT_SMRY_TEAM_PE","NONUNIQUE","ACTUAL_END_DATE","4"
"E_EVNT_SMRY_HDR","E_EVNT_SMRY_HDR_IDX1_ARCH","NONUNIQUE","WHSE","1"
"E_EVNT_SMRY_HDR","E_EVNT_SMRY_HDR_IDX1_ARCH","NONUNIQUE","MOD_DATE_TIME","2"
"E_EVNT_SMRY_HDR","E_EVNT_SMRY_HDR_INDEX_5","NONUNIQUE","EMP_PERF_SMRY_ID","1"
"E_EVNT_SMRY_HDR","E_EVNT_SMRY_HDR_INDEX_5","NONUNIQUE","LABOR_TYPE_ID","2"
"E_EVNT_SMRY_HDR","E_EVNT_SMRY_HDR_INDEX_5","NONUNIQUE","SCHED_START_DATE","3"
"E_EVNT_SMRY_HDR","E_EVNT_SMRY_HDR_IND_1","NONUNIQUE","LOGIN_USER_ID","1"
"E_EVNT_SMRY_HDR","E_EVNT_SMRY_HDR_IND_1","NONUNIQUE","SCHED_START_DATE","2"
"E_EVNT_SMRY_HDR","E_EVNT_SMRY_HDR_IND_1","NONUNIQUE","EVNT_STAT_CODE","3"
"E_EVNT_SMRY_HDR","E_EVNT_SMRY_HDR_IND_2","NONUNIQUE","LABOR_TYPE_ID","1"
"E_EVNT_SMRY_HDR","E_EVNT_SMRY_HDR_IND_3","NONUNIQUE","ELS_TRAN_ID","1"
"E_EVNT_SMRY_HDR","E_EVNT_SMRY_HDR_IND_3","NONUNIQUE","VERSION_ID","2"
"E_EVNT_SMRY_HDR","E_EVNT_SMRY_HDR_IND_4","NONUNIQUE","LOGIN_USER_ID","1"
"E_EVNT_SMRY_HDR","E_EVNT_SMRY_HDR_IND_4","NONUNIQUE","WHSE","2"
"E_EVNT_SMRY_HDR","E_EVNT_SMRY_HDR_IND_4","NONUNIQUE","SCHED_START_DATE","3"
"E_EVNT_SMRY_HDR","E_EVNT_SMRY_HDR_IND_4","NONUNIQUE","ACTUAL_END_DATE","4"
"E_EVNT_SMRY_HDR","E_EVNT_SMRY_HDR_IND_4","NONUNIQUE","SYS_UPDATED_FLAG","5"
"E_EVNT_SMRY_HDR","E_EVNT_SMRY_HDR_IND_4","NONUNIQUE","LABOR_TYPE_ID","6"
"E_EVNT_SMRY_HDR","E_EVNT_SMRY_HDR_IND_4","NONUNIQUE","SOURCE","7"
"E_EVNT_SMRY_HDR","E_EVNT_SMRY_HDR_IND_6","NONUNIQUE","LOGIN_USER_ID","1"
"E_EVNT_SMRY_HDR","E_EVNT_SMRY_HDR_IND_6","NONUNIQUE","ELS_TRAN_ID","2"
"E_EVNT_SMRY_HDR","E_EVNT_SMRY_HDR_IND_6","NONUNIQUE","SCHED_START_DATE","3"
"E_EVNT_SMRY_HDR","E_EVNT_SMRY_HDR_IND_6","NONUNIQUE","ACTUAL_END_DATE","4"
"E_EVNT_SMRY_HDR","E_EVNT_SMRY_HDR_IND_6","NONUNIQUE","PROC_ZONE_ID","5"
"E_EVNT_SMRY_HDR","E_EVNT_SMRY_HDR_IND_6","NONUNIQUE","WHSE","6"
"E_EVNT_SMRY_HDR","E_EVNT_SMRY_HDR_IND_7","NONUNIQUE","WHSE","1"
"E_EVNT_SMRY_HDR","E_EVNT_SMRY_HDR_IND_7","NONUNIQUE","TEAM_CODE","2"
"E_EVNT_SMRY_HDR","E_EVNT_SMRY_HDR_IND_7","NONUNIQUE","LABOR_TYPE_ID","3"
"E_EVNT_SMRY_HDR","E_EVNT_SMRY_HDR_IND_7","NONUNIQUE","EVENT_TYPE","4"
"E_EVNT_SMRY_HDR","E_EVNT_SMRY_HDR_IND_7","NONUNIQUE","TEAM_BEGIN_TIME","5"
"E_EVNT_SMRY_HDR","E_EVNT_SMRY_HDR_IND_8","NONUNIQUE","LOGIN_USER_ID","1"
"E_EVNT_SMRY_HDR","E_EVNT_SMRY_HDR_IND_8","NONUNIQUE","ORIG_LOGIN_USER_ID","2"
"E_EVNT_SMRY_HDR","E_EVNT_SMRY_HDR_IND_8","NONUNIQUE","WHSE","3"
"E_EVNT_SMRY_HDR","E_EVNT_SMRY_HDR_IND_8","NONUNIQUE","EVNT_STAT_CODE","4"
"E_EVNT_SMRY_HDR","E_EVNT_SMRY_HDR_IND_8","NONUNIQUE","LABOR_TYPE_ID","5"
"E_EVNT_SMRY_HDR","E_EVNT_SMRY_HDR_IND_8","NONUNIQUE","SYS_UPDATED_FLAG","6"
"E_EVNT_SMRY_HDR","E_EVNT_SMRY_HDR_IND_9","NONUNIQUE","LOGIN_USER_ID","1"
"E_EVNT_SMRY_HDR","E_EVNT_SMRY_HDR_IND_9","NONUNIQUE","WHSE","2"
"E_EVNT_SMRY_HDR","E_EVNT_SMRY_HDR_IND_9","NONUNIQUE","EVNT_STAT_CODE","3"
"E_EVNT_SMRY_HDR","E_EVNT_SMRY_HDR_IND_9","NONUNIQUE","SOURCE","4"
"E_EVNT_SMRY_HDR","E_EVNT_SMRY_HDR_IND_9","NONUNIQUE","ACTUAL_END_DATE","5"
"E_EVNT_SMRY_HDR","FK_E_EVNT_SMRY_DHR_TO_PZONE","NONUNIQUE","PROC_ZONE_ID","1"
"E_EVNT_SMRY_HDR","FK_E_EVNT_SMRY_HDR_TO_DEPT","NONUNIQUE","WHSE","1"
"E_EVNT_SMRY_HDR","FK_E_EVNT_SMRY_HDR_TO_DEPT","NONUNIQUE","DEPT_CODE","2"
"E_EVNT_SMRY_HDR","FK_E_EVNT_SMRY_HDR_TO_EVNT_SC","NONUNIQUE","EVNT_STAT_CODE","1"
"E_EVNT_SMRY_HDR","FK_E_EVNT_SMRY_HDR_TO_SHIFT","NONUNIQUE","WHSE","1"
"E_EVNT_SMRY_HDR","FK_E_EVNT_SMRY_HDR_TO_SHIFT","NONUNIQUE","SHIFT_CODE","2"
"E_EVNT_SMRY_HDR","PE_EVTMSR_IDX","NONUNIQUE","EMP_PERF_SMRY_ID","1"
"E_EVNT_SMRY_HDR","PE_EVTMSR_IDX","NONUNIQUE","LOGIN_USER_ID","2"
"E_EVNT_SMRY_HDR","PE_EVTMSR_IDX","NONUNIQUE","WHSE","3"
"E_EVNT_SMRY_HDR","PE_EVTMSR_IDX","NONUNIQUE","ACTUAL_END_DATE","4"
"E_EVNT_SMRY_HDR","PE_EVTMSR_IDX","NONUNIQUE","LABOR_TYPE_ID","5"
"E_EVNT_SMRY_HDR","PE_EVTMSR_IDX","NONUNIQUE","SOURCE","6"
"E_EVNT_SMRY_HDR","PE_EVTMSR_IDX","NONUNIQUE","EVNT_STAT_CODE","7"
"E_EVNT_SMRY_HDR","PE_E_EMP_IDX10","NONUNIQUE","ACT_ID","1"
"E_EVNT_SMRY_HDR","PE_E_EVNT_SMRY_HDR_IDX2","NONUNIQUE","WHSE","1"
"E_EVNT_SMRY_HDR","PE_E_EVNT_SMRY_HDR_IDX2","NONUNIQUE","ORIG_LOGIN_USER_ID","2"
"E_EVNT_SMRY_HDR","PE_E_EVNT_SMRY_HDR_IDX3","NONUNIQUE","WHSE","1"
"E_EVNT_SMRY_HDR","PE_E_EVNT_SMRY_HDR_IDX3","NONUNIQUE","HDR_MSG_ID","2"
"E_EVNT_SMRY_HDR","PK_E_EVNT_SMRY_HDR","UNIQUE","ELS_TRAN_ID","1"
"E_EVNT_SMRY_HDR","TM_E_EVNT_SMRY_HDR_IDX2","NONUNIQUE","EMP_PERF_SMRY_ID","1"
"E_EVNT_SMRY_HDR","UX_E_EVNT_SMRY_HDR","UNIQUE","WHSE","1"
"E_EVNT_SMRY_HDR","UX_E_EVNT_SMRY_HDR","UNIQUE","TRAN_NBR","2"
"E_EVNT_STAT_CODE","PK_E_EVNT_STAT_CODE","UNIQUE","EVNT_STAT_ID","1"
"E_EVNT_STAT_CODE","UX_E_EVNT_STAT_CODE","UNIQUE","EVNT_STAT_CODE","1"
"E_EVNT_TEMPL_ACT","FK_E_EVNT_TEMPL_ACT_E_ACT","NONUNIQUE","ACT_ID","1"
"E_EVNT_TEMPL_ACT","PK_E_EVNT_TEMPL_ACT","UNIQUE","TEMPL_ID","1"
"E_EVNT_TEMPL_ACT","PK_E_EVNT_TEMPL_ACT","UNIQUE","ACT_ID","2"
"E_EVNT_TEMPL_ACT","TM_E_EVNT_TEMPL_ACT_IDX1","NONUNIQUE","TEMPL_ID","1"
"E_EVNT_TEMPL_CRIT","PK_E_EVNT_TEMPL_CRIT","UNIQUE","TEMPL_ID","1"
"E_EVNT_TEMPL_CRIT","PK_E_EVNT_TEMPL_CRIT","UNIQUE","ACT_ID","2"
"E_EVNT_TEMPL_CRIT","PK_E_EVNT_TEMPL_CRIT","UNIQUE","CRIT_SEQ_NBR","3"
"E_EVNT_TEMPL_HDR","PK_E_EVNT_TEMPL_HDR","UNIQUE","TEMPL_ID","1"
"E_EVNT_TEMPL_HDR","UX_E_EVNT_TEMPL_HDR","UNIQUE","TEMPL_CODE","1"
"E_EVNT_TEMPL_HDR","UX_E_EVNT_TEMPL_HDR","UNIQUE","WHSE","2"
"E_EVNT_TEMPL_UOM","FK_E_EVNT_TEMPL_UOM_E_MSRMNT","NONUNIQUE","MSRMNT_ID","1"
"E_EVNT_TEMPL_UOM","PK_E_EVNT_TEMPL_UOM","UNIQUE","TEMPL_ID","1"
"E_EVNT_TEMPL_UOM","PK_E_EVNT_TEMPL_UOM","UNIQUE","ACT_ID","2"
"E_EVNT_TEMPL_UOM","PK_E_EVNT_TEMPL_UOM","UNIQUE","MSRMNT_ID","3"
"E_EVNT_TEMPL_UOM","TM_E_EVNT_TEMPL_UOM_IDX1","NONUNIQUE","ACT_ID","1"
"E_EVNT_TEMPL_UOM","TM_E_EVNT_TEMPL_UOM_IDX2","NONUNIQUE","TEMPL_ID","1"
"E_FAC_PERF_GOAL","PK_E_FAC_PERF_GOAL","UNIQUE","WHSE","1"
"E_FAC_PERF_GOAL","PK_E_FAC_PERF_GOAL","UNIQUE","EFF_DATE","2"
"E_FCT","PK_E_FCT","UNIQUE","FCT_ID","1"
"E_FCT","UX_E_FCT","UNIQUE","NAME","1"
"E_FCT_CRIT","FK_E_FCT_CRIT_TO_FCT_CRIT","NONUNIQUE","CRIT_ID","1"
"E_FCT_CRIT","FK_E_FCT_CRIT_TO_FCT_CRIT","NONUNIQUE","CRIT_VAL_ID","2"
"E_FCT_CRIT","PK_E_FCT_CRIT","UNIQUE","FCT_ID","1"
"E_FCT_CRIT","PK_E_FCT_CRIT","UNIQUE","CRIT_ID","2"
"E_FCT_CRIT","PK_E_FCT_CRIT","UNIQUE","CRIT_VAL_ID","3"
"E_FCT_CRIT","TM_E_FCT_CRIT_IDX1","NONUNIQUE","FCT_ID","1"
"E_FORECAST_PROC_ZONE","PK_E_FORECAST_PROC_ZONE","UNIQUE","FORECAST_PROC_ZONE_ID","1"
"E_FORECAST_PROC_ZONE","TM_E_FORECAST_PROC_ZONE_IDX1","NONUNIQUE","JOB_FUNC_ID","1"
"E_FORECAST_PROC_ZONE","TM_E_FORECAST_PROC_ZONE_IDX2","NONUNIQUE","MSRMNT_ID","1"
"E_FORECAST_PROC_ZONE","TM_E_FORECAST_PROC_ZONE_IDX3","NONUNIQUE","TEMPLATE_ID","1"
"E_FORECAST_PROC_ZONE_DTL","PK_E_FORECAST_PZ_DTL","UNIQUE","FORECAST_PROC_ZONE_DTL_ID","1"
"E_FORECAST_PROC_ZONE_DTL","TM_E_FORECA_PROC_ZONE_DTL_IDX1","NONUNIQUE","FORECAST_PROC_ZONE_ID","1"
"E_FORECAST_PROC_ZONE_DTL","TM_E_FORECA_PROC_ZONE_DTL_IDX2","NONUNIQUE","PROC_ZONE_ID","1"
"E_FORECAST_RESULT_DTL","PK_E_FORECAST_RESULT_DTL","UNIQUE","FORECAST_RESULT_DTL_ID","1"
"E_FORECAST_RESULT_DTL","TM_E_FORECAST_RESULT_DTL_IDX1","NONUNIQUE","FORECAST_RESULT_HDR_ID","1"
"E_FORECAST_RESULT_DTL","TM_E_FORECAST_RESULT_DTL_IDX2","NONUNIQUE","JOB_FUNC_ID","1"
"E_FORECAST_RESULT_DTL","TM_E_FORECAST_RESULT_DTL_IDX3","NONUNIQUE","PROC_ZONE_ID","1"
"E_FORECAST_RESULT_DTL","TM_E_FORECAST_RESULT_DTL_IDX4","NONUNIQUE","SHIFT_ID","1"
"E_FORECAST_RESULT_HDR","PK_E_FORECAST_RESULT_HDR","UNIQUE","FORECAST_RESULT_HDR_ID","1"
"E_FORECAST_RESULT_HDR","TM_E_FORECAST_RESULT_HDR_IDX1","NONUNIQUE","TEMPLATE_ID","1"
"E_FORECAST_TEMPLATE","PK_E_FORECAST_TEMPLATE","UNIQUE","TEMPLATE_ID","1"
"E_FORECAST_TEMPLATE","TM_E_FORECAST_TEMPLATE_IDX1","NONUNIQUE","HIST_TEMPL_ID","1"
"E_FORECAST_TEMPLATE","TM_E_FORECAST_TEMPLATE_IDX2","NONUNIQUE","WORKFLOW_ID","1"
"E_FORECAST_TEMPLATE","UX_E_FORECAST_TEMPLATE","UNIQUE","TEMPLATE_NAME","1"
"E_FORECAST_TEMPLATE","UX_E_FORECAST_TEMPLATE","UNIQUE","WHSE","2"
"E_FORECAST_TEMPLATE_DAYS","PK_E_FORECAST_TEMPLATE_DAYS","UNIQUE","TEMPLATE_DAYS_ID","1"
"E_FORECAST_TEMPLATE_DAYS","TM_E_FORECAST_TEMPLA_DAYS_IDX1","NONUNIQUE","TEMPLATE_ID","1"
"E_FORECAST_TEMPLATE_DAYS","UX_E_FORECAST_TEMPLATE_DAYS","UNIQUE","TEMPLATE_ID","1"
"E_FORECAST_TEMPLATE_DAYS","UX_E_FORECAST_TEMPLATE_DAYS","UNIQUE","HIST_DATE","2"
"E_FORECAST_TEMPLATE_DAYS","UX_E_FORECAST_TEMPLATE_DAYS","UNIQUE","FORECAST_DATE","3"
"E_FORECAST_TEMPLATE_EMP_STATUS","PK_E_FORECAST_TEMPL_EMP_STATUS","UNIQUE","TEMPLATE_EMP_STATUS_ID","1"
"E_FORECAST_TEMPLATE_SHIFTS","PK_E_FORECAST_TEMPLATE_SHIFTS","UNIQUE","TEMPLATE_SHIFTS_ID","1"
"E_FORECAST_TEMPLATE_SHIFTS","TM_E_FORECAST_TEMPLA_SHIF_IDX1","NONUNIQUE","FORECAST_SHIFT_ID","1"
"E_FORECAST_TEMPLATE_SHIFTS","TM_E_FORECAST_TEMPLA_SHIF_IDX2","NONUNIQUE","HIST_SHIFT_ID","1"
"E_FORECAST_TEMPLATE_SHIFTS","TM_E_FORECAST_TEMPLA_SHIF_IDX3","NONUNIQUE","TEMPLATE_ID","1"
"E_FORECAST_TEMPLATE_SHIFTS","UX_E_FORECAST_TEMPLATE_SHIFTS","UNIQUE","TEMPLATE_ID","1"
"E_FORECAST_TEMPLATE_SHIFTS","UX_E_FORECAST_TEMPLATE_SHIFTS","UNIQUE","HIST_SHIFT_ID","2"
"E_FORECAST_TEMPLATE_SHIFTS","UX_E_FORECAST_TEMPLATE_SHIFTS","UNIQUE","FORECAST_SHIFT_ID","3"
"E_FORECAST_WORKFLOW","PK_E_FORECAST_WORKFLOW","UNIQUE","WORKFLOW_ID","1"
"E_FORECAST_WORKFLOW","UX_E_FORECAST_WORKFLOW","UNIQUE","WORKFLOW_NAME","1"
"E_FORECAST_WORKFLOW","UX_E_FORECAST_WORKFLOW","UNIQUE","WHSE","2"
"E_FORECAST_WORKFLOW_DTL","PK_E_FORECAST_WORKFLOW_DTL","UNIQUE","WORKFLOW_DTL_ID","1"
"E_FORECAST_WORKFLOW_DTL","TM_E_FORECAST_WORKFLO_DTL_IDX1","NONUNIQUE","ACT_ID","1"
"E_FORECAST_WORKFLOW_DTL","TM_E_FORECAST_WORKFLO_DTL_IDX2","NONUNIQUE","HIST_JOB_FUNC_ID","1"
"E_FORECAST_WORKFLOW_DTL","TM_E_FORECAST_WORKFLO_DTL_IDX3","NONUNIQUE","MSRMNT_ID","1"
"E_FORECAST_WORKFLOW_DTL","TM_E_FORECAST_WORKFLO_DTL_IDX4","NONUNIQUE","WORKFLOW_ID","1"
"E_FORECAST_WORKFLOW_DTL","UX_E_FORECAST_WKFLOW_DTL","UNIQUE","WORKFLOW_ID","1"
"E_FORECAST_WORKFLOW_DTL","UX_E_FORECAST_WKFLOW_DTL","UNIQUE","MSRMNT_ID","2"
"E_FORECAST_WORKFLOW_DTL","UX_E_FORECAST_WKFLOW_DTL","UNIQUE","HIST_JOB_FUNC_ID","3"
"E_FORECAST_WORKFLOW_DTL","UX_E_FORECAST_WKFLOW_DTL","UNIQUE","ACT_ID","4"
"E_FOUR_WALL","PK_E_FOUR_WALL","UNIQUE","FOUR_WALL_ID","1"
"E_HDR_CRIT_MSG_LOG","E_HDR_CRIT_MSG_LOG_IND_2","UNIQUE","TRAN_NBR","1"
"E_HDR_CRIT_MSG_LOG","E_HDR_CRIT_MSG_LOG_IND_2","UNIQUE","CRIT_SEQ_NBR","2"
"E_HDR_CRIT_MSG_LOG","E_HDR_CRIT_MSG_LOG_IND_2","UNIQUE","WHSE","3"
"E_HDR_CRIT_MSG_LOG","PK_E_HDR_CRIT_MSG_LOG","UNIQUE","HDR_CRIT_MSG_ID","1"
"E_HIST_TEMPL","PK_E_HIST_TEMPL","UNIQUE","HIST_TEMPL_ID","1"
"E_HIST_TEMPL","UX_E_HIST_TEMPL","UNIQUE","TEMPL_NAME","1"
"E_HIST_TEMPL","UX_E_HIST_TEMPL","UNIQUE","WHSE","2"
"E_HIST_TEMPL_DATES","PK_HIST_TEMPL_DATES","UNIQUE","HIST_TEMPL_ID","1"
"E_HIST_TEMPL_DATES","PK_HIST_TEMPL_DATES","UNIQUE","HIST_DATE","2"
"E_HIST_TEMPL_DATES","TM_E_HIST_TEMPL_DATES_IDX1","NONUNIQUE","HIST_TEMPL_ID","1"
"E_HIST_TEMPL_DAY","PK_HIST_TEMPL_DAY","UNIQUE","HIST_TEMPL_ID","1"
"E_HIST_TEMPL_DAY","PK_HIST_TEMPL_DAY","UNIQUE","WEEK_DAY_ID","2"
"E_HIST_TEMPL_DAY","TM_E_HIST_TEMPL_DAY_IDX1","NONUNIQUE","HIST_TEMPL_ID","1"
"E_HIST_TEMPL_SHIFT","PK_HIST_TEMPL_SHIFT","UNIQUE","HIST_TEMPL_ID","1"
"E_HIST_TEMPL_SHIFT","PK_HIST_TEMPL_SHIFT","UNIQUE","SHIFT_ID","2"
"E_HIST_TEMPL_SHIFT","TM_E_HIST_TEMPL_SHIFT_IDX1","NONUNIQUE","HIST_TEMPL_ID","1"
"E_HIST_TEMPL_SHIFT","TM_E_HIST_TEMPL_SHIFT_IDX2","NONUNIQUE","SHIFT_ID","1"
"E_HIST_THRUPUT_GOAL","HIST_THRUPUT_PE_INDX","NONUNIQUE","WHSE","1"
"E_HIST_THRUPUT_GOAL","HIST_THRUPUT_PE_INDX","NONUNIQUE","WHSE_DATE","2"
"E_HIST_THRUPUT_GOAL","HIST_THRUPUT_PE_INDX","NONUNIQUE","ACT_ID","3"
"E_HIST_THRUPUT_GOAL","HIST_THRUPUT_PE_INDX","NONUNIQUE","DISPLAY_UOM","4"
"E_HIST_THRUPUT_GOAL","PK_E_HIST_THRUPUT_GOAL","UNIQUE","HIST_THRUPUT_GOAL_ID","1"
"E_HNDLG_ATTR","PK_E_HNDLG_ATTR","UNIQUE","HNDLG_ATTR_ID","1"
"E_HNDLG_ATTR","UX_E_HNDLG_ATTR","UNIQUE","HNDLG_ATTR","1"
"E_INC_CODE","FK_E_INC_CODE_TO_E_PAY_DUR","NONUNIQUE","DUR_ID","1"
"E_INC_CODE","PK_E_INC_CODE","UNIQUE","INC_CODE_ID","1"
"E_INC_CODE","UX_E_INC_CODE","UNIQUE","INC_CODE","1"
"E_INC_CODE","UX_E_INC_CODE","UNIQUE","WHSE","2"
"E_INC_CODE_JF","FK_E_INC_CODE_JF_E_JOB_FUNCTIO","NONUNIQUE","JOB_FUNC_ID","1"
"E_INC_CODE_JF","PK_E_INC_CODE_JF","UNIQUE","INC_CODE_ID","1"
"E_INC_CODE_JF","PK_E_INC_CODE_JF","UNIQUE","JOB_FUNC_ID","2"
"E_INC_CODE_JF","PK_E_INC_CODE_JF","UNIQUE","WHSE","3"
"E_INC_CODE_JF","TM_E_INC_CODE_JF_IDX1","NONUNIQUE","INC_CODE_ID","1"
"E_INC_CODE_LAB_TYPE","FK_LABOR_TYPE_CODE","NONUNIQUE","LABOR_TYPE_CODE","1"
"E_INC_CODE_LAB_TYPE","PK_E_INC_CODE_LAB_TYPE","UNIQUE","INC_CODE_ID","1"
"E_INC_CODE_LAB_TYPE","PK_E_INC_CODE_LAB_TYPE","UNIQUE","LABOR_TYPE_CODE","2"
"E_INC_CODE_LAB_TYPE","TM_E_INC_CODE_LAB_TYPE_IDX1","NONUNIQUE","INC_CODE_ID","1"
"E_INC_CODE_RULE","PK_E_INC_CODE_RULE","UNIQUE","INC_CODE_ID","1"
"E_INC_CODE_RULE","PK_E_INC_CODE_RULE","UNIQUE","INC_CODE_RULE_ID","2"
"E_INC_CODE_RULE","TM_E_INC_CODE_RULE_IDX1","NONUNIQUE","INC_CODE_ID","1"
"E_INC_CODE_RULE","UX_E_INC_CODE_RULE","UNIQUE","INC_CODE_ID","1"
"E_INC_CODE_RULE","UX_E_INC_CODE_RULE","UNIQUE","RULE_NBR","2"
"E_INC_CODE_RULE","UX_E_INC_CODE_RULE","UNIQUE","WHSE","3"
"E_INTERFACE","PK_E_INTERFACE","UNIQUE","INT_ID","1"
"E_INTERFACE","UX_E_INTERFACE","UNIQUE","INT_NAME","1"
"E_INTERFACE","UX_E_INTERFACE","UNIQUE","WHSE","2"
"E_INTERM_EMP","PK_E_INTERM_EMP","UNIQUE","INTERM_CNTL_NBR","1"
"E_INTERM_EMP","PK_E_INTERM_EMP","UNIQUE","INTERM_NXT_UP_NBR","2"
"E_INTERM_EMP_INC_PAY","FK_E_INTERM_INC_CODE_ID","NONUNIQUE","INC_CODE_ID","1"
"E_INTERM_EMP_INC_PAY","TM_E_INTERM_EMP_INC_PAY_IDX1","NONUNIQUE","EMP_ID","1"
"E_INTERM_EMP_INC_PAY","TM_E_INTERM_EMP_INC_PAY_IDX2","NONUNIQUE","SPVSR_EMP_ID","1"
"E_INTERM_EMP_PAY","FK_E_INTERM_EMP_PAY_TO_PAY_RAT","NONUNIQUE","PAY_RATE_ID","1"
"E_INTERM_EMP_PAY","TM_E_INTERM_EMP_PAY_IDX1","NONUNIQUE","EMP_ID","1"
"E_INTERM_HNDLG_ATTR","PK_E_INTERM_HNDLG_ATTR","UNIQUE","INTERM_CNTL_NBR","1"
"E_INTERM_HNDLG_ATTR","PK_E_INTERM_HNDLG_ATTR","UNIQUE","INTERM_NXT_UP_NBR","2"
"E_INTERM_LOCN","PK_E_INTERM_LOCN","UNIQUE","INTERM_CNTL_NBR","1"
"E_INTERM_LOCN","PK_E_INTERM_LOCN","UNIQUE","INTERM_NXT_UP_NBR","2"
"E_INTERM_QA","PK_E_INTERM_QA","UNIQUE","INTERM_CNTL_NBR","1"
"E_INTERM_QA","PK_E_INTERM_QA","UNIQUE","INTERM_NXT_UP_NBR","2"
"E_INTERM_TA","E_INTERM_TA_IDX1","NONUNIQUE","MESSAGE_TYPE","1"
"E_INTERM_TA","E_INTERM_TA_IDX1","NONUNIQUE","PROCESS_STATUS","2"
"E_INTERM_TA","PK_E_INTERM_TAS","UNIQUE","INTERM_NXT_UP_NBR","1"
"E_JOB_FUNCTION","E_JOB_FUNCTION_IND_1","NONUNIQUE","OPS_CODE_ID","1"
"E_JOB_FUNCTION","E_JOB_FUNCTION_IND_1","NONUNIQUE","NAME","2"
"E_JOB_FUNCTION","E_JOB_FUNCTION_IND_1","NONUNIQUE","WHSE","3"
"E_JOB_FUNCTION","E_JOB_FUNCTION_IND_2","NONUNIQUE","NAME","1"
"E_JOB_FUNCTION","E_JOB_FUNCTION_IND_2","NONUNIQUE","WHSE","2"
"E_JOB_FUNCTION","E_JOB_FUNCTION_IND_3","NONUNIQUE","NAME","1"
"E_JOB_FUNCTION","E_JOB_FUNCTION_IND_3","NONUNIQUE","WHSE","2"
"E_JOB_FUNCTION","E_JOB_FUNCTION_IND_3","NONUNIQUE","DFLT_PROC_ZONE_ID","3"
"E_JOB_FUNCTION","E_JOB_FUNCTION_IND_3","NONUNIQUE","PROC_ZONE_TEMPL_ID","4"
"E_JOB_FUNCTION","FK_E_JOB_FUNCTION_TO_PROC_ZONE","NONUNIQUE","DFLT_PROC_ZONE_ID","1"
"E_JOB_FUNCTION","FK_E_JOB_FUNCTION_TO_P_ZONE","NONUNIQUE","PROC_ZONE_TEMPL_ID","1"
"E_JOB_FUNCTION","PK_E_JOB_FUNCTION","UNIQUE","JOB_FUNC_ID","1"
"E_JOB_FUNCTION","UX_E_JOB_FUNCTION","UNIQUE","WHSE","1"
"E_JOB_FUNCTION","UX_E_JOB_FUNCTION","UNIQUE","NAME","2"
"E_JOB_FUNCTION_ROLE","PK_E_JOB_FUNCTION_ROLE","UNIQUE","JOB_FUNC_ID","1"
"E_JOB_FUNCTION_ROLE","PK_E_JOB_FUNCTION_ROLE","UNIQUE","ROLE_ID","2"
"E_JOB_FUNC_PERF_GOAL","PK_E_JOB_FUNC_PERF_GOAL","UNIQUE","JOB_FUNC_PERF_GOAL_ID","1"
"E_JOB_FUNC_PERF_GOAL","TM_E_JOB_FUNC_PERF_GOAL_IDX1","NONUNIQUE","JOB_FUNC_ID","1"
"E_JOB_FUNC_QA_REASON","FK_E_JOB_FUNC_QA_REASON_TO_JOB","NONUNIQUE","JOB_FUNC_ID","1"
"E_JOB_FUNC_QA_REASON","PK_E_JOB_FUNC_QA_REASON","UNIQUE","QA_REASON_ID","1"
"E_JOB_FUNC_QA_REASON","PK_E_JOB_FUNC_QA_REASON","UNIQUE","JOB_FUNC_ID","2"
"E_JOB_FUNC_QA_REASON","PK_E_JOB_FUNC_QA_REASON","UNIQUE","SEQ_NBR","3"
"E_JOB_FUNC_QA_REASON","TM_E_JOB_FUNC_QA_REASON_IDX1","NONUNIQUE","QA_REASON_ID","1"
"E_LABOR_TYPE_CODE","PK_LABOR_TYPE_ID","UNIQUE","LABOR_TYPE_ID","1"
"E_LABOR_TYPE_CODE","UX_E_LABOR_TYPE_CODE","UNIQUE","LABOR_TYPE_CODE","1"
"E_MANUAL_ENTRY","PK_E_MANUAL_ENTRY","UNIQUE","JOB_ID","1"
"E_METRIC_CONFIGURATION","E_METRIC_CONFIGURATION_IDX1","NONUNIQUE","CONSOLIDATED_IMPLEMENTATION_ID","1"
"E_METRIC_CONFIGURATION","E_METRIC_CONFIGURATION_IDX2","NONUNIQUE","DETAIL_IMPLEMENTATION_ID","1"
"E_METRIC_CONFIGURATION","PK_E_METRIC_CONFIGURATION","UNIQUE","METRIC_CONFIGURATION_ID","1"
"E_METRIC_IMPLEMENTATION","PK_E_METRIC_IMPLEMENTATION","UNIQUE","METRIC_IMPLEMENTATION_ID","1"
"E_MILESTONE","PK_E_MILESTONE","UNIQUE","MILESTONE_ID","1"
"E_MILESTONE","UX_E_MILESTONE","UNIQUE","MILESTONE_CODE","1"
"E_MILESTONE_EMP","PK_E_MILESTONE_EMP","UNIQUE","MILESTONE_EMP_ID","1"
"E_MILESTONE_EMP","UX_E_MILESTONE_EMP","UNIQUE","MILESTONE_ID","1"
"E_MILESTONE_EMP","UX_E_MILESTONE_EMP","UNIQUE","EMP_ID","2"
"E_MILESTONE_EMP","UX_E_MILESTONE_EMP","UNIQUE","MILESTONE_DATE_TIME","3"
"E_MILESTONE_EMP","UX_E_MILESTONE_EMP","UNIQUE","WHSE","4"
"E_MILESTONE_TEAM","PK_E_MILESTONE_TEAM","UNIQUE","MILESTONE_TEAM_ID","1"
"E_MILESTONE_TEAM","UX_E_MILESTONE_TEAM","UNIQUE","MILESTONE_ID","1"
"E_MILESTONE_TEAM","UX_E_MILESTONE_TEAM","UNIQUE","TEAM_ID","2"
"E_MILESTONE_TEAM","UX_E_MILESTONE_TEAM","UNIQUE","MILESTONE_DATE_TIME","3"
"E_MILESTONE_TEAM","UX_E_MILESTONE_TEAM","UNIQUE","WHSE","4"
"E_MONITOR_GRP","PK_E_MONITOR_GRP","UNIQUE","MONITOR_GROUP_ID","1"
"E_MONITOR_GRP","UX_E_MONITOR_GRP","UNIQUE","WHSE","1"
"E_MONITOR_GRP","UX_E_MONITOR_GRP","UNIQUE","MONITOR_GROUP","2"
"E_MONITOR_SMRY","PK_E_MONITOR_SMRY_CONSTRAINT","UNIQUE","MONITOR_SMRY_ID","1"
"E_MONITOR_WORKFLOW_ACT","PK_E_MONITOR_WORKFLOW_ACT","UNIQUE","WORKFLOW_TEMPLATE_ACT_ID","1"
"E_MSRMNT","PK_E_MSRMNT","UNIQUE","MSRMNT_ID","1"
"E_MSRMNT","UX_E_MSRMNT","UNIQUE","MSRMNT_CODE","1"
"E_MSRMNT_RULE","PK_E_MSRMNT_RULE","UNIQUE","MSRMNT_ID","1"
"E_MSRMNT_RULE","PK_E_MSRMNT_RULE","UNIQUE","RULE_NBR","2"
"E_MSRMNT_RULE","TM_E_MSRMNT_RULE_IDX1","NONUNIQUE","MSRMNT_ID","1"
"E_MSRMNT_RULE_CALC","PK_E_MSRMNT_RULE_CALC","UNIQUE","MSRMNT_ID","1"
"E_MSRMNT_RULE_CALC","PK_E_MSRMNT_RULE_CALC","UNIQUE","RULE_NBR","2"
"E_MSRMNT_RULE_CALC","PK_E_MSRMNT_RULE_CALC","UNIQUE","CALC_SEQ_NBR","3"
"E_MSRMNT_RULE_CALC","TM_E_MSRMNT_RULE_CALC_IDX1","NONUNIQUE","MSRMNT_ID","1"
"E_MSRMNT_RULE_CALC","TM_E_MSRMNT_RULE_CALC_IDX2","NONUNIQUE","MSRMNT_ID","1"
"E_MSRMNT_RULE_CALC","TM_E_MSRMNT_RULE_CALC_IDX2","NONUNIQUE","RULE_NBR","2"
"E_MSRMNT_RULE_CONDITION","PK_E_MSRMNT_RULE_CONDITION","UNIQUE","MSRMNT_ID","1"
"E_MSRMNT_RULE_CONDITION","PK_E_MSRMNT_RULE_CONDITION","UNIQUE","RULE_NBR","2"
"E_MSRMNT_RULE_CONDITION","PK_E_MSRMNT_RULE_CONDITION","UNIQUE","RULE_SEQ_NBR","3"
"E_MSRMNT_RULE_CONDITION","TM_E_MSRMNT_RULE_CONDITIO_IDX1","NONUNIQUE","MSRMNT_ID","1"
"E_MSRMNT_RULE_CONDITION","TM_E_MSRMNT_RULE_CONDITIO_IDX2","NONUNIQUE","MSRMNT_ID","1"
"E_MSRMNT_RULE_CONDITION","TM_E_MSRMNT_RULE_CONDITIO_IDX2","NONUNIQUE","RULE_NBR","2"
"E_OBS_COACH","E_OBS_COACH_PK","UNIQUE","COACH_TYPE_ID","1"
"E_OBS_EMAIL_TEMPL","PK_E_OBS_EMAIL_TEMPL","UNIQUE","WHSE","1"
"E_OBS_INT","E_OBS_INT_PK","UNIQUE","INT_TYPE_ID","1"
"E_OBS_MGMT","PK_OBS_ID_PK","UNIQUE","OBS_ID","1"
"E_OBS_MGMT","TM_E_OBS_MGMT_IDX1","NONUNIQUE","EMP_ID","1"
"E_OBS_MGMT","TM_E_OBS_MGMT_IDX2","NONUNIQUE","JOB_FUNC_ID","1"
"E_OBS_MGMT","TM_E_OBS_MGMT_IDX3","NONUNIQUE","SPVSR_ID","1"
"E_OPS_CODE","PK_E_OPS_CODE","UNIQUE","OPS_CODE_ID","1"
"E_OPS_CODE","UX_E_OPS_CODE","UNIQUE","WHSE","1"
"E_OPS_CODE","UX_E_OPS_CODE","UNIQUE","OPS_CODE","2"
"E_OPS_CODE_SPVSR","FK_OPS_CODE_SPVSR_TO_OPS_CODE","NONUNIQUE","OPS_CODE_ID","1"
"E_OPS_CODE_SPVSR","FK_OPS_CODE_SPVSR_TO_SHIFT","NONUNIQUE","SHIFT_ID","1"
"E_OPS_CODE_SPVSR","PK_OPS_SEQ_NO_OPS_CODE_SPVSR","UNIQUE","OPS_CODE_SEQ_NO","1"
"E_OPS_CODE_SPVSR","TM_E_OPS_CODE_SPVSR_IDX1","NONUNIQUE","SPVSR_EMP_ID","1"
"E_PAY_CALC_GRP","E_PAY_CALC_GRP_INDX1","NONUNIQUE","PAY_RATE_CALC_NAME_ID","1"
"E_PAY_CALC_GRP","E_PAY_CALC_GRP_INDX1","NONUNIQUE","STMT_SEQ_NBR","2"
"E_PAY_CALC_GRP","PK_E_PAY_RT_CLC_GRP","UNIQUE","E_PAY_CALC_GRP_ID","1"
"E_PAY_DUR","PK_E_PAY_DUR","UNIQUE","DUR_ID","1"
"E_PAY_RATE","FK_E_PAY_RATE_E_PAY_SCALE","NONUNIQUE","PAY_SCALE_ID","1"
"E_PAY_RATE","FK_E_PAY_RATE_E_PAY_TYPE","NONUNIQUE","PAY_TYPE_ID","1"
"E_PAY_RATE","PK_E_PAY_RATE","UNIQUE","PAY_RATE_ID","1"
"E_PAY_RATE_CALC_NAME_DTL","PK_E_PAY_RT_CLC_NM_DTL","UNIQUE","PAY_RATE_CALC_NAME_ID","1"
"E_PAY_RATE_CALC_NAME_DTL","PK_E_PAY_RT_CLC_NM_DTL","UNIQUE","STMT_SEQ_NBR","2"
"E_PAY_RATE_CALC_NAME_DTL","TM_E_PAY_RATE_CALC_NA_DTL_IDX1","NONUNIQUE","DUR_ID","1"
"E_PAY_RATE_CALC_NAME_DTL","TM_E_PAY_RATE_CALC_NA_DTL_IDX2","NONUNIQUE","PAY_RATE_CALC_NAME_ID","1"
"E_PAY_RATE_CALC_NAME_HDR","PK_E_PAY_RT_CLC_NM_HDR","UNIQUE","PAY_RATE_CALC_NAME_ID","1"
"E_PAY_RATE_DTL","FK_E_PAY_RATE_DTL_TO_PAY_RATE","NONUNIQUE","PAY_RATE_ID","1"
"E_PAY_RATE_DTL","PK_E_PAY_RATE_DTL","UNIQUE","PAY_RATE_DTL_ID","1"
"E_PAY_RATE_RULE","PK_E_PAY_RATE_RULE","UNIQUE","PAY_RATE_DTL_ID","1"
"E_PAY_RATE_RULE","PK_E_PAY_RATE_RULE","UNIQUE","PAY_RATE_RULE_ID","2"
"E_PAY_SCALE","PK_E_PAY_SCALE","UNIQUE","PAY_SCALE_ID","1"
"E_PAY_SCALE","UX_E_PAY_SCALE","UNIQUE","PAY_SCALE","1"
"E_PAY_SCALE","UX_E_PAY_SCALE","UNIQUE","WHSE","2"
"E_PAY_TYPE","PK_E_PAY_TYPE","UNIQUE","PAY_TYPE_ID","1"
"E_PAY_TYPE","UX_E_PAY_TYPE","UNIQUE","PAY_TYPE","1"
"E_PAY_TYPE","UX_E_PAY_TYPE","UNIQUE","WHSE","2"
"E_PFD_DTL","PK_E_PFD_DTL","UNIQUE","PFD_ID","1"
"E_PFD_DTL","PK_E_PFD_DTL","UNIQUE","SEQ_NBR","2"
"E_PFD_DTL","TM_E_PFD_DTL_IDX1","NONUNIQUE","PFD_ID","1"
"E_PFD_HDR","PK_E_PFD_HDR","UNIQUE","PFD_ID","1"
"E_PFD_HDR","UX_E_PFD_HDR","UNIQUE","WHSE","1"
"E_PFD_HDR","UX_E_PFD_HDR","UNIQUE","PFD_CODE","2"
"E_PKT_HDR","PK_E_PKT_HDR","UNIQUE","PICKTICKET_CONTROL_NUMBER","1"
"E_PLAN_DTL","FK_E_PLAN_DTL_TO_PLAN_RULE_HDR","NONUNIQUE","PLAN_RULE_ID","1"
"E_PLAN_DTL","FK_E_PLAN_DTL_TO_PLAN_WORKFLOW","NONUNIQUE","PLAN_WORKFLOW_ID","1"
"E_PLAN_DTL","PK_E_PLAN_DTL","UNIQUE","PLAN_DTL_ID","1"
"E_PLAN_DTL","TM_E_PLAN_DTL_IDX1","NONUNIQUE","PLAN_ID","1"
"E_PLAN_DTL","UK_E_PLAN_DTL","UNIQUE","PLAN_ID","1"
"E_PLAN_DTL","UK_E_PLAN_DTL","UNIQUE","TRANSACTION_SEQ","2"
"E_PLAN_HDR","PK_E_PLAN_HDR","UNIQUE","PLAN_ID","1"
"E_PLAN_HDR","UK_E_PLAN_HDR","UNIQUE","NAME","1"
"E_PLAN_HDR","UK_E_PLAN_HDR","UNIQUE","WHSE","2"
"E_PLAN_RESULTS","TM_E_PLAN_RESULTS_IDX1","NONUNIQUE","PLAN_ID","1"
"E_PLAN_RESULTS","UX_E_PLAN_RESULTS","UNIQUE","PLAN_ID","1"
"E_PLAN_RESULTS","UX_E_PLAN_RESULTS","UNIQUE","PLAN_GROUP","2"
"E_PLAN_RESULTS","UX_E_PLAN_RESULTS","UNIQUE","ZONE","3"
"E_PLAN_RESULTS","UX_E_PLAN_RESULTS","UNIQUE","WHSE","4"
"E_PLAN_RULE_CONDITION","PK_E_PLAN_RULE_COND","UNIQUE","PLAN_RULE_ID","1"
"E_PLAN_RULE_CONDITION","PK_E_PLAN_RULE_COND","UNIQUE","PLAN_RULE_SEQ_NBR","2"
"E_PLAN_RULE_CONDITION","TM_E_PLAN_RULE_CONDITION_IDX1","NONUNIQUE","PLAN_RULE_ID","1"
"E_PLAN_RULE_HDR","PK_E_PLAN_RULE_HDR","UNIQUE","PLAN_RULE_ID","1"
"E_PLAN_RULE_HDR","TM_E_PLAN_RULE_HDR_IDX1","NONUNIQUE","RULE_TEMPLATE_ID","1"
"E_PLAN_TEMPLATE_DTL","FK_E_PLAN_TEMPLATE_DTL_TO_TEMP","NONUNIQUE","RULE_TEMPLATE_ID","1"
"E_PLAN_TEMPLATE_DTL","FK_E_PLAN_TEMPLATE_DTL_TO_TMP1","NONUNIQUE","WORKFLOW_TEMPLATE_ID","1"
"E_PLAN_TEMPLATE_DTL","PK_E_PLAN_TEMPLATE_DTL","UNIQUE","PLAN_TEMPLATE_DTL_ID","1"
"E_PLAN_TEMPLATE_DTL","UK_E_PLAN_TEMPLATE_DTL","UNIQUE","PLAN_TEMPLATE_ID","1"
"E_PLAN_TEMPLATE_DTL","UK_E_PLAN_TEMPLATE_DTL","UNIQUE","TRANSACTION_SEQ","2"
"E_PLAN_TEMPLATE_HDR","PK_E_PLAN_TEMPLATE_HDR","UNIQUE","PLAN_TEMPLATE_ID","1"
"E_PLAN_TEMPLATE_HDR","UX_E_PLAN_TEMPLATE_HDR","UNIQUE","WHSE","1"
"E_PLAN_TEMPLATE_HDR","UX_E_PLAN_TEMPLATE_HDR","UNIQUE","NAME","2"
"E_PLAN_TRANSACTION_ACT","FK_E_PLAN_TRAN_ACT_TO_ACT","NONUNIQUE","ACT_ID","1"
"E_PLAN_TRANSACTION_ACT","FK_E_PLAN_TRAN_ACT_TO_PLAN_HDR","NONUNIQUE","PLAN_ID","1"
"E_PLAN_TRANSACTION_ACT","PK_E_PLAN_TRNA_ACT","UNIQUE","TRAN_NBR","1"
"E_PLAN_TRANSACTION_ACT_ZONE","FK_E_PLAN_TRN_ACT_ZONE_E_ACT","NONUNIQUE","ACT_ID","1"
"E_PLAN_TRANSACTION_ACT_ZONE","FK_E_PL_TRN_ACT_ZONE_E_PL_HDR","NONUNIQUE","PLAN_ID","1"
"E_PLAN_TRANSACTION_ACT_ZONE","PK_PLAN_TRANSACTION_ACT_ZONE","UNIQUE","PLAN_TRANSACTION_ACT_ZONE_ID","1"
"E_PLAN_TRANSACTION_ACT_ZONE","UX_E_PLAN_TRANSACTION_ACT_ZONE","UNIQUE","TRAN_NBR","1"
"E_PLAN_TRANSACTION_ACT_ZONE","UX_E_PLAN_TRANSACTION_ACT_ZONE","UNIQUE","PLAN_ID","2"
"E_PLAN_TRANSACTION_ACT_ZONE","UX_E_PLAN_TRANSACTION_ACT_ZONE","UNIQUE","TRANSACTION_SEQ","3"
"E_PLAN_TRANSACTION_ACT_ZONE","UX_E_PLAN_TRANSACTION_ACT_ZONE","UNIQUE","TRANSACTION_TYPE","4"
"E_PLAN_TRANSACTION_ACT_ZONE","UX_E_PLAN_TRANSACTION_ACT_ZONE","UNIQUE","TRANSACTION_VALUE","5"
"E_PLAN_TRANSACTION_ACT_ZONE","UX_E_PLAN_TRANSACTION_ACT_ZONE","UNIQUE","PLAN_GROUP","6"
"E_PLAN_TRANSACTION_ACT_ZONE","UX_E_PLAN_TRANSACTION_ACT_ZONE","UNIQUE","ACT_ID","7"
"E_PLAN_TRANSACTION_ACT_ZONE","UX_E_PLAN_TRANSACTION_ACT_ZONE","UNIQUE","ZONE","8"
"E_PLAN_TRANSACTION_ACT_ZONE","UX_E_PLAN_TRANSACTION_ACT_ZONE","UNIQUE","PLAN_UOM","9"
"E_PLAN_TRANSACTION_GRP","PK_E_PLAN_TRAN_GRP","UNIQUE","PLAN_ID","1"
"E_PLAN_TRANSACTION_GRP","PK_E_PLAN_TRAN_GRP","UNIQUE","TRANSACTION_SEQ","2"
"E_PLAN_TRANSACTION_GRP","PK_E_PLAN_TRAN_GRP","UNIQUE","PLAN_GROUP","3"
"E_PLAN_TRANSACTION_GRP","PK_E_PLAN_TRAN_GRP","UNIQUE","TRANSACTION_VALUE","4"
"E_PLAN_TRANSACTION_GRP","TM_E_PLAN_TRANSACTION_GRP_IDX1","NONUNIQUE","PLAN_ID","1"
"E_PLAN_TRANSACTION_HDR","PK_E_PLAN_TRANSACTION_HDR","UNIQUE","PLAN_TRANSACTION_ID","1"
"E_PLAN_TRANSACTION_HDR","UX_E_PLAN_TRANSACTION_HDR","UNIQUE","TRANSACTION_SEQ","1"
"E_PLAN_TRANSACTION_HDR","UX_E_PLAN_TRANSACTION_HDR","UNIQUE","PLAN_ID","2"
"E_PLAN_TRANSACTION_HDR","UX_E_PLAN_TRANSACTION_HDR","UNIQUE","TRANSACTION_VALUE","3"
"E_PLAN_WORKFLOW_GRP","FK_PLAN_WORKFLOW_GRP_TO_WORKFL","NONUNIQUE","PLAN_WORKFLOW_ID","1"
"E_PLAN_WORKFLOW_GRP","PK_E_PLAN_WORKFLOW_GRP","UNIQUE","PLAN_WORKFLOW_GRP_ID","1"
"E_PLAN_WORKFLOW_GRP","UX_E_PLAN_WORKFLOW_GRP","UNIQUE","PLAN_WORKFLOW_SEQ_NO","1"
"E_PLAN_WORKFLOW_GRP","UX_E_PLAN_WORKFLOW_GRP","UNIQUE","PLAN_WORKFLOW_ID","2"
"E_PLAN_WORKFLOW_GRP","UX_E_PLAN_WORKFLOW_GRP","UNIQUE","PLAN_GROUP","3"
"E_PLAN_WORKFLOW_HDR","PK_E_PLAN_WORKFLOW_HDR","UNIQUE","PLAN_WORKFLOW_ID","1"
"E_PLAN_WORKFLOW_HDR","TM_E_PLAN_WORKFLOW_HDR_IDX1","NONUNIQUE","WORKFLOW_TEMPLATE_ID","1"
"E_PLAN_WORKFLOW_UOM","FK_PLAN_WORKFLOW_UOM_TO_PLAN_R","NONUNIQUE","PLAN_RULE_ID","1"
"E_PLAN_WORKFLOW_UOM","PK_E_PLAN_WORKFLOW_UOM","UNIQUE","PLAN_WORKFLOW_GRP_ID","1"
"E_PLAN_WORKFLOW_UOM","PK_E_PLAN_WORKFLOW_UOM","UNIQUE","PLAN_UOM","2"
"E_PLAN_WORKFLOW_UOM","PK_E_PLAN_WORKFLOW_UOM","UNIQUE","PLAN_UOM_SEQ","3"
"E_PLAN_WORKFLOW_UOM","TM_E_PLAN_WORKFLOW_UOM_IDX1","NONUNIQUE","PLAN_WORKFLOW_GRP_ID","1"
"E_PROC_LOCK_DTL","E_PROC_LOCK_DTL_INDX4","NONUNIQUE","PROC_ID","1"
"E_PROC_LOCK_DTL","E_PROC_LOCK_DTL_INDX4","NONUNIQUE","STATUS","2"
"E_PROC_LOCK_DTL","E_PROC_LOCK_DTL_INDX4","NONUNIQUE","JOB_ID","3"
"E_PROC_LOCK_DTL","E_PROC_LOCK_DTL_INDX4","NONUNIQUE","NEXT_RUN_TIME","4"
"E_PROC_LOCK_DTL","E_PROC_LOCK_DTL_INDX5","NONUNIQUE","PROCESSED_BY","1"
"E_PROC_LOCK_DTL","E_PROC_LOCK_DTL_INDX5","NONUNIQUE","MOD_DATE_TIME","2"
"E_PROC_LOCK_DTL","E_PROC_LOCK_DTL_INDX_3","NONUNIQUE","PROC_ID","1"
"E_PROC_LOCK_DTL","E_PROC_LOCK_DTL_INDX_3","NONUNIQUE","STATUS","2"
"E_PROC_LOCK_DTL","E_PROC_LOCK_DTL_INDX_3","NONUNIQUE","NEXT_RUN_TIME","3"
"E_PROC_LOCK_DTL","PK_E_PROC_LOCK_DTL","UNIQUE","JOB_ID","1"
"E_PROC_LOCK_DTL","TM_E_PROC_LOCK_DTL_IDX1","NONUNIQUE","PROC_ID","1"
"E_PROC_LOCK_HDR","E_PROC_LOCK_HDR_PE_IDX_1","NONUNIQUE","STATUS","1"
"E_PROC_LOCK_HDR","E_PROC_LOCK_HDR_PE_IDX_1","NONUNIQUE","BATCH_GROUP","2"
"E_PROC_LOCK_HDR","E_PROC_LOCK_HDR_PE_IDX_1","NONUNIQUE","LAST_RUN_TIME","3"
"E_PROC_LOCK_HDR","PE_E_PROC_LOCK_HDR_IDX","NONUNIQUE","STATUS","1"
"E_PROC_LOCK_HDR","PE_E_PROC_LOCK_HDR_IDX","NONUNIQUE","BATCH_GROUP","2"
"E_PROC_LOCK_HDR","PK_E_PROC_LOCK_HDR","UNIQUE","PROC_ID","1"
"E_PROC_LOCK_HDR","UX_E_PROC_LOCK_HDR","UNIQUE","WHSE","1"
"E_PROC_LOCK_HDR","UX_E_PROC_LOCK_HDR","UNIQUE","PROC_NAME","2"
"E_PROC_LOCK_HDR","UX_E_PROC_LOCK_HDR","UNIQUE","PROCESS_TYPE","3"
"E_PROC_LOCK_SCHED","E_PROC_LOCK_SCHED_PE_IDX_1","NONUNIQUE","PROC_ID","1"
"E_PROC_LOCK_SCHED","E_PROC_LOCK_SCHED_PE_IDX_1","NONUNIQUE","EFF_DATE","2"
"E_PROC_LOCK_SCHED","E_PROC_LOCK_SCHED_PE_IDX_1","NONUNIQUE","WHSE","3"
"E_PROC_LOCK_SCHED","FK_E_PROC_LOCK_SCHED_TO_PROC_L","NONUNIQUE","PROC_ID","1"
"E_PROC_LOCK_SCHED","PK_E_PROC_LOCK_SCHED","UNIQUE","PROC_SCHED_ID","1"
"E_PROC_LOCK_SCHED","PK_E_PROC_LOCK_SCHED","UNIQUE","PROC_ID","2"
"E_PROC_ZONE","FK_E_PROC_ZONE_TO_MSRMNT","NONUNIQUE","MSRMNT_ID","1"
"E_PROC_ZONE","FK_PROC_ZONE_TO_PROC_ZONE_TEMP","NONUNIQUE","PROC_ZONE_TEMPL_ID","1"
"E_PROC_ZONE","PK_E_PROC_ZONE","UNIQUE","PROC_ZONE_ID","1"
"E_PROC_ZONE","UX_E_PROC_ZONE","UNIQUE","WHSE","1"
"E_PROC_ZONE","UX_E_PROC_ZONE","UNIQUE","PROC_ZONE_CODE","2"
"E_PROC_ZONE","UX_E_PROC_ZONE","UNIQUE","PROC_ZONE_TEMPL_ID","3"
"E_PROC_ZONE_LOCN_RANGE","FK_E_PROC_ZONE_LOCN_RANGE_TO_P","NONUNIQUE","PROC_ZONE_ID","1"
"E_PROC_ZONE_LOCN_RANGE","PK_E_PROC_ZONE_LOCN_RANGE","UNIQUE","PROC_ZONE_LOCN_RANGE_ID","1"
"E_PROC_ZONE_TEMPL","PK_E_PROC_ZONE_TEMPL","UNIQUE","PROC_ZONE_TEMPL_ID","1"
"E_PROC_ZONE_TEMPL","UX_E_PROC_ZONE_TEMPL","UNIQUE","TEMPL_NAME","1"
"E_PROC_ZONE_TEMPL","UX_E_PROC_ZONE_TEMPL","UNIQUE","WHSE","2"
"E_QA","FK_E_QA_TO_JOBFUNCTION","NONUNIQUE","JOB_FUNC_ID","1"
"E_QA","PK_E_QA","UNIQUE","QA_ID","1"
"E_QA","TM_E_QA_IDX1","NONUNIQUE","EMP_ID","1"
"E_QA_DTL","PK_E_QA_DTL","UNIQUE","QA_ID","1"
"E_QA_DTL","PK_E_QA_DTL","UNIQUE","QA_REASON_ID","2"
"E_QA_DTL","TM_E_QA_DTL_IDX1","NONUNIQUE","QA_ID","1"
"E_QA_REASON","PK_E_QA_REASON","UNIQUE","QA_REASON_ID","1"
"E_QA_SMRY","PK_E_QA_SMRY","UNIQUE","JOB_FUNC_ID","1"
"E_QA_SMRY","PK_E_QA_SMRY","UNIQUE","EMP_ID","2"
"E_QA_SMRY","PK_E_QA_SMRY","UNIQUE","TEAM_ID","3"
"E_QA_SMRY","PK_E_QA_SMRY","UNIQUE","QA_TOTALS_DATE","4"
"E_QA_SMRY","TM_E_QA_SMRY_IDX1","NONUNIQUE","JOB_FUNC_ID","1"
"E_REFLECT_STD","FK_E_REFLECT_STD_TO_ACT","NONUNIQUE","ACT_ID","1"
"E_REFLECT_STD","PK_E_REFLECT_STD","UNIQUE","REFLECT_STD_ID","1"
"E_REFLECT_STD_DTL","PK_E_REFLECT_STD_DTL","UNIQUE","REFLECT_STD_ID","1"
"E_REFLECT_STD_DTL","PK_E_REFLECT_STD_DTL","UNIQUE","REFLECT_STD_DTL_ID","2"
"E_REFLECT_STD_DTL","TM_E_REFLECT_STD_DTL_IDX1","NONUNIQUE","REFLECT_STD_ID","1"
"E_REFLECT_STD_GROUP_SMRY","PK_E_REFLECT_STD_GROUP_SMRY","UNIQUE","REFLECT_STD_ID","1"
"E_REFLECT_STD_GROUP_SMRY","PK_E_REFLECT_STD_GROUP_SMRY","UNIQUE","TOTALS_DATE","2"
"E_REFLECT_STD_GROUP_SMRY","PK_E_REFLECT_STD_GROUP_SMRY","UNIQUE","WHSE","3"
"E_REFLECT_STD_SOURCE_SMRY","PK_E_REFLECT_STD_SOURCE_SMRY","UNIQUE","REFLECT_STD_DTL_ID","1"
"E_REFLECT_STD_SOURCE_SMRY","PK_E_REFLECT_STD_SOURCE_SMRY","UNIQUE","TOTALS_DATE","2"
"E_REPROCESS_INFO","PK_E_REPROCESS_INFO","UNIQUE","REPROCESS_INFO_ID","1"
"E_REPROCESS_INFO","REPROCESS_INFO_PE","NONUNIQUE","WHSE","1"
"E_REPROCESS_INFO","REPROCESS_INFO_PE","NONUNIQUE","MODULE_NAME","2"
"E_REPROCESS_INFO","REPROCESS_INFO_PE","NONUNIQUE","REPROCESS_ID","3"
"E_REPROCESS_INFO","REPROCESS_INFO_PE","NONUNIQUE","REPROCESS_STATUS","4"
"E_RSG_REPROCESS","PK_E_RSG_REPROCESS","UNIQUE","REP_ID","1"
"E_RSG_REPROCESS","UX_E_RSG_REPROCESS_1","UNIQUE","REFLECT_STD_ID","1"
"E_RSG_REPROCESS","UX_E_RSG_REPROCESS_1","UNIQUE","TOTALS_DATE","2"
"E_RSG_REPROCESS","UX_E_RSG_REPROCESS_1","UNIQUE","WHSE","3"
"E_RULE_TEMPLATE_CONDITION","PK_E_RULE_TEMPLATE_CONDITION","UNIQUE","RULE_TEMPLATE_ID","1"
"E_RULE_TEMPLATE_CONDITION","PK_E_RULE_TEMPLATE_CONDITION","UNIQUE","RULE_TEMPLATE_SEQ_NBR","2"
"E_RULE_TEMPLATE_CONDITION","TM_E_RULE_TEMPLATE_CONDI_IDX1","NONUNIQUE","RULE_TEMPLATE_ID","1"
"E_RULE_TEMPLATE_HDR","PK_E_RULE_TEMPLATE_HDR","UNIQUE","RULE_TEMPLATE_ID","1"
"E_RULE_TEMPLATE_HDR","UX_E_RULE_TEMPLATE_HDR","UNIQUE","WHSE","1"
"E_RULE_TEMPLATE_HDR","UX_E_RULE_TEMPLATE_HDR","UNIQUE","RULE_TYPE","2"
"E_RULE_TEMPLATE_HDR","UX_E_RULE_TEMPLATE_HDR","UNIQUE","TRANSACTION_TYPE","3"
"E_RULE_TEMPLATE_HDR","UX_E_RULE_TEMPLATE_HDR","UNIQUE","RULE_NAME","4"
"E_SAFE_ANNUAL","PK_E_SAFE_ANNUAL","UNIQUE","SAFE_ANNUAL_ID","1"
"E_SAFE_CODE","PK_E_SAFE_CODE","UNIQUE","SAFE_CODE_ID","1"
"E_SAFE_CODE","UX_SAFE_CODE","UNIQUE","SAFE_CODE","1"
"E_SAFE_CODE","UX_SAFE_CODE","UNIQUE","WHSE","2"
"E_SAFE_SMRY","PK_E_SAFE_SMRY","UNIQUE","SAFE_SMRY_ID","1"
"E_SCHEDULER","PK_E_SCHEDULER","UNIQUE","SCHEDULER_ID","1"
"E_SCHEDULER","TM_E_SCHEDULER_IDX1","NONUNIQUE","SUBSYSTEM_ID","1"
"E_SCHEDULE_ASGMNT","PK_E_SCHEDULE_ASGMNT","UNIQUE","SCHEDULE_RSLT_ASGMNT_ID","1"
"E_SCHEDULE_ASGMNT","TM_E_SCHEDULE_ASGMNT_IDX1","NONUNIQUE","JOB_FUNC_ID","1"
"E_SCHEDULE_ASGMNT","TM_E_SCHEDULE_ASGMNT_IDX2","NONUNIQUE","PROC_ZONE_ID","1"
"E_SCHEDULE_ASGMNT","TM_E_SCHEDULE_ASGMNT_IDX3","NONUNIQUE","SCHEDULE_RSLT_HDR_ID","1"
"E_SCHEDULE_ASGMNT","TM_E_SCHEDULE_ASGMNT_IDX4","NONUNIQUE","SCHEDULE_USER_ID","1"
"E_SCHEDULE_ASGMNT","TM_E_SCHEDULE_ASGMNT_IDX5","NONUNIQUE","SHIFT_ID","1"
"E_SCHEDULE_ASGMNT","TM_E_SCHEDULE_ASGMNT_IDX6","NONUNIQUE","TIME_WINDOW_DTL_ID","1"
"E_SCHEDULE_RMNG","PK_E_SCHEDULE_RMNG","UNIQUE","SCHEDULE_RMNG_ID","1"
"E_SCHEDULE_RMNG","TM_E_SCHEDULE_RMNG_IDX1","NONUNIQUE","PROC_ZONE_ID","1"
"E_SCHEDULE_RMNG","TM_E_SCHEDULE_RMNG_IDX2","NONUNIQUE","SCHEDULE_RSLT_HDR_ID","1"
"E_SCHEDULE_RMNG","TM_E_SCHEDULE_RMNG_IDX3","NONUNIQUE","SHIFT_ID","1"
"E_SCHEDULE_RMNG","TM_E_SCHEDULE_RMNG_IDX4","NONUNIQUE","TIME_WINDOW_DTL_ID","1"
"E_SCHEDULE_RSLT_HDR","PK_E_SCHEDULE_RSLT_HDR","UNIQUE","SCHEDULE_RSLT_HDR_ID","1"
"E_SCHEDULE_RSLT_HDR","TM_E_SCHEDULE_RSLT_HDR_IDX1","NONUNIQUE","SCHEDULE_TEMPLATE_ID","1"
"E_SCHEDULE_RSLT_HDR","UX_E_SCHEDULE_RSLT_HDR","UNIQUE","SCHEDULE_RSLT_NAME","1"
"E_SCHEDULE_RSLT_HDR","UX_E_SCHEDULE_RSLT_HDR","UNIQUE","WHSE","2"
"E_SCHEDULE_RSLT_SMRY","PK_E_SCHEDULE_RSLT_SMRY","UNIQUE","SCHEDULE_RSLT_SMRY_ID","1"
"E_SCHEDULE_RSLT_SMRY","TM_E_SCHEDULE_RSLT_SMRY_IDX1","NONUNIQUE","JOB_FUNC_ID","1"
"E_SCHEDULE_RSLT_SMRY","TM_E_SCHEDULE_RSLT_SMRY_IDX2","NONUNIQUE","PROC_ZONE_ID","1"
"E_SCHEDULE_RSLT_SMRY","TM_E_SCHEDULE_RSLT_SMRY_IDX3","NONUNIQUE","SCHEDULE_RSLT_HDR_ID","1"
"E_SCHEDULE_RSLT_SMRY","TM_E_SCHEDULE_RSLT_SMRY_IDX4","NONUNIQUE","SHIFT_ID","1"
"E_SCHEDULE_TEMPLATE","PK_E_SCHEDULE_TEMPLATE","UNIQUE","SCHEDULE_TEMPLATE_ID","1"
"E_SCHEDULE_TEMPLATE","TM_E_SCHEDULE_TEMPLATE_IDX1","NONUNIQUE","FORECAST_TEMPLATE_ID","1"
"E_SCHEDULE_TEMPLATE","UX_E_SCHEDULE_TEMPLATE","UNIQUE","SCHEDULE_TEMPLATE_NAME","1"
"E_SCHEDULE_TEMPLATE","UX_E_SCHEDULE_TEMPLATE","UNIQUE","WHSE","2"
"E_SHIFT","E_SHIFT_INDX","NONUNIQUE","SHIFT_CODE","1"
"E_SHIFT","E_SHIFT_INDX_1","NONUNIQUE","SHIFT_ID","1"
"E_SHIFT","E_SHIFT_INDX_1","NONUNIQUE","WHSE","2"
"E_SHIFT","E_SHIFT_IND_10","NONUNIQUE","SHIFT_ID","1"
"E_SHIFT","E_SHIFT_IND_10","NONUNIQUE","WHSE","2"
"E_SHIFT","E_SHIFT_IND_10","NONUNIQUE","EFF_DATE","3"
"E_SHIFT","PK_E_SHIFT","UNIQUE","SHIFT_ID","1"
"E_SHIFT","UX_E_SHFT","UNIQUE","WHSE","1"
"E_SHIFT","UX_E_SHFT","UNIQUE","SHIFT_CODE","2"
"E_SHIFT_DAYS","PK_E_SHIFT_DAYS","UNIQUE","SHIFT_ID","1"
"E_SHIFT_DAYS","PK_E_SHIFT_DAYS","UNIQUE","DAY_ID","2"
"E_SHIFT_DAYS","TM_E_SHIFT_DAYS_IDX1","NONUNIQUE","SHIFT_ID","1"
"E_SHIFT_DTL","FK_E_SHIFT_E_SHFT_DT_E_DAY_CO","NONUNIQUE","DAY_ID","1"
"E_SHIFT_DTL","PK_E_SHIFT_DTL","UNIQUE","SHIFT_DTL_ID","1"
"E_SHIFT_DTL","TM_E_SHIFT_DTL_IDX1","NONUNIQUE","SHIFT_ID","1"
"E_SHIFT_DTL","UX_E_SHIFT_DTL","UNIQUE","SHIFT_ID","1"
"E_SHIFT_DTL","UX_E_SHIFT_DTL","UNIQUE","DAY_ID","2"
"E_SHIFT_DTL","UX_E_SHIFT_DTL","UNIQUE","START_TIME","3"
"E_SHIFT_DTL","UX_E_SHIFT_DTL","UNIQUE","SHIFT_DAY_ID","4"
"E_SHIFT_DTL","UX_E_SHIFT_DTL","UNIQUE","ACT_ID","5"
"E_SHIFT_EMP","FK_E_SHIFT_EMP_TO_SHIFT","NONUNIQUE","SHIFT_ID","1"
"E_SHIFT_EMP","PK_E_SHIFT_EMP_E_EMP","UNIQUE","EMP_ID","1"
"E_SHIFT_EMP","PK_E_SHIFT_EMP_E_EMP","UNIQUE","DAY_ID","2"
"E_SHIFT_EMP","PK_E_SHIFT_EMP_E_EMP","UNIQUE","EFF_START_DATE","3"
"E_SHIFT_EMP","TM_E_SHIFT_EMP_IDX1","NONUNIQUE","EMP_ID","1"
"E_SIMULATION_ADJ_LEVER","PK_E_SIMULATION_ADJ_LEVER","UNIQUE","SIMULATION_ADJ_LEVER_ID","1"
"E_SIMULATION_COND","E_SIMULATION_COND_IND1","NONUNIQUE","TABLE_NAME","1"
"E_SIMULATION_COND","E_SIMULATION_COND_IND1","NONUNIQUE","NEW_WHSE","2"
"E_SIMULATION_COND","E_SIMULATION_COND_IND2","NONUNIQUE","CURR_VALUE","1"
"E_SIMULATION_ELM_SMRY","PK_E_SIMULATION_ELM_SMRY","UNIQUE","SIMULATION_ELM_SMRY_ID","1"
"E_SIMULATION_METRIC","PK_E_SIM_METRIC","UNIQUE","METRIC_ID","1"
"E_SIMULATION_METRIC_PORTLETS","PK_E_SIM_METRIC_PORTLET","UNIQUE","METRIC_PORTLET_ID","1"
"E_SIMULATION_SMRY","PK_E_SIMULATION_SMRY","UNIQUE","SIMULATION_SMRY_ID","1"
"E_SIMULATION_TABLES_TRACK","E_SIMULATION_TABLES_TRACK_PK","UNIQUE","TRAN_ID","1"
"E_SIMULATION_VHCL_DTL","PK_E_SIMULATION_VHCL_DTL","UNIQUE","SIMULATION_VHCL_DTL_ID","1"
"E_SIMULATION_VHCL_SMRY","PK_E_SIMULATION_VHCL_SMRY","UNIQUE","SIMULATION_VHCL_SMRY_ID","1"
"E_SIMULATION_WHSE","E_SIMULATION_WHSE_PK","UNIQUE","SIMULATION_ID","1"
"E_SLOT_TYPE","PK_E_SLOT_TYPE","UNIQUE","SLOT_TYPE_ID","1"
"E_SLOT_TYPE","UX_E_SLOT_TYPE","UNIQUE","WHSE","1"
"E_SLOT_TYPE","UX_E_SLOT_TYPE","UNIQUE","SLOT_TYPE_CODE","2"
"E_SUBSYSTEM","PK_E_SUBSYSTEM","UNIQUE","SUBSYSTEM_ID","1"
"E_TEAM_EMP","E_TEAM_EMP_IND_1","NONUNIQUE","WHSE","1"
"E_TEAM_EMP","E_TEAM_EMP_IND_1","NONUNIQUE","EMP_ID","2"
"E_TEAM_EMP","E_TEAM_EMP_IND_1","NONUNIQUE","TEAM_ID","3"
"E_TEAM_EMP","FK_E_TEAM_EMP_TO_ACT","NONUNIQUE","ACT_ID","1"
"E_TEAM_EMP","FK_E_TEAM_EMP_TO_TEAM_STD","NONUNIQUE","TEAM_ID","1"
"E_TEAM_EMP","PE_E_TEAM_EMP_IDX","NONUNIQUE","WHSE","1"
"E_TEAM_EMP","PE_E_TEAM_EMP_IDX","NONUNIQUE","TEAM_ID","2"
"E_TEAM_EMP","PE_E_TEAM_EMP_IDX","NONUNIQUE","STAT_CODE","3"
"E_TEAM_EMP","PE_E_TEAM_EMP_IDX","NONUNIQUE","EMP_ID","4"
"E_TEAM_EMP","PE_E_TEAM_EMP_IDX_2","NONUNIQUE","BEGIN_DATE_TIME","1"
"E_TEAM_EMP","PE_E_TEAM_EMP_IDX_2","NONUNIQUE","END_DATE_TIME","2"
"E_TEAM_EMP","PE_E_TEAM_EMP_IDX_2","NONUNIQUE","STAT_CODE","3"
"E_TEAM_EMP","PE_E_TEAM_EMP_IDX_2","NONUNIQUE","WHSE","4"
"E_TEAM_EMP","PE_E_TEAM_EMP_IDX_2","NONUNIQUE","TEAM_ID","5"
"E_TEAM_EMP","PE_E_TEAM_EMP_IDX_2","NONUNIQUE","EMP_ID","6"
"E_TEAM_EMP","PK_E_TEAM_EMP","UNIQUE","TEAM_EMP_ID","1"
"E_TEAM_EMP","TM_E_TEAM_EMP_IDX1","NONUNIQUE","EMP_ID","1"
"E_TEAM_EMP_CONFIG","PK_E_TEAM_CONFIG","UNIQUE","TEAM_EMP_CONFIG_ID","1"
"E_TEAM_EMP_CONFIG","TM_E_TEAM_EMP_CONFIG_IDX1","NONUNIQUE","EMP_ID","1"
"E_TEAM_EMP_DTL","FK_ETEAMEMPDTL_TO_TEAM_STD_IDX","NONUNIQUE","TEAM_ID","1"
"E_TEAM_EMP_DTL","FK_ETEAMEMPDTL_TO_UCL_USER_IDX","NONUNIQUE","EMP_ID","1"
"E_TEAM_EMP_DTL","FK_E_TEAM_EMP_DTL_IDX","NONUNIQUE","TEAM_EMP_ID","1"
"E_TEAM_EMP_DTL","FK_E_TEAM_EMP_DTL_TO_ACT_IDX","NONUNIQUE","ACT_ID","1"
"E_TEAM_EMP_DTL","PK_E_TEAM_EMP_DTL","UNIQUE","TEAM_EMP_DTL_ID","1"
"E_TEAM_EMP_SMRY","PK_E_TEAM_EMP_SMRY","UNIQUE","TEAM_EMP_SMRY_ID","1"
"E_TEAM_EMP_SMRY","TM_E_TEAM_EMP_SMRY_IDX1","NONUNIQUE","EMP_ID","1"
"E_TEAM_REPROCESS","PK_E_TEAM_REPROCESS","UNIQUE","TEAM_REPROCESS_ID","1"
"E_TEAM_REPROCESS","UX_E_TEAM_REPROCESS","UNIQUE","WHSE","1"
"E_TEAM_REPROCESS","UX_E_TEAM_REPROCESS","UNIQUE","TOTALS_DATE","2"
"E_TEAM_REPROCESS","UX_E_TEAM_REPROCESS","UNIQUE","TEAM_ID","3"
"E_TEAM_STD","PK_E_TEAM_STD","UNIQUE","TEAM_ID","1"
"E_TEAM_STD","UX_E_TEAM_STD","UNIQUE","WHSE","1"
"E_TEAM_STD","UX_E_TEAM_STD","UNIQUE","TEAM_CODE","2"
"E_TEAM_STD_DTL","PK_E_TEAM_STD_DTL","UNIQUE","SEQ_NBR","1"
"E_TEAM_STD_DTL","UX_E_TEAM_STD_DTL","UNIQUE","TEAM_ID","1"
"E_TEAM_STD_DTL","UX_E_TEAM_STD_DTL","UNIQUE","EFF_DATE","2"
"E_TEAM_STD_SMRY","E_TEAM_STD_SMRY_IND","NONUNIQUE","WHSE","1"
"E_TEAM_STD_SMRY","E_TEAM_STD_SMRY_IND","NONUNIQUE","TEAM_CODE","2"
"E_TEAM_STD_SMRY","E_TEAM_STD_SMRY_INDX_2","NONUNIQUE","WHSE","1"
"E_TEAM_STD_SMRY","E_TEAM_STD_SMRY_INDX_2","NONUNIQUE","TEAM_ID","2"
"E_TEAM_STD_SMRY","E_TEAM_STD_SMRY_INDX_2","NONUNIQUE","TOTALS_DATE","3"
"E_TEAM_STD_SMRY","PK_E_TEAM_STD_SMRY","UNIQUE","SMRY_ID","1"
"E_THRUPUT_HIST","PK_E_THRUPUT_HIST","UNIQUE","THRUPUT_HIST_ID","1"
"E_THRUPUT_HIST","TM_E_THRUPUT_HIST_IDX1","NONUNIQUE","JOB_FUNC_ID","1"
"E_THRUPUT_HIST","TM_E_THRUPUT_HIST_IDX2","NONUNIQUE","MSRMNT_ID","1"
"E_THRUPUT_HIST","TM_E_THRUPUT_HIST_IDX3","NONUNIQUE","PROC_ZONE_ID","1"
"E_THRUPUT_HIST","TM_E_THRUPUT_HIST_IDX4","NONUNIQUE","SHIFT_ID","1"
"E_THRUPUT_HIST","UX_E_THRUPUT_HIST","UNIQUE","TOTALS_DATE","1"
"E_THRUPUT_HIST","UX_E_THRUPUT_HIST","UNIQUE","SHIFT_ID","2"
"E_THRUPUT_HIST","UX_E_THRUPUT_HIST","UNIQUE","JOB_FUNC_ID","3"
"E_THRUPUT_HIST","UX_E_THRUPUT_HIST","UNIQUE","PROC_ZONE_ID","4"
"E_THRUPUT_HIST","UX_E_THRUPUT_HIST","UNIQUE","MSRMNT_ID","5"
"E_THRUPUT_HIST","UX_E_THRUPUT_HIST","UNIQUE","WHSE","6"
"E_THRUPUT_SMRY","FK_E_THRUPUT_SMRY_TO_CONSOL_PE","NONUNIQUE","PERF_SMRY_TRAN_ID","1"
"E_THRUPUT_SMRY","FK_E_THRUPUT_SMRY_TO_PROC_ZONE","NONUNIQUE","PROC_ZONE_ID","1"
"E_THRUPUT_SMRY","PK_E_THRUPUT_SMRY","UNIQUE","THRUPUT_ID","1"
"E_THRUPUT_SMRY_DTL","PK_E_THRUPUT_SMRY_DTL","UNIQUE","THRUPUT_DTL_ID","1"
"E_THRUPUT_SMRY_DTL","TM_E_THRUPUT_SMRY_DTL_IDX1","NONUNIQUE","MSRMNT_ID","1"
"E_THRUPUT_SMRY_DTL","TM_E_THRUPUT_SMRY_DTL_IDX2","NONUNIQUE","THRUPUT_ID","1"
"E_THRUPUT_SMRY_DTL","UX_E_THRUPUT_SMRY_DTL","UNIQUE","WHSE","1"
"E_THRUPUT_SMRY_DTL","UX_E_THRUPUT_SMRY_DTL","UNIQUE","THRUPUT_ID","2"
"E_THRUPUT_SMRY_DTL","UX_E_THRUPUT_SMRY_DTL","UNIQUE","MSRMNT_ID","3"
"E_TIME_WINDOW","PK_E_TIME_WINDOW","UNIQUE","TIME_WINDOW_ID","1"
"E_TIME_WINDOW","UX_E_TIME_WIN_NAME_WHSE","UNIQUE","TIME_WINDOW_NAME","1"
"E_TIME_WINDOW","UX_E_TIME_WIN_NAME_WHSE","UNIQUE","WHSE","2"
"E_TIME_WINDOW_ASGMNT","PK_E_TIME_WINDOW_ASGMNT","UNIQUE","TIME_WINDOW_ASGMNT_ID","1"
"E_TIME_WINDOW_ASGMNT","TM_E_TIME_WINDOW_ASGMNT_IDX1","NONUNIQUE","JOB_FUNC_ID","1"
"E_TIME_WINDOW_ASGMNT","UX_E_TIM_WIND_ID_JOB_FUN_ID","UNIQUE","TIME_WINDOW_ID","1"
"E_TIME_WINDOW_ASGMNT","UX_E_TIM_WIND_ID_JOB_FUN_ID","UNIQUE","JOB_FUNC_ID","2"
"E_TIME_WINDOW_DTL","PK_E_TIME_WINDOW_DTL","UNIQUE","TIME_WINDOW_DTL_ID","1"
"E_TIME_WINDOW_DTL","TM_E_TIME_WINDOW_DTL_IDX1","NONUNIQUE","TIME_WINDOW_ID","1"
"E_TRVL_AISLE","PK_E_TRVL_AISLE","UNIQUE","TRVL_AISLE_ID","1"
"E_TRVL_AISLE","UX_E_TRVL_AISL","UNIQUE","WHSE","1"
"E_TRVL_AISLE","UX_E_TRVL_AISL","UNIQUE","TRVL_ZONE_CODE","2"
"E_TRVL_AISLE","UX_E_TRVL_AISL","UNIQUE","TRVL_AISLE_CODE","3"
"E_UNIT_PICK","FK_E_UNIT_PICK_TO_HNDLG_ATTR","NONUNIQUE","HNDLG_ATTR","1"
"E_UNIT_PICK","PK_E_UNIT_PICK","UNIQUE","SLOT_TYPE_ID","1"
"E_UNIT_PICK","PK_E_UNIT_PICK","UNIQUE","HNDLG_ATTR","2"
"E_UNIT_PICK","TM_E_UNIT_PICK_IDX1","NONUNIQUE","SLOT_TYPE_ID","1"
"E_VHCL","PK_E_VHCL","UNIQUE","VHCL_TYPE_ID","1"
"E_VHCL","UX_E_VHCL","UNIQUE","VHCL_TYPE","1"
"E_VHCL_AISLE_DIR","FK_E_VHCL_AISLE_DIR_TO_TRVL_AI","NONUNIQUE","TRVL_AISLE_ID","1"
"E_VHCL_AISLE_DIR","PK_E_VHCL_AISLE_DIR","UNIQUE","VHCL_TYPE_ID","1"
"E_VHCL_AISLE_DIR","PK_E_VHCL_AISLE_DIR","UNIQUE","TRVL_AISLE_ID","2"
"E_VHCL_AISLE_DIR","TM_E_VHCL_AISLE_DIR_IDX1","NONUNIQUE","VHCL_TYPE_ID","1"
"E_VHCL_AISLE_DIR","UX_E_VHCL_AISLE_DIR","UNIQUE","WHSE","1"
"E_VHCL_AISLE_DIR","UX_E_VHCL_AISLE_DIR","UNIQUE","VHCL_TYPE_ID","2"
"E_VHCL_AISLE_DIR","UX_E_VHCL_AISLE_DIR","UNIQUE","TRVL_AISLE_ID","3"
"E_VHCL_WHSE","PK_E_V_W_WHSE","UNIQUE","WHSE_VHCL_TYPE_ID","1"
"E_VHCL_WHSE","TM_E_VHCL_WHSE_IDX1","NONUNIQUE","VHCL_TYPE_ID","1"
"E_VHCL_WHSE","UK_E_V_W_TYPE_ID_WHSE","UNIQUE","VHCL_TYPE_ID","1"
"E_VHCL_WHSE","UK_E_V_W_TYPE_ID_WHSE","UNIQUE","WHSE","2"
"E_VHCL_ZONE_TIME","E_VHCL_ZONE_TIME_IND_1","NONUNIQUE","WHSE","1"
"E_VHCL_ZONE_TIME","E_VHCL_ZONE_TIME_IND_1","NONUNIQUE","VHCL_TYPE_ID","2"
"E_VHCL_ZONE_TIME","E_VHCL_ZONE_TIME_IND_1","NONUNIQUE","BEGIN_ZONE_CODE","3"
"E_VHCL_ZONE_TIME","E_VHCL_ZONE_TIME_IND_1","NONUNIQUE","DEST_ZONE_CODE","4"
"E_VHCL_ZONE_TIME","FK_E_VHCL_ZONE_TIME_TO_VHCL","NONUNIQUE","VHCL_TYPE_ID","1"
"E_VHCL_ZONE_TIME","PK_E_VHCL_ZONE_TIME","UNIQUE","VHCL_ZONE_TIME_ID","1"
"E_WHSE_DTL","E_WHSE_DTL_PK","UNIQUE","CNFG_ID","1"
"E_WMS_EVNT_MSG","E_WMS_EVNT_MSG_IDX1_ARCH","NONUNIQUE","WHSE","1"
"E_WMS_EVNT_MSG","E_WMS_EVNT_MSG_IDX1_ARCH","NONUNIQUE","MOD_DATE_TIME","2"
"E_WMS_EVNT_MSG","E_WMS_EVNT_MSG_IND_1","NONUNIQUE","WHSE","1"
"E_WMS_EVNT_MSG","E_WMS_EVNT_MSG_IND_1","NONUNIQUE","MSG_TYPE","2"
"E_WMS_EVNT_MSG","E_WMS_EVNT_MSG_IND_2","UNIQUE","MSG_STATUS","1"
"E_WMS_EVNT_MSG","E_WMS_EVNT_MSG_IND_2","UNIQUE","CREATE_DATE_TIME","2"
"E_WMS_EVNT_MSG","E_WMS_EVNT_MSG_IND_2","UNIQUE","MSG_ID","3"
"E_WMS_EVNT_MSG","E_WMS_EVNT_MSG_IND_2","UNIQUE","TRAN_NBR","4"
"E_WMS_EVNT_MSG","E_WMS_EVNT_MSG_IND_2","UNIQUE","SERVER_TYPE","5"
"E_WMS_EVNT_MSG","E_WMS_EVNT_MSG_IND_2","UNIQUE","WHSE","6"
"E_WMS_EVNT_MSG","E_WMS_EVNT_MSG_IND_3","NONUNIQUE","TRAN_NBR","1"
"E_WMS_EVNT_MSG","E_WMS_EVNT_MSG_IND_4","NONUNIQUE","CREATE_DATE_TIME","1"
"E_WMS_EVNT_MSG","E_WMS_EVNT_MSG_IND_4","NONUNIQUE","MSG_ID","2"
"E_WMS_EVNT_MSG","E_WMS_EVNT_MSG_IND_5","NONUNIQUE","TRAN_NBR","1"
"E_WMS_EVNT_MSG","E_WMS_EVNT_MSG_IND_5","NONUNIQUE","MSG_TYPE","2"
"E_WMS_EVNT_MSG","E_WMS_EVNT_MSG_IND_5","NONUNIQUE","REC_BY_ENGINE","3"
"E_WMS_EVNT_MSG","E_WMS_EVNT_MSG_IND_5","NONUNIQUE","SERVER_TYPE","4"
"E_WMS_EVNT_MSG","E_WMS_EVNT_MSG_IND_5","NONUNIQUE","MSG_STATUS","5"
"E_WMS_EVNT_MSG","E_WMS_EVNT_MSG_IND_5","NONUNIQUE","MODULE_TYPE","6"
"E_WMS_EVNT_MSG","E_WMS_EVNT_MSG_IND_5","NONUNIQUE","WHSE","7"
"E_WMS_EVNT_MSG","E_WMS_EVNT_MSG_IND_6","NONUNIQUE","REC_BY_ENGINE","1"
"E_WMS_EVNT_MSG","E_WMS_EVNT_MSG_IND_6","NONUNIQUE","SERVER_TYPE","2"
"E_WMS_EVNT_MSG","E_WMS_EVNT_MSG_IND_6","NONUNIQUE","MSG_STATUS","3"
"E_WMS_EVNT_MSG","E_WMS_EVNT_MSG_IND_6","NONUNIQUE","MODULE_TYPE","4"
"E_WMS_EVNT_MSG","E_WMS_EVNT_MSG_IND_6","NONUNIQUE","WHSE","5"
"E_WMS_EVNT_MSG","E_WMS_EVNT_MSG_IND_7","NONUNIQUE","LOGIN_USER_ID","1"
"E_WMS_EVNT_MSG","E_WMS_EVNT_MSG_IND_7","NONUNIQUE","SYS_NC00026$","2"
"E_WMS_EVNT_MSG","E_WMS_EVNT_MSG_IND_8","NONUNIQUE","MSG_STATUS","1"
"E_WMS_EVNT_MSG","E_WMS_EVNT_MSG_IND_8","NONUNIQUE","PRSD_BY_ENGINE","2"
"E_WMS_EVNT_MSG","E_WMS_EVNT_MSG_IND_8","NONUNIQUE","WHSE","3"
"E_WMS_EVNT_MSG","E_WMS_EVNT_MSG_IND_9","NONUNIQUE","MSG_ID","1"
"E_WMS_EVNT_MSG","E_WMS_EVNT_MSG_IND_9","NONUNIQUE","MSG_STATUS","2"
"E_WMS_EVNT_MSG","E_WMS_EVNT_MSG_IND_9","NONUNIQUE","MSG_TYPE","3"
"E_WMS_EVNT_MSG","E_WMS_EVNT_MSG_PE_IDX","NONUNIQUE","MSG_STATUS","1"
"E_WMS_EVNT_MSG","E_WMS_EVNT_MSG_PE_IDX","NONUNIQUE","PRSD_BY_ENGINE","2"
"E_WMS_EVNT_MSG","E_WMS_EVNT_MSG_PE_IDX","NONUNIQUE","WHSE","3"
"E_WMS_EVNT_MSG","E_WMS_EVNT_MSG_PE_IDX","NONUNIQUE","LOGIN_USER_ID","4"
"E_WMS_EVNT_MSG","E_WMS_EVNT_MSG_PE_IDX","NONUNIQUE","SYS_NC00025$","5"
"E_WMS_EVNT_MSG","E_WMS_EVNT_MSG_PE_IDX","NONUNIQUE","CREATE_DATE_TIME","6"
"E_WMS_EVNT_MSG","E_WMS_EVNT_MSG_PE_IDX","NONUNIQUE","MSG_TYPE","7"
"E_WMS_EVNT_MSG","E_WMS_EVNT_MSG_PE_IDX","NONUNIQUE","MSG_ID","8"
"E_WMS_EVNT_MSG","PK_E_WMS_EVNT_MSG","UNIQUE","MSG_ID","1"
"E_WMS_EVNT_MSG","PK_E_WMS_EVNT_MSG","UNIQUE","MODULE_TYPE","2"
"E_WMS_EVNT_MSG","PK_E_WMS_EVNT_MSG","UNIQUE","WHSE","3"
"E_WMS_EVNT_MSG_DTL","E_WMS_EVNT_MSG_DTL_IND_1","NONUNIQUE","MSG_ID","1"
"E_WMS_EVNT_MSG_DTL","FK_E_WMS_EVNT_MSG_DTL","NONUNIQUE","MSG_ID","1"
"E_WMS_EVNT_MSG_DTL","FK_E_WMS_EVNT_MSG_DTL","NONUNIQUE","MODULE_TYPE","2"
"E_WMS_EVNT_MSG_DTL","FK_E_WMS_EVNT_MSG_DTL","NONUNIQUE","WHSE","3"
"E_WMS_EVNT_MSG_DTL","PK_E_WMS_EVNT_MSG_DTL","UNIQUE","DTL_MSG_ID","1"
"E_WMS_EVNT_MSG_DTL","PK_E_WMS_EVNT_MSG_DTL","UNIQUE","MODULE_TYPE","2"
"E_WMS_EVNT_MSG_DTL","PK_E_WMS_EVNT_MSG_DTL","UNIQUE","WHSE","3"
"E_WORKFLOW_TEMPLATE_GRP","PK_E_WORKFLOW_TEMPLATE_GRP","UNIQUE","WORKFLOW_TEMPLATE_GRP_ID","1"
"E_WORKFLOW_TEMPLATE_GRP","UX_E_WORKFLOW_TEMPLATE_GRP","UNIQUE","WORKFLOW_TEMPLATE_SEQ_NO","1"
"E_WORKFLOW_TEMPLATE_GRP","UX_E_WORKFLOW_TEMPLATE_GRP","UNIQUE","WORKFLOW_TEMPLATE_ID","2"
"E_WORKFLOW_TEMPLATE_GRP","UX_E_WORKFLOW_TEMPLATE_GRP","UNIQUE","TEMPLATE_GROUP","3"
"E_WORKFLOW_TEMPLATE_HDR","PK_E_WORKFLOW_TEMPLATE_HDR","UNIQUE","WORKFLOW_TEMPLATE_ID","1"
"E_WORKFLOW_TEMPLATE_HDR","UX_E_WORKFLOW_TEMPLATE_HDR","UNIQUE","WHSE","1"
"E_WORKFLOW_TEMPLATE_HDR","UX_E_WORKFLOW_TEMPLATE_HDR","UNIQUE","WORKFLOW_NAME","2"
"E_WORKFLOW_TEMPLATE_UOM","PK_E_WORKFLOW_TEMPLATE_UOM","UNIQUE","WORKFLOW_TEMPLATE_GRP_ID","1"
"E_WORKFLOW_TEMPLATE_UOM","PK_E_WORKFLOW_TEMPLATE_UOM","UNIQUE","UOM","2"
"E_WORKFLOW_TEMPLATE_UOM","PK_E_WORKFLOW_TEMPLATE_UOM","UNIQUE","UOM_SEQ","3"
"E_ZONE_MSG_LOG","PK_E_ZONE_MSG_LOG","UNIQUE","ZONE_MSG_ID","1"
"E_ZONE_MSG_LOG","TM_E_ZONE_MSG_LOG_IDX1","NONUNIQUE","HDR_MSG_ID","1"
"E_ZONE_TRAN_DATA","E_ZONE_TRAN_DATA_IND_1","NONUNIQUE","MONITOR_ZONE","1"
"E_ZONE_TRAN_DATA","E_ZONE_TRAN_DATA_IND_1","NONUNIQUE","JOB_FUNCTION","2"
"E_ZONE_TRAN_DATA","E_ZONE_TRAN_DATA_IND_1","NONUNIQUE","WHSE","3"
"E_ZONE_TRAN_DATA","E_ZONE_TRAN_DATA_IND_1","NONUNIQUE","WAVE_NBR","4"
"E_ZONE_TRAN_DATA","E_ZONE_TRAN_DATA_IND_2","NONUNIQUE","MONITOR_ZONE","1"
"E_ZONE_TRAN_DATA","E_ZONE_TRAN_DATA_IND_2","NONUNIQUE","JOB_FUNCTION","2"
"E_ZONE_TRAN_DATA","E_ZONE_TRAN_DATA_IND_2","NONUNIQUE","LEVEL_1","3"
"E_ZONE_TRAN_DATA","E_ZONE_TRAN_DATA_IND_2","NONUNIQUE","WHSE","4"
"E_ZONE_TRAN_DATA","E_ZONE_TRAN_DATA_IND_2","NONUNIQUE","WAVE_NBR","5"
"E_ZONE_TRAN_DATA","E_ZONE_TRAN_DATA_IND_3","NONUNIQUE","MONITOR_ZONE","1"
"E_ZONE_TRAN_DATA","E_ZONE_TRAN_DATA_IND_3","NONUNIQUE","JOB_FUNCTION","2"
"E_ZONE_TRAN_DATA","E_ZONE_TRAN_DATA_IND_3","NONUNIQUE","LEVEL_2","3"
"E_ZONE_TRAN_DATA","E_ZONE_TRAN_DATA_IND_3","NONUNIQUE","WHSE","4"
"E_ZONE_TRAN_DATA","E_ZONE_TRAN_DATA_IND_3","NONUNIQUE","WAVE_NBR","5"
"E_ZONE_TRAN_DATA","E_ZONE_TRAN_DATA_IND_4","NONUNIQUE","MONITOR_ZONE","1"
"E_ZONE_TRAN_DATA","E_ZONE_TRAN_DATA_IND_4","NONUNIQUE","JOB_FUNCTION","2"
"E_ZONE_TRAN_DATA","E_ZONE_TRAN_DATA_IND_4","NONUNIQUE","LEVEL_3","3"
"E_ZONE_TRAN_DATA","E_ZONE_TRAN_DATA_IND_4","NONUNIQUE","WHSE","4"
"E_ZONE_TRAN_DATA","E_ZONE_TRAN_DATA_IND_4","NONUNIQUE","WAVE_NBR","5"
"E_ZONE_TRAN_DATA","E_ZONE_TRAN_DATA_IND_5","NONUNIQUE","MONITOR_ZONE","1"
"E_ZONE_TRAN_DATA","E_ZONE_TRAN_DATA_IND_5","NONUNIQUE","JOB_FUNCTION","2"
"E_ZONE_TRAN_DATA","E_ZONE_TRAN_DATA_IND_5","NONUNIQUE","LEVEL_4","3"
"E_ZONE_TRAN_DATA","E_ZONE_TRAN_DATA_IND_5","NONUNIQUE","WHSE","4"
"E_ZONE_TRAN_DATA","E_ZONE_TRAN_DATA_IND_5","NONUNIQUE","WAVE_NBR","5"
"E_ZONE_TRAN_DATA","E_ZONE_TRAN_DATA_IND_6","NONUNIQUE","MONITOR_ZONE","1"
"E_ZONE_TRAN_DATA","E_ZONE_TRAN_DATA_IND_6","NONUNIQUE","JOB_FUNCTION","2"
"E_ZONE_TRAN_DATA","E_ZONE_TRAN_DATA_IND_6","NONUNIQUE","LEVEL_5","3"
"E_ZONE_TRAN_DATA","E_ZONE_TRAN_DATA_IND_6","NONUNIQUE","WHSE","4"
"E_ZONE_TRAN_DATA","E_ZONE_TRAN_DATA_IND_6","NONUNIQUE","WAVE_NBR","5"
"E_ZONE_TRAN_DATA","E_ZONE_TRAN_TO_LABOR_TRAN","NONUNIQUE","LABOR_TRAN_ID","1"
"E_ZONE_TRAN_DATA","PK_E_ZONE_TRAN_DATA","UNIQUE","ZONE_TRAN_ID","1"
"E_ZONE_TRAN_DATA","UX_E_ZONE_TRAN_DATA","UNIQUE","LABOR_TRAN_ID","1"
"E_ZONE_TRAN_DATA","UX_E_ZONE_TRAN_DATA","UNIQUE","MONITOR_ZONE","2"
"FACILITY_REF","FACILITY_ID_PK","UNIQUE","FACILITY_ID","1"
"FEASIBILITY_ATTRIBUTE","FEASIBILITY_ATTRIBUTE_PK","UNIQUE","FEASIBILITY_ATTRIBUTE_ID","1"
"FEDEX_ACC_OPT_DYNSURGE_MAP","FEDEX_ACCOPT_DYNSRCG_PK","UNIQUE","RESP_SUR_FIELD_ID","1"
"FEDEX_ACC_OPT_DYNSURGE_MAP","TM_FD_ACDYMAP_IDX1","NONUNIQUE","ACCESSORIAL_GROUP_CODE","1"
"FEDEX_LPN","FEDEX_LPN_LPNID","NONUNIQUE","LPN_ID","1"
"FEDEX_LPN","FEDEX_LPN_PK","UNIQUE","FEDEX_LPN_ID","1"
"FEDEX_SERVICE_LEVEL","FSL_PK","UNIQUE","CODE","1"
"FEDEX_SERVICE_LEVEL_MAP","FSLM_PK","UNIQUE","TC_COMPANY_ID","1"
"FEDEX_SERVICE_LEVEL_MAP","FSLM_PK","UNIQUE","CODE","2"
"FEDEX_SERVICE_LEVEL_MAP","TM_FED_SRLMAP_IDX1","NONUNIQUE","CODE","1"
"FEDEX_TRAN","FEDEX_TRAN_PK","UNIQUE","FEDEX_TRAN_ID","1"
"FEDEX_TRAN","PURGE_IDX_FT_01","NONUNIQUE","LAST_UPDATED_DTTM","1"
"FILTER","FILTER_PK","UNIQUE","FILTER_ID","1"
"FILTER","T_FILTER_FK_IDX_164","NONUNIQUE","COMPANY_ID","1"
"FILTER","T_FILTER_FK_IDX_165","NONUNIQUE","FILTER_OBJECT","1"
"FILTER_DETAIL","FILTER_DETAIL_PK","UNIQUE","FILTER_ID","1"
"FILTER_DETAIL","FILTER_DETAIL_PK","UNIQUE","FILTER_DETAIL_ID","2"
"FILTER_DETAIL","FILTER_DETAIL_PK","UNIQUE","COMPANY_ID","3"
"FILTER_DETAIL","TM_FILTER_DETAIL_IDX1","NONUNIQUE","COMPANY_ID","1"
"FILTER_DETAIL","TM_FILTER_DETAIL_IDX2","NONUNIQUE","FILTER_ID","1"
"FILTER_FIELD_MASTER","PK_FILTER_FIELD_MASTER","UNIQUE","FIELD_ID","1"
"FILTER_FIELD_MASTER","UK_FILTER_FIELD_MASTER","UNIQUE","NAME","1"
"FILTER_FIELD_MASTER","UK_FILTER_FIELD_MASTER","UNIQUE","FILTER_TYPE","2"
"FILTER_FORMAT","PK_FILTER_FORMAT","UNIQUE","FORMAT_ID","1"
"FILTER_FORMAT","UK_FILTER_FORMAT","UNIQUE","NAME","1"
"FILTER_FORMAT","UK_FILTER_FORMAT","UNIQUE","FF_TYPE","2"
"FILTER_FORMAT","UK_FILTER_FORMAT","UNIQUE","WHSE_CODE","3"
"FILTER_FORMAT_DETAIL","PK_FILTER_FORMAT_DETAIL","UNIQUE","FORMAT_DETAIL_ID","1"
"FILTER_FORMAT_DETAIL","UK_FILTER_FORMAT_DETAIL","UNIQUE","FORMAT_ID","1"
"FILTER_FORMAT_DETAIL","UK_FILTER_FORMAT_DETAIL","UNIQUE","FIELD_ID","2"
"FILTER_FROM_CLAUSE","FLTR_FCLAUSE_FK_1_IX","NONUNIQUE","FILTER_OBJECT","1"
"FILTER_FROM_CLAUSE","FLTR_FCLAUSE_PK","UNIQUE","FILTER_FROM_CLAUSE_ID","1"
"FILTER_GROUPBY_DETAIL","FILTER_GROUPBY_DETAIL_PK","UNIQUE","FILTER_ID","1"
"FILTER_GROUPBY_DETAIL","FILTER_GROUPBY_DETAIL_PK","UNIQUE","FIELD_NAME","2"
"FILTER_GROUPBY_DETAIL","TM_FILTER_GROUPB_IDX1","NONUNIQUE","FILTER_ID","1"
"FILTER_GROUPBY_LAYOUT","FILTER_GROUPBY_LAYOUT_PK","UNIQUE","FILTER_LAYOUT_GROUPBYID","1"
"FILTER_GROUPBY_LAYOUT","TM_FILTER_GROUPL_IDX1","NONUNIQUE","OBJECT_TYPE","1"
"FILTER_GROUP_BY","FLTR_GRP_BY_PK","UNIQUE","FILTER_ID","1"
"FILTER_GROUP_BY","FLTR_GRP_BY_PK","UNIQUE","GROUP_BY_ID","2"
"FILTER_GROUP_BY","TM_FILTER_GROUP__IDX1","NONUNIQUE","FILTER_ID","1"
"FILTER_GROUP_DEFINITION","FILTER_GROUP_DEFIN_PK","UNIQUE","FILTER_ID","1"
"FILTER_GROUP_DEFINITION","FILTER_GROUP_DEFIN_PK","UNIQUE","GROUP_NUMBER","2"
"FILTER_GROUP_DEFINITION","TM_FILTER_GROUP_IDX1","NONUNIQUE","FILTER_ID","1"
"FILTER_LAYOUT","FILTER_LAYOUT_PK","UNIQUE","FILTER_LAYOUT_ID","1"
"FILTER_LAYOUT","TM_FILTER_LAYOUT_IDX1","NONUNIQUE","SCREEN_TYPE","1"
"FILTER_OBJECT","FILTER_OBJECT_PK","UNIQUE","FILTER_OBJECT","1"
"FILTER_OBJECT","TM_FILTER_OBJECT_IDX1","NONUNIQUE","SCREEN_TYPE","1"
"FILTER_OBJECT_MAPPING","FOM_OBJTYFILOBJ_PK","UNIQUE","OBJECT_TYPE","1"
"FILTER_OBJECT_MAPPING","FOM_OBJTYFILOBJ_PK","UNIQUE","FILTER_OBJECT","2"
"FILTER_OBJECT_MAPPING","TM_FILTER_OBJM_IDX1","NONUNIQUE","FILTER_OBJECT","1"
"FILTER_OBJECT_MAPPING","TM_FILTER_OBJM_IDX2","NONUNIQUE","OBJECT_TYPE","1"
"FILTER_ORDERBY_DETAIL","FILTER_ORDERBY_DETAIL_PK","UNIQUE","FILTER_ID","1"
"FILTER_ORDERBY_DETAIL","FILTER_ORDERBY_DETAIL_PK","UNIQUE","ORDER_BY_FIELD_NAME","2"
"FILTER_ORDERBY_DETAIL","TM_FILTER_ORDERB_IDX1","NONUNIQUE","FILTER_ID","1"
"FILTER_ORDERBY_LAYOUT","FILTER_ORDERBY_LAYOUT_PK","UNIQUE","ORDER_BY_LAYOUT_ID","1"
"FILTER_ORDERBY_LAYOUT","TM_FILTER_ORDERL_IDX1","NONUNIQUE","FILTER_OBJECT_TYPE","1"
"FILTER_SCREEN_TYPE","FLTR_SCRN_TYPE_PK","UNIQUE","TYPE_ID","1"
"FILTER_SLOT_ITEM","FILTER_SLOT_ITEM_UINDX","NONUNIQUE","SELECT_ID","1"
"FILTER_SLOT_ITEM","FILTER_SLOT_ITEM_UINDX","NONUNIQUE","PK_ID","2"
"FORECAST","INDX_FORECAST_WHSECODE","NONUNIQUE","WHSE_CODE","1"
"FORECAST","PK_FORECAST","UNIQUE","FORECAST_ID","1"
"FREQUENCY_TYPE","FREQUENCY_TYPE_PK","UNIQUE","FREQUENCY_TYPE","1"
"FROZN_INVN_CONFIG","PE_FRZN_INC_IDX","NONUNIQUE","PHYS_INVN_HDR_ID","1"
"FROZN_INVN_CONFIG","PK_FROZN_INVN_CONFIG","UNIQUE","FROZN_INVN_CONFIG_ID","1"
"FROZN_INVN_DTL","FROZNINVNDTL_FINVNHDRID_IDX","NONUNIQUE","FROZN_INVN_HDR_ID","1"
"FROZN_INVN_DTL","PE_FRZN_INVN_DTL_IDX","NONUNIQUE","ITEM_ID","1"
"FROZN_INVN_DTL","PK_FROZN_INVN_DTL","UNIQUE","FROZN_INVN_DTL_ID","1"
"FROZN_INVN_HDR","FROZNINVNHDR_LOCNID_IDX","NONUNIQUE","LOCN_ID","1"
"FROZN_INVN_HDR","FROZNINVNHDR_LPNID_IDX","NONUNIQUE","LPN_ID","1"
"FROZN_INVN_HDR","FROZNINVNHDR_PHYSINVNHDRID_IDX","NONUNIQUE","PHYS_INVN_HDR_ID","1"
"FROZN_INVN_HDR","FROZN_INVN_CONFIG_ID_IDX","NONUNIQUE","FROZN_INVN_CONFIG_ID","1"
"FROZN_INVN_HDR","PE_FROZN_INVN_HDR_IDX","NONUNIQUE","LOCN_ID","1"
"FROZN_INVN_HDR","PE_FROZN_INVN_HDR_IDX","NONUNIQUE","PHYS_INVN_HDR_ID","2"
"FROZN_INVN_HDR","PK_FROZN_INVN_HDR","UNIQUE","FROZN_INVN_HDR_ID","1"
"FROZN_INVN_SRL_NBR","FROZNISRLNBR_FIDID_IDX","NONUNIQUE","FROZN_INVN_DTL_ID","1"
"FROZN_INVN_SRL_NBR","FROZNISRLNBR_SRLNBRTRKID_IDX","NONUNIQUE","SRL_NBR_TRK_ID","1"
"FROZN_INVN_SRL_NBR","PK_FROZN_INVN_SRL_NBR","UNIQUE","FROZN_INVN_SRL_NBR_ID","1"
"FTP_LISTENER","FTP_LISTENER_PK","UNIQUE","FTP_LISTENER_ID","1"
"FTP_LISTENER","FTP_LIS_LISTE_IDX1","NONUNIQUE","LISTENER_ID","1"
"FUEL_FEED_URL_MAP","FUEL_FEED_URL_MAP_PK","UNIQUE","COUNTRY_CODE","1"
"FULFILL_MODE","FULLFILL_MODE_PK","UNIQUE","FULFILL_MODE","1"
"GEN605_LPN_CATCH_WT_GTT","GEN605_LCW_IDX1","NONUNIQUE","LPN_ID","1"
"GEN605_LPN_CATCH_WT_GTT","GEN605_LCW_IDX1","NONUNIQUE","LPN_DETAIL_ID","2"
"GEN605_LPN_LOCK_GTT","GEN605_LPN_LOCK_GTT_PK","UNIQUE","LPN_ID","1"
"GEN605_LPN_LOCK_GTT","GEN605_LPN_LOCK_GTT_PK","UNIQUE","INVENTORY_LOCK_CODE","2"
"GEN605_SKU_ATTR_GTT","GEN605_SKUATTRIND1","NONUNIQUE","ITEM_ID","1"
"GEN605_SKU_ATTR_GTT","GEN605_SKU_ATTR_GTT_PK","UNIQUE","SKU_ATTR_ID","1"
"GEN605_SKU_GTT","GEN605_SKU_GTT_PK","UNIQUE","ITEM_ID","1"
"GEN605_SKU_INVN_DTL_GTT","GEN605SKUINVDTLID1","NONUNIQUE","SKU_ID","1"
"GEN605_SKU_INVN_DTL_GTT","GEN605SKUINVDTLID1","NONUNIQUE","INVN_TYPE","2"
"GEN605_SKU_INVN_DTL_GTT","GEN605SKUINVDTLID1","NONUNIQUE","PROD_STAT","3"
"GEN605_SKU_INVN_DTL_GTT","GEN605SKUINVDTLID1","NONUNIQUE","BATCH_NBR","4"
"GEN605_SKU_INVN_DTL_GTT","GEN605SKUINVDTLID1","NONUNIQUE","SKU_ATTR_1","5"
"GEN605_SKU_INVN_DTL_GTT","GEN605SKUINVDTLID1","NONUNIQUE","SKU_ATTR_2","6"
"GEN605_SKU_INVN_DTL_GTT","GEN605SKUINVDTLID1","NONUNIQUE","SKU_ATTR_3","7"
"GEN605_SKU_INVN_DTL_GTT","GEN605SKUINVDTLID1","NONUNIQUE","SKU_ATTR_4","8"
"GEN605_SKU_INVN_DTL_GTT","GEN605SKUINVDTLID1","NONUNIQUE","SKU_ATTR_5","9"
"GEN605_SKU_INVN_DTL_GTT","GEN605SKUINVDTLID1","NONUNIQUE","CNTRY_OF_ORGN","10"
"GEN605_SRL_NBR_TRACK_GTT","GEN605_SRL_NBR_TRACK_IND_1","NONUNIQUE","LPN_ID","1"
"GEN605_SRL_NBR_TRACK_GTT","GEN605_SRL_NBR_TRACK_IND_1","NONUNIQUE","LPN_DETAIL_ID","2"
"GEN605_SRL_NBR_TRACK_GTT","GEN605_SRL_NBR_TRACK_IND_2","NONUNIQUE","WM_INVENTORY_ID","1"
"GEN605_WM_INVENTORY_GTT","GEN605_WM_INVENTORY_GTT_IDX1","NONUNIQUE","LPN_ID","1"
"GEN605_WM_INVENTORY_GTT","GEN605_WM_INVENTORY_GTT_IDX2","NONUNIQUE","SKU_ATTR_ID","1"
"GEN605_WM_INVENTORY_GTT","GEN605_WM_INVENTORY_GTT_IDX4","NONUNIQUE","ITEM_ID","1"
"GEN605_WM_INVENTORY_GTT","GEN605_WM_INVENTORY_GTT_PK","UNIQUE","WM_INVENTORY_ID","1"
"GRAPHICAL_YARD_CONFIGURATION","FACILITY_ID_FK_1_IX","NONUNIQUE","FACILITY_ID","1"
"GRAPHICAL_YARD_CONFIGURATION","GRAPHICAL_YARD_CONFIGRATION_PK","UNIQUE","YARD_ID","1"
"GRAPHICAL_YARD_CONFIGURATION","GRAPHICAL_YARD_CONFIGRATION_PK","UNIQUE","FACILITY_ID","2"
"GRAPH_ATTR","PK_GRAPH_ATTR","UNIQUE","GRAPH_ATTR_ID","1"
"GRAPH_ATTR","UK_GRAPH_ATTR","UNIQUE","GRAPH_NAME","1"
"GRAPH_ATTR","UK_GRAPH_ATTR","UNIQUE","UOM","2"
"GRP_CAT_CODE","INDX_GRP_CAT_CODE_1","NONUNIQUE","CAT_CODE_ID","1"
"GRP_CAT_CODE","INDX_GRP_CAT_CODE_2","NONUNIQUE","CAT_ID","1"
"GRP_CAT_CODE","PK_GRP_CAT_CODE","UNIQUE","CAT_GRP_CODE_ID","1"
"GRP_CAT_CODE","UK_GRP_CAT_CODE","UNIQUE","CAT_ID","1"
"GRP_CAT_CODE","UK_GRP_CAT_CODE","UNIQUE","CAT_CODE_ID","2"
"GRP_CAT_CODE","UK_GRP_CAT_CODE","UNIQUE","REF_CAT_ID","3"
"GRP_CAT_CODE","UK_GRP_CAT_CODE","UNIQUE","REF_CAT_CODE_ID","4"
"GTMP_ARCH_ID_LIST","GIDX_TAIL_COL_NAME","NONUNIQUE","COL_NAME","1"
"GTMP_ARCH_ID_LIST","GIDX_TAIL_I_ID","NONUNIQUE","I_ID","1"
"GTMP_ARCH_ID_LIST","GIDX_TAIL_VC_ID","NONUNIQUE","VC_ID","1"
"GTMP_ARCH_SHIP_IDS","GIDX_GASI_SHIPMENT_ID","NONUNIQUE","SHIPMENT_ID","1"
"GTMP_PURGE_ORDERS","GIDX_TPO_COL_NAME","NONUNIQUE","COL_NAME","1"
"GTMP_PURGE_ORDERS","GIDX_TPO_I_ID","NONUNIQUE","I_ID","1"
"GTMP_PURGE_ORDERS","GIDX_TPO_VC_ID","NONUNIQUE","VC_ID","1"
"HANDLER","HANDLER_PK","UNIQUE","HANDLER","1"
"HANDLING_ATTR_DTL","PK_HANDLING_ATTR_DTL","UNIQUE","HANDLING_ATTR_DTL_ID","1"
"HANDLING_ATTR_DTL","TM_HANDLING_ATTR_DTL_IDX1","NONUNIQUE","HANDLING_ATTR_HDR_ID","1"
"HANDLING_ATTR_DTL","TM_HANDLING_ATTR_DTL_IDX2","NONUNIQUE","HNDL_ATTR_ID","1"
"HANDLING_ATTR_DTL","UK_HANDLING_ATTR_DTL","UNIQUE","HNDL_ATTR_ID","1"
"HANDLING_ATTR_DTL","UK_HANDLING_ATTR_DTL","UNIQUE","VOL","2"
"HANDLING_ATTR_HDR","PK_HANDLING_ATTR_HDR","UNIQUE","HANDLING_ATTR_HDR_ID","1"
"HANDLING_ATTR_HDR","UK_HANDLING_ATTR_HDR","UNIQUE","HNDL_ATTR_ID","1"
"HAVES_NEEDS","INDX_HAVES_NEEDS","NONUNIQUE","RACK_TYPE_ID","1"
"HAVES_NEEDS","INDX_HN_SLOTITMID","NONUNIQUE","SLOT_ITEM_ID","1"
"HAVES_NEEDS","PK_HAVES_NEEDS","UNIQUE","HAVES_NEEDS_ID","1"
"HAVES_RESULTS_DTL","PK_HAVES_RESULTS_DTL","UNIQUE","HAVES_DTL_ID","1"
"HAZMAT","PK_HAZMAT","UNIQUE","HAZMAT_ID","1"
"HAZMAT","UK_HAZMAT","UNIQUE","HAZMAT_CODE","1"
"HAZMAT_FEDEX_GND","HZMT_FDX_GND_PK","UNIQUE","HAZMAT_FEDEX_GROUND_ID","1"
"HAZMAT_UPS_DOM","HZMT_UPS_DOM_PK","UNIQUE","HAZMAT_UPS_DOM_ALL_ID","1"
"HAZMAT_UPS_INTL","HZMT_UPS_INTL_PK","UNIQUE","HAZMAT_UPS_INTL_ID","1"
"HIERARCHY_DEFINITIONS","HIERARCHY_DEFINITIONS_PK","UNIQUE","HIERARCHY_DEFINITION_ID","1"
"HIERARCHY_LEVELS","HIERARCHY_LEVELS_PK","UNIQUE","HIERARCHY_LEVEL_ID","1"
"HIERARCHY_NODES","HIERARCHY_NODES_IDX1","UNIQUE","HIERARCHY_LEVEL_ID","1"
"HIERARCHY_NODES","HIERARCHY_NODES_IDX1","UNIQUE","NODE_CONTENT_DATA1_ID","2"
"HIERARCHY_NODES","HIERARCHY_NODES_IDX1","UNIQUE","NODE_CONTENT_DATA2_ID","3"
"HIERARCHY_NODES","HIERARCHY_NODES_PK","UNIQUE","HIERARCHY_NODE_ID","1"
"HIERARCHY_TYPES","PK_HIERARCHY_TYPES","UNIQUE","HIERARCHY_TYPE_ID","1"
"HIERARCHY_TYPES","UNIQUE_HIERARCHY_OBJECT","UNIQUE","DOMAIN_OBJECT","1"
"HIERARCHY_TYPES","UNIQUE_HIERARCHY_OBJECT","UNIQUE","DOMAIN_OBJECT_ATTRIBUTE","2"
"HIERARCHY_TYPES","UNIQUE_HIERARCHY_TYPE","UNIQUE","NAME","1"
"HISTORY_VALUE_MAP","TESTTEMPIDX","NONUNIQUE","HIST_ID","1"
"HN_FAILURE","INDX_HN_FAILURE","NONUNIQUE","SLOTITEM_ID","1"
"HN_FAILURE","PK_HN_FAILURE","UNIQUE","HN_FAILURE_ID","1"
"HN_RACK_TYPES","PK_HN_RACK_TYPES","UNIQUE","HN_RT_ID","1"
"HN_RANGES","PK_HN_RANGES","UNIQUE","HN_RANGE_ID","1"
"HN_RESULTS_HDR","IDX_HN_RESULTS_HDR_WHSE_CODE","NONUNIQUE","WHSE_CODE","1"
"HN_RESULTS_HDR","PK_HN_RESULTS_HDR","UNIQUE","HN_HDR_ID","1"
"HOUR_SAMPLING_GTK","SYS_C0061886","UNIQUE","HOUR_SAMPLING_ID","1"
"IFW_ALERT_DEF","IFW_ALERT_DEF_PK","UNIQUE","ALERT_DEF_ID","1"
"IFW_ALERT_DEF","IFW_ALERT_DEF_UK","UNIQUE","ALERT_DEF_NAME","1"
"IFW_ALERT_MSG_TYPE_CRITERIA","IFW_ALERT_MSGTYPE_CRT_FK2_1_IX","NONUNIQUE","MSG_TYPE","1"
"IFW_ALERT_MSG_TYPE_CRITERIA","IFW_ALERT_MSG_TYP_CRITA_PK","UNIQUE","CRITERIA_ID","1"
"IFW_ALERT_MSG_TYPE_CRITERIA","IFW_ALE_ALERT_IDX1","NONUNIQUE","ALERT_DEF_ID","1"
"IFW_ALERT_RES_CODE_CRITERIA","IFW_ALERT_RES_CODE_CRIA_PK","UNIQUE","CRITERIA_ID","1"
"IFW_ALERT_RES_CODE_CRITERIA","IFW_ALE_RES_IDX1","NONUNIQUE","ALERT_DEF_ID","1"
"IFW_ALERT_ROUTER_CRITERIA","IFW_ALERT_ROUTER_CRIA_PK","UNIQUE","CRITERIA_ID","1"
"IFW_ALERT_ROUTER_CRITERIA","IFW_ALE_ROUTER_IDX1","NONUNIQUE","ALERT_DEF_ID","1"
"IFW_ALERT_ROUTER_CRITERIA","IFW_ALE_ROUTE_IDX1","NONUNIQUE","ROUTER_ID","1"
"ILM_ACTIVITY_TYPES","PK_ILM_ACTIVITY_TYPES","UNIQUE","ACTIVITY_TYPE","1"
"ILM_ANCHOR_TYPES","PK_ILM_ANCHOR_TYPES","UNIQUE","ANCHOR_TYPE","1"
"ILM_APPOINTMENTS","APPT_DOCK_FK_1_IX","NONUNIQUE","DOOR_TYPE_ID","1"
"ILM_APPOINTMENTS","APPT_DOCK_FK_1_IX","NONUNIQUE","FACILITY_ID","2"
"ILM_APPOINTMENTS","ILMAPPTS_APPTCRTNTYPE_IDX","NONUNIQUE","APPOINTMENT_CREATION_TYPE","1"
"ILM_APPOINTMENTS","ILMAPPTS_APPTSTATUS_IDX","NONUNIQUE","APPT_STATUS","1"
"ILM_APPOINTMENTS","ILMAPPTS_CANREASONCODE_IDX","NONUNIQUE","CANCELLED_REASON_CODE","1"
"ILM_APPOINTMENTS","ILMAPPTS_COMPIDCARRCODE_IDX","NONUNIQUE","COMPANY_ID","1"
"ILM_APPOINTMENTS","ILMAPPTS_COMPIDCARRCODE_IDX","NONUNIQUE","CARRIER_CODE","2"
"ILM_APPOINTMENTS","ILMAPPTS_COMPIDCHECKDTTM_IDX","NONUNIQUE","COMPANY_ID","1"
"ILM_APPOINTMENTS","ILMAPPTS_COMPIDCHECKDTTM_IDX","NONUNIQUE","CHECKUOUT_DTTM","2"
"ILM_APPOINTMENTS","ILMAPPTS_COMPIDCHECKINDTTM_IDX","NONUNIQUE","COMPANY_ID","1"
"ILM_APPOINTMENTS","ILMAPPTS_COMPIDCHECKINDTTM_IDX","NONUNIQUE","CHECKIN_DTTM","2"
"ILM_APPOINTMENTS","ILMAPPTS_COMPIDCREATEDTTM_IDX","NONUNIQUE","COMPANY_ID","1"
"ILM_APPOINTMENTS","ILMAPPTS_COMPIDCREATEDTTM_IDX","NONUNIQUE","CREATED_SOURCE_DTTM","2"
"ILM_APPOINTMENTS","ILMAPPTS_COMPIDTCAPPID_UDX","UNIQUE","COMPANY_ID","1"
"ILM_APPOINTMENTS","ILMAPPTS_COMPIDTCAPPID_UDX","UNIQUE","TC_APPOINTMENT_ID","2"
"ILM_APPOINTMENTS","ILMAPPTS_EQUIPID_IDX","NONUNIQUE","EQUIPMENT_ID","1"
"ILM_APPOINTMENTS","ILMAPPTS_ILMLOADPOSN_IDX","NONUNIQUE","ILM_LOAD_POSITION","1"
"ILM_APPOINTMENTS","ILMAPPTS_REQTPID_IDX","NONUNIQUE","REQUESTOR_TYPE_ID","1"
"ILM_APPOINTMENTS","ILM_BP_FK_1_IX","NONUNIQUE","BUSINESS_PARTNER_ID","1"
"ILM_APPOINTMENTS","ILM_BP_FK_1_IX","NONUNIQUE","COMPANY_ID","2"
"ILM_APPOINTMENTS","PE_ILMAPP_CARR_IDX","NONUNIQUE","CARRIER_ID","1"
"ILM_APPOINTMENTS","PK_ILM_APPOINTMENTS","UNIQUE","APPOINTMENT_ID","1"
"ILM_APPOINTMENTS","TM_ILM_APPOINTMENTS_IDX1","NONUNIQUE","APPT_TYPE","1"
"ILM_APPOINTMENTS","TM_ILM_APPOINTMENTS_IDX2","NONUNIQUE","COMPANY_ID","1"
"ILM_APPOINTMENTS","TM_ILM_APPOINTMENTS_IDX2","NONUNIQUE","BUSINESS_PARTNER_ID","2"
"ILM_APPOINTMENTS","TM_ILM_APPOINTMENTS_IDX3","NONUNIQUE","FACILITY_ID","1"
"ILM_APPOINTMENTS","TM_ILM_APPOINTMENTS_IDX4","NONUNIQUE","FACILITY_ID","1"
"ILM_APPOINTMENTS","TM_ILM_APPOINTMENTS_IDX4","NONUNIQUE","DOOR_TYPE_ID","2"
"ILM_APPOINTMENTS","TM_ILM_APPOINTMENTS_IDX5","NONUNIQUE","ORIGIN_FACILITY","1"
"ILM_APPOINTMENTS_CHARGEBACK","ILMAPPTCHRGBCK_APPIDCOMPID_IDX","NONUNIQUE","APPOINTMENT_ID","1"
"ILM_APPOINTMENTS_CHARGEBACK","ILMAPPTCHRGBCK_APPIDCOMPID_IDX","NONUNIQUE","COMPANY_ID","2"
"ILM_APPOINTMENTS_CHARGEBACK","ILMAPPTCHRGBCK_APPID_IDX","NONUNIQUE","APPOINTMENT_ID","1"
"ILM_APPOINTMENTS_CHARGEBACK","ILMAPPTCHRGBCK_CHRGBCKCODE_IDX","NONUNIQUE","CHARGE_BACK_CODE","1"
"ILM_APPOINTMENTS_CHARGEBACK","PK_ILM_APPOINTMENTS_CHARGEBACK","UNIQUE","CHARGEBACK_ID","1"
"ILM_APPOINTMENT_CREATION_TYPE","PK_ILM_APPT_CREATION_TYPE","UNIQUE","APPT_CREATION_TYPE","1"
"ILM_APPOINTMENT_EVENTS","ILMAPPTEVENTS_CREATEDDTTM_IDX","NONUNIQUE","CREATED_DTTM","1"
"ILM_APPOINTMENT_EVENTS","PK_ILM_APPOINTMENT_EVENTS","UNIQUE","APPOINTMENT_ID","1"
"ILM_APPOINTMENT_EVENTS","PK_ILM_APPOINTMENT_EVENTS","UNIQUE","EVENT_SEQ","2"
"ILM_APPOINTMENT_EVENTS","TM_ILM_APPOINTMENT_EVENTS_IDX1","NONUNIQUE","APPOINTMENT_ID","1"
"ILM_APPOINTMENT_EVENTS","TM_ILM_APPOINTMENT_EVENTS_IDX2","NONUNIQUE","CREATED_SOURCE_TYPE","1"
"ILM_APPOINTMENT_OBJECTS","ILMAPPTOBJS_APPCOMPOBJID_IDX","NONUNIQUE","COMPANY_ID","1"
"ILM_APPOINTMENT_OBJECTS","ILMAPPTOBJS_APPCOMPOBJID_IDX","NONUNIQUE","APPOINTMENT_ID","2"
"ILM_APPOINTMENT_OBJECTS","ILMAPPTOBJS_APPCOMPOBJID_IDX","NONUNIQUE","APPT_OBJ_ID","3"
"ILM_APPOINTMENT_OBJECTS","ILMAPPTOBJS_APPCOMPOBJID_IDX","NONUNIQUE","APPT_OBJ_TYPE","4"
"ILM_APPOINTMENT_OBJECTS","ILMAPPTOBJS_APPIDCOMPID_IDX","NONUNIQUE","APPOINTMENT_ID","1"
"ILM_APPOINTMENT_OBJECTS","ILMAPPTOBJS_APPIDCOMPID_IDX","NONUNIQUE","COMPANY_ID","2"
"ILM_APPOINTMENT_OBJECTS","ILMAPPTOBJS_APPID_IDX","NONUNIQUE","APPOINTMENT_ID","1"
"ILM_APPOINTMENT_OBJECTS","ILMAPPTOBJS_APPOBJCOMPID_IDX","NONUNIQUE","APPOINTMENT_ID","1"
"ILM_APPOINTMENT_OBJECTS","ILMAPPTOBJS_APPOBJCOMPID_IDX","NONUNIQUE","APPT_OBJ_ID","2"
"ILM_APPOINTMENT_OBJECTS","ILMAPPTOBJS_APPOBJCOMPID_IDX","NONUNIQUE","COMPANY_ID","3"
"ILM_APPOINTMENT_OBJECTS","ILMAPPTOBJS_APPTOBJID_IDX","NONUNIQUE","APPT_OBJ_ID","1"
"ILM_APPOINTMENT_OBJECTS","PK_ILM_APPOINTMENT_OBJECTS","UNIQUE","ID","1"
"ILM_APPOINTMENT_OBJECTS","TM_ILM_APPT_OBJECTS_IDX1","NONUNIQUE","APPT_OBJ_TYPE","1"
"ILM_APPOINTMENT_STATUS","PK_ILM_APPOINTMENT_STATUS","UNIQUE","APPT_STATUS_CODE","1"
"ILM_APPOINTMENT_TYPE","ILM_ATYPE_PK","UNIQUE","APPT_TYPE","1"
"ILM_APPOINTMENT_UTILIZATION","PK_ILM_APPOINTMENT_UTILIZATION","UNIQUE","ILM_APPT_UTILIZATION_ID","1"
"ILM_APPOINTMENT_UTILIZATION","TM_ILM_APPT_UTILIZATION_IDX1","NONUNIQUE","FACILITY_ID","1"
"ILM_APPT_CHARGE_BACK_CODES","PK_ILM_APPT_CHARGE_BACK_CODES","UNIQUE","CHARGE_BACK_CODE","1"
"ILM_APPT_CUSTOM_ATTRIBUTE","PK_ILM_APPT_CUSTOM_ATTRIBUTE","UNIQUE","APPOINTMENT_ID","1"
"ILM_APPT_CUSTOM_ATTRIBUTE","PK_ILM_APPT_CUSTOM_ATTRIBUTE","UNIQUE","ATTRIBUTE_NAME","2"
"ILM_APPT_CUSTOM_ATTRIBUTE","PK_ILM_APPT_CUSTOM_ATTRIBUTE","UNIQUE","ATTRIBUTE_SEQ","3"
"ILM_APPT_CUSTOM_ATTRIBUTE","TM_ILM_APPT_CUSTOM_ATTR_IDX1","NONUNIQUE","APPOINTMENT_ID","1"
"ILM_APPT_DOCKS","ILMAPPDOCKS_COMMENTCODE_IDX","NONUNIQUE","COMMENT_CODE","1"
"ILM_APPT_DOCKS","PK_ILM_APPT_DOCKS","UNIQUE","ILM_APPT_DOCKS_ID","1"
"ILM_APPT_DOCKS","TM_ILM_APPT_DOCKS_IDX1","NONUNIQUE","APPOINTMENT_ID","1"
"ILM_APPT_DOCKS","TM_ILM_APPT_DOCKS_IDX2","NONUNIQUE","FACILITY_ID","1"
"ILM_APPT_DOCKS","TM_ILM_APPT_DOCKS_IDX2","NONUNIQUE","DOCK_ID","2"
"ILM_APPT_DOCKS","TM_ILM_APPT_DOCKS_IDX3","NONUNIQUE","PROTECTION_LEVEL_ID","1"
"ILM_APPT_EQUIPMENTS","ILMAPPTEQMNTS_APPID_IDX","NONUNIQUE","APPOINTMENT_ID","1"
"ILM_APPT_EQUIPMENTS","PK_ILM_APPT_EQUIPMENTS","UNIQUE","APPOINTMENT_ID","1"
"ILM_APPT_EQUIPMENTS","PK_ILM_APPT_EQUIPMENTS","UNIQUE","COMPANY_ID","2"
"ILM_APPT_EQUIPMENTS","PK_ILM_APPT_EQUIPMENTS","UNIQUE","EQUIPMENT_INSTANCE_ID","3"
"ILM_APPT_EQUIPMENTS","TM_ILM_APPT_EQUIPMENTS_IDX1","NONUNIQUE","EQUIPMENT_TYPE","1"
"ILM_APPT_LOAD_CONFIG","ILMAPPLOADCNFG_CNFGID_IDX","NONUNIQUE","LOAD_CONFIG_ID","1"
"ILM_APPT_LOAD_CONFIG","PK_ILM_APPT_LOAD_CONFIG","UNIQUE","ILM_APPT_LOAD_CONFIG_ID","1"
"ILM_APPT_LOAD_CONFIG","TM_ILM_APPT_LOAD_CONFIG_IDX1","NONUNIQUE","APPOINTMENT_ID","1"
"ILM_APPT_LOAD_CONFIG","TM_ILM_APPT_LOAD_CONFIG_IDX2","NONUNIQUE","TC_COMPANY_ID","1"
"ILM_APPT_NOTES","ILM_APP_NOTES_RSN_CD_FK_1_IX","NONUNIQUE","COMMENT_CODE","1"
"ILM_APPT_NOTES","ILM_APP_NOTES_RSN_CD_FK_1_IX","NONUNIQUE","TC_COMPANY_ID","2"
"ILM_APPT_NOTES","PK_ILM_APPT_NOTES","UNIQUE","ILM_APPT_NOTES_ID","1"
"ILM_APPT_NOTES","TM_ILM_APPT_NOTES_IDX1","NONUNIQUE","APPOINTMENT_ID","1"
"ILM_APPT_NOTES","TM_ILM_APPT_NOTES_IDX2","NONUNIQUE","TC_COMPANY_ID","1"
"ILM_APPT_OBJ_TYPE","ILM_OTYPE_PK","UNIQUE","APPT_OBJ_TYPE","1"
"ILM_APPT_SIZES","ILMAPPTSIZES_APPSIZESCHED_IDX","NONUNIQUE","APPOINTMENT_ID","1"
"ILM_APPT_SIZES","ILMAPPTSIZES_APPSIZESCHED_IDX","NONUNIQUE","SIZE_UOM_ID","2"
"ILM_APPT_SIZES","ILMAPPTSIZES_APPSIZESCHED_IDX","NONUNIQUE","SCHEDULE_SIZE","3"
"ILM_APPT_SIZES","ILMAPPTSIZES_ORDERID_IDX","NONUNIQUE","ORDER_ID","1"
"ILM_APPT_SIZES","PK_ILM_APPT_SIZES","UNIQUE","ILM_APPT_SIZE_ID","1"
"ILM_APPT_SIZES","TM_ILM_APPT_SIZES_IDX1","NONUNIQUE","APPOINTMENT_ID","1"
"ILM_APPT_SIZES","TM_ILM_APPT_SIZES_IDX2","NONUNIQUE","ID","1"
"ILM_APPT_SIZES","TM_ILM_APPT_SIZES_IDX3","NONUNIQUE","PROTECTION_LEVEL_ID","1"
"ILM_APPT_SIZES","TM_ILM_APPT_SIZES_IDX4","NONUNIQUE","SIZE_UOM_ID","1"
"ILM_APPT_SIZES","TM_ILM_APPT_SIZES_IDX5","NONUNIQUE","TC_COMPANY_ID","1"
"ILM_APPT_SLOTS","ILM_APPT_SLOTS_PK","UNIQUE","ILM_APPT_SLOT_ID","1"
"ILM_APPT_SLOTS","ILM_APP_SLOT_IDX1","NONUNIQUE","SLOT_ID","1"
"ILM_APPT_SLOTS","ILM_UTIL_IDX2","NONUNIQUE","PROTECTION_LEVEL_ID","1"
"ILM_APPT_SLOT_UTILIZATION","ILMAPPSLTUTIL_SLOTSTARTEND_IDX","NONUNIQUE","SLOT_SCHDL_CAP_DTL_ID","1"
"ILM_APPT_SLOT_UTILIZATION","ILMAPPSLTUTIL_SLOTSTARTEND_IDX","NONUNIQUE","START_DTTM","2"
"ILM_APPT_SLOT_UTILIZATION","ILMAPPSLTUTIL_SLOTSTARTEND_IDX","NONUNIQUE","END_DTTM","3"
"ILM_APPT_SLOT_UTILIZATION","ILM_UTIL_IDX1","NONUNIQUE","SLOT_ID","1"
"ILM_APPT_SLOT_UTILIZATION","PK_ILM_APPT_SLOT_UTILIZATION","UNIQUE","SLOT_UTILIZATION_ID","1"
"ILM_APPT_SLOT_UTILIZATION","TM_ILM_APPT_SLOT_UTIL_IDX1","NONUNIQUE","FACILITY_ID","1"
"ILM_APPT_UTIL_NEW","ILMAPPTUTILNEW_FACTOTALID_IDX","NONUNIQUE","FACILITY_ID","1"
"ILM_APPT_UTIL_NEW","ILMAPPTUTILNEW_FACTOTALID_IDX","NONUNIQUE","TOTAL_CAPACITY_DTL_ID","2"
"ILM_APPT_UTIL_NEW","ILMAPPTUTILNEW_FACTOTALID_IDX","NONUNIQUE","START_DTTM","3"
"ILM_APPT_UTIL_NEW","ILMAPPTUTILNEW_FACTOTALID_IDX","NONUNIQUE","END_DTTM","4"
"ILM_APPT_UTIL_NEW","ILMAPPTUTILNEW_FACTOTALID_IDX","NONUNIQUE","ILM_OBJECT_TYPE","5"
"ILM_APPT_UTIL_NEW","ILMAPPTUTILNEW_FACTOTALID_IDX","NONUNIQUE","CAPACITY_TYPE","6"
"ILM_APPT_UTIL_NEW","ILMAPPTUTILNEW_FACTOTALID_IDX","NONUNIQUE","UTIL_OBJID_PK1","7"
"ILM_APPT_UTIL_NEW","ILMAPPTUTILNEW_FACTOTALID_IDX","NONUNIQUE","UTIL_OBJID_PK2","8"
"ILM_APPT_UTIL_NEW","PK_ILM_APPT_UTIL_NEW","UNIQUE","ILM_APPT_UTILIZATION_ID","1"
"ILM_APPT_UTIL_NEW","TM_ILM_APPT_UTIL_NEW_IDX1","NONUNIQUE","FACILITY_ID","1"
"ILM_DOCK_DOOR_EVENTS","ILMDOCKEVENT_CREATEDTTM_IDX","NONUNIQUE","CREATED_DTTM","1"
"ILM_DOCK_DOOR_EVENTS","PK_ILM_DOCK_DOOR_EVENTS","UNIQUE","DOCK_DOOR_ID","1"
"ILM_DOCK_DOOR_EVENTS","PK_ILM_DOCK_DOOR_EVENTS","UNIQUE","EVENT_SEQ","2"
"ILM_DOCK_DOOR_EVENTS","TM_ILM_DOCK_DOOR_EVENTS_IDX1","NONUNIQUE","CREATED_SOURCE_TYPE","1"
"ILM_LOAD_POSITION","PK_ILM_LOAD_POSITION","UNIQUE","ILM_LOAD_POSITION","1"
"ILM_REASON_CODES","ILMREASONCODES_PK","UNIQUE","REASON_CODE_ID","1"
"ILM_REASON_CODES","ILMREASONCODES_PK","UNIQUE","TC_COMPANY_ID","2"
"ILM_REASON_CODES","ILM_REASON_CODES_FK_1_IX","NONUNIQUE","TC_COMPANY_ID","1"
"ILM_REQUESTOR_TYPE","PK_ILM_REQUESTOR_TYPE","UNIQUE","REQUESTOR_ID","1"
"ILM_TASKS","FK_ILM_TASKS_DEST_LOCN_ID_IDX","NONUNIQUE","DEST_LOCN_ID","1"
"ILM_TASKS","FK_ILM_TASKS_FACILITY_ID_IDX","NONUNIQUE","FACILITY_ID","1"
"ILM_TASKS","FK_ILM_TASKS_SRCE_LOCN_ID_IDX","NONUNIQUE","SOURCE_LOCN_ID","1"
"ILM_TASKS","FK_ILM_TASKS_WRK_MSTR_11_1_IX","NONUNIQUE","SOURCE_WORK_AREA_MASTER_ID","1"
"ILM_TASKS","FK_ILM_TASKS_WRK_MSTR_12_1_IX","NONUNIQUE","DEST_WORK_AREA_MASTER_ID","1"
"ILM_TASKS","ILMTASKS_TASKTYPE_IDX","NONUNIQUE","TASK_TYPE","1"
"ILM_TASKS","PE_TM_ILM_TASKS_IDX1","NONUNIQUE","YARD_ID","1"
"ILM_TASKS","PE_TM_ILM_TASKS_IDX1","NONUNIQUE","TASK_ID","2"
"ILM_TASKS","PE_TM_ILM_TASKS_IDX1","NONUNIQUE","STATUS","3"
"ILM_TASKS","PE_TM_ILM_TASKS_IDX1","NONUNIQUE","TRAILER_ID","4"
"ILM_TASKS","PE_TM_ILM_TASKS_IDX1","NONUNIQUE","SOURCE_LOCATION_ID","5"
"ILM_TASKS","PE_TM_ILM_TASKS_IDX1","NONUNIQUE","DEST_LOCATION_ID","6"
"ILM_TASKS","PK_ILM_TASKS","UNIQUE","TASK_ID","1"
"ILM_TASKS","TM_ILM_TASKS_IDX1","NONUNIQUE","COMPANY_ID","1"
"ILM_TASKS","TM_ILM_TASKS_IDX2","NONUNIQUE","PARENT_TASK_ID","1"
"ILM_TASKS","TM_ILM_TASKS_IDX3","NONUNIQUE","STATUS","1"
"ILM_TASKS","TSKS_YARD_FK_1_IX","NONUNIQUE","YARD_ID","1"
"ILM_TASK_EVENTS","ILMTSKEVTS_CREATEDTTM_IDX","NONUNIQUE","CREATED_DTTM","1"
"ILM_TASK_EVENTS","PK_ILM_TASK_EVENTS","UNIQUE","TASK_ID","1"
"ILM_TASK_EVENTS","PK_ILM_TASK_EVENTS","UNIQUE","EVENT_SEQ","2"
"ILM_TASK_EVENTS","TM_ILM_TASK_EVENTS_IDX1","NONUNIQUE","CREATED_SOURCE_TYPE","1"
"ILM_TASK_EVENTS","TM_ILM_TASK_EVENTS_IDX2","NONUNIQUE","TASK_ID","1"
"ILM_TASK_HISTORY","TM_ILM_TASK_HISTORY_IDX1","NONUNIQUE","TASK_ID","1"
"ILM_TASK_TYPES","PK_ILM_TASK_TYPES","UNIQUE","TASK_TYPE","1"
"ILM_TRAILER_EVENTS","ILMTRLREVT_CREATEDTTM_IDX","NONUNIQUE","CREATED_DTTM","1"
"ILM_TRAILER_EVENTS","PK_ILM_TRAILER_EVENTS","UNIQUE","TRAILER_ID","1"
"ILM_TRAILER_EVENTS","PK_ILM_TRAILER_EVENTS","UNIQUE","EVENT_SEQ","2"
"ILM_TRAILER_EVENTS","TM_ILM_TRAILER_EVENTS_IDX1","NONUNIQUE","CREATED_SOURCE_TYPE","1"
"ILM_YARD_ACTIVITY","ILMYRDACTVTY_EQUIPSTAT_IDX","NONUNIQUE","EQUIP_INS_STATUS","1"
"ILM_YARD_ACTIVITY","ILMYRDACTVTY_EQUPAPPID_IDX","NONUNIQUE","EQUIPMENT_ID1","1"
"ILM_YARD_ACTIVITY","ILMYRDACTVTY_EQUPAPPID_IDX","NONUNIQUE","APPOINTMENT_ID","2"
"ILM_YARD_ACTIVITY","ILMYRDACTVTY_EQUPAPPID_IDX","NONUNIQUE","ACTIVITY_TYPE","3"
"ILM_YARD_ACTIVITY","ILM_YRD_ACTVTY_FACLTY_FK_IDX","NONUNIQUE","FACILITY_ID","1"
"ILM_YARD_ACTIVITY","ILM_YRD_ACTVTY_LOCN_ID_FK_IDX","NONUNIQUE","LOCN_ID","1"
"ILM_YARD_ACTIVITY","ILM_YRD_ACTVTY_VST_DTL_FK_IDX","NONUNIQUE","VISIT_DETAIL_ID","1"
"ILM_YARD_ACTIVITY","PK_ILM_YARD_ACTIVITY","UNIQUE","ACTIVITY_ID","1"
"ILM_YARD_ACTIVITY","TM_ILM_YARD_ACTIVITY_IDX1","NONUNIQUE","ACTIVITY_TYPE","1"
"ILM_YARD_ACTIVITY","TM_ILM_YARD_ACTIVITY_IDX2","NONUNIQUE","APPOINTMENT_ID","1"
"ILM_YARD_ACTIVITY","TM_ILM_YARD_ACTIVITY_IDX3","NONUNIQUE","COMPANY_ID","1"
"ILM_YARD_ACTIVITY","TM_ILM_YARD_ACTIVITY_IDX4","NONUNIQUE","TASK_ID","1"
"ILM_YARD_AUDIT","PK_ILM_YARD_AUDIT","UNIQUE","YARD_AUDIT_ID","1"
"ILM_YARD_AUDIT","TM_ILM_YARD_AUDIT_IDX1","NONUNIQUE","TASK_ID","1"
"ILS_OBJECT_TYPE","ILS_OBJ_TYPE_PK","UNIQUE","OBJECT_TYPE_ID","1"
"ILS_PRODUCT_TYPE","ILS_PROD_TYPE_PK","UNIQUE","PRODUCT_TYPE_ID","1"
"IMMD_NEEDS","IMMDNEEDS_CASENBR_IDX","NONUNIQUE","CASE_NBR","1"
"IMMD_NEEDS","IMMDNEEDS_ITEMID_IDX","NONUNIQUE","ITEM_ID","1"
"IMMD_NEEDS","IMMDNEEDS_ORIGWHSEIMMD_IDX","NONUNIQUE","ORIG_WHSE","1"
"IMMD_NEEDS","IMMDNEEDS_ORIGWHSEIMMD_IDX","NONUNIQUE","ORIG_IMMD_NEED_ID","2"
"IMMD_NEEDS","PK_IMMD_NEEDS","UNIQUE","IMMD_NEEDS_ID","1"
"IMMD_NEEDS_TEMPLATE","PK_IMMD_NEEDS_TEMPLATE","UNIQUE","IMMD_NEED_TEMPLATE_ID","1"
"IMPORT_ACCESSORIAL_PARAM_SET","IMP_ACC_PARM_SET_APSITCIPI_IDX","NONUNIQUE","ACCESSORIAL_PARAM_SET_ID","1"
"IMPORT_ACCESSORIAL_PARAM_SET","IMP_ACC_PARM_SET_APSITCIPI_IDX","NONUNIQUE","TC_COMPANY_ID","2"
"IMPORT_ACCESSORIAL_PARAM_SET","IMP_ACC_PARM_SET_APSITCIPI_IDX","NONUNIQUE","PARAM_ID","3"
"IMPORT_ACCESSORIAL_PARAM_SET","IMP_ACSS_PRM_ST_PK","UNIQUE","PARAM_ID","1"
"IMPORT_ACCESSORIAL_RATE","IMP_ACCESS_RATE_PK","UNIQUE","PARAM_ID","1"
"IMPORT_ACCESSORIAL_RATE","IMP_ACCESS_RATE_PK","UNIQUE","ACCESSORIAL_RATE_ID","2"
"IMPORT_ACCESSORIAL_RATE","TM_IMPORT_ACCESS_RATE_IDX1","NONUNIQUE","PARAM_ID","1"
"IMPORT_AUTOMATION","PK_IMP_AUTO","UNIQUE","IMPORT_AUTOMATION_ID","1"
"IMPORT_CM_RATE_DISCOUNT","IMP_CM_RATE_DIS_PK","UNIQUE","PARAM_ID","1"
"IMPORT_CM_RATE_DISCOUNT","IMP_CM_RATE_DIS_PK","UNIQUE","CM_RATE_DISCOUNT_ID","2"
"IMPORT_CM_RATE_DISCOUNT","TM_IMPORT_CM_RATE_DISC_IDX1","NONUNIQUE","PARAM_ID","1"
"IMPORT_COLM_LIST","IMPORTCOLMLIST_PK","UNIQUE","IMPORT_COLM_LIST_ID","1"
"IMPORT_DAILY_UTILIZATION","IMP_DAILY_UTIL_PK","UNIQUE","TC_COMPANY_ID","1"
"IMPORT_DAILY_UTILIZATION","IMP_DAILY_UTIL_PK","UNIQUE","UTILIZATION_DATE","2"
"IMPORT_DAILY_UTILIZATION","IMP_DAILY_UTIL_PK","UNIQUE","INTERNAL_SEQ","3"
"IMPORT_EXCLUSIONS_CBO","IMPORTEXCLUSIONCBO_PK","UNIQUE","IMPORT_EXCLUSIONS_CBO_ID","1"
"IMPORT_EXCLUSIONS_CBO","TM_IMPORT_EXCLUS_IDX1","NONUNIQUE","TC_COMPANY_ID","1"
"IMPORT_FORMATS","PK_IMPORT_FORMATS","UNIQUE","FORMAT_ID","1"
"IMPORT_FORMAT_ODBC","IDX_IMPRT_FRMAT_ODBC_OFFST_ID","NONUNIQUE","OFFSET_ID","1"
"IMPORT_FORMAT_ODBC","INDX_IMPORT_FORMAT_ODBC1","NONUNIQUE","FORMAT_ID","1"
"IMPORT_FORMAT_ODBC","PK_IMPORT_FORMAT_ODBC","UNIQUE","FORMAT_ODBC_ID","1"
"IMPORT_FORMAT_OFFSETS","IDX_IMPRT_FRMT_OFFSTS_OFST_ID","NONUNIQUE","OFFSET_ID","1"
"IMPORT_FORMAT_OFFSETS","IDX_IMPRT_FRMT_OFSTS_FRMT_ID","NONUNIQUE","FORMAT_ID","1"
"IMPORT_FORMAT_OFFSETS","PK_IMPORT_FORMAT_OFFSETS","UNIQUE","FORMAT_OFFSET_ID","1"
"IMPORT_FORMAT_PREFS","PK_IMPORT_FORMAT_PREFS","UNIQUE","IMPORT_FORMAT_PREFS_ID","1"
"IMPORT_FORMAT_PREFS","UK_IMPORT_FORMAT_PREFS","UNIQUE","FORMAT_ID","1"
"IMPORT_FORMAT_PREFS","UK_IMPORT_FORMAT_PREFS","UNIQUE","WHSE_CODE","2"
"IMPORT_MASTER","PK_IMPORT_MASTER","UNIQUE","IMPORT_ID","1"
"IMPORT_MASTER","UK_IMPORT_MASTER","UNIQUE","IMPORT_NAME","1"
"IMPORT_OFFSET_MASTER","IDX_IMPRT_OFST_MSTR_IMPRT_ID","NONUNIQUE","IMPORT_ID","1"
"IMPORT_OFFSET_MASTER","PK_IMPORT_OFFSET_MASTER","UNIQUE","OFFSET_ID","1"
"IMPORT_STOP_OFF_CHARGE","IMP_STP_OFF_CRG_PK","UNIQUE","PARAM_ID","1"
"IMPORT_STOP_OFF_CHARGE","IMP_STP_OFF_CRG_PK","UNIQUE","STOP_OFF_CHARGE_ID","2"
"IMPORT_STOP_OFF_CHARGE","TM_IMPORT_STOP_OFF_CHARGE_IDX1","NONUNIQUE","PARAM_ID","1"
"IMPORT_TEMP","INDX_IMPORT_TEMP_SI","NONUNIQUE","SLOTITEM_ID","1"
"IMPORT_TEMP","INDX_IMPORT_TEMP_SKU","NONUNIQUE","SKU_NAME","1"
"IMPORT_TEMP","INDX_IMPORT_TEMP_WHSE","NONUNIQUE","WHSE_CODE","1"
"IMPORT_TEMP","INDX_IMPORT_TEMP_WHSE_SKU","NONUNIQUE","WHSE_CODE","1"
"IMPORT_TEMP","INDX_IMPORT_TEMP_WHSE_SKU","NONUNIQUE","SKU_ID","2"
"IMPORT_TEMP","INDX_IMPTMP_SKUID_WHSECODE","NONUNIQUE","SKU_NAME","1"
"IMPORT_TEMP","INDX_IMPTMP_SKUID_WHSECODE","NONUNIQUE","WHSE_CODE","2"
"IMPORT_TEMP","PK_IMPORT_TEMP","UNIQUE","ROW_NUM","1"
"IMPORT_TYPE_COLM_XREF","IMPRTTYPCLXRF_PK","UNIQUE","IMPORT_TYPE","1"
"IMPORT_TYPE_COLM_XREF","IMPRTTYPCLXRF_PK","UNIQUE","IMPORT_COLM_LIST_ID","2"
"IMPORT_TYPE_COLM_XREF","TM_IMPORT_TYPE_C_IDX1","NONUNIQUE","IMPORT_COLM_LIST_ID","1"
"INPT_PICK_DEMAND_FORECAST","PK_INPT_PICK_DEMAND_FORECAST","UNIQUE","INPT_PICK_DEMAND_FORECAST_ID","1"
"INPT_SLOTINFO_MOVE_LIST","PK_INPT_SLOTINFO_MOVE_LIST","UNIQUE","INPT_SLOTINFO_MOVE_LIST_ID","1"
"INPT_SLOTINFO_MOVE_LIST","UK_INPT_SLOTINFO_MOVE_LIST","UNIQUE","MOVE_ID","1"
"INPT_SLOTINFO_WIDTH","PK_INPT_SLOTINFO_WIDTH","UNIQUE","INPT_SLOTINFO_WIDTH_ID","1"
"INPT_SLOTINFO_WIDTH","UK_INPT_SLOTINFO_WIDTH","UNIQUE","LOCN_ID","1"
"INPT_TRANSIT_TIME","INPT_TRAN_TIME_IDX","NONUNIQUE","CARRIER_CODE","1"
"INPT_TRANSIT_TIME","INPT_TRAN_TIME_IDX","NONUNIQUE","SERV_TYPE","2"
"INPT_TRANSIT_TIME","INPT_TRAN_TIME_IDX","NONUNIQUE","POSTAL_CODE","3"
"INPUT_PARAM","IDX_INPUT_PARAM_IMP_AUTO_ID","NONUNIQUE","IMPORT_AUTOMATION_ID","1"
"INPUT_PARAM","PK_INPUT_PARAM","UNIQUE","SESSIONID","1"
"INPUT_PARAM","PK_INPUT_PARAM","UNIQUE","PROCESSID","2"
"INPUT_PARAM_RACKORDER","IP_RACKORDER_ID_PK","UNIQUE","IP_RACKORDER_ID","1"
"INSTANT_REPORT_SQL","INST_REP_SQL_PK","UNIQUE","SQL_ID","1"
"INSTANT_REPORT_SQLHEADER","INST_REPT_SQLHDR_PK","UNIQUE","SQL_HEADER_ID","1"
"INTERFACE_CONFIG","PK_INTERFACE_CONFIG","UNIQUE","INTERFACE_CONFIG_ID","1"
"INTERFACE_CONFIG","UK_INTERFACE_CONFIG","UNIQUE","INTERFACE","1"
"INTERFACE_CONFIG","UK_INTERFACE_CONFIG","UNIQUE","VERSION","2"
"INTERFACE_CONFIG","UK_INTERFACE_CONFIG","UNIQUE","EVENT_ID","3"
"INTERFACE_ERROR","PK_INTERFACE_ERROR","UNIQUE","INTERFACE_ERROR_ID","1"
"INTERFACE_ERROR","UK_INTERFACE_ERROR","UNIQUE","CARTON_NBR","1"
"INTL_LANG","PK_INTL_LANG","UNIQUE","INTL_LANG_ID","1"
"INT_ALLOC_LOCK_CODES","INTALOCKCODES_CDMASID_IDX","NONUNIQUE","CD_MASTER_ID","1"
"INT_ALLOC_LOCK_CODES","PK_INT_ALLOC_LOCK_CODES","UNIQUE","INT_ALLOC_LOCK_CODES_ID","1"
"INT_ALLOC_LOCK_CODES","TM_INT_ALLOC_LOCK_CODES_IDX1","NONUNIQUE","INVN_NEED_TYPE","1"
"INT_ALLOC_LOCK_CODES","TM_INT_ALLOC_LOCK_CODES_IDX1","NONUNIQUE","WHSE","2"
"INT_ALLOC_LOCK_CODES","TM_INT_ALLOC_LOCK_CODES_IDX1","NONUNIQUE","CD_MASTER_ID","3"
"INT_ALLOC_LOCK_CODES","TM_INT_ALLOC_LOCK_CODES_IDX2","NONUNIQUE","INVN_NEED_TYPE_ID","1"
"INT_ALLOC_LOCK_CODES","UK_INT_ALLOC_LOCK_CODES","UNIQUE","INVN_NEED_TYPE","1"
"INT_ALLOC_LOCK_CODES","UK_INT_ALLOC_LOCK_CODES","UNIQUE","WHSE","2"
"INT_ALLOC_LOCK_CODES","UK_INT_ALLOC_LOCK_CODES","UNIQUE","CD_MASTER_ID","3"
"INT_ALLOC_LOCK_CODES","UK_INT_ALLOC_LOCK_CODES","UNIQUE","LOCK_CODE","4"
"INT_LABOR_RATE","INTLABORRATE_CDMASID_IDX","NONUNIQUE","CD_MASTER_ID","1"
"INT_LABOR_RATE","PK_INT_LABOR_RATE","UNIQUE","INT_LABOR_RATE_ID","1"
"INT_LABOR_RATE","TM_INT_LABOR_RATE_IDX1","NONUNIQUE","INVN_NEED_TYPE","1"
"INT_LABOR_RATE","TM_INT_LABOR_RATE_IDX1","NONUNIQUE","WHSE","2"
"INT_LABOR_RATE","TM_INT_LABOR_RATE_IDX1","NONUNIQUE","CD_MASTER_ID","3"
"INT_LABOR_RATE","TM_INT_LABOR_RATE_IDX2","NONUNIQUE","INVN_NEED_TYPE_ID","1"
"INT_LABOR_RATE","UK_INT_LABOR_RATE","UNIQUE","INVN_NEED_TYPE","1"
"INT_LABOR_RATE","UK_INT_LABOR_RATE","UNIQUE","WHSE","2"
"INT_LABOR_RATE","UK_INT_LABOR_RATE","UNIQUE","CD_MASTER_ID","3"
"INT_LABOR_RATE","UK_INT_LABOR_RATE","UNIQUE","UOM","4"
"INT_MASTER","PK_INT_MASTER","UNIQUE","INT_MASTER_ID","1"
"INT_MASTER","UK_INT_MASTER","UNIQUE","WHSE","1"
"INT_MASTER","UK_INT_MASTER","UNIQUE","INVN_NEED_TYPE","2"
"INT_PATH_DEFN","INTPATHDEFN_WHSECURRGRP_IDX","NONUNIQUE","WHSE","1"
"INT_PATH_DEFN","INTPATHDEFN_WHSECURRGRP_IDX","NONUNIQUE","CURR_WORK_GRP","2"
"INT_PATH_DEFN","INTPATHDEFN_WHSECURRGRP_IDX","NONUNIQUE","CURR_WORK_AREA","3"
"INT_PATH_DEFN","INTPATHDEFN_WHSEDESTGRP_IDX","NONUNIQUE","WHSE","1"
"INT_PATH_DEFN","INTPATHDEFN_WHSEDESTGRP_IDX","NONUNIQUE","DEST_WORK_GRP","2"
"INT_PATH_DEFN","INTPATHDEFN_WHSEDESTGRP_IDX","NONUNIQUE","DEST_WORK_AREA","3"
"INT_PATH_DEFN","INTPATHDEFN_WHSEINVNNEED_IDX","NONUNIQUE","WHSE","1"
"INT_PATH_DEFN","INTPATHDEFN_WHSEINVNNEED_IDX","NONUNIQUE","INVN_NEED_TYPE","2"
"INT_PATH_DEFN","INTPATHDEFN_WHSEINVNNEED_IDX","NONUNIQUE","TASK_GRP","3"
"INT_PATH_DEFN","INTPATHDEFN_WHSEINVNNEED_IDX","NONUNIQUE","CURR_WORK_AREA","4"
"INT_PATH_DEFN","INTPATHDEFN_WHSEINVNNEED_IDX","NONUNIQUE","CURR_WORK_GRP","5"
"INT_PATH_DEFN","INTPATHDEFN_WHSEINVNNEED_IDX","NONUNIQUE","DEST_WORK_AREA","6"
"INT_PATH_DEFN","INTPATHDEFN_WHSEINVNNEED_IDX","NONUNIQUE","DEST_WORK_GRP","7"
"INT_PATH_DEFN","INTPATHDEFN_WHSEINVNNEED_IDX","NONUNIQUE","PRTY","8"
"INT_PATH_DEFN","PK_INT_PATH_DEFN","UNIQUE","INT_PATH_DEFN_ID","1"
"INVC_PARM","PK_INVC_PARM","UNIQUE","INVC_PARM_ID","1"
"INVC_RULE_PARM","PK_INVC_RULE_PARM","UNIQUE","INVC_RULE_PARM_ID","1"
"INVC_RULE_PARM","TM_INVC_RULE_PARM_IDX1","NONUNIQUE","INVC_PARM_ID","1"
"INVC_RULE_PARM","UK_INVC_RULE_PARM","UNIQUE","INVC_PARM_ID","1"
"INVC_RULE_PARM","UK_INVC_RULE_PARM","UNIQUE","PRTY","2"
"INVENTORY_ALLOCATION","IA_PK","UNIQUE","INVENTORY_ALLOCATION_ID","1"
"INVENTORY_ALLOCATION","TM_INVENTORY_ALL_IDX1","NONUNIQUE","SUPPLY_STATUS","1"
"INVENTORY_ALLOCATION","TM_INVENTORY_ALL_IDX2","NONUNIQUE","TC_COMPANY_ID","1"
"INVENTORY_SEGMENT","INVENTORY_SEG_PK","UNIQUE","INVENTORY_SEGMENT_ID","1"
"INVENTORY_SEGMENT","TM_INVENTORY_SEG_IDX1","NONUNIQUE","TC_COMPANY_ID","1"
"INVN_ALLOC_PRTY","INVNALOCPRTY_CDMASID_IDX","NONUNIQUE","CD_MASTER_ID","1"
"INVN_ALLOC_PRTY","INVNALOCPRTY_EVENTPARMID_IDX","NONUNIQUE","EVENT_PARM_ID","1"
"INVN_ALLOC_PRTY","INVNALOCPRTY_INVNNTYPE_IDX","NONUNIQUE","INVN_NEED_TYPE","1"
"INVN_ALLOC_PRTY","INVNALOCPRTY_INVNNTYPE_IDX","NONUNIQUE","ALLOC_TYPE","2"
"INVN_ALLOC_PRTY","INVNALOCPRTY_INVNNTYPE_IDX","NONUNIQUE","INVN_TYPE","3"
"INVN_ALLOC_PRTY","INVNALOCPRTY_INVNNTYPE_IDX","NONUNIQUE","PRTY","4"
"INVN_ALLOC_PRTY","INVNALOCPRTY_INVNNTYPE_IDX","NONUNIQUE","WHSE","5"
"INVN_ALLOC_PRTY","INVNALOCPRTY_INVNNTYPE_IDX","NONUNIQUE","CD_MASTER_ID","6"
"INVN_ALLOC_PRTY","PK_INVN_ALLOC_PRTY","UNIQUE","INVN_ALLOC_PRTY_ID","1"
"INVN_NEED_TYPE","FK_INVN_NEED_TYPE_TO_CD_MASTER","NONUNIQUE","CD_MASTER_ID","1"
"INVN_NEED_TYPE","FK_INVN_NEED_TYPE_TO_LOCN_HDR","NONUNIQUE","DSTN_LOCN_ID","1"
"INVN_NEED_TYPE","INVN_NEED_TYPE_IND_1","NONUNIQUE","TASK_CMPL_CORR_UPD","1"
"INVN_NEED_TYPE","INVN_NEED_TYPE_IND_1","NONUNIQUE","INVN_NEED_TYPE","2"
"INVN_NEED_TYPE","PK_INVN_NEED_TYPE","UNIQUE","INVN_NEED_TYPE_ID","1"
"INVN_NEED_TYPE","TM_INVN_NEED_TYPE_IDX1","NONUNIQUE","INT_MASTER_ID","1"
"INVN_NEED_TYPE","TM_INVN_NEED_TYPE_IDX2","NONUNIQUE","WHSE","1"
"INVN_NEED_TYPE","TM_INVN_NEED_TYPE_IDX2","NONUNIQUE","INVN_NEED_TYPE","2"
"INVN_NEED_TYPE","UK_INVN_NEED_TYPE","UNIQUE","INVN_NEED_TYPE","1"
"INVN_NEED_TYPE","UK_INVN_NEED_TYPE","UNIQUE","WHSE","2"
"INVN_NEED_TYPE","UK_INVN_NEED_TYPE","UNIQUE","CD_MASTER_ID","3"
"INVN_VARI_HDR","INVNVARIHDR_LPNID_IDX","NONUNIQUE","LPN_ID","1"
"INVN_VARI_HDR","PE_INVN_VARI_HDR_IDX","NONUNIQUE","PHYS_INVN_HDR_ID","1"
"INVN_VARI_HDR","PK_INVN_VARI_HDR","UNIQUE","INVN_VARI_HDR_ID","1"
"INVN_VARI_HDR","TM_INVN_VARI_HDR_IDX1","NONUNIQUE","FROZN_INVN_CONFIG_ID","1"
"INVN_VARI_HDR","TM_INVN_VARI_HDR_IDX2","NONUNIQUE","ITEM_ID","1"
"INVN_VARI_SRL_NBR","PK_INVN_VARI_SRL_NBR","UNIQUE","INVN_VARI_SRL_NBR_ID","1"
"INVN_VARI_SRL_NBR","TM_INVN_VARI_SRL_NBR_IDX1","NONUNIQUE","INVN_VARI_HDR_ID","1"
"INVOICE","INVOICE_IDX1","NONUNIQUE","TC_COMPANY_ID","1"
"INVOICE","INVOICE_IDX1","NONUNIQUE","INVOICE_ID","2"
"INVOICE","INVOICE_IDX1","NONUNIQUE","CARRIER_ID","3"
"INVOICE","INVOICE_IDX1","NONUNIQUE","IS_CANCELLED","4"
"INVOICE","INVOICE_IDX1","NONUNIQUE","INVOICE_STATUS","5"
"INVOICE","INVOICE_PK","UNIQUE","INV_ID","1"
"INVOICE","INV_IRESPCD_FK_1_IX","NONUNIQUE","INVOICE_RESP_CODE_ID","1"
"INVOICE","INV_REF_INV_ID_IDX","NONUNIQUE","REFERENCE_INV_ID","1"
"INVOICE","TM_INVOICE_IDX1","NONUNIQUE","ACTUAL_CURRENCY_CODE","1"
"INVOICE","TM_INVOICE_IDX2","NONUNIQUE","INVOICE_TYPE","1"
"INVOICE","TM_INVOICE_IDX3","NONUNIQUE","INV_ENTRY_TYPE","1"
"INVOICE","TM_INVOICE_IDX4","NONUNIQUE","NET_AMOUNT_CURRENCY_CODE","1"
"INVOICE","TM_INVOICE_IDX5","NONUNIQUE","PAYMENT_TERMS","1"
"INVOICE","TM_INVOICE_IDX6","NONUNIQUE","PAYMENT_TOTAL_CURRENCY_CODE","1"
"INVOICE_RESP_CODE","INVOICE_RCODE_PK","UNIQUE","INVOICE_RESP_CODE_ID","1"
"INVOICE_TYPE","INVOICE_TYPE_PK","UNIQUE","INVOICE_TYPE","1"
"INV_ENTRY_TYPE","INV_ENTRY_TYPE_PK","UNIQUE","INV_ENTRY_TYPE","1"
"IN_YARD_EQUIP_AVAIL_CONFIG","INYRDEQPAVLCFG_FK1_1_IX","NONUNIQUE","TC_COMPANY_ID","1"
"IN_YARD_EQUIP_AVAIL_CONFIG","INYRDEQPAVLCFG_FK4_1_IX","NONUNIQUE","FACILITY_ID","1"
"IN_YARD_EQUIP_AVAIL_CONFIG","INYRDEQPAVLCFG_PK","UNIQUE","CONFIG_ID","1"
"IN_YARD_EQUIP_AVAIL_CONFIG","TM_IN_YARD_EQUIP_IDX1","NONUNIQUE","CARRIER_ID","1"
"IN_YARD_EQUIP_AVAIL_CONFIG","TM_IN_YARD_EQUIP_IDX2","NONUNIQUE","EQUIPMENT_ID","1"
"IN_YARD_EQUIP_UTILIZATION","INYRDEQPUTIL_FK1_1_IX","NONUNIQUE","TC_COMPANY_ID","1"
"IN_YARD_EQUIP_UTILIZATION","IN_YARD_EQUIP_UTIL_PK","UNIQUE","UTILIZATION_ID","1"
"IN_YARD_EQUIP_UTILIZATION","TM_IN_YARD_EQUTL_IDX1","NONUNIQUE","CONFIG_ID","1"
"IN_YARD_EQUIP_UTIL_SHIPMENT","INYRDEQPUTLSHP_PK","UNIQUE","SHIPMENT_ID","1"
"IN_YARD_EQUIP_UTIL_SHIPMENT","INYRDEQPUTLSHP_PK","UNIQUE","UTILIZATION_ID","2"
"IN_YARD_EQUIP_UTIL_SHIPMENT","TM_IN_YARD_EQSHP_IDX1","NONUNIQUE","UTILIZATION_ID","1"
"IPS_USER_VIEW","IPS_USER_VIEW_PK","UNIQUE","IPS_USER_VIEW_ID","1"
"IPS_USER_VIEW_DETAIL","IPS_USER_VIEW_DETAIL_PK","UNIQUE","IPS_USER_VIEW_DETAIL_ID","1"
"IPS_USER_VIEW_DETAIL","TM_IPS_USER_VD_IDX1","NONUNIQUE","IPS_USER_VIEW_ID","1"
"ISSUE","ISSUE_PK","UNIQUE","ISSUE_ID","1"
"ISSUE_COMMENT","ISSUE_COMMENT_PK","UNIQUE","ISSUE_ID","1"
"ISSUE_COMMENT","ISSUE_COMMENT_PK","UNIQUE","COMMENT_SEQ_ID","2"
"ISSUE_STATUS","ISSUE_STATUS_PK","UNIQUE","STATUS_CODE","1"
"ITEM_BOM_DETAIL_WMS","ITEM_BOMD_FK2_1_IX","NONUNIQUE","ITEM_ID","1"
"ITEM_BOM_DETAIL_WMS","ITEM_BOM_DTL_IDX1","NONUNIQUE","ITEM_BOM_HEADER_ID","1"
"ITEM_BOM_DETAIL_WMS","ITEM_BOM_PK1","UNIQUE","ITEM_BOM_DETAIL_ID","1"
"ITEM_BOM_HEADER_WMS","ITEM_BOM_HDR_IDX1","NONUNIQUE","ITEM_ID","1"
"ITEM_BOM_HEADER_WMS","ITEM_HEAD_PK1","UNIQUE","ITEM_BOM_HEADER_ID","1"
"ITEM_BUDGETED_COST_TMS","ITEM_BCTMS_FK1_1_IX","NONUNIQUE","ORIGIN_COUNTRY_CODE","1"
"ITEM_BUDGETED_COST_TMS","ITEM_BCTMS_FK1_1_IX","NONUNIQUE","ORIGIN_STATE_PROV","2"
"ITEM_BUDGETED_COST_TMS","ITEM_BCTMS_FK3_1_IX","NONUNIQUE","DESTINATION_COUNTRY_CODE","1"
"ITEM_BUDGETED_COST_TMS","ITEM_BCTMS_FK3_1_IX","NONUNIQUE","DESTINATION_STATE_PROV","2"
"ITEM_BUDGETED_COST_TMS","ITEM_BC_FK1_1_IX","NONUNIQUE","CURRENCY_ID","1"
"ITEM_BUDGETED_COST_TMS","ITEM_BC_PK","UNIQUE","ITEM_BUDGETED_COST_ID","1"
"ITEM_BUDGETED_COST_TMS","ITEM_BUG_COST_IX2","NONUNIQUE","ITEM_ID","1"
"ITEM_BUDGETED_COST_TMS","TM_ITEM_BUDGETED_IDX1","NONUNIQUE","CURRENCY_CODE","1"
"ITEM_BUDGETED_COST_TMS","TM_ITEM_BUDGETED_IDX2","NONUNIQUE","DESTINATION_COUNTRY_CODE","1"
"ITEM_BUDGETED_COST_TMS","TM_ITEM_BUDGETED_IDX3","NONUNIQUE","DESTINATION_STATE_PROV","1"
"ITEM_BUDGETED_COST_TMS","TM_ITEM_BUDGETED_IDX3","NONUNIQUE","DESTINATION_COUNTRY_CODE","2"
"ITEM_BUDGETED_COST_TMS","TM_ITEM_BUDGETED_IDX4","NONUNIQUE","ORIGIN_COUNTRY_CODE","1"
"ITEM_BUDGETED_COST_TMS","TM_ITEM_BUDGETED_IDX5","NONUNIQUE","ORIGIN_STATE_PROV","1"
"ITEM_BUDGETED_COST_TMS","TM_ITEM_BUDGETED_IDX5","NONUNIQUE","ORIGIN_COUNTRY_CODE","2"
"ITEM_CAT_XREF","INDXITEMCATXREFCATCODEIDSKUID","NONUNIQUE","CAT_CODE_ID","1"
"ITEM_CAT_XREF","INDXITEMCATXREFCATCODEIDSKUID","NONUNIQUE","SKU_ID","2"
"ITEM_CAT_XREF","INDXITEMCATXREFCATIDSKUID","NONUNIQUE","CAT_ID","1"
"ITEM_CAT_XREF","INDXITEMCATXREFCATIDSKUID","NONUNIQUE","SKU_ID","2"
"ITEM_CAT_XREF","INDX_ITEM_CAT_XREF_1","NONUNIQUE","CAT_CODE_ID","1"
"ITEM_CAT_XREF","INDX_ITEM_CAT_XREF_2","NONUNIQUE","SKU_ID","1"
"ITEM_CAT_XREF","INDX_ITEM_CAT_XREF_CATID","NONUNIQUE","CAT_ID","1"
"ITEM_CAT_XREF","PK_ITEM_CAT_XREF","UNIQUE","ITEMCAT_ID","1"
"ITEM_CAT_XREF","UK_ITEM_CAT_XREF","UNIQUE","CAT_ID","1"
"ITEM_CAT_XREF","UK_ITEM_CAT_XREF","UNIQUE","CAT_CODE_ID","2"
"ITEM_CAT_XREF","UK_ITEM_CAT_XREF","UNIQUE","SKU_ID","3"
"ITEM_CBO","A_PE_ITEM_NAME_IDX2","NONUNIQUE","SYS_NC00107$","1"
"ITEM_CBO","A_PE_ITEM_NAME_IDX2","NONUNIQUE","SYS_NC00108$","2"
"ITEM_CBO","A_PE_ITEM_NAME_IDX2","NONUNIQUE","ITEM_ID","3"
"ITEM_CBO","A_PE_ITEM_NAME_IDX2","NONUNIQUE","COMPANY_ID","4"
"ITEM_CBO","IDX_IC_COM_ID","NONUNIQUE","COMMODITY_CODE_ID","1"
"ITEM_CBO","ITEM_CBO_PK","UNIQUE","ITEM_ID","1"
"ITEM_CBO","ITEM_CBO_UX","UNIQUE","COMPANY_ID","1"
"ITEM_CBO","ITEM_CBO_UX","UNIQUE","ITEM_NAME","2"
"ITEM_CBO","ITEM_NAME_CD_IX","NONUNIQUE","ITEM_NAME","1"
"ITEM_CBO","ITEM_NAME_CD_IX","NONUNIQUE","COMPANY_ID","2"
"ITEM_CBO","ITEM_SFX_IDX","NONUNIQUE","ITEM_STYLE","1"
"ITEM_CBO","ITEM_SFX_IDX","NONUNIQUE","ITEM_COLOR_SFX","2"
"ITEM_CBO","ITEM_SFX_IDX","NONUNIQUE","ITEM_STYLE_SFX","3"
"ITEM_CBO","ITM_CBO_COMPANY_ID_IDX","NONUNIQUE","COMPANY_ID","1"
"ITEM_CBO","PE_ITEM_BARCD_IDX","NONUNIQUE","ITEM_BAR_CODE","1"
"ITEM_CBO","TM_ITEM_CBO_IDX1","NONUNIQUE","DATABASE_QTY_UOM_ID","1"
"ITEM_CBO","TM_ITEM_CBO_IDX2","NONUNIQUE","DIMENSION_UOM_ID","1"
"ITEM_CBO","TM_ITEM_CBO_IDX3","NONUNIQUE","DISPLAY_QTY_UOM_ID","1"
"ITEM_CBO","TM_ITEM_CBO_IDX4","NONUNIQUE","VOLUME_UOM_ID","1"
"ITEM_CBO","TM_ITEM_CBO_IDX5","NONUNIQUE","WEIGHT_UOM_ID","1"
"ITEM_CBO_PROFILE","ITEM_PROFILE_PK","UNIQUE","ITEM_PROFILE_ID","1"
"ITEM_CBO_PROFILE","TM_ITEM_CBO_PROF_IDX1","NONUNIQUE","DATABASE_QTY_UOM_ID","1"
"ITEM_CBO_PROFILE","TM_ITEM_CBO_PROF_IDX2","NONUNIQUE","DIMENSION_UOM_ID","1"
"ITEM_CBO_PROFILE","TM_ITEM_CBO_PROF_IDX3","NONUNIQUE","DISPLAY_QTY_UOM_ID","1"
"ITEM_CBO_PROFILE","TM_ITEM_CBO_PROF_IDX4","NONUNIQUE","VOLUME_UOM_ID","1"
"ITEM_CBO_PROFILE","TM_ITEM_CBO_PROF_IDX5","NONUNIQUE","WEIGHT_UOM_ID","1"
"ITEM_CLASSIFICATION_CODE","ITEM_CLS_CODE_FK2_1_IX","NONUNIQUE","CLASSIFICATION_CODE_ID","1"
"ITEM_CLASSIFICATION_CODE","ITEM_CLS_CODE_PK","UNIQUE","ITEM_CLS_CODE_ID","1"
"ITEM_CLASSIFICATION_CODE","ITM_CLASSFN_CD_IDX1","NONUNIQUE","ITEM_ID","1"
"ITEM_CLASSIFICATION_CODE","ITM_CLASSFN_CD_IDX1","NONUNIQUE","CLASSIFICATION_CODE_ID","2"
"ITEM_CNTRY_CMMDTY_CODE","ITEMCCC_ITEMIDCNTRY_UDX","UNIQUE","ITEM_ID","1"
"ITEM_CNTRY_CMMDTY_CODE","ITEMCCC_ITEMIDCNTRY_UDX","UNIQUE","CNTRY","2"
"ITEM_CNTRY_CMMDTY_CODE","PK_ITEM_CNTRY_CMMDTY_CODE","UNIQUE","ITEM_CNTRY_CMMDTY_ID","1"
"ITEM_COST_CBO","ITEM_COST_CBO_IND_IDX","NONUNIQUE","ITEM_ID","1"
"ITEM_COST_CBO","ITEM_COST_CBO_PK","UNIQUE","ITEM_COST_ID","1"
"ITEM_COST_CBO","ITEM_COST_FK3_1_IX","NONUNIQUE","CURRENCY_ID","1"
"ITEM_COST_CBO","ITEM_COST_FK4_1_IX","NONUNIQUE","FACILITY_ID","1"
"ITEM_COST_CBO","TM_ITEM_COST_CBO_IDX1","NONUNIQUE","COST_TYPE_ID","1"
"ITEM_COST_CBO","TM_ITEM_COST_CBO_IDX2","NONUNIQUE","UOM_ID","1"
"ITEM_EPC_PREFIX_WMS","ITEM_EPC_WMS_PK","UNIQUE","ITEM_EPC_PREFIX_ID","1"
"ITEM_EPC_PREFIX_WMS","ITM_EPC_PFX_IDX1","NONUNIQUE","ITEM_ID","1"
"ITEM_FACILITY_MAPPING_WMS","ITEM_FAC_WMS_IDX","UNIQUE","ITEM_ID","1"
"ITEM_FACILITY_MAPPING_WMS","ITEM_FAC_WMS_IDX","UNIQUE","FACILITY_ID","2"
"ITEM_FACILITY_MAPPING_WMS","ITEM_FAC_WMS_PK1","UNIQUE","ITEM_FACILITY_MAPPING_ID","1"
"ITEM_FACILITY_SLOTTING","INDX_ITEM_SLOTTING_1","NONUNIQUE","ITEM_NAME","1"
"ITEM_FACILITY_SLOTTING","INDX_ITEM_SLOTTING_WHSECODE","NONUNIQUE","ITEM_ID","1"
"ITEM_FACILITY_SLOTTING","INDX_ITEM_SLOTTING_WHSECODE","NONUNIQUE","WHSE_CODE","2"
"ITEM_FACILITY_SLOTTING","PK_ITEM_SLOTTING","UNIQUE","ITEM_FACILITY_MAPPING_ID","1"
"ITEM_FACILITY_SLOTTING","UK_ITEM_SLOTTING","UNIQUE","ITEM_NAME","1"
"ITEM_FACILITY_SLOTTING","UK_ITEM_SLOTTING","UNIQUE","WHSE_CODE","2"
"ITEM_FAC_MAPPING_WMS_PROFILE","ITEM_FAC_PROF_PK","UNIQUE","ITEM_FACILITY_PROFILE_ID","1"
"ITEM_FAC_MAPPING_WMS_PROFILE","ITM_FC_MP_PF_IDX1","NONUNIQUE","ITEM_FACILITY_PROFILE_NAME","1"
"ITEM_GROUP_WMS","ITEM_GROUP_IX2","NONUNIQUE","ITEM_ID","1"
"ITEM_GROUP_WMS","ITEM_GR_WMS_PK","UNIQUE","ITEM_GROUP_ID","1"
"ITEM_HISTORY","INDX_ITEM_HISTORY_1","NONUNIQUE","SLOTITEM_ID","1"
"ITEM_HISTORY","INDX_ITEM_HISTORY_2","NONUNIQUE","SLOTITEM_ID","1"
"ITEM_HISTORY","INDX_ITEM_HISTORY_2","NONUNIQUE","SHIP_UNIT","2"
"ITEM_HISTORY","INDX_ITEM_HISTORY_2","NONUNIQUE","START_DATE","3"
"ITEM_HISTORY","INDX_ITEM_HISTORY_2","NONUNIQUE","END_DATE","4"
"ITEM_HISTORY","INDX_ITEM_HIST_SIID_SHIPUNIT","NONUNIQUE","SLOTITEM_ID","1"
"ITEM_HISTORY","INDX_ITEM_HIST_SIID_SHIPUNIT","NONUNIQUE","SHIP_UNIT","2"
"ITEM_HISTORY","PK_ITEM_HISTORY","UNIQUE","HIST_ID","1"
"ITEM_HISTORY","UK_ITEM_HISTORY","UNIQUE","SLOTITEM_ID","1"
"ITEM_HISTORY","UK_ITEM_HISTORY","UNIQUE","START_DATE","2"
"ITEM_MISC_INSTR","ITEM_MISC_INSTR_IDX","NONUNIQUE","ITEM_ID","1"
"ITEM_MISC_INSTR","ITEM_MISC_INSTR_PK","UNIQUE","MISC_INSTR_ID","1"
"ITEM_MISC_INSTR_PROFILE","ITEM_MISC_INSTR_PROF_IDX","NONUNIQUE","ITEM_PROFILE_ID","1"
"ITEM_MISC_INSTR_PROFILE","ITEM_MISC_INSTR_PROF_PK","UNIQUE","MISC_INSTR_ID","1"
"ITEM_PACKAGE_CBO","IPACKAGE_FK_1_IX","NONUNIQUE","PACKAGE_UOM_ID","1"
"ITEM_PACKAGE_CBO","ITEM_PCKG_CBO_PK","UNIQUE","ITEM_PACKAGE_ID","1"
"ITEM_PACKAGE_CBO","PE_ITEMPCKGCBO_IX1","NONUNIQUE","ITEM_ID","1"
"ITEM_PACKAGE_CBO","PE_ITEMPCKGCBO_IX1","NONUNIQUE","PACKAGE_UOM_ID","2"
"ITEM_PACKAGE_CBO","PE_ITEMPCKGCBO_IX1","NONUNIQUE","QUANTITY","3"
"ITEM_PACKAGE_CBO","PE_ITEMPCKGCBO_IX1","NONUNIQUE","WEIGHT","4"
"ITEM_PACKAGE_CBO","PE_ITEMPCKGCBO_IX1","NONUNIQUE","VOLUME","5"
"ITEM_PACKAGE_CBO","TM_ITEM_PACKAGE__IDX1","NONUNIQUE","DIMENSION_UOM_ID","1"
"ITEM_PACKAGE_CBO","TM_ITEM_PACKAGE__IDX2","NONUNIQUE","ITEM_ID","1"
"ITEM_PACKAGE_CBO","TM_ITEM_PACKAGE__IDX3","NONUNIQUE","VOLUME_UOM_ID","1"
"ITEM_PACKAGE_CBO","TM_ITEM_PACKAGE__IDX4","NONUNIQUE","WEIGHT_UOM_ID","1"
"ITEM_PACKAGE_CBO_PROFILE","ITEM_PKG_PROF_PK","UNIQUE","ITEM_PACKAGE_ID","1"
"ITEM_PACKAGE_CBO_PROFILE","TM_ITEM_PACKAGE_IDX1","NONUNIQUE","DIMENSION_UOM_ID","1"
"ITEM_PACKAGE_CBO_PROFILE","TM_ITEM_PACKAGE_IDX2","NONUNIQUE","ITEM_PROFILE_ID","1"
"ITEM_PACKAGE_CBO_PROFILE","TM_ITEM_PACKAGE_IDX3","NONUNIQUE","VOLUME_UOM_ID","1"
"ITEM_PACKAGE_CBO_PROFILE","TM_ITEM_PACKAGE_IDX4","NONUNIQUE","WEIGHT_UOM_ID","1"
"ITEM_PRICE_CBO","ITEM_PRICE_CBO_IDX1","NONUNIQUE","ITEM_ID","1"
"ITEM_PRICE_CBO","ITEM_PRICE_CBO_PK","UNIQUE","ITEM_PRICE_ID","1"
"ITEM_PRICE_CBO","ITEM_PRICE_FAC_FK_1_IX","NONUNIQUE","FACILITY_ID","1"
"ITEM_PRICE_CBO","TM_ITEM_PRICE_IDX1","NONUNIQUE","CHANNEL_TYPE_ID","1"
"ITEM_PRICE_CBO","TM_ITEM_PRICE_IDX2","NONUNIQUE","CURRENCY_CODE","1"
"ITEM_PRICE_CBO","TM_ITEM_PRICE_IDX4","NONUNIQUE","UOM_ID","1"
"ITEM_REF","ITEM_REF_PK","UNIQUE","ITEM_ID","1"
"ITEM_SIZE_TMS","ITEM_SIZE_TMS_UX1","UNIQUE","ITEM_ID","1"
"ITEM_SIZE_TMS","ITEM_SIZE_TMS_UX1","UNIQUE","UOM_ID","2"
"ITEM_SIZE_TMS","ITEM_TMS_PK1","UNIQUE","ITEM_SIZE_ID","1"
"ITEM_SIZE_TMS","TM_ITEM_SIZE_TMS_IDX1","NONUNIQUE","ITEM_ID","1"
"ITEM_SIZE_TMS","TM_ITEM_SIZE_TMS_IDX2","NONUNIQUE","UOM_ID","1"
"ITEM_SUBSTITUTION_CBO","ITEM_SUBSTITUTION_CBO_IDXPE","NONUNIQUE","BASE_ITEM_ID","1"
"ITEM_SUBSTITUTION_CBO","ITEM_SUBSTITUTION_CBO_IDXPE","NONUNIQUE","SUB_TYPE_ID","2"
"ITEM_SUBSTITUTION_CBO","ITEM_SUBSTITUTION_CBO_IDXPE","NONUNIQUE","FACILITY_ID","3"
"ITEM_SUBSTITUTION_CBO","ITEM_SUBSTITUTION_CBO_IDXPE","NONUNIQUE","COMPANY_ID","4"
"ITEM_SUBSTITUTION_CBO","ITEM_SUB_FK2_1_IX","NONUNIQUE","COMPANY_ID","1"
"ITEM_SUBSTITUTION_CBO","ITEM_SYBS_PK","UNIQUE","ITEM_SUB_HDR_ID","1"
"ITEM_SUBSTITUTION_CBO","TM_ITEM_SUBSTITU_IDX1","NONUNIQUE","BASE_ITEM_ID","1"
"ITEM_SUBSTITUTION_CBO","TM_ITEM_SUBSTITU_IDX2","NONUNIQUE","SUB_LEVEL","1"
"ITEM_SUBSTITUTION_DTL_CBO","ITEM_SUBS_DTL_PK","UNIQUE","ITEM_SUB_DTL_ID","1"
"ITEM_SUBSTITUTION_DTL_CBO","TM_ITEM_SUBST_IDX1","NONUNIQUE","ITEM_SUB_HDR_ID","1"
"ITEM_SUBSTITUTION_DTL_CBO","TM_ITEM_SUBST_IDX2","NONUNIQUE","SUB_ITEM_ID","1"
"ITEM_SUPPLIER_XREF_CBO","ITEM_IDIDX","NONUNIQUE","ITEM_ID","1"
"ITEM_SUPPLIER_XREF_CBO","ITEM_SUPPLIER_XRE1","UNIQUE","ITEM_SUPPLIER_XREF_ID","1"
"ITEM_SUPPLIER_XREF_CBO","PE_ITEMSUPXCBO_IX","NONUNIQUE","SUPPLIER_ITEM_BARCODE","1"
"ITEM_TMS","ITEMTMS_UOM_FK1_INDX","NONUNIQUE","UOM_ID","1"
"ITEM_TMS","ITEM_CURR_FK2_INDX","NONUNIQUE","CURRENCY_CODE","1"
"ITEM_TMS","ITEM_TMS_PK","UNIQUE","ITEM_ID","1"
"ITEM_VAS_APPLICABLE","ITEM_VAS_APPLICABLE_FK1_1_IX","NONUNIQUE","ITEM_ID","1"
"ITEM_VAS_APPLICABLE","ITEM_VAS_APPLICABLE_PK","UNIQUE","ITEM_VAS_ID","1"
"ITEM_VAS_APPLICABLE_PROFILE","ITEM_VAS_APPLI_PROFILE_PK","UNIQUE","ITEM_VAS_ID","1"
"ITEM_VAS_APPLICABLE_PROFILE","ITEM_VAS_APPLI_PROF_FK1_1_IX","NONUNIQUE","ITEM_PROFILE_ID","1"
"ITEM_VENDOR","ITEM_VENDOR_BP_FK_1_IX","NONUNIQUE","BUSINESS_PARTNER_ID","1"
"ITEM_VENDOR","ITEM_VENDOR_BP_FK_1_IX","NONUNIQUE","TC_COMPANY_ID","2"
"ITEM_VENDOR","ITEM_VENDOR_IDX","NONUNIQUE","BUSINESS_PARTNER_ID","1"
"ITEM_VENDOR","ITEM_VENDOR_IDX","NONUNIQUE","ITEM_ID","2"
"ITEM_VENDOR","ITEM_VENDOR_IDX","NONUNIQUE","GRP_TYPE","3"
"ITEM_VENDOR","ITEM_VENDOR_IDX","NONUNIQUE","GRP_ATTR","4"
"ITEM_VENDOR","ITEM_VENDOR_PK","UNIQUE","ITEM_VENDOR_ID","1"
"ITEM_VENDOR","TM_ITEM_VENDOR_IDX1","NONUNIQUE","ITEM_ID","1"
"ITEM_VENDOR","TM_ITEM_VENDOR_IDX2","NONUNIQUE","TC_COMPANY_ID","1"
"ITEM_VENDOR","TM_ITEM_VENDOR_IDX3","NONUNIQUE","TC_COMPANY_ID","1"
"ITEM_VENDOR","TM_ITEM_VENDOR_IDX3","NONUNIQUE","BUSINESS_PARTNER_ID","2"
"ITEM_WMS","ITEM_WMS_PK","UNIQUE","ITEM_ID","1"
"ITEM_WMS_PROFILE","ITEM_WMS_PROF_PK","UNIQUE","ITEM_PROFILE_ID","1"
"JMS_DESTINATION_INFO","JMS_DEST_INFO_PK","UNIQUE","NAME","1"
"JMS_DESTINATION_INFO","PROVIDER_NAME_FK_1_IX","NONUNIQUE","PROVIDER_NAME","1"
"JMS_LISTENER","JMS_LISTENER_FK_1_IX","NONUNIQUE","LISTENER_ID","1"
"JMS_LISTENER","JMS_LISTENER_PK","UNIQUE","JMS_LISTENER_ID","1"
"JMS_PROVIDER_INFO","JMS_PROV_INFO_PK","UNIQUE","NAME","1"
"JMS_ROLES","JMS_ROLE_PK","UNIQUE","USERID","1"
"JMS_ROLES","JMS_ROLE_PK","UNIQUE","ROLEID","2"
"JMS_SUBSCRIPTIONS","JMS_SUBSCRI_PK","UNIQUE","CLIENTID","1"
"JMS_SUBSCRIPTIONS","JMS_SUBSCRI_PK","UNIQUE","SUBNAME","2"
"JMS_USERS","JMS_USER_PK","UNIQUE","USERID","1"
"JOB_CONFIG","PK_JOB_CONFIG","UNIQUE","JOB_CONFIG_ID","1"
"JOIN_TYPE","JN_TYPE_PK","UNIQUE","JOIN_TYPE_ID","1"
"JUNITEE_RESULT","JUNITEE_RESULT_PK","UNIQUE","JUNITEE_RESULT_ID","1"
"KAFKA_LISTENER","KAFKA_LISTENER1_PK","UNIQUE","KAFKA_LISTENER_ID","1"
"KIT","PK_KIT","UNIQUE","KIT_ID","1"
"KIT","UK_KIT","UNIQUE","KIT_NAME","1"
"KIT","UK_KIT","UNIQUE","KIT_TYPE","2"
"KIT","UK_KIT","UNIQUE","WHSE_CODE","3"
"KIT_ITEM","IDX_KIT_ITEM_CAT_ID","NONUNIQUE","CAT_ID","1"
"KIT_ITEM","INDX_KIT_ITEM_1","NONUNIQUE","KIT_ID","1"
"KIT_ITEM","PK_KIT_ITEM","UNIQUE","KITITEM_ID","1"
"LABEL","LABEL_PK","UNIQUE","LABEL_ID","1"
"LABEL","LABEL_UK2","UNIQUE","BUNDLE_NAME","1"
"LABEL","LABEL_UK2","UNIQUE","VALUE","2"
"LABEL","LABEL_UK2","UNIQUE","KEY","3"
"LABEL_DISPLAY","LABEL_DISPLAY_FK_1_IX","NONUNIQUE","SCREEN_TYPE_ID","1"
"LABEL_DISPLAY","LABEL_DISPLAY_PK","UNIQUE","LABEL_DISPLAY_ID","1"
"LABEL_DISPLAY","LABEL_DISPLAY_UX2","UNIQUE","DISP_KEY","1"
"LABEL_DISPLAY","LABEL_DISPLAY_UX2","UNIQUE","TO_LANG","2"
"LABEL_DISPLAY","LABEL_DISPLAY_UX2","UNIQUE","SCREEN_TYPE_ID","3"
"LABEL_DISPLAY","LABEL_DISPLAY_UX2","UNIQUE","BU_ID","4"
"LABEL_DISPLAY","LABEL_DISPLAY_UX2","UNIQUE","DISP_VALUE","5"
"LABEL_SUBSTITUTIONS","LBLSUBS_SUBSTRLBLGRP_UDX","UNIQUE","SUBSTITUTION_STRING","1"
"LABEL_SUBSTITUTIONS","LBLSUBS_SUBSTRLBLGRP_UDX","UNIQUE","LABEL_GROUP","2"
"LABEL_SUBSTITUTIONS","PK_LABEL_SUBSTITUTIONS","UNIQUE","LABEL_SUBSTITUTIONS_ID","1"
"LABEL_SUBSTITUTIONS","TM_LABEL_SUBSTITUTIONS_IDX1","NONUNIQUE","RULE_COLM_ID","1"
"LABOR_MSG","LABOR_MSG_IDX","NONUNIQUE","WHSE_DATE","1"
"LABOR_MSG","LABOR_MSG_IDX","NONUNIQUE","TRAN_DATA_ELS_TRAN_ID","2"
"LABOR_MSG","LABOR_MSG_IDX","NONUNIQUE","STATUS","3"
"LABOR_MSG","LABOR_MSG_IDX","NONUNIQUE","WHSE","4"
"LABOR_MSG","LABOR_MSG_IDX","NONUNIQUE","MSG_STAT_CODE","5"
"LABOR_MSG","LABOR_MSG_IDX1_ARCH","NONUNIQUE","LAST_UPDATED_DTTM","1"
"LABOR_MSG","LABOR_MSG_IDX_3","NONUNIQUE","WHSE_DATE","1"
"LABOR_MSG","LABOR_MSG_IDX_3","NONUNIQUE","STATUS","2"
"LABOR_MSG","LABOR_MSG_IDX_3","NONUNIQUE","WHSE","3"
"LABOR_MSG","LABOR_MSG_IDX_3","NONUNIQUE","MSG_STAT_CODE","4"
"LABOR_MSG","LABOR_MSG_IND_1","NONUNIQUE","LABOR_MSG_ID","1"
"LABOR_MSG","LABOR_MSG_IND_1","NONUNIQUE","TRAN_NBR","2"
"LABOR_MSG","LABOR_MSG_IND_1","NONUNIQUE","WHSE","3"
"LABOR_MSG","LABOR_MSG_IND_1","NONUNIQUE","MSG_STAT_CODE","4"
"LABOR_MSG","LABOR_MSG_IND_2","NONUNIQUE","TRAN_NBR","1"
"LABOR_MSG","LABOR_MSG_IND_2","NONUNIQUE","WHSE","2"
"LABOR_MSG","LABOR_MSG_IND_2","NONUNIQUE","MSG_STAT_CODE","3"
"LABOR_MSG","LABOR_MSG_IND_4","NONUNIQUE","TRAN_NBR","1"
"LABOR_MSG","LABOR_MSG_IND_4","NONUNIQUE","WHSE","2"
"LABOR_MSG","LABOR_MSG_IND_4","NONUNIQUE","STATUS","3"
"LABOR_MSG","LABOR_MSG_IND_4","NONUNIQUE","MSG_STAT_CODE","4"
"LABOR_MSG","LABOR_MSG_IND_4","NONUNIQUE","TRAN_DATA_ELS_TRAN_ID","5"
"LABOR_MSG","LABOR_MSG_IND_4","NONUNIQUE","WHSE_DATE","6"
"LABOR_MSG","LABOR_MSG_PK","UNIQUE","LABOR_MSG_ID","1"
"LABOR_MSG","LABOR_MSG_REF_CODE_INDX","NONUNIQUE","REF_NBR","1"
"LABOR_MSG","LABOR_MSG_WAVE_NBR_INDX","NONUNIQUE","WAVE_NBR","1"
"LABOR_MSG","PE_LABOR_MSG_IDX","NONUNIQUE","LOGIN_USER_ID","1"
"LABOR_MSG","PE_LABOR_MSG_IDX","NONUNIQUE","WHSE","2"
"LABOR_MSG","PE_LABOR_MSG_IDX","NONUNIQUE","STATUS","3"
"LABOR_MSG","PE_LABOR_MSG_IDX","NONUNIQUE","TRAN_NBR","4"
"LABOR_MSG","PE_LABOR_MSG_IDX1","NONUNIQUE","STATUS","1"
"LABOR_MSG","PE_LBR_MSG_IDX","NONUNIQUE","LOGIN_USER_ID","1"
"LABOR_MSG","PE_LBR_MSG_IDX","NONUNIQUE","MSG_STAT_CODE","2"
"LABOR_MSG","PE_LBR_MSG_IDX","NONUNIQUE","TRAN_NBR","3"
"LABOR_MSG","PE_LBR_MSG_IDX","NONUNIQUE","LABOR_MSG_ID","4"
"LABOR_MSG","PE_WMLM_LABOR_MSG_IDX_1","NONUNIQUE","WHSE","1"
"LABOR_MSG","PE_WMLM_LABOR_MSG_IDX_1","NONUNIQUE","REF_NBR","2"
"LABOR_MSG","PE_WMLM_LABOR_MSG_IDX_1","NONUNIQUE","REF_CODE","3"
"LABOR_MSG","PE_WMLM_LABOR_MSG_IDX_1","NONUNIQUE","LABOR_MSG_ID","4"
"LABOR_MSG","PE_WMLM_LABOR_MSG_IDX_1","NONUNIQUE","ACT_NAME","5"
"LABOR_MSG","PE_WMLM_LABOR_MSG_IDX_1","NONUNIQUE","MSG_STAT_CODE","6"
"LABOR_MSG","PE_WMLM_LABOR_MSG_IDX_2","NONUNIQUE","WHSE","1"
"LABOR_MSG","PE_WMLM_LABOR_MSG_IDX_2","NONUNIQUE","STATUS","2"
"LABOR_MSG","PE_WMLM_LABOR_MSG_IDX_2","NONUNIQUE","SCHED_START_DATE","3"
"LABOR_MSG","PE_WMLM_LABOR_MSG_IDX_2","NONUNIQUE","MSG_STAT_CODE","4"
"LABOR_MSG","TM_LABOR_MSG_IDX1","NONUNIQUE","TC_COMPANY_ID","1"
"LABOR_MSG_CRIT","LABOR_MSG_CRIT_IND_1","NONUNIQUE","LABOR_MSG_ID","1"
"LABOR_MSG_CRIT","LABOR_MSG_CRIT_IND_1","NONUNIQUE","TRAN_NBR","2"
"LABOR_MSG_CRIT","LABOR_MSG_CRIT_IND_1","NONUNIQUE","WHSE","3"
"LABOR_MSG_CRIT","LABOR_MSG_CRIT_IND_2","NONUNIQUE","TRAN_NBR","1"
"LABOR_MSG_CRIT","LABOR_MSG_CRIT_IND_2","NONUNIQUE","CRIT_SEQ_NBR","2"
"LABOR_MSG_CRIT","LABOR_MSG_CRIT_IND_2","NONUNIQUE","CRIT_TYPE","3"
"LABOR_MSG_CRIT","LABOR_MSG_CRIT_IND_2","NONUNIQUE","CRIT_VAL","4"
"LABOR_MSG_CRIT","LABOR_MSG_CRIT_IND_2","NONUNIQUE","WHSE","5"
"LABOR_MSG_CRIT","LABOR_MSG_CRIT_PK","UNIQUE","LABOR_MSG_CRIT_ID","1"
"LABOR_MSG_CRIT","TM_LABOR_MSG_CRI_IDX1","NONUNIQUE","LABOR_MSG_ID","1"
"LABOR_MSG_DTL","LABOR_MSG_DTL_IND_1","NONUNIQUE","TRAN_NBR","1"
"LABOR_MSG_DTL","LABOR_MSG_DTL_IND_1","NONUNIQUE","TRAN_SEQ_NBR","2"
"LABOR_MSG_DTL","LABOR_MSG_DTL_IND_2","NONUNIQUE","LABOR_MSG_DTL_ID","1"
"LABOR_MSG_DTL","LABOR_MSG_DTL_IND_2","NONUNIQUE","LABOR_MSG_ID","2"
"LABOR_MSG_DTL","LABOR_MSG_DTL_IND_2","NONUNIQUE","TRAN_NBR","3"
"LABOR_MSG_DTL","LABOR_MSG_DTL_IND_2","NONUNIQUE","TRAN_SEQ_NBR","4"
"LABOR_MSG_DTL","LABOR_MSG_DTL_PK","UNIQUE","LABOR_MSG_DTL_ID","1"
"LABOR_MSG_DTL","LABOR_MSG_DTL_TC_OLPN_ID","NONUNIQUE","TC_OLPN_ID","1"
"LABOR_MSG_DTL","TM_LABOR_MSG_DTL_IDX1","NONUNIQUE","LABOR_MSG_ID","1"
"LABOR_MSG_DTL_CRIT","LABOR_MSG_CRIT_IND_4","NONUNIQUE","LABOR_MSG_DTL_ID","1"
"LABOR_MSG_DTL_CRIT","LABOR_MSG_CRIT_IND_4","NONUNIQUE","TRAN_NBR","2"
"LABOR_MSG_DTL_CRIT","LABOR_MSG_CRIT_IND_4","NONUNIQUE","CRIT_SEQ_NBR","3"
"LABOR_MSG_DTL_CRIT","LABOR_MSG_CRIT_IND_4","NONUNIQUE","CRIT_TYPE","4"
"LABOR_MSG_DTL_CRIT","LABOR_MSG_CRIT_IND_4","NONUNIQUE","CRIT_VAL","5"
"LABOR_MSG_DTL_CRIT","LABOR_MSG_CRIT_IND_4","NONUNIQUE","WHSE","6"
"LABOR_MSG_DTL_CRIT","LABOR_MSG_DTL_CRIT_IND_1","NONUNIQUE","LABOR_MSG_DTL_ID","1"
"LABOR_MSG_DTL_CRIT","LABOR_MSG_DTL_CRIT_IND_1","NONUNIQUE","TRAN_NBR","2"
"LABOR_MSG_DTL_CRIT","LABOR_MSG_DTL_CRIT_IND_1","NONUNIQUE","WHSE","3"
"LABOR_MSG_DTL_CRIT","LABOR_MSG_DTL_CRIT_IND_2","NONUNIQUE","TRAN_NBR","1"
"LABOR_MSG_DTL_CRIT","LABOR_MSG_DTL_CRIT_PK","UNIQUE","LABOR_MSG_DTL_CRIT_ID","1"
"LABOR_MSG_DTL_CRIT","TM_LABOR_MSG_CRIT_IDX1","NONUNIQUE","LABOR_MSG_DTL_ID","1"
"LABOR_MSG_MONITOR","LABOR_MSG_MONITOR_PK","UNIQUE","LABOR_MSG_MONITOR_ID","1"
"LABOR_MSG_MONITOR","PE_WMLM_LABOR_MSG_MON_IDX_1","NONUNIQUE","LABOR_MSG_ID","1"
"LABOR_MSG_MONITOR","PE_WMLM_LABOR_MSG_MON_IDX_2","NONUNIQUE","MATCHED_LABOR_TRAN_ID","1"
"LABOR_MSG_MONITOR","PE_WMLM_LABOR_MSG_MON_IDX_3","NONUNIQUE","LABOR_MSG_ID","1"
"LABOR_MSG_MONITOR","PE_WMLM_LABOR_MSG_MON_IDX_3","NONUNIQUE","STATUS","2"
"LABOR_MSG_MONITOR","PE_WMLM_LABOR_MSG_MON_IDX_3","NONUNIQUE","MATCHED_LABOR_TRAN_ID","3"
"LABOR_MSG_TRACKING","LABOR_MSG_TRACKING_IDX2","NONUNIQUE","LOGIN_USER_ID","1"
"LABOR_MSG_TRACKING","LABOR_MSG_TRACKING_IDX3","NONUNIQUE","WHSE","1"
"LABOR_MSG_TRACKING","LABOR_MSG_TRACKING_PK","UNIQUE","LABOR_MSG_ID","1"
"LABOR_TRAN","LABOR_TRAN_PK","UNIQUE","LABOR_TRAN_ID","1"
"LABOR_TRAN","LBR_TRAN_PRC_NORMAL_INDX","NONUNIQUE","STATUS","1"
"LABOR_TRAN","LBR_TRAN_PRC_NORMAL_INDX","NONUNIQUE","MSG_STAT_CODE","2"
"LABOR_TRAN","LBR_TRAN_PRC_NORMAL_INDX","NONUNIQUE","WHSE","3"
"LABOR_TRAN","LBR_TRAN_PRC_NORMAL_INDX","NONUNIQUE","LABOR_TRAN_ID","4"
"LABOR_TRAN","LBR_TRAN_PRC_NORMAL_INDX","NONUNIQUE","WAVE_NBR","5"
"LABOR_TRAN","LBR_TRAN_PRC_NORMAL_INDX","NONUNIQUE","LOGIN_USER_ID","6"
"LABOR_TRAN","PE_DM_WMI_TEST_IDX_1","NONUNIQUE","MISC_TXT_2","1"
"LABOR_TRAN","PE_DM_WMI_TEST_IDX_1","NONUNIQUE","CREATED_DTTM","2"
"LABOR_TRAN","PE_DM_WMI_TEST_IDX_1","NONUNIQUE","TASK_NBR","3"
"LABOR_TRAN","PE_DM_WMI_TEST_IDX_1","NONUNIQUE","REF_NBR","4"
"LABOR_TRAN","PE_LABOR_TRAN_IDX2","NONUNIQUE","WAVE_NBR","1"
"LABOR_TRAN","PE_LABOR_TRAN_IDX2","NONUNIQUE","JOB_FUNCTION","2"
"LABOR_TRAN","PE_LABOR_TRAN_IDX2","NONUNIQUE","STATUS","3"
"LABOR_TRAN","PE_LABOR_TRAN_IDX2","NONUNIQUE","WORKFLOW_FLAG","4"
"LABOR_TRAN","PE_LABOR_TRAN_IDX2","NONUNIQUE","MSG_STAT_CODE","5"
"LABOR_TRAN","PE_LABOR_TRAN_IDX2","NONUNIQUE","WHSE","6"
"LABOR_TRAN","PE_LABOR_TRAN_IDX3","NONUNIQUE","WAVE_NBR","1"
"LABOR_TRAN","PE_LABOR_TRAN_IDX3","NONUNIQUE","LEVEL_1","2"
"LABOR_TRAN","PE_LABOR_TRAN_IDX3","NONUNIQUE","STATUS","3"
"LABOR_TRAN","PE_LABOR_TRAN_IDX3","NONUNIQUE","WORKFLOW_FLAG","4"
"LABOR_TRAN","PE_LABOR_TRAN_IDX3","NONUNIQUE","MSG_STAT_CODE","5"
"LABOR_TRAN","PE_LABOR_TRAN_IDX3","NONUNIQUE","WHSE","6"
"LABOR_TRAN","PE_LABOR_TRAN_IDX4","NONUNIQUE","WAVE_NBR","1"
"LABOR_TRAN","PE_LABOR_TRAN_IDX4","NONUNIQUE","LEVEL_2","2"
"LABOR_TRAN","PE_LABOR_TRAN_IDX4","NONUNIQUE","STATUS","3"
"LABOR_TRAN","PE_LABOR_TRAN_IDX4","NONUNIQUE","WORKFLOW_FLAG","4"
"LABOR_TRAN","PE_LABOR_TRAN_IDX4","NONUNIQUE","MSG_STAT_CODE","5"
"LABOR_TRAN","PE_LABOR_TRAN_IDX4","NONUNIQUE","WHSE","6"
"LABOR_TRAN","PE_LABOR_TRAN_IDX5","NONUNIQUE","WAVE_NBR","1"
"LABOR_TRAN","PE_LABOR_TRAN_IDX5","NONUNIQUE","LEVEL_3","2"
"LABOR_TRAN","PE_LABOR_TRAN_IDX5","NONUNIQUE","STATUS","3"
"LABOR_TRAN","PE_LABOR_TRAN_IDX5","NONUNIQUE","WORKFLOW_FLAG","4"
"LABOR_TRAN","PE_LABOR_TRAN_IDX5","NONUNIQUE","MSG_STAT_CODE","5"
"LABOR_TRAN","PE_LABOR_TRAN_IDX5","NONUNIQUE","WHSE","6"
"LABOR_TRAN","PE_LABOR_TRAN_IDX6","NONUNIQUE","WAVE_NBR","1"
"LABOR_TRAN","PE_LABOR_TRAN_IDX6","NONUNIQUE","LEVEL_4","2"
"LABOR_TRAN","PE_LABOR_TRAN_IDX6","NONUNIQUE","STATUS","3"
"LABOR_TRAN","PE_LABOR_TRAN_IDX6","NONUNIQUE","WORKFLOW_FLAG","4"
"LABOR_TRAN","PE_LABOR_TRAN_IDX6","NONUNIQUE","MSG_STAT_CODE","5"
"LABOR_TRAN","PE_LABOR_TRAN_IDX6","NONUNIQUE","WHSE","6"
"LABOR_TRAN","PE_LABOR_TRAN_IDX7","NONUNIQUE","WAVE_NBR","1"
"LABOR_TRAN","PE_LABOR_TRAN_IDX7","NONUNIQUE","LEVEL_5","2"
"LABOR_TRAN","PE_LABOR_TRAN_IDX7","NONUNIQUE","STATUS","3"
"LABOR_TRAN","PE_LABOR_TRAN_IDX7","NONUNIQUE","WORKFLOW_FLAG","4"
"LABOR_TRAN","PE_LABOR_TRAN_IDX7","NONUNIQUE","MSG_STAT_CODE","5"
"LABOR_TRAN","PE_LABOR_TRAN_IDX7","NONUNIQUE","WHSE","6"
"LABOR_TRAN","PE_WMLM_LABOR_TRAN_IDX_2","NONUNIQUE","TRAN_NBR","1"
"LABOR_TRAN","PE_WMLM_LABOR_TRAN_IDX_2","NONUNIQUE","WHSE","2"
"LABOR_TRAN","PE_WMLM_LABOR_TRAN_IDX_2","NONUNIQUE","MSG_STAT_CODE","3"
"LABOR_TRAN","PE_WMLM_LABOR_TRAN_IDX_2","NONUNIQUE","STATUS","4"
"LABOR_TRAN","PE_WMLM_LABOR_TRAN_IDX_3","NONUNIQUE","WHSE","1"
"LABOR_TRAN","PE_WMLM_LABOR_TRAN_IDX_3","NONUNIQUE","REF_NBR","2"
"LABOR_TRAN","PE_WMLM_LABOR_TRAN_IDX_3","NONUNIQUE","REF_CODE","3"
"LABOR_TRAN","PE_WMLM_LABOR_TRAN_IDX_3","NONUNIQUE","MSG_STAT_CODE","4"
"LABOR_TRAN","PE_WMLM_LABOR_TRAN_IDX_3","NONUNIQUE","STATUS","5"
"LABOR_TRAN","TM_LABOR_TRAN_IDX1","NONUNIQUE","TC_COMPANY_ID","1"
"LABOR_TRAN_CRIT","LABOR_TRAN_CRIT_PK","UNIQUE","LABOR_TRAN_CRIT_ID","1"
"LABOR_TRAN_CRIT","TM_LABOR_TRAN_CR_IDX1","NONUNIQUE","LABOR_TRAN_ID","1"
"LABOR_TRAN_DTL","LABOR_TRAN_DTL_PK","UNIQUE","LABOR_TRAN_DTL_ID","1"
"LABOR_TRAN_DTL","TM_LABOR_TRAN_DT_IDX1","NONUNIQUE","LABOR_TRAN_ID","1"
"LABOR_TRAN_DTL","TM_LABOR_TRAN_DT_IDX2","NONUNIQUE","TC_COMPANY_ID","1"
"LABOR_TRAN_DTL_CRIT","LABOR_TRAN_DTL_CRIT_PK","UNIQUE","LABOR_TRAN_DTL_CRIT_ID","1"
"LABOR_TRAN_DTL_CRIT","TM_LABOR_TRAN_CD_IDX1","NONUNIQUE","LABOR_TRAN_DTL_ID","1"
"LABOR_TRAN_TRACKING","LABOR_TRAN_TRK_IDX","NONUNIQUE","WHSE","1"
"LABOR_TRAN_TRACKING","LABOR_TRAN_TRK_IDX","NONUNIQUE","PROCESSED_BY","2"
"LABOR_TRAN_TRACKING","LABOR_TRAN_TRK_IDX2","NONUNIQUE","LABOR_TRAN_ID","1"
"LEAN_TIME_REPL_PARM","LTIMEREPLPARM_FROMLOCN_IDX","NONUNIQUE","FROM_LOCN","1"
"LEAN_TIME_REPL_PARM","LTIMEREPLPARM_TOLOCN_IDX","NONUNIQUE","TO_LOCN","1"
"LEAN_TIME_REPL_PARM","PK_LEAN_TIME_REPL_PARM","UNIQUE","LEAN_TIME_REPL_PARM_ID","1"
"LEAN_TIME_REPL_PARM","UK_LEAN_TIME_REPL_PARM","UNIQUE","PARM_ID","1"
"LEMA_RULEATTRIBUTE","LEMARULEATTR_DOMGRPIDNAME_UDX","UNIQUE","DOMAINGROUPID","1"
"LEMA_RULEATTRIBUTE","LEMARULEATTR_DOMGRPIDNAME_UDX","UNIQUE","NAME","2"
"LEMA_RULEATTRIBUTE","PK_LEMA_RULEATTRIBUTE","UNIQUE","IDENTITY","1"
"LEMA_RULESETRELATION","PK_LEMA_RULESETRELATION","UNIQUE","IDENTITY","1"
"LEMA_RULE_CONF_RES_ATTR","LEMA_RCR_ATTR_UNQ_NAME","UNIQUE","NAME","1"
"LEMA_RULE_CONF_RES_ATTR","LEMA_RUL_ATT_PK","UNIQUE","IDENTITY","1"
"LEMA_RULE_CONF_RES_ATTR_VAL","LEMA_RCR_ATTR_VAL_UNQ_RULE","UNIQUE","RULE_ID","1"
"LEMA_RULE_CONF_RES_ATTR_VAL","LEMA_RCR_ATTR_VAL_UNQ_RULE","UNIQUE","ATTR_ID","2"
"LEMA_RULE_CONF_RES_ATTR_VAL","LEMA_RUL_AT_VAL_PK","UNIQUE","IDENTITY","1"
"LEMA_RULE_CONF_RES_ATTR_VAL","TM_LEMA_RULE_CON_IDX1","NONUNIQUE","ATTR_ID","1"
"LEMA_RULE_CONF_RES_ATTR_VAL","TM_LEMA_RULE_CON_IDX2","NONUNIQUE","RULE_ID","1"
"LEMA_RULE_TEMPLATE","LEMA_RULE_TEMPLATE_UNQ_DNT","UNIQUE","TC_COMPANY_ID","1"
"LEMA_RULE_TEMPLATE","LEMA_RULE_TEMPLATE_UNQ_DNT","UNIQUE","DOMAINGROUPID","2"
"LEMA_RULE_TEMPLATE","LEMA_RULE_TEMPLATE_UNQ_DNT","UNIQUE","NAME","3"
"LEMA_RULE_TEMPLATE","LEMA_RULE_TEMPLATE_UNQ_DNT","UNIQUE","TYPE","4"
"LEMA_RULE_TEMPLATE","LEMA_RUL_TEMP_PK","UNIQUE","IDENTITY","1"
"LEMA_RULE_TEMPLATE","TM_LEMA_RULE_TEM_IDX1","NONUNIQUE","DOMAINGROUPID","1"
"LEMA_RULE_TEMPLATE","TM_LEMA_RULE_TEM_IDX2","NONUNIQUE","TC_COMPANY_ID","1"
"LEMA_WORKFLOW","LEMA_WORKFLOW_UNQ_DOMAIN_NAME","UNIQUE","TC_COMPANY_ID","1"
"LEMA_WORKFLOW","LEMA_WORKFLOW_UNQ_DOMAIN_NAME","UNIQUE","DOMAINGROUPID","2"
"LEMA_WORKFLOW","LEMA_WORKFLOW_UNQ_DOMAIN_NAME","UNIQUE","NAME","3"
"LEMA_WORKFLOW","LEMA_WRKFLW_IDT_PK","UNIQUE","IDENTITY","1"
"LEMA_WORKFLOW","TM_LEMA_WORKFLOW_IDX1","NONUNIQUE","DOMAINGROUPID","1"
"LEMA_WORKFLOW","TM_LEMA_WORKFLOW_IDX2","NONUNIQUE","TC_COMPANY_ID","1"
"LEVEL_TAB","LEVEL_TAB_PK","UNIQUE","LEVEL_NUMBER","1"
"LICENSE_ACTIVE","C_IDX_ACT_RANGE","NONUNIQUE","ITEM_NAME","1"
"LICENSE_ACTIVE","C_IDX_ACT_RANGE","NONUNIQUE","BATCH_NBR","2"
"LICENSE_ACTIVE","C_IDX_ACT_RANGE","NONUNIQUE","LICENSE_DATE_FROM","3"
"LICENSE_ACTIVE","C_IDX_ACT_RANGE","NONUNIQUE","LICENSE_DATE_TO","4"
"LICENSE_ACTIVE","C_PK_L_A_D","UNIQUE","LICENSE_ACT_ID","1"
"LICENSE_MASTER","C_LICM_ITEM","NONUNIQUE","ITEM_NAME","1"
"LICENSE_MASTER","C_LICM_ITEM","NONUNIQUE","LICENSE_DATE_FROM","2"
"LICENSE_MASTER","C_LICM_ITEM","NONUNIQUE","LICENSE_DATE_TO","3"
"LICENSE_MASTER","C_LICM_ITEM","NONUNIQUE","LICENSE_STATUS","4"
"LICENSE_MASTER","C_PK_LICENSE_ID","UNIQUE","LICENSE_ID","1"
"LICENSE_USAGE","PK_LICENSE_USAGE","UNIQUE","LICENSE_USAGE_ID","1"
"LICENSE_USAGE","UK_LICENSE_USAGE","UNIQUE","SESSION_DATE","1"
"LISTENER","LISTENER_IDX_1","NONUNIQUE","LISTENER_NAME","1"
"LISTENER","LISTENER_PK","UNIQUE","LISTENER_ID","1"
"LISTENER_STATUS_DETAIL","LISTENER_STATUS_DETAIL_PK","UNIQUE","LISTENER_STATUS_DETAIL_ID","1"
"LISTENER_STATUS_DETAIL","LISTENE_LISTE_IDX1","NONUNIQUE","LISTENER_ID","1"
"LIST_VIEW","LIST_VIEW_PK","UNIQUE","LIST_VIEW_ID","1"
"LIST_VIEW","LIST_VIEW_UK","UNIQUE","COMPANY_ID","1"
"LIST_VIEW","LIST_VIEW_UK","UNIQUE","USER_NAME","2"
"LIST_VIEW","LIST_VIEW_UK","UNIQUE","SCREEN_NAME","3"
"LIST_VIEW","LIST_VIEW_UK","UNIQUE","VIEW_NAME","4"
"LIST_VIEW_DETAIL","LIST_VIEW_DETAIL_PK","UNIQUE","LIST_VIEW_DETAIL_ID","1"
"LIST_VIEW_DETAIL","LIST_VI_LIST__IDX1","NONUNIQUE","LIST_VIEW_ID","1"
"LITERAL","LITERAL_FK_1_IX","NONUNIQUE","SCREEN_TYPE_ID","1"
"LITERAL","LITERAL_PK","UNIQUE","LITERAL_ID","1"
"LITERAL","LITERAL_UX","UNIQUE","FROM_LITERAL","1"
"LITERAL","LITERAL_UX","UNIQUE","TO_LANG","2"
"LITERAL","LITERAL_UX","UNIQUE","SCREEN_TYPE_ID","3"
"LITERAL","LITERAL_UX","UNIQUE","BU_ID","4"
"LM_MISC_ACTIVITY","PK_LM_MISC_ACTIVITY","UNIQUE","LM_MISC_ACTIVITY_ID","1"
"LM_MONITOR_DFLTS","LMMNTRDFLTS_CDMASID_IDX","NONUNIQUE","CD_MASTER_ID","1"
"LM_MONITOR_DFLTS","LMMNTRDFLTS_INVNCDMASID_IDX","NONUNIQUE","INVN_NEED_TYPE","1"
"LM_MONITOR_DFLTS","LMMNTRDFLTS_INVNCDMASID_IDX","NONUNIQUE","WHSE","2"
"LM_MONITOR_DFLTS","LMMNTRDFLTS_INVNCDMASID_IDX","NONUNIQUE","CD_MASTER_ID","3"
"LM_MONITOR_DFLTS","PK_LM_MONITOR_DFLTS","UNIQUE","LM_MONITOR_DFLTS_ID","1"
"LOADING_TYPE","LOADING_TYPE_PK","UNIQUE","LOADING_TYPE","1"
"LOAD_CONFIGURATION","LOAD_CONFIG_PK","UNIQUE","LOAD_CONFIG_ID","1"
"LOAD_CONFIGURATION","LOAD_CONFIG_SUI_FK_1_IX","NONUNIQUE","SIZE_UOM_ID","1"
"LOAD_CONFIGURATION","TM_LOAD_CONFIGUR_IDX1","NONUNIQUE","TC_COMPANY_ID","1"
"LOAD_TYPE","LOAD_TYPE_PK","UNIQUE","LOAD_TYPE","1"
"LOCATION_RANGE","IDX_LOCATION_RANGE_RACK_TYPE","NONUNIQUE","RACK_TYPE","1"
"LOCATION_RANGE","PK_LOCATION_RANGE","UNIQUE","SLOT_RANGE","1"
"LOCK_CODE_PERMISSION","CODE_ID_UK","UNIQUE","CODE_ID","1"
"LOCK_CODE_PERMISSION","LOCK_CODE_PERMISSION_ID_PK","UNIQUE","LOCK_CODE_PERMISSION_ID","1"
"LOCK_CODE_PERMISSION","PERMISSION_CODE_UK","UNIQUE","PERMISSION_CODE","1"
"LOCK_STATUS","LOCK_STATUS_PK","UNIQUE","LOCK_STATUS","1"
"LOCN_GRP","PK_LOCN_GRP","UNIQUE","LOCN_GRP_ID","1"
"LOCN_GRP","TM_LOCN_GRP_IDX1","NONUNIQUE","LOCN_HDR_ID","1"
"LOCN_GRP","TM_LOCN_GRP_IDX2","NONUNIQUE","LOCN_ID","1"
"LOCN_GRP","UK_LOCN_GRP","UNIQUE","LOCN_ID","1"
"LOCN_GRP","UK_LOCN_GRP","UNIQUE","GRP_TYPE","2"
"LOCN_SIZE_TYPE","PK_LOCN_SIZE_TYPE1","UNIQUE","LOCN_SIZE_TYPE_ID","1"
"LOCN_SIZE_TYPE","UK_LOCN_SIZE_TYPE1","UNIQUE","WHSE","1"
"LOCN_SIZE_TYPE","UK_LOCN_SIZE_TYPE1","UNIQUE","LOCN_SIZE_TYPE","2"
"LOCN_WIZ_DTL","LOCNWIZDTL_LOCNPARMSEQ_IDX","UNIQUE","LOCN_PARM_ID","1"
"LOCN_WIZ_DTL","LOCNWIZDTL_LOCNPARMSEQ_IDX","UNIQUE","LOCN_SEQ_NBR","2"
"LOCN_WIZ_DTL","LOCNWIZDTL_LOCNPARMSEQ_IDX","UNIQUE","LOCN_PROP_TYPE","3"
"LOCN_WIZ_DTL","LOCNWIZDTL_LOCNPARMSEQ_IDX","UNIQUE","LOCN_PRO_ATTR_TYPE","4"
"LOCN_WIZ_DTL","PK_LOCN_WIZ_DTL","UNIQUE","LOCN_WIZ_DTL_ID","1"
"LOCN_WIZ_DTL","TM_LOCN_WIZ_DTL_IDX1","NONUNIQUE","LOCN_PARM_ID","1"
"LOCN_WIZ_DTL","TM_LOCN_WIZ_DTL_IDX1","NONUNIQUE","LOCN_SEQ_NBR","2"
"LOCN_WIZ_HDR","PK_LOCN_WIZ_HDR","UNIQUE","LOCN_WIZ_HDR_ID","1"
"LOCN_WIZ_HDR","UK_LOCN_WIZ_HDR","UNIQUE","LOCN_PARM_ID","1"
"LOCN_WIZ_HDR","UK_LOCN_WIZ_HDR","UNIQUE","LOCN_SEQ_NBR","2"
"LOGCOM","IX_LOGCOM","UNIQUE","ID","1"
"LOGKEYWORDS","IX_LOGKEYWORDS","NONUNIQUE","KEYWORD","1"
"LOGKEYWORDS","IX_LOGKEYWORDS","NONUNIQUE","LANGUAGE","2"
"LOGRECORDS","IX_LOGRECORDS","UNIQUE","ID","1"
"LOGRECORDS","IX_LOGRECORDS_WHENOCCURRED","NONUNIQUE","WHENOCCURRED","1"
"LOGSESSION","IX_LOGSESSION","UNIQUE","ID","1"
"LOGSTACKTRACE","IX_LOGSTACKTRACE","UNIQUE","ID","1"
"LOGSUBSTITUTIONVALUES","IX_LOGSUBSTITUTIONVALUES","UNIQUE","ID","1"
"LOGSUBSTITUTIONVALUES","IX_LOGSUBSTITUTIONVALUES","UNIQUE","SUBINDEX","2"
"LOOKUP","LOOKUP_PK","UNIQUE","LOOKUP_ID","1"
"LPN","LPN_ALLOC_INV_DTL_IDX1","NONUNIQUE","TC_PARENT_LPN_ID","1"
"LPN","LPN_ALLOC_INV_DTL_IDX1","NONUNIQUE","INBOUND_OUTBOUND_INDICATOR","2"
"LPN","LPN_ALLOC_INV_DTL_IDX1","NONUNIQUE","LPN_TYPE","3"
"LPN","LPN_ALLOC_INV_DTL_IDX2","NONUNIQUE","TC_LPN_ID","1"
"LPN","LPN_ALLOC_INV_DTL_IDX2","NONUNIQUE","INBOUND_OUTBOUND_INDICATOR","2"
"LPN","LPN_ALLOC_INV_DTL_IDX2","NONUNIQUE","LPN_TYPE","3"
"LPN","LPN_ASN_IDX","NONUNIQUE","ASN_ID","1"
"LPN","LPN_CONS_RUN_ID_IDX","NONUNIQUE","CONS_RUN_ID","1"
"LPN","LPN_CURR_SUB_LOCN_IDX","NONUNIQUE","CURR_SUB_LOCN_ID","1"
"LPN","LPN_C_FAC_IDX1","NONUNIQUE","C_FACILITY_ALIAS_ID","1"
"LPN","LPN_D_FAC_IDX1","NONUNIQUE","D_FACILITY_ALIAS_ID","1"
"LPN","LPN_EPI_MASIF_IDX","NONUNIQUE","EPI_MANIFEST_ID","1"
"LPN","LPN_ITEMID_IDX","NONUNIQUE","ITEM_ID","1"
"LPN","LPN_MNFST_IDX","NONUNIQUE","MANIFEST_NBR","1"
"LPN","LPN_OFACA_IDX1","NONUNIQUE","O_FACILITY_ALIAS_ID","1"
"LPN","LPN_OFAC_IDX1","NONUNIQUE","O_FACILITY_ID","1"
"LPN","LPN_ORD_IDX","NONUNIQUE","ORDER_ID","1"
"LPN","LPN_ORD_SPLT_IDX","NONUNIQUE","ORDER_SPLIT_ID","1"
"LPN","LPN_PACKTP_FK_1_IX","NONUNIQUE","PACKAGE_TYPE_ID","1"
"LPN","LPN_PACKWAVEPARM_IDX","NONUNIQUE","PACK_WAVE_NBR","1"
"LPN","LPN_PARENT_IDX","NONUNIQUE","PARENT_LPN_ID","1"
"LPN","LPN_PK","UNIQUE","LPN_ID","1"
"LPN","LPN_PLAN_LOAD_ID_IDX","NONUNIQUE","PLAN_LOAD_ID","1"
"LPN","LPN_POID_IDX","NONUNIQUE","PURCHASE_ORDERS_ID","1"
"LPN","LPN_RCVD_ASNID_IDX","NONUNIQUE","PLANNED_TC_ASN_ID","1"
"LPN","LPN_REF_IDX","NONUNIQUE","TC_REFERENCE_LPN_ID","1"
"LPN","LPN_SHPID_IDX","NONUNIQUE","SHIPMENT_ID","1"
"LPN","LPN_SI_IDX1","NONUNIQUE","LPN_ID","1"
"LPN","LPN_SI_IDX1","NONUNIQUE","LPN_FACILITY_STATUS","2"
"LPN","LPN_SI_IDX1","NONUNIQUE","C_FACILITY_ID","3"
"LPN","LPN_SI_IDX1","NONUNIQUE","CURR_SUB_LOCN_ID","4"
"LPN","LPN_SI_IDX1","NONUNIQUE","TC_PARENT_LPN_ID","5"
"LPN","LPN_SI_IDX1","NONUNIQUE","INBOUND_OUTBOUND_INDICATOR","6"
"LPN","LPN_SPLITLPN_IX","NONUNIQUE","SPLIT_LPN_ID","1"
"LPN","LPN_STAGE_IND_IDX","NONUNIQUE","STAGE_INDICATOR","1"
"LPN","LPN_TCASN_IDX","NONUNIQUE","TC_ASN_ID","1"
"LPN","LPN_TCASN_IDX","NONUNIQUE","TC_COMPANY_ID","2"
"LPN","LPN_TCASN_IDX","NONUNIQUE","LPN_ID","3"
"LPN","LPN_TCPOID_IDX","NONUNIQUE","TC_PURCHASE_ORDERS_ID","1"
"LPN","LPN_TCSHPID_IDX","NONUNIQUE","TC_SHIPMENT_ID","1"
"LPN","LPN_VCINTRNID_IDX","NONUNIQUE","VOCO_INTRN_REVERSE_ID","1"
"LPN","LPN_WAVENBR_CFAC_IDX","NONUNIQUE","WAVE_NBR","1"
"LPN","LPN_WAVENBR_CFAC_IDX","NONUNIQUE","C_FACILITY_ID","2"
"LPN","PE_INT_LPN_IDX","NONUNIQUE","INTERNAL_ORDER_ID","1"
"LPN","PE_INT_LPN_IDX","NONUNIQUE","LPN_ID","2"
"LPN","PE_LPN_CFAC_IX","NONUNIQUE","INBOUND_OUTBOUND_INDICATOR","1"
"LPN","PE_LPN_CFAC_IX","NONUNIQUE","TC_COMPANY_ID","2"
"LPN","PE_LPN_CFAC_IX","NONUNIQUE","C_FACILITY_ID","3"
"LPN","PE_LPN_CFAC_IX","NONUNIQUE","D_FACILITY_ID","4"
"LPN","PE_LPN_CFAC_IX","NONUNIQUE","LPN_FACILITY_STATUS","5"
"LPN","PE_LPN_CFAC_IX","NONUNIQUE","LPN_ID","6"
"LPN","PE_LPN_CFAC_IX","NONUNIQUE","TC_LPN_ID","7"
"LPN","PE_LPN_DESTSUBLOCNINDX_IDX","NONUNIQUE","DEST_SUB_LOCN_ID","1"
"LPN","PE_LPN_MPX_IDX1","NONUNIQUE","MASTER_PACK_ID","1"
"LPN","PE_LPN_MPX_IDX1","NONUNIQUE","C_FACILITY_ID","2"
"LPN","PE_LPN_MPX_IDX1","NONUNIQUE","INBOUND_OUTBOUND_INDICATOR","3"
"LPN","PE_LPN_MPX_IDX1","NONUNIQUE","LPN_TYPE","4"
"LPN","PE_LPN_MPX_IDX1","NONUNIQUE","LOAD_SEQUENCE","5"
"LPN","PE_LPN_TCORD_IX","NONUNIQUE","TC_ORDER_ID","1"
"LPN","PE_LPN_TCORD_IX","NONUNIQUE","LPN_FACILITY_STATUS","2"
"LPN","PE_LPN_TCORD_IX","NONUNIQUE","C_FACILITY_ID","3"
"LPN","PE_LPN_TCORD_IX","NONUNIQUE","INBOUND_OUTBOUND_INDICATOR","4"
"LPN","PE_LPN_TCORD_IX","NONUNIQUE","STAGE_INDICATOR","5"
"LPN","TC_LPN_IUDX","UNIQUE","TC_COMPANY_ID","1"
"LPN","TC_LPN_IUDX","UNIQUE","TC_LPN_ID","2"
"LPN","TC_LPN_IUDX","UNIQUE","INBOUND_OUTBOUND_INDICATOR","3"
"LPN","TC_LPN_IUDX","UNIQUE","C_FACILITY_ID","4"
"LPN","TM_LPN_IDX1","NONUNIQUE","C_FACILITY_ALIAS_ID","1"
"LPN","TM_LPN_IDX1","NONUNIQUE","C_FACILITY_ID","2"
"LPN","TM_LPN_IDX2","NONUNIQUE","D_FACILITY_ALIAS_ID","1"
"LPN","TM_LPN_IDX2","NONUNIQUE","D_FACILITY_ID","2"
"LPN","TM_LPN_IDX3","NONUNIQUE","LPN_FACILITY_STATUS","1"
"LPN","TM_LPN_IDX3","NONUNIQUE","INBOUND_OUTBOUND_INDICATOR","2"
"LPN","TM_LPN_IDX4","NONUNIQUE","LPN_SIZE_TYPE_ID","1"
"LPN","TM_LPN_IDX5","NONUNIQUE","O_FACILITY_ALIAS_ID","1"
"LPN","TM_LPN_IDX5","NONUNIQUE","O_FACILITY_ID","2"
"LPN","TM_LPN_IDX6","NONUNIQUE","TC_COMPANY_ID","1"
"LPN","TM_LPN_IDX7","NONUNIQUE","VERSION_NBR","1"
"LPN","XREF_OLPN_IDX1","NONUNIQUE","XREF_OLPN","1"
"LPN_ACCESSORIAL","LPNACC_LPNID_IDX","NONUNIQUE","LPN_ID","1"
"LPN_ACCESSORIAL","PK_LPN_ACCESSORIAL","UNIQUE","LPN_ACCESSORIAL_ID","1"
"LPN_ADDRESS","LPNADDR_LPN_IDX","NONUNIQUE","TC_LPN_NBR","1"
"LPN_ADDRESS","LPN_ADDRESS_PK","UNIQUE","LPN_ID","1"
"LPN_ATTRIBUTE","LPN_ATTR_PK","UNIQUE","LPN_ID","1"
"LPN_ATTRIBUTE","LPN_ATTR_PK","UNIQUE","ATTRIBUTE_NAME","2"
"LPN_ATTRIBUTE","LPN_ATTR_PK","UNIQUE","ATTRIBUTE_SEQ","3"
"LPN_AUDIT_RESULTS","PK_LPN_AUDIT_RESULTS","UNIQUE","LPN_AUDIT_RESULTS_ID","1"
"LPN_CATCH_WEIGHT","LPNCATW_LPN_IDX","NONUNIQUE","LPN_ID","1"
"LPN_CATCH_WEIGHT","LPNCATW_LPN_IDX","NONUNIQUE","LPN_DETAIL_ID","2"
"LPN_CATCH_WEIGHT","LPN_CATCH_WHT_PK","UNIQUE","LPN_CATCH_WEIGHT_ID","1"
"LPN_DETAIL","LPNDLT_ITEM_IDX","NONUNIQUE","ITEM_ID","1"
"LPN_DETAIL","LPNDLT_PO_IDX","NONUNIQUE","PURCHASE_ORDERS_ID","1"
"LPN_DETAIL","LPNDLT_PO_IDX","NONUNIQUE","PURCHASE_ORDERS_LINE_ID","2"
"LPN_DETAIL","LPNDLT_TCCPO_IDX","NONUNIQUE","TC_PURCHASE_ORDERS_ID","1"
"LPN_DETAIL","LPNDLT_TCCPO_IDX","NONUNIQUE","TC_PURCHASE_ORDERS_LINE_ID","2"
"LPN_DETAIL","LPN_DETAIL_LPN_NBR_ID_IDX","NONUNIQUE","LPN_ID","1"
"LPN_DETAIL","LPN_DETAIL_LPN_NBR_ID_IDX","NONUNIQUE","BATCH_NBR","2"
"LPN_DETAIL","LPN_DETAIL_PK","UNIQUE","LPN_ID","1"
"LPN_DETAIL","LPN_DETAIL_PK","UNIQUE","LPN_DETAIL_ID","2"
"LPN_DETAIL","PE_LPN_ORLN_IX","NONUNIQUE","DISTRIBUTION_ORDER_DTL_ID","1"
"LPN_DETAIL","PE_LPN_ORLN_IX","NONUNIQUE","LPN_ID","2"
"LPN_DETAIL","PE_LPN_ORLN_IX","NONUNIQUE","ITEM_ID","3"
"LPN_DETAIL","TM_LPN_DETAIL_IDX1","NONUNIQUE","LPN_ID","1"
"LPN_DETAIL","TM_LPN_DETAIL_IDX1","NONUNIQUE","ITEM_ID","2"
"LPN_DETAIL_ATTRIBUTE","LPNDTL_ATTR_PK","UNIQUE","LPN_ID","1"
"LPN_DETAIL_ATTRIBUTE","LPNDTL_ATTR_PK","UNIQUE","LPN_DETAIL_ID","2"
"LPN_DETAIL_ATTRIBUTE","LPNDTL_ATTR_PK","UNIQUE","ATTRIBUTE_SEQ","3"
"LPN_DETAIL_ATTRIBUTE","LPNDTL_ATTR_PK","UNIQUE","ATTRIBUTE_NAME","4"
"LPN_DISP_METHOD_PRTY","PK_LPN_DISP_METHOD_PRTY","UNIQUE","LPN_DISP_METHOD_PRTY_ID","1"
"LPN_DISP_METHOD_PRTY","TM_LPN_DISP_METHOD_PRTY_IDX1","NONUNIQUE","EVENT_PARM_ID","1"
"LPN_DISP_METHOD_PRTY","TM_LPN_DISP_METHOD_PRTY_IDX1","NONUNIQUE","RULE_ID","2"
"LPN_DISP_METHOD_PRTY","TM_LPN_DISP_METHOD_PRTY_IDX2","NONUNIQUE","EVENT_RULE_PARM_ID","1"
"LPN_DISP_METHOD_PRTY","UK_LPN_DISP_METHOD_PRTY","UNIQUE","EVENT_PARM_ID","1"
"LPN_DISP_METHOD_PRTY","UK_LPN_DISP_METHOD_PRTY","UNIQUE","RULE_ID","2"
"LPN_DISP_METHOD_PRTY","UK_LPN_DISP_METHOD_PRTY","UNIQUE","DISP_METHOD_PRTY","3"
"LPN_EVENT","LPN_EVENT_PK","UNIQUE","LPN_EVENT_ID","1"
"LPN_EVENT","TM_LPN_EVENT_IDX1","NONUNIQUE","LPN_ID","1"
"LPN_EVENT","TM_LPN_EVENT_IDX1","NONUNIQUE","LPN_DETAIL_ID","2"
"LPN_FACILITY_STATUS","LPN_FAC_STAT_PK","UNIQUE","LPN_FACILITY_STATUS","1"
"LPN_FACILITY_STATUS","LPN_FAC_STAT_PK","UNIQUE","INBOUND_OUTBOUND_INDICATOR","2"
"LPN_LOCK","LPNLOCK_LPNID_IDX","NONUNIQUE","LPN_ID","1"
"LPN_LOCK","LPNLOCK_LPNID_IDX","NONUNIQUE","INVENTORY_LOCK_CODE","2"
"LPN_LOCK","LPN_LOCK_PK","UNIQUE","LPN_LOCK_ID","1"
"LPN_LOCK","PE_LPN_LOCK_IX1","NONUNIQUE","TC_LPN_ID","1"
"LPN_LOCK","PE_LPN_LOCK_IX1","NONUNIQUE","REASON_CODE","2"
"LPN_MOVEMENT","LPNMVT_IDX","NONUNIQUE","LPN_ID","1"
"LPN_MOVEMENT","LPNMVT_ORD_IDX","NONUNIQUE","ORDER_ID","1"
"LPN_MOVEMENT","LPNMVT_PO_IDX","NONUNIQUE","PURCHASE_ORDERS_ID","1"
"LPN_MOVEMENT","LPNMVT_SHP_IDX","NONUNIQUE","SHIPMENT_ID","1"
"LPN_MOVEMENT","LPNMVT_TCLPN_IDX","NONUNIQUE","TC_LPN_ID","1"
"LPN_MOVEMENT","LPNMVT_TCORD_IDX","NONUNIQUE","TC_ORDER_ID","1"
"LPN_MOVEMENT","LPNMVT_TCPO_IDX","NONUNIQUE","TC_PURCHASE_ORDERS_ID","1"
"LPN_MOVEMENT","LPNMVT_TCSHP_IDX","NONUNIQUE","TC_SHIPMENT_ID","1"
"LPN_MOVEMENT","LPN_MOVD_FACA_IDX1","NONUNIQUE","D_FACILITY_ID","1"
"LPN_MOVEMENT","LPN_MOVD_FAC_IDX1","NONUNIQUE","D_FACILITY_ALIAS_ID","1"
"LPN_MOVEMENT","LPN_MOVO_FACA_IDX1","NONUNIQUE","O_FACILITY_ID","1"
"LPN_MOVEMENT","LPN_MOVO_FAC_IDX1","NONUNIQUE","O_FACILITY_ALIAS_ID","1"
"LPN_MOVEMENT","LPN_MVMNT_PK","UNIQUE","LPN_MOVEMENT_ID","1"
"LPN_MOVEMENT","PE_LPNMVT_ASN_IX","NONUNIQUE","ASN_ID","1"
"LPN_MOVEMENT","PE_LPNMVT_TCASN_IX","NONUNIQUE","TC_ASN_ID","1"
"LPN_MOVEMENT","PE_LPNMVT_TCASN_IX","NONUNIQUE","LPN_ID","2"
"LPN_MOVEMENT","TM_LPN_MOVEMENT_IDX1","NONUNIQUE","D_FACILITY_ALIAS_ID","1"
"LPN_MOVEMENT","TM_LPN_MOVEMENT_IDX1","NONUNIQUE","D_FACILITY_ID","2"
"LPN_MOVEMENT","TM_LPN_MOVEMENT_IDX2","NONUNIQUE","O_FACILITY_ALIAS_ID","1"
"LPN_MOVEMENT","TM_LPN_MOVEMENT_IDX2","NONUNIQUE","O_FACILITY_ID","2"
"LPN_MOVEMENT","TM_LPN_MOVEMENT_IDX3","NONUNIQUE","PARENT_LPN_ID","1"
"LPN_NOTES","LPN_NOTES_PK","UNIQUE","LPN_ID","1"
"LPN_NOTES","LPN_NOTES_PK","UNIQUE","COMMENT_SEQ_NBR","2"
"LPN_NOTES","TM_LPN_NOTES_IDX1","NONUNIQUE","LPN_ID","1"
"LPN_SHIPPABLE_TYPE","LPN_STYPE_PK","UNIQUE","LPN_SHIPPABLE_TYPE","1"
"LPN_SIZE_TYPE","LPN_SIZE_TYPE_PK","UNIQUE","LPN_SIZE_TYPE_ID","1"
"LPN_SIZE_TYPE","PE_LPNSIZETYPE_IX1","NONUNIQUE","FACILITY_ID","1"
"LPN_SIZE_TYPE","PE_LPNSIZETYPE_IX1","NONUNIQUE","TC_COMPANY_ID","2"
"LPN_SIZE_TYPE","PE_LPNSIZETYPE_IX1","NONUNIQUE","LPN_SIZE_TYPE","3"
"LPN_SIZE_TYPE","PE_LPNSIZETYPE_IX1","NONUNIQUE","LPN_SIZE_TYPE_ID","4"
"LPN_SIZE_TYPE","TM_LPN_SIZE_TYPE_IDX1","NONUNIQUE","FACILITY_ID","1"
"LPN_STATUS","LPN_STATUS_PK","UNIQUE","LPN_STATUS","1"
"LPN_TYPE","LPN_TYPE_PK","UNIQUE","LPN_TYPE","1"
"LRF_EVENT","LRF_EVENT_PK","UNIQUE","LRF_EVENT_ID","1"
"LRF_EVENT","TM_LRF_EVENT_IDX","NONUNIQUE","EVENT_ID","1"
"LRF_EVENT_HISTORY","LRF_EVENT_HISTORY_PK","UNIQUE","LRF_EVENT_ID","1"
"LRF_EVENT_HISTORY","LRF_EVENT_HIST_IDX1","NONUNIQUE","EVENT_ID","1"
"LRF_LISTENER_CONFIG","LRF_LISTENER_CONFIG_PK","UNIQUE","QUEUE_NAME","1"
"LRF_PRINT_STATUS","LRF_PRINT_STATUS_PK","UNIQUE","STAT_CODE","1"
"LRF_PRT_QUEUE","LRF_PRT_BUSIN_IDX1","NONUNIQUE","BUSINESS_PARTNER_ID","1"
"LRF_PRT_QUEUE","LRF_PRT_QUEUE_PK","UNIQUE","PRT_Q_ID","1"
"LRF_PRT_QUEUE","TM_LRF_PRT_QUEUE_IDX1","NONUNIQUE","COMPANY_ID","1"
"LRF_PRT_QUEUE","TM_LRF_PRT_QUEUE_IDX2","NONUNIQUE","COMPANY_ID","1"
"LRF_PRT_QUEUE","TM_LRF_PRT_QUEUE_IDX2","NONUNIQUE","BUSINESS_PARTNER_ID","2"
"LRF_PRT_QUEUE_DEST","LRF_PRT_QUEUE_DEST_PK","UNIQUE","PRT_QUEUE_DEST_ID","1"
"LRF_PRT_QUEUE_DEST","TM_LRF_PRT_QUED_IDX1","NONUNIQUE","PRT_Q_ID","1"
"LRF_PRT_QUEUE_DEST","TM_LRF_PRT_QUED_IDX2","NONUNIQUE","PRT_REQSTR_ID","1"
"LRF_PRT_QUEUE_SERVICE","LRF_PRT_QUEUE_SERVICE_PK","UNIQUE","PRT_QUEUE_SERVICE_ID","1"
"LRF_PRT_QUEUE_SERVICE","TM_LRF_PRT_QS_IDX1","NONUNIQUE","PRT_Q_ID","1"
"LRF_PRT_QUEUE_SERVICE","TM_LRF_PRT_QS_IDX2","NONUNIQUE","REPORT_DEF_ID","1"
"LRF_PRT_Q_TYPES","LRF_PRT_Q_TYPES_PK","UNIQUE","PRT_Q_TYPE","1"
"LRF_PRT_REQUESTOR","LRF_PRT_REQUESTOR_PK","UNIQUE","PRT_REQSTR_ID","1"
"LRF_REPORT","LRF_REPORT_PK","UNIQUE","REPORT_ID","1"
"LRF_REPORT","LRF_REPORT_PK","UNIQUE","COMPANY_ID","2"
"LRF_REPORT","PE_LRF_REPORT_IDX1","NONUNIQUE","RPT_OUTPT_PATH","1"
"LRF_REPORT","TM_LRF_REPORT_IDX1","NONUNIQUE","EVENT_ID","1"
"LRF_REPORT","TM_LRF_REPORT_IDX2","NONUNIQUE","REPORT_DEF_ID","1"
"LRF_REPORT_AUDIT","LRF_REPORT_AUDIT_PK","UNIQUE","LRF_REPORT_AUDIT_ID","1"
"LRF_REPORT_AUDIT","LRF_RPT_AUDIT_CRTDTTM_INDX","NONUNIQUE","CREATED_DTTM","1"
"LRF_REPORT_AUDIT","PE_LRF_AUDIT_EVTID","NONUNIQUE","EVENT_ID","1"
"LRF_REPORT_AUDIT_HISTORY","LRF_REPORT_AUDIT_HIST_INDX1","NONUNIQUE","LRF_REPORT_AUDIT_ID","1"
"LRF_REPORT_HISTORY","LRF_REPORT_HISTORY_PK","UNIQUE","REPORT_ID","1"
"LRF_REPORT_HISTORY","LRF_REPORT_HISTORY_PK","UNIQUE","COMPANY_ID","2"
"LRF_REPORT_HISTORY","LRF_REPORT_HIST_IDX1","NONUNIQUE","EVENT_ID","1"
"LRF_REPORT_PARAM_VALUE","LRFRPPRVL_LRFRPT_FK_1_IX","NONUNIQUE","COMPANY_ID","1"
"LRF_REPORT_PARAM_VALUE","LRFRPPRVL_LRFRPT_FK_1_IX","NONUNIQUE","REPORT_ID","2"
"LRF_REPORT_PARAM_VALUE","LRF_RPT_PARAM_VALUE_PK","UNIQUE","REP_PARAM_ID","1"
"LRF_REPORT_PARAM_VALUE","LRF_RPT_PARAM_VALUE_PK","UNIQUE","REPORT_ID","2"
"LRF_REPORT_PARAM_VALUE","LRF_RPT_PARAM_VALUE_PK","UNIQUE","COMPANY_ID","3"
"LRF_REPORT_PARAM_VALUE","TM_LRF_REPORT_PA_IDX1","NONUNIQUE","REPORT_ID","1"
"LRF_REPORT_PARAM_VALUE","TM_LRF_REPORT_PA_IDX1","NONUNIQUE","COMPANY_ID","2"
"LRF_REPORT_PARAM_VALUE_DTL","LRFREPORTPARAMVALUEDTL_PK","UNIQUE","REPORT_PARAM_VALUE_DTL_ID","1"
"LRF_REPORT_PARAM_VALUE_DTL","LRFRPDPRMVDTL_FK_1_IX","NONUNIQUE","COMPANY_ID","1"
"LRF_REPORT_PARAM_VALUE_DTL","LRFRPDPRMVDTL_FK_1_IX","NONUNIQUE","REPORT_ID","2"
"LRF_REPORT_PARAM_VALUE_DTL","LRFRPDPRMVDTL_FK_1_IX","NONUNIQUE","REP_PARAM_ID","3"
"LRF_REPORT_PARAM_VALUE_DTL","LRF_REP_COMIDX_IDX1","NONUNIQUE","COMPANY_ID","1"
"LRF_REPORT_PARAM_VALUE_DTL","LRF_REP_PVD_P_IDX1","NONUNIQUE","REP_PARAM_ID","1"
"LRF_REPORT_PARAM_VALUE_DTL","LRF_REP_REPOR_IDX1","NONUNIQUE","REPORT_ID","1"
"LRF_REPORT_PARAM_VALUE_DTL","TM_LRF_RP_PVD_IDX1","NONUNIQUE","REP_PARAM_ID","1"
"LRF_REPORT_PARAM_VALUE_DTL","TM_LRF_RP_PVD_IDX1","NONUNIQUE","REPORT_ID","2"
"LRF_REPORT_PARAM_VALUE_DTL","TM_LRF_RP_PVD_IDX1","NONUNIQUE","COMPANY_ID","3"
"LRF_REPORT_PARAM_VALUE_HISTORY","LRF_REPORT_PARAM_VALUE_HIST_PK","UNIQUE","REP_PARAM_ID","1"
"LRF_REPORT_PARAM_VALUE_HISTORY","LRF_REPORT_PARAM_VALUE_HIST_PK","UNIQUE","REPORT_ID","2"
"LRF_REPORT_PARAM_VALUE_HISTORY","LRF_REPORT_PARAM_VALUE_HIST_PK","UNIQUE","COMPANY_ID","3"
"LRF_REP_SCHD_PARAM","LRF_REP_SCHD_PARAM_PK","UNIQUE","REP_SCHD_ID","1"
"LRF_REP_SCHD_PARAM","LRF_REP_SCHD_PARAM_PK","UNIQUE","REP_SCHD_DETAIL_ID","2"
"LRF_REP_SCHD_PARAM","LRF_REP_SCHD_PARAM_PK","UNIQUE","COMPANY_ID","3"
"LRF_REP_SCHD_PARAM_DTL","LRFREPSCHDPARAMDTL_PK","UNIQUE","REP_SCHD_PARAM_DTL_ID","1"
"LRF_REP_SCHD_PARAM_DTL","LRFRPDPRMDTL_LRFRPPRM_FK_1_IX","NONUNIQUE","COMPANY_ID","1"
"LRF_REP_SCHD_PARAM_DTL","LRFRPDPRMDTL_LRFRPPRM_FK_1_IX","NONUNIQUE","REP_SCHD_DETAIL_ID","2"
"LRF_REP_SCHD_PARAM_DTL","LRFRPDPRMDTL_LRFRPPRM_FK_1_IX","NONUNIQUE","REP_SCHD_ID","3"
"LRF_REP_SCHD_PARAM_DTL","LRF_REP_COMPA_IDX1","NONUNIQUE","COMPANY_ID","1"
"LRF_REP_SCHD_PARAM_DTL","LRF_REP_REP_S_IDX1","NONUNIQUE","REP_SCHD_ID","1"
"LRF_REP_SCHD_PARAM_DTL","LRF_REP_SPD_IDX1","NONUNIQUE","REP_SCHD_DETAIL_ID","1"
"LRF_REP_SCHD_PARAM_DTL","TM_LRF_REP_SCHD_IDX1","NONUNIQUE","REP_SCHD_ID","1"
"LRF_REP_SCHD_PARAM_DTL","TM_LRF_REP_SCHD_IDX1","NONUNIQUE","REP_SCHD_DETAIL_ID","2"
"LRF_REP_SCHD_PARAM_DTL","TM_LRF_REP_SCHD_IDX1","NONUNIQUE","COMPANY_ID","3"
"LRF_REP_SCHD_PARAM_DTL_HISTORY","LRF_REP_SCHD_PARAM_DTL_HIST_PK","UNIQUE","REP_SCHD_PARAM_DTL_ID","1"
"LRF_REP_SCHD_PARAM_DTL_HISTORY","LRF_REP_SCHD_PARM_DTL_HIST_IDX","NONUNIQUE","REP_SCHD_ID","1"
"LRF_REP_SCHD_PARAM_DTL_HISTORY","LRF_REP_SCHD_PARM_DTL_HIST_IDX","NONUNIQUE","REP_SCHD_DETAIL_ID","2"
"LRF_REP_SCHD_PARAM_DTL_HISTORY","LRF_REP_SCHD_PARM_DTL_HIST_IDX","NONUNIQUE","COMPANY_ID","3"
"LRF_REP_SCHD_PARAM_HISTORY","LRF_REP_SCHD_PARAM_HISTORY_PK","UNIQUE","REP_SCHD_ID","1"
"LRF_REP_SCHD_PARAM_HISTORY","LRF_REP_SCHD_PARAM_HISTORY_PK","UNIQUE","REP_SCHD_DETAIL_ID","2"
"LRF_REP_SCHD_PARAM_HISTORY","LRF_REP_SCHD_PARAM_HISTORY_PK","UNIQUE","COMPANY_ID","3"
"LRF_RPT_PARM_VALUE_DTL_HISTORY","LRF_RPT_PARM_VALUE_DTL_HIST_PK","UNIQUE","REPORT_PARAM_VALUE_DTL_ID","1"
"LRF_SCHED_EVENT_REPORT","LRF_SCHED_EVENT_RPT_PK","UNIQUE","EVENT_ID","1"
"LRF_SCHED_EVENT_REPORT","LRF_SCHED_EVT_RPT_IDX2","NONUNIQUE","IS_EXECUTED","1"
"LRF_SCHED_EVENT_REPORT","LRF_SCHED_EVT_RPT_IDX2","NONUNIQUE","SCHEDULED_DTTM","2"
"LRF_SCHED_EVENT_REPORT","LRF_SCHED_EVT_RRT_IDX1","NONUNIQUE","SCHEDULED_DTTM","1"
"LRF_SCHED_EVENT_REPORT","LRF_SCHED_EVT_RRT_IDX1","NONUNIQUE","IS_EXECUTED","2"
"LRF_SCHED_EVENT_REPORT","PURGE_IDX_LSER_01","NONUNIQUE","EXECUTED_DTTM","1"
"LRF_SCHED_EVENT_REPORT","PURGE_IDX_LSER_01","NONUNIQUE","IS_EXECUTED","2"
"LRF_SCHED_EVENT_REPORT_HISTORY","LRF_SCHED_EVENT_REPORT_HIST_PK","UNIQUE","EVENT_ID","1"
"LRF_SCHED_EVENT_REPORT_HISTORY","LRF_SCHED_EVENT_RPT_HIST_IDX1","NONUNIQUE","EXECUTED_DTTM","1"
"LRF_SERVER","LRF_SERVER_PK","UNIQUE","SERVER_NAME","1"
"LRF_SERVER_AUDIT","LRF_SERVER_AUDIT_PK","UNIQUE","LRF_SERVER_AUDIT_ID","1"
"LRF_SERVER_CONFIG","CURRENT_SERVER_FK_1_IX","NONUNIQUE","CURRENT_SERVER","1"
"LRF_SERVER_CONFIG","LRF_SERVER_CONFIG_PK","UNIQUE","LRF_SERVER_CONFIG_ID","1"
"LRF_SERVER_CONFIG","LRF_SER_ORIG_IDX1","NONUNIQUE","ORIG_SERVER","1"
"LRF_SERVER_CONFIG_AUDIT","LRF_SERVER_CONFIG_AUDIT_PK","UNIQUE","LRF_SERVER_CONFIG_AUDIT_ID","1"
"LRF_USER_PRO","LRF_USER_PRO_PK","UNIQUE","USER_PRO_ID","1"
"MANH_BRIDGE_SUMMARY","PK_MANH_BRIDGE_SUMMARY","UNIQUE","MANH_BRIDGE_SUMMARY_ID","1"
"MANH_BRIDGE_SUMMARY","UK_MANH_BRIDGE_SUMMARY","UNIQUE","BRIDGE_SUMM_ID","1"
"MANH_DATABASE_OBJECT_LIST","MANH_DATABASE_OBJECT_LIST_PK","UNIQUE","OBJECT_NAME","1"
"MANH_LAYOUTS_MAP","PK_MANH_LAYOUTS_MAP","UNIQUE","MANH_LAYOUTS_MAP_ID","1"
"MANH_LAYOUTS_MAP","UK_MANH_LAYOUTS_MAP","UNIQUE","CUST_CODE","1"
"MANH_LAYOUTS_MAP","UK_MANH_LAYOUTS_MAP","UNIQUE","BASE_FRAME_ID","2"
"MANH_LAYOUTS_MAP","UK_MANH_LAYOUTS_MAP","UNIQUE","CUST_FRAME_ID","3"
"MANH_SEQ_MAPPING","MANH_SEQ_MAPPING_PK","UNIQUE","SEQUENCE_NAME","1"
"MANIFESTED_LPN","MANIFESTEDLPN_MANIFESTID_IDX","NONUNIQUE","MANIFEST_ID","1"
"MANIFESTED_LPN","MANIFESTEDLPN_ORDERID_IDX","NONUNIQUE","ORDER_ID","1"
"MANIFESTED_LPN","MANIFESTEDLPN_SHIPMENTID_IDX","NONUNIQUE","SHIPMENT_ID","1"
"MANIFESTED_LPN","MANIFESTEDLPN_TCOMPANYID_IDX","NONUNIQUE","TC_COMPANY_ID","1"
"MANIFESTED_LPN","PK_MANIFESTED_LPN","UNIQUE","LPN_ID","1"
"MANIFESTED_LPN","TM_MANIFESTED_LPN_IDX1","NONUNIQUE","BILL_TO_FACILITY_ALIAS_ID","1"
"MANIFESTED_LPN","TM_MANIFESTED_LPN_IDX1","NONUNIQUE","BILL_TO_FACILITY_ID","2"
"MANIFESTED_LPN","TM_MANIFESTED_LPN_IDX2","NONUNIQUE","O_FACILITY_ALIAS_ID","1"
"MANIFESTED_LPN","TM_MANIFESTED_LPN_IDX2","NONUNIQUE","O_FACILITY_ID","2"
"MANIFESTED_LPN","TM_MANIFESTED_LPN_IDX3","NONUNIQUE","PARENT_LPN_ID","1"
"MANIFESTED_LPN","TM_MANIFESTED_LPN_IDX4","NONUNIQUE","PLAN_D_FACILITY_ALIAS_ID","1"
"MANIFESTED_LPN","TM_MANIFESTED_LPN_IDX4","NONUNIQUE","PLAN_D_FACILITY_ID","2"
"MANIFESTED_LPN","TM_MANIFESTED_LPN_IDX5","NONUNIQUE","TC_COMPANY_ID","1"
"MANIFESTED_LPN","TM_MANIFESTED_LPN_IDX5","NONUNIQUE","DISTRIBUTION_LEG_SHIP_VIA","2"
"MANIFESTED_LPN","TM_MANIFESTED_LPN_IDX6","NONUNIQUE","TC_COMPANY_ID","1"
"MANIFESTED_LPN","TM_MANIFESTED_LPN_IDX6","NONUNIQUE","LINE_HAUL_SHIP_VIA","2"
"MANIFEST_HDR","MANIFESTHDR_CARRID_IDX","NONUNIQUE","CARRIER_ID","1"
"MANIFEST_HDR","MANIFESTHDR_CCODE_IDX","NONUNIQUE","CURRENCY_CODE","1"
"MANIFEST_HDR","MANIFESTHDR_OFACALIASID_IDX","NONUNIQUE","O_FACILITY_ALIAS_ID","1"
"MANIFEST_HDR","MANIFESTHDR_OFACALIASID_IDX","NONUNIQUE","O_FACILITY_ID","2"
"MANIFEST_HDR","MANIFESTHDR_SHIPMENTID_IDX","NONUNIQUE","SHIPMENT_ID","1"
"MANIFEST_HDR","MANIFESTHDR_TCCOMPID_IDX","NONUNIQUE","TC_COMPANY_ID","1"
"MANIFEST_HDR","MANIFHDR_TCMANIFID_IDX","NONUNIQUE","TC_MANIFEST_ID","1"
"MANIFEST_HDR","MNFST_TYP_FK_1_IX","NONUNIQUE","MANIFEST_TYPE_ID","1"
"MANIFEST_HDR","PK_MANIFEST_HDR","UNIQUE","MANIFEST_ID","1"
"MANIFEST_TYPE","MANIFEST_TYPE_PK","UNIQUE","MANIFEST_TYPE_ID","1"
"MANIFEST_TYPE","MFEST_TYPE_COMP_FK","NONUNIQUE","TC_COMPANY_ID","1"
"MASTER","MASTER_PK","UNIQUE","TNO","1"
"MASTER","MASTER_PK","UNIQUE","TNAME","2"
"MASTER_ORDER_STATUS","MASTER_OST_PK","UNIQUE","MASTER_ORDER_STATUS","1"
"MAX_TF_WINDOW_PARAM","MAX_TF_WIN_PARAM_PK","UNIQUE","MAX_TF_WINDOW_ID","1"
"MAX_TF_WINDOW_PARAM","TM_MAX_TF_WINDOW_PARAM_IDX1","NONUNIQUE","MOVE_TYPE","1"
"MAX_TF_WINDOW_PARAM","TM_MAX_TF_WINDOW_PARAM_IDX2","NONUNIQUE","TC_COMPANY_ID","1"
"MESSAGE_BU_MAPPING","MESSAGE_BU_MAPPING_PK","UNIQUE","MESSAGE_BU_MAPPING_ID","1"
"MESSAGE_BU_MAPPING_DETAILS","MESSAGE_BU_MAPPING_DETAILS_PK","UNIQUE","MESSAGE_BU_MAPPING_DETAILS_ID","1"
"MESSAGE_BU_MAPPING_DETAILS","MSG_BU_MAPPING_DTL_FK1_1_IX","NONUNIQUE","MESSAGE_BU_MAPPING_ID","1"
"MESSAGE_DISPLAY","MESSAGE_DISPLAY_FK_1_IX","NONUNIQUE","SCREEN_TYPE_ID","1"
"MESSAGE_DISPLAY","MESSAGE_DISPLAY_PK","UNIQUE","MESSAGE_DISPLAY_ID","1"
"MESSAGE_DISPLAY","MESSAGE_DISPLAY_UX1","UNIQUE","DISP_KEY","1"
"MESSAGE_DISPLAY","MESSAGE_DISPLAY_UX1","UNIQUE","TO_LANG","2"
"MESSAGE_DISPLAY","MESSAGE_DISPLAY_UX1","UNIQUE","SCREEN_TYPE_ID","3"
"MESSAGE_DISPLAY","MESSAGE_DISPLAY_UX1","UNIQUE","BU_ID","4"
"MESSAGE_MASTER","MESSAGE_MASTER_PE_IDX","NONUNIQUE","BUNDLE_NAME","1"
"MESSAGE_MASTER","MESSAGE_MASTER_PE_IDX","NONUNIQUE","MSG_ID","2"
"MESSAGE_MASTER","MESSAGE_MASTER_PE_IDX","NONUNIQUE","MSG_MODULE","3"
"MESSAGE_MASTER","MESSAGE_MASTER_PK","UNIQUE","MESSAGE_MASTER_ID","1"
"MESSAGE_MASTER","MESSAGE_MASTER_UX1","UNIQUE","BUNDLE_NAME","1"
"MESSAGE_MASTER","MESSAGE_MASTER_UX1","UNIQUE","KEY","2"
"MESSAGE_MASTER","MESSAGE_MASTER_UX2","NONUNIQUE","BUNDLE_NAME","1"
"MESSAGE_MODULE","MESSAGE_MODULE_ID_PK","UNIQUE","MESSAGE_MODULE_ID","1"
"MESSAGE_MODULE","MESSAGE_MODULE_UK","UNIQUE","ILS_MODULE_NAME","1"
"MESSAGE_MODULE","MESSAGE_MODULE_UK","UNIQUE","MESSAGE_MODULE_NAME","2"
"MESSAGE_MODULE","MESSAGE_MODULE_UK","UNIQUE","MESSAGE_MODULE_CODE","3"
"MESSAGE_STORE_INBOUND","MSG_STORE_INBD_PK","UNIQUE","MESSAGE_ID","1"
"MESSAGE_STORE_OUTBOUND","MSG_STORE_OTBD_PK","UNIQUE","MESSAGE_ID","1"
"MESSAGE_TYPE","MESSAGE_TYPE_PK","UNIQUE","MESSAGE_TYPE","1"
"MHE_CONFIG","PK_MHE_CONFIG","UNIQUE","MHE_CONFIG_ID","1"
"MHE_CONFIG","UK1_MHE_CONFIG","UNIQUE","FACILITY_ID","1"
"MHE_CONFIG","UK1_MHE_CONFIG","UNIQUE","MHE_VENDOR","2"
"MHE_ENDPOINT_CONFIG","PK_MHE_ENDPOINT_CONFIG","UNIQUE","MHE_ENDPOINT_CONFIG_ID","1"
"MHE_ENDPOINT_CONFIG","UK1_MHE_ENDPOINT_CONFIG","UNIQUE","EVENT_ID","1"
"MHE_ENDPOINT_CONFIG","UK1_MHE_ENDPOINT_CONFIG","UNIQUE","HOST_NAME","2"
"MHE_ENDPOINT_CONFIG","UK1_MHE_ENDPOINT_CONFIG","UNIQUE","MHE_CONFIG_ID","3"
"MHE_MSG_FORMAT","PK_MHE_MSG_FORMAT","UNIQUE","MHE_MSG_FORMAT_ID","1"
"MHE_MSG_FORMAT","UK_MHE_MSG_FORMAT","UNIQUE","MSG_TYPE","1"
"MHE_MSG_FORMAT","UK_MHE_MSG_FORMAT","UNIQUE","MSG_SEQ","2"
"MHE_MSG_FORMAT_DTL","PK_MHE_MSG_FORMAT_DTL","UNIQUE","MHE_MSG_FORMAT_DTL_ID","1"
"MHE_MSG_FORMAT_DTL","TM_MHE_MSG_FORMAT_DTL_IDX1","NONUNIQUE","MHE_MSG_FORMAT_ID","1"
"MHE_PARM_DTL","PK_MHE_PARM_DTL","UNIQUE","MHE_PARM_DTL_ID","1"
"MHE_PARM_DTL","TM_MHE_PARM_DTL_IDX1","NONUNIQUE","RULE_COLM_ID","1"
"MHE_PARM_DTL","TM_MHE_PARM_DTL_IDX2","NONUNIQUE","RULE_ID","1"
"MHE_PARM_DTL","UK_MHE_PARM_DTL","UNIQUE","MHE_PARM_ID","1"
"MHE_PARM_DTL","UK_MHE_PARM_DTL","UNIQUE","PARM_SEQ_NBR","2"
"MHE_PARM_HDR","PK_MHE_PARM_HDR","UNIQUE","MHE_PARM_HDR_ID","1"
"MHE_PARM_HDR","UK_MHE_PARM_HDR","UNIQUE","MHE_PARM_ID","1"
"MHE_RULE_GROUP","FK_MHERULEGROUP_FAC_ID_IDX","NONUNIQUE","FACILITY_ID","1"
"MHE_RULE_GROUP","PK_MHERULEGROUP_ID","UNIQUE","MHE_RULE_GROUP_ID","1"
"MHE_SORT_DIVRT_ACTION","PK_MHE_SORT_DIVRT_ACTION","UNIQUE","MHE_SORT_DIVRT_ACTION_ID","1"
"MHE_SORT_DIVRT_ACTION","UK_MHE_SORT_DIVRT_ACTION","UNIQUE","DIVRT_ACTION_ID","1"
"MHE_SORT_RULE_HDR","PK_MHE_SORT_RULE_HDR","UNIQUE","MHE_SORT_RULE_HDR_ID","1"
"MHE_SORT_RULE_HDR","UK_MHE_SORT_RULE_HDR","UNIQUE","MHE_SORT_RULE_ID","1"
"MHE_SORT_RULE_PARM_DTL","PK_MHE_SORT_RULE_PARM_DTL","UNIQUE","MHE_SORT_RULE_PARM_DTL_ID","1"
"MHE_SORT_RULE_PARM_DTL","TM_MHE_SORT_RULE_PARM_DTL_IDX1","NONUNIQUE","MHE_PARM_DTL_ID","1"
"MHE_SORT_RULE_PARM_DTL","TM_MHE_SORT_RULE_PARM_DTL_IDX2","NONUNIQUE","MHE_PARM_ID","1"
"MHE_SORT_RULE_PARM_DTL","TM_MHE_SORT_RULE_PARM_DTL_IDX2","NONUNIQUE","PARM_SEQ_NBR","2"
"MHE_SORT_RULE_PARM_DTL","TM_MHE_SORT_RULE_PARM_DTL_IDX3","NONUNIQUE","MHE_SORT_RULE_HDR_ID","1"
"MHE_SORT_RULE_PARM_DTL","TM_MHE_SORT_RULE_PARM_DTL_IDX4","NONUNIQUE","MHE_SORT_RULE_ID","1"
"MHE_SORT_RULE_PARM_DTL","UK_MHE_SORT_RULE_PARM_DTL","UNIQUE","MHE_SORT_RULE_ID","1"
"MHE_SORT_RULE_PARM_DTL","UK_MHE_SORT_RULE_PARM_DTL","UNIQUE","MHE_PARM_ID","2"
"MHE_SORT_RULE_PARM_DTL","UK_MHE_SORT_RULE_PARM_DTL","UNIQUE","PARM_SEQ_NBR","3"
"MINOR_SRL_TRACK","PK_MINOR_SRL_TRACK","UNIQUE","MINOR_SRL_TRACK_ID","1"
"MINOR_SRL_TRACK","TM_MINOR_SRL_TRACK_IDX1","NONUNIQUE","SRL_NBR_TRK_ID","1"
"MINOR_SRL_TRACK","UK_MINOR_SRL_TRACK","UNIQUE","SRL_NBR_TRK_ID","1"
"MINOR_SRL_TRACK","UK_MINOR_SRL_TRACK","UNIQUE","MINOR_SRL_NBR","2"
"MINOR_SRL_TRACK","UK_MINOR_SRL_TRACK","UNIQUE","MINOR_SEQ_NBR","3"
"MIN_DENSITY_CALC_METHOD","MINDENCALCMTHD_PK","UNIQUE","MIN_DENSITY_CALC_METHOD_ID","1"
"MLP_WS_MONITOR","MLP_MON_PK","UNIQUE","MLP_WORKSPACE_ID","1"
"MLP_WS_MONITOR","MLP_MON_PK","UNIQUE","TC_COMPANY_ID","2"
"MLS_ACT","MLS_ACT_INDX_1","NONUNIQUE","LABOR_TYPE_ID","1"
"MLS_ACT","PK_MLS_ACT","UNIQUE","MLS_ACT_ID","1"
"MLS_ACT_ELM","MLS_ACT_ELM_INDX_1","NONUNIQUE","MLS_ACT_ID","1"
"MLS_ACT_ELM","MLS_ACT_ELM_INDX_2","NONUNIQUE","MLS_ELM_ID","1"
"MLS_ACT_ELM","PK_MLS_ACT_ELM","UNIQUE","MLS_ACT_ELM_ID","1"
"MLS_ELM","MLS_ELM_INDX_1","NONUNIQUE","MSRMNT_ID","1"
"MLS_ELM","PK_MLS_ELM","UNIQUE","MLS_ELM_ID","1"
"MLS_LOG_DTL","PK_MLS_LOG_DTL_ID","UNIQUE","MLS_LOG_DTL_ID","1"
"MLS_LOG_SMRY","PK_MLS_LOG_SMRY_ID","UNIQUE","MLS_LOG_SMRY_ID","1"
"MMC_AUDIT_DTL","MMC_AUDIT_DTL_ID_PK1","UNIQUE","MMC_AUDIT_DTL_ID","1"
"MMC_AUDIT_DTL","MMC_DTL_JOB_NME_IDX","NONUNIQUE","JOB_NAME","1"
"MMC_AUDIT_HDR","MMC_AUDIT_HDR_ID_PK1","UNIQUE","MMC_AUDIT_HDR_ID","1"
"MMC_AUDIT_HDR","MMC_AUD_JOB_NME_IDX","NONUNIQUE","JOB_NAME","1"
"MONITORING_ALERT","MONITORING_ALERT_PK","UNIQUE","MONITORING_ALERT_ID","1"
"MONTH_CBO","PK_MONTH_CBO","UNIQUE","MONTH","1"
"MOVEMENT_OPTION","MOVEMENT_OPT_PK","UNIQUE","MOVEMENT_OPTION","1"
"MOVEMENT_TYPE","MOVEMENT_TYPE_PK","UNIQUE","MOVEMENT_TYPE","1"
"MOVE_LIST","IDX_MOVE_LIST_DEST_SLOT_ID","NONUNIQUE","DEST_SLOT_ID","1"
"MOVE_LIST","IDX_MOVE_LIST_ITEM_ID","NONUNIQUE","ITEM_ID","1"
"MOVE_LIST","IDX_MOVE_LIST_MOVE_HDR_ID","NONUNIQUE","MOVE_HDR_ID","1"
"MOVE_LIST","IDX_MOVE_LIST_SLOTITEM_ID","NONUNIQUE","SLOTITEM_ID","1"
"MOVE_LIST","IDX_MOVE_LIST_SRC_SLOT_ID","NONUNIQUE","SRC_SLOT_ID","1"
"MOVE_LIST","INDX_MOVE_LIST_1","NONUNIQUE","GROUPING","1"
"MOVE_LIST","INDX_MOVE_LIST_1","NONUNIQUE","MOVE_SEQ","2"
"MOVE_LIST","PK_MOVE_LIST","UNIQUE","MOVE_ID","1"
"MOVE_LIST_HDR","INDX_MLHDR_WHSE_STATUS","NONUNIQUE","WHSE_CODE","1"
"MOVE_LIST_HDR","INDX_MLHDR_WHSE_STATUS","NONUNIQUE","STATUS","2"
"MOVE_LIST_HDR","PK_MOVE_LIST_HDR","UNIQUE","MOVE_HDR_ID","1"
"MOVE_LIST_REPORT","INDX_MOVE_LIST_REPORT","NONUNIQUE","RUN_ID","1"
"MOVE_LIST_REPORT","PK_MOVE_LIST_REPORT","UNIQUE","MOVE_REPORT_ID","1"
"MOVE_LIST_REPORT_HDR","PK_MOVE_LIST_REPORT_HDR","UNIQUE","MOVE_REPORT_HDR_ID","1"
"MOVE_TYPE","MOVE_TYPE_PK","UNIQUE","MOVE_TYPE","1"
"MO_AUTO_CREATE_METHOD","MO_AUTO__PK","UNIQUE","MO_AUTO_CREATE_METHOD","1"
"MO_EXECUTION_STATUS","MO_EXEC_PK","UNIQUE","MO_EXECUTION_STATUS","1"
"MQ_LISTENER","MQ_LISTENER_FK_1_IX","NONUNIQUE","LISTENER_ID","1"
"MQ_LISTENER","MQ_LISTENER_PK","UNIQUE","MQ_LISTENER_ID","1"
"MSG_LOG","FK_MSGLOG_MSGMASTER","NONUNIQUE","MODULE","1"
"MSG_LOG","FK_MSGLOG_MSGMASTER","NONUNIQUE","MSG_ID","2"
"MSG_LOG","MSGLOG_CDMASID_IDX","NONUNIQUE","CD_MASTER_ID","1"
"MSG_LOG","MSGLOG_LOGDATETIME_IDX","NONUNIQUE","LOG_DATE_TIME","1"
"MSG_LOG","MSGLOG_MODDATETIME_IDX","NONUNIQUE","MOD_DATE_TIME","1"
"MSG_LOG","MSGLOG_REFCODES_IDX","NONUNIQUE","REF_CODE_1","1"
"MSG_LOG","MSGLOG_REFCODES_IDX","NONUNIQUE","REF_VALUE_1","2"
"MSG_LOG","PK_MSG_LOG","UNIQUE","MSG_LOG_ID","1"
"MSG_LOG","PURGE_IDX_ML_01","NONUNIQUE","CD_MASTER_ID","1"
"MSG_LOG","PURGE_IDX_ML_01","NONUNIQUE","WHSE","2"
"MSG_LOG","PURGE_IDX_ML_01","NONUNIQUE","MOD_DATE_TIME","3"
"MSG_PROCESS_CONFIG","MSG_PROCESS_CONFIG_PK","UNIQUE","MSG_PROCESS_CONFIG_ID","1"
"MSG_PROCESS_CONFIG","MSG_PROCESS_CONFIG_UK","UNIQUE","MSG_TYPE","1"
"MSG_TYPE","MSG_TYPE_PK","UNIQUE","MSG_TYPE","1"
"MULT_LOC_ZONE","PK_MULT_LOC_ZONE","UNIQUE","MULT_LOC_ZONE_ID","1"
"MULT_LOC_ZONE_HDR","PK_MULT_LOC_ZONE_HDR","UNIQUE","MULT_LOC_ZONE_HDR_ID","1"
"MULT_ORIENT_CALC","PK_MULT_ORIENT_CALC","UNIQUE","MULT_ORIENT_CALC_ID","1"
"NAVIGATION","NAVIGATION_PK","UNIQUE","NAVIGATION_ID","1"
"NAVIGATION","NAVIGATION_UX1","UNIQUE","PARENT_ID","1"
"NAVIGATION","NAVIGATION_UX1","UNIQUE","TITLE","2"
"NAVIGATION","NAVIGATION_UX1","UNIQUE","URL","3"
"NAVIGATION","NAVIGATION_UX1","UNIQUE","TYPE","4"
"NAVIGATION","TM_NAVIGATION_IDX1","NONUNIQUE","PARENT_ID","1"
"NAVIGATION_APP_MOD_PERM","NAV_APPMODPERM_PK","UNIQUE","NAVIGATION_ID","1"
"NAVIGATION_APP_MOD_PERM","NAV_APPMODPERM_PK","UNIQUE","APP_ID","2"
"NAVIGATION_APP_MOD_PERM","NAV_APPMODPERM_PK","UNIQUE","MODULE_ID","3"
"NAVIGATION_APP_MOD_PERM","NAV_APPMODPERM_PK","UNIQUE","PERMISSION_ID","4"
"NAVIGATION_APP_MOD_PERM","TM_NAVIGATION_AP_IDX1","NONUNIQUE","APP_ID","1"
"NAVIGATION_APP_MOD_PERM","TM_NAVIGATION_AP_IDX1","NONUNIQUE","MODULE_ID","2"
"NAVIGATION_APP_MOD_PERM","TM_NAVIGATION_AP_IDX1","NONUNIQUE","PERMISSION_ID","3"
"NAVIGATION_APP_MOD_PERM","TM_NAVIGATION_AP_IDX2","NONUNIQUE","NAVIGATION_ID","1"
"NAVIGATION_PARAMETER","NAVIPARM_NAVID_IDX","NONUNIQUE","NAVIGATION_ID","1"
"NAVIGATION_PARAMETER","NAV_PARAM_PK","UNIQUE","NAVIGATION_PARAMETER_ID","1"
"NEEDS_LAYER","NEEDS_LAYER_PK","UNIQUE","NEEDS_LAYER_ID","1"
"NEEDS_LAYER","TM_NEEDS_LAYER_IDX1","NONUNIQUE","TC_COMPANY_ID","1"
"NEEDS_RESULTS_DTL","PK_NEEDS_RESULTS_DTL","UNIQUE","NEEDS_DTL_ID","1"
"NOTE_TYPE","NOTE_TYPE_PK","UNIQUE","NOTE_TYPE","1"
"NOTIFICATION_CONTEXT","NOTIFICATION_CONTEXT_PK","UNIQUE","NOTIFICATION_CONTEXT_ID","1"
"NOTIFICATION_CONTEXT","NOTIFICATION_CONTEXT_UK","UNIQUE","DEVICE_ID","1"
"NOTIFICATION_CONTEXT","NOTIFICATION_CONTEXT_UK","UNIQUE","CONTEXT_KEY","2"
"NOTIFICATION_CONTEXT","NOTIFICATION_CONTEXT_UK","UNIQUE","APP_IDENTIFIER","3"
"NOTIFICATION_DATA","NOTIFICATION_DATA_PK","UNIQUE","NOTIFICATION_DATA_ID","1"
"NOTIFICATION_DEVICE","NOTIFICATION_DEVICE_PK","UNIQUE","NOTIFICATION_DEVICE_ID","1"
"NOTIFICATION_DEVICE","NOTIFICATION_DEVICE_UK","UNIQUE","DEVICE_ID","1"
"NOTIFICATION_PARAMS","NOTIF_PARAMS_PK","UNIQUE","NOTIFICATION_PARAM_ID","1"
"NOTIFICATION_USER","NOTIFICATION_USER_FK1_1_IX","NONUNIQUE","NOTIFICATION_DATA_ID","1"
"NOTIFICATION_USER","NOTIFICATION_USER_PK","UNIQUE","NOTIFICATION_USER_ID","1"
"NTD_LOCK","NTD_LOCK_PK","UNIQUE","TRAILER_ID","1"
"NXT_UP_CNT","NXT_UP_CNT_PK","UNIQUE","NXT_UP_CNT_ID","1"
"NXT_UP_CNT","TM_NXT_UP_CNT_IDX1","NONUNIQUE","FACILITY_ID","1"
"OAUTH_ACCESS_TOKEN","OAUTH_ACCESS_TOKEN_FK_1_IX","NONUNIQUE","CLIENT_ID","1"
"OAUTH_ACCESS_TOKEN","OAUTH_ACCESS_TOKEN_PK","UNIQUE","TOKEN_ID","1"
"OAUTH_ACCESS_TOKEN","UNIQUE_OAUTH_ACCESS_TOKEN","UNIQUE","AUTHENTICATION_ID","1"
"OAUTH_CLIENT_DETAILS","OAUTH_CLIENT_DETAILS_PK","UNIQUE","CLIENT_ID","1"
"OAUTH_CLIENT_TOKEN","OAUTH_CLIENT_TOKEN_FK_1_IX","NONUNIQUE","CLIENT_ID","1"
"OAUTH_CLIENT_TOKEN","OAUTH_CLIENT_TOKEN_PK","UNIQUE","TOKEN_ID","1"
"OAUTH_CODE","OAUTH_CODE_PK","UNIQUE","CODE","1"
"OAUTH_REFRESH_TOKEN","OAUTH_REFRESH_TOKEN_PK","UNIQUE","TOKEN_ID","1"
"OBJECT_DBFIELD","OBJ_DBF_PK","UNIQUE","DB_FIELD_ID","1"
"OBJECT_DBFIELD","TM_OBJECT_DBFIEL_IDX1","NONUNIQUE","OBJECT_DD_ID","1"
"OBJECT_DD","OBJ_DD_PK","UNIQUE","OBJECT_DD_ID","1"
"OBJECT_DD","TM_OBJECT_DD_IDX1","NONUNIQUE","OBJECT_TYPE_ID","1"
"OBJECT_JOIN","OBJ_JN_PK","UNIQUE","JOIN_REF_ID","1"
"OBJECT_JOIN","TM_OBJECT_JOIN_IDX1","NONUNIQUE","JOIN_TYPE_ID","1"
"OBJECT_JOIN","TM_OBJECT_JOIN_IDX2","NONUNIQUE","OBJECT_DD_ID","1"
"OBJECT_JOIN_DBFIELD","TM_OBJECT_JOIN_D_IDX1","NONUNIQUE","DB_FIELD_ID","1"
"OBJECT_JOIN_DBFIELD","TM_OBJECT_JOIN_D_IDX2","NONUNIQUE","JOIN_REF_ID","1"
"OBJECT_JOIN_REPORT_DBFIELD","TM_OBJECT_JOIN_R_IDX1","NONUNIQUE","JOIN_REF_ID","1"
"OBJECT_JOIN_REPORT_DBFIELD","TM_OBJECT_JOIN_R_IDX2","NONUNIQUE","REPORT_DB_FIELD_ID","1"
"OBJECT_REASON_CODES","OBJECT_REASON_CODES_PK","UNIQUE","REASON_CODES_ID","1"
"OBJECT_REASON_CODES","OBJREASON_CDS_ID_OBJ_TYP_1_IX","NONUNIQUE","OBJECT_TYPE","1"
"OBJECT_REPORT_DBFIELD","OBJ_REP_DBF_PK","UNIQUE","REPORT_DB_FIELD_ID","1"
"OBJECT_REPORT_DBFIELD","TM_OBJECT_REPORT_IDX1","NONUNIQUE","DB_FIELD_ID","1"
"OBJECT_TYPE_TABLE","OBJ_TYP_TAB_PK","UNIQUE","OBJECT_TYPE_ID","1"
"OBJECT_UIDBFIELD","TM_OBJECT_UIDBFI_IDX1","NONUNIQUE","DB_FIELD_ID","1"
"OBJECT_VALIDATION_SCRIPT","OBJECT_VAL_SCRIPT_PK","UNIQUE","OBJECT_VALIDATION_SCRIPT_ID","1"
"OM_SCHED_ACTION","OM_SCHACT_OBJTYP_IDX","NONUNIQUE","OBJECT_TYPE","1"
"OM_SCHED_ACTION","OM_SCHED_ACTION_PK","UNIQUE","OBJECT_TYPE","1"
"OM_SCHED_ACTION","OM_SCHED_ACTION_PK","UNIQUE","OBJECT_ID","2"
"OM_SCHED_ACTION","OM_SCHED_ACTION_PK","UNIQUE","SCHED_EVENT_ID","3"
"OM_SCHED_EVENT","EVENT_TYPE_FK_1_IX","NONUNIQUE","EVENT_TYPE","1"
"OM_SCHED_EVENT","OM_SCHED_EVENT_IESD_IDX","NONUNIQUE","IS_EXECUTED","1"
"OM_SCHED_EVENT","OM_SCHED_EVENT_IESD_IDX","NONUNIQUE","SCHEDULED_DTTM","2"
"OM_SCHED_EVENT","OM_SCHED_EVENT_PK","UNIQUE","EVENT_ID","1"
"OM_SCHED_EVENT","OM_SCHED_EVT_IDX","NONUNIQUE","SCHEDULED_DTTM","1"
"OM_SCHED_EVENT","OM_SCHED_EVT_IDX","NONUNIQUE","IS_EXECUTED","2"
"OM_SCHED_EVENT","OM_SCHED_EVT_IDX","NONUNIQUE","OM_CATEGORY","3"
"OM_SCHED_EVENT","OM_SCHED_EVT_IDX1","NONUNIQUE","EVENT_OBJECTS","1"
"OM_SCHED_EVENT_HISTORY","OM_SCHED_EVENT_HIST_IDX1","NONUNIQUE","SCHEDULED_DTTM","1"
"OM_SCHED_EVENT_HISTORY","OM_SCHED_EVENT_HIST_PK","UNIQUE","EVENT_ID","1"
"OM_SCHED_EVENT_REPORT","OM_SCHED_EVENT_REPORT_IESD_IDX","NONUNIQUE","IS_EXECUTED","1"
"OM_SCHED_EVENT_REPORT","OM_SCHED_EVENT_REPORT_IESD_IDX","NONUNIQUE","SCHEDULED_DTTM","2"
"OM_SCHED_EVENT_REPORT","OM_SCHED_EVENT_REPORT_PK","UNIQUE","EVENT_ID","1"
"OM_SCHED_EVENT_REPORT","OM_SCHED_EVT_REP_IDX","NONUNIQUE","SCHEDULED_DTTM","1"
"OM_SCHED_EVENT_REPORT","OM_SCHED_EVT_REP_IDX","NONUNIQUE","IS_EXECUTED","2"
"OM_SCHED_RECURRING","OM_SCHED_RECURRING_PK","UNIQUE","OM_SCHED_RECURRING_ID","1"
"OM_SCHED_RECURRING","OM_SCHED_RECURRNG_STKT_FK_1_IX","NONUNIQUE","KEY_TYPE","1"
"OM_SCHED_RECURRING","OM_SCHED_RECURRNG_STKT_FK_1_IX","NONUNIQUE","OM_SCHED_RECURRING_TYPE","2"
"OM_SCHED_RECURRING","OM_SCHED_RECUR_TCIP1OMRT_IDX","NONUNIQUE","TC_COMPANY_ID","1"
"OM_SCHED_RECURRING","OM_SCHED_RECUR_TCIP1OMRT_IDX","NONUNIQUE","PK_1","2"
"OM_SCHED_RECURRING","OM_SCHED_RECUR_TCIP1OMRT_IDX","NONUNIQUE","OM_SCHED_RECURRING_TYPE","3"
"OM_SCHED_RECURRING","TM_OM_SCHED_RECU_IDX1","NONUNIQUE","OM_SCHED_RECURRING_TYPE","1"
"OM_SCHED_RECURRING","TM_OM_SCHED_RECU_IDX1","NONUNIQUE","KEY_TYPE","2"
"OM_SCHED_RECURRING_KEY_DATE","OM_SCHED_RECURRING_KEY_DATE_PK","UNIQUE","OM_SCHED_RECURRING_TYPE","1"
"OM_SCHED_RECURRING_KEY_DATE","OM_SCHED_RECURRING_KEY_DATE_PK","UNIQUE","KEY_TYPE","2"
"OM_SCHED_RECURRING_PERIOD","OM_SCHED_RECURRING_PERIOD_PK","UNIQUE","OM_SCHED_RECURRING_PERIOD","1"
"OM_SCHED_RECURRING_TYPE","OM_SCHED_RECURRING_TYPE_PK","UNIQUE","OM_SCHED_RECURRING_TYPE","1"
"ONTIME_PERF_METHOD","ONTIME_PERF_PK","UNIQUE","ONTIME_PERF_METHOD","1"
"OPT_ENGINE","OPT_ENGINE_PK","UNIQUE","OPT_ENGINE_ID","1"
"OPT_ENGINE","T_OPT_ENGINE_FK_IDX_177","NONUNIQUE","OPT_ENGINE_TYPE","1"
"OPT_ENGINE_TYPE","OPT_ENGINE_TYPE_PK","UNIQUE","OPT_ENGINE_TYPE","1"
"OPT_PARAM","OPT_PARAM_PK","UNIQUE","TC_COMPANY_ID","1"
"OPT_PARAM","OPT_PARAM_PK","UNIQUE","OPT_PARAM_LIST_ID","2"
"OPT_PARAM","OPT_PARAM_PK","UNIQUE","PARAM_DEF_ID","3"
"OPT_PARAM","OPT_PARAM_PK","UNIQUE","PARAM_GROUP_ID","4"
"OPT_PARAM","OPT_PARAM_PK","UNIQUE","INSTANCE_NUM","5"
"OPT_PARAM_LIST","OPT_PARAM_LIST_PK","UNIQUE","TC_COMPANY_ID","1"
"OPT_PARAM_LIST","OPT_PARAM_LIST_PK","UNIQUE","OPT_PARAM_LIST_ID","2"
"OPT_PARAM_LIST","TM_OPT_PARAM_LIST_IDX1","NONUNIQUE","OPT_ENGINE_ID","1"
"OPT_PARAM_LIST","TM_OPT_PARAM_LIST_IDX2","NONUNIQUE","TC_COMPANY_ID","1"
"ORDERS","C_ORDERS_IDX1","NONUNIQUE","MAJOR_ORDER_CTRL_NBR","1"
"ORDERS","ORDERS_CRI_IDX","NONUNIQUE","CONS_RUN_ID","1"
"ORDERS","ORDERS_CRI_IDX","NONUNIQUE","ORDER_ID","2"
"ORDERS","ORDERS_DOS_OR_TC_IDX","NONUNIQUE","DO_STATUS","1"
"ORDERS","ORDERS_DOS_OR_TC_IDX","NONUNIQUE","ORDER_STREAM","2"
"ORDERS","ORDERS_DOS_OR_TC_IDX","NONUNIQUE","ORDER_ID","3"
"ORDERS","ORDERS_DOS_OR_TC_IDX","NONUNIQUE","TC_ORDER_ID","4"
"ORDERS","ORDERS_DOS_OR_TC_IDX","NONUNIQUE","PRIORITY","5"
"ORDERS","ORDERS_DOS_TOI_SI_IDX","NONUNIQUE","DO_STATUS","1"
"ORDERS","ORDERS_DOS_TOI_SI_IDX","NONUNIQUE","TC_ORDER_ID","2"
"ORDERS","ORDERS_DOS_TOI_SI_IDX","NONUNIQUE","SHIPMENT_ID","3"
"ORDERS","ORDERS_ORD_STAT_IDX","NONUNIQUE","ORDER_STATUS","1"
"ORDERS","ORDERS_ORD_STAT_IDX","NONUNIQUE","DELIVERY_END_DTTM","2"
"ORDERS","ORDERS_OTBHIITHPOF_FUNC_IDX","NONUNIQUE","ORDER_STATUS","1"
"ORDERS","ORDERS_OTBHIITHPOF_FUNC_IDX","NONUNIQUE","TRANS_RESP_CODE","2"
"ORDERS","ORDERS_OTBHIITHPOF_FUNC_IDX","NONUNIQUE","BLOCK_AUTO_CONSOLIDATE","3"
"ORDERS","ORDERS_OTBHIITHPOF_FUNC_IDX","NONUNIQUE","HAS_IMPORT_ERROR","4"
"ORDERS","ORDERS_OTBHIITHPOF_FUNC_IDX","NONUNIQUE","IS_CANCELLED","5"
"ORDERS","ORDERS_OTBHIITHPOF_FUNC_IDX","NONUNIQUE","IS_SUSPENDED","6"
"ORDERS","ORDERS_OTBHIITHPOF_FUNC_IDX","NONUNIQUE","TC_COMPANY_ID","7"
"ORDERS","ORDERS_OTBHIITHPOF_FUNC_IDX","NONUNIQUE","HAS_SPLIT","8"
"ORDERS","ORDERS_OTBHIITHPOF_FUNC_IDX","NONUNIQUE","PICKUP_START_DTTM","9"
"ORDERS","ORDERS_OTBHIITHPOF_FUNC_IDX","NONUNIQUE","SYS_NC00369$","10"
"ORDERS","ORDERS_PARENT_IDX","NONUNIQUE","PARENT_ORDER_ID","1"
"ORDERS","ORDERS_PARENT_IDX","NONUNIQUE","ORDER_ID","2"
"ORDERS","ORDERS_PARENT_IDX","NONUNIQUE","IS_PARTIALLY_PLANNED","3"
"ORDERS","ORDERS_PK","UNIQUE","ORDER_ID","1"
"ORDERS","ORDERS_RTEWNBR_IDX_1","NONUNIQUE","RTE_WAVE_NBR","1"
"ORDERS","ORDERS_SHIPM_IDX","NONUNIQUE","ORDER_ID","1"
"ORDERS","ORDERS_SHIPM_IDX","NONUNIQUE","SHIPMENT_ID","2"
"ORDERS","ORDERS_SHIP_IDX","NONUNIQUE","SHIPMENT_ID","1"
"ORDERS","ORDERS_TCI_DS_OI_SI_PE_IDX","NONUNIQUE","TC_COMPANY_ID","1"
"ORDERS","ORDERS_TCI_DS_OI_SI_PE_IDX","NONUNIQUE","DO_STATUS","2"
"ORDERS","ORDERS_TCI_DS_OI_SI_PE_IDX","NONUNIQUE","ORDER_ID","3"
"ORDERS","ORDERS_TCI_DS_OI_SI_PE_IDX","NONUNIQUE","SHIPMENT_ID","4"
"ORDERS","ORD_DFAC_IDX","NONUNIQUE","D_FACILITY_ID","1"
"ORDERS","ORD_DFAC_IDX","NONUNIQUE","D_FACILITY_ALIAS_ID","2"
"ORDERS","ORD_DFAC_IDX","NONUNIQUE","IS_ORIGINAL_ORDER","3"
"ORDERS","ORD_DFAC_IDX","NONUNIQUE","DO_STATUS","4"
"ORDERS","ORD_DFAC_STAT_IDX","NONUNIQUE","D_FACILITY_ALIAS_ID","1"
"ORDERS","ORD_DFAC_STAT_IDX","NONUNIQUE","DO_STATUS","2"
"ORDERS","ORD_DFAC_STAT_IDX","NONUNIQUE","ORDER_ID","3"
"ORDERS","ORD_DFAC_STAT_IDX","NONUNIQUE","IS_ORIGINAL_ORDER","4"
"ORDERS","ORD_FAC_STAT_IDX","NONUNIQUE","ORDER_ID","1"
"ORDERS","ORD_FAC_STAT_IDX","NONUNIQUE","DO_TYPE","2"
"ORDERS","ORD_FAC_STAT_IDX","NONUNIQUE","O_FACILITY_ID","3"
"ORDERS","ORD_FAC_STAT_IDX","NONUNIQUE","DO_STATUS","4"
"ORDERS","ORD_IO_TIIP_IDX","NONUNIQUE","PICKUP_START_DTTM","1"
"ORDERS","ORD_IO_TIIP_IDX","NONUNIQUE","TC_COMPANY_ID","2"
"ORDERS","ORD_IO_TIIP_IDX","NONUNIQUE","INBOUND_REGION_ID","3"
"ORDERS","ORD_IO_TIIP_IDX","NONUNIQUE","OUTBOUND_REGION_ID","4"
"ORDERS","ORD_IO_TIIP_IDX","NONUNIQUE","IS_CANCELLED","5"
"ORDERS","ORD_IO_TIIP_IDX","NONUNIQUE","IS_SUSPENDED","6"
"ORDERS","ORD_IO_TIIP_IDX","NONUNIQUE","CONS_RUN_ID","7"
"ORDERS","ORD_IO_TIIP_IDX","NONUNIQUE","ORDER_STATUS","8"
"ORDERS","ORD_MNFST_IDX","NONUNIQUE","MANIFEST_NBR","1"
"ORDERS","ORD_ORDTEMPL_FK_INDX","NONUNIQUE","TEMPLATE_ID","1"
"ORDERS","ORD_STAT_PRI_FAC_STR_PICK_IDX","NONUNIQUE","DO_STATUS","1"
"ORDERS","ORD_STAT_PRI_FAC_STR_PICK_IDX","NONUNIQUE","TC_COMPANY_ID","2"
"ORDERS","ORD_STAT_PRI_FAC_STR_PICK_IDX","NONUNIQUE","PRIORITY","3"
"ORDERS","ORD_STAT_PRI_FAC_STR_PICK_IDX","NONUNIQUE","O_FACILITY_ID","4"
"ORDERS","ORD_STAT_PRI_FAC_STR_PICK_IDX","NONUNIQUE","ORDER_STREAM","5"
"ORDERS","ORD_STAT_PRI_FAC_STR_PICK_IDX","NONUNIQUE","PICKUP_START_DTTM","6"
"ORDERS","ORD_TCIPED_IDX","NONUNIQUE","PICKUP_END_DTTM","1"
"ORDERS","ORD_TCIPED_IDX","NONUNIQUE","PICKUP_START_DTTM","2"
"ORDERS","ORD_TCIPED_IDX","NONUNIQUE","DELIVERY_START_DTTM","3"
"ORDERS","ORD_TCIPED_IDX","NONUNIQUE","DELIVERY_END_DTTM","4"
"ORDERS","ORD_TCIPED_IDX","NONUNIQUE","TC_COMPANY_ID","5"
"ORDERS","ORD_TCIPED_IDX","NONUNIQUE","INBOUND_REGION_ID","6"
"ORDERS","ORD_TCIPED_IDX","NONUNIQUE","OUTBOUND_REGION_ID","7"
"ORDERS","ORD_TCIPED_IDX","NONUNIQUE","IS_CANCELLED","8"
"ORDERS","ORD_TCIPED_IDX","NONUNIQUE","IS_SUSPENDED","9"
"ORDERS","ORD_TCIPED_IDX","NONUNIQUE","CONS_RUN_ID","10"
"ORDERS","ORD_TCIPED_IDX","NONUNIQUE","ORDER_STATUS","11"
"ORDERS","ORD_TCIPED_IDX","NONUNIQUE","DO_STATUS","12"
"ORDERS","ORD_TCI_IDX","NONUNIQUE","DELIVERY_END_DTTM","1"
"ORDERS","ORD_TCI_IDX","NONUNIQUE","TC_COMPANY_ID","2"
"ORDERS","ORD_ZONEDSG_IDX","NONUNIQUE","ZONE_SKIP_HUB_LOCATION_ID","1"
"ORDERS","ORD_ZONEDSG_IDX","NONUNIQUE","DSG_HUB_LOCATION_ID","2"
"ORDERS","PE_ORD_PO_IX","NONUNIQUE","PURCHASE_ORDER_ID","1"
"ORDERS","SHIP_GROUP_ID_IDX","NONUNIQUE","SHIP_GROUP_ID","1"
"ORDERS","TC_ORDERS_UDX","UNIQUE","TC_ORDER_ID","1"
"ORDERS","TC_ORDERS_UDX","UNIQUE","TC_COMPANY_ID","2"
"ORDERS","TM_ORDERS_IDX1","NONUNIQUE","BASELINE_CARRIER_ID","1"
"ORDERS","TM_ORDERS_IDX2","NONUNIQUE","DSG_HUB_LOCATION_ID","1"
"ORDERS","TM_ORDERS_IDX3","NONUNIQUE","D_FACILITY_ALIAS_ID","1"
"ORDERS","TM_ORDERS_IDX3","NONUNIQUE","D_FACILITY_ID","2"
"ORDERS","TM_ORDERS_IDX5","NONUNIQUE","ORDER_STATUS","1"
"ORDERS","TM_ORDERS_IDX5","NONUNIQUE","HAS_SPLIT","2"
"ORDERS","TM_ORDERS_IDX5","NONUNIQUE","IS_ORIGINAL_ORDER","3"
"ORDERS","TM_ORDERS_IDX6","NONUNIQUE","O_FACILITY_ALIAS_ID","1"
"ORDERS","TM_ORDERS_IDX6","NONUNIQUE","O_FACILITY_ID","2"
"ORDERS","TM_ORDERS_IDX7","NONUNIQUE","TC_COMPANY_ID","1"
"ORDERS_EXTN_TLM","ORDERS_EXTLM_PK","UNIQUE","ORDER_ID","1"
"ORDERS_EXTN_TLM","ORDERS_EXTLM_PK","UNIQUE","IS_TEMPLATE","2"
"ORDERS_TEMPLATE","ORDERS_TCCO_IDX1","NONUNIQUE","TC_COMPANY_ID","1"
"ORDERS_TEMPLATE","ORDERS_TMPLT_PK","UNIQUE","ORDER_ID","1"
"ORDERS_TEMPLATE","ORDERS_WAVE_IDX1","NONUNIQUE","WAVE_ID","1"
"ORDERS_TEMPLATE","TM_ORDERS_TEMPLA_IDX1","NONUNIQUE","BASELINE_CARRIER_ID","1"
"ORDERS_TEMPLATE","TM_ORDERS_TEMPLA_IDX2","NONUNIQUE","DSG_HUB_LOCATION_ID","1"
"ORDERS_TEMPLATE","TM_ORDERS_TEMPLA_IDX3","NONUNIQUE","EQUIPMENT_TYPE","1"
"ORDERS_TEMPLATE","TM_ORDERS_TEMPLA_IDX4","NONUNIQUE","MOVE_TYPE","1"
"ORDERS_TEMPLATE","TM_ORDERS_TEMPLA_IDX5","NONUNIQUE","WAVE_ID","1"
"ORDERS_TEMPLATE","TM_ORDERS_TEMPLA_IDX5","NONUNIQUE","TC_COMPANY_ID","2"
"ORDERS_TEMPLATE","TM_ORDERS_TEMPLA_IDX6","NONUNIQUE","WAVE_OPTION_ID","1"
"ORDERS_TEMPLATE_RUN","ORDTMPRN_ORDTMP_FK_1_IX","NONUNIQUE","ORDERS_TEMPLATE_ID","1"
"ORDERS_TEMPLATE_RUN","ORD_TEMP_RUN_PK","UNIQUE","ORDERS_TEMPLATE_RUN_ID","1"
"ORDERS_TEMPLATE_RUN","ORD_TEMP_RUN_PK","UNIQUE","ORDERS_TEMPLATE_ID","2"
"ORDERS_TEMPLATE_RUN","ORD_TEMP_RUN_PK","UNIQUE","ORDER_ID","3"
"ORDERS_TEMPLATE_RUN","TM_ORDERS_TEMP_IDX1","NONUNIQUE","ORDER_ID","1"
"ORDER_ACCESSORIAL_OPTION_GRP","ORDACCOPTGRP_PK","UNIQUE","ACCESSORIAL_GROUP_CODE","1"
"ORDER_ACCESSORIAL_OPTION_GRP","ORDACCOPTGRP_PK","UNIQUE","ORDER_ID","2"
"ORDER_ACCESSORIAL_OPTION_GRP","TM_ORDER_ACCESSO_IDX1","NONUNIQUE","ACCESSORIAL_GROUP_CODE","1"
"ORDER_ACCESSORIAL_OPTION_GRP","TM_ORDER_ACCESSO_IDX2","NONUNIQUE","ORDER_ID","1"
"ORDER_ACC_OPTION_GRP_TEMPLATE","ORDACCGRPT_PK","UNIQUE","ACCESSORIAL_GROUP_CODE","1"
"ORDER_ACC_OPTION_GRP_TEMPLATE","ORDACCGRPT_PK","UNIQUE","ORDER_ID","2"
"ORDER_ACC_OPTION_GRP_TEMPLATE","TM_ORDER_ACC_OPT_IDX1","NONUNIQUE","ACCESSORIAL_GROUP_CODE","1"
"ORDER_ACC_OPTION_GRP_TEMPLATE","TM_ORDER_ACC_OPT_IDX2","NONUNIQUE","ORDER_ID","1"
"ORDER_ATTRIBUTE","ORDER_ATTRIBUTE_PK","UNIQUE","ORDER_ID","1"
"ORDER_ATTRIBUTE","ORDER_ATTRIBUTE_PK","UNIQUE","ATTRIBUTE_NAME","2"
"ORDER_ATTRIBUTE","ORDER_ATTRIBUTE_PK","UNIQUE","ATTRIBUTE_SEQ","3"
"ORDER_ATTRIBUTE","TM_ORDER_ATTRIBU_IDX1","NONUNIQUE","ORDER_ID","1"
"ORDER_ATTRIBUTE_TEMPLATE","ORDER_TEMPLATE_PK","UNIQUE","ORDER_ID","1"
"ORDER_ATTRIBUTE_TEMPLATE","ORDER_TEMPLATE_PK","UNIQUE","ATTRIBUTE_NAME","2"
"ORDER_ATTRIBUTE_TEMPLATE","ORDER_TEMPLATE_PK","UNIQUE","ATTRIBUTE_SEQ","3"
"ORDER_BASELINE_COST","ORDBLCOST_ORD_IDX","NONUNIQUE","ORDER_ID","1"
"ORDER_BASELINE_COST","ORDBLCOST_ORD_IDX","NONUNIQUE","PATH_ID","2"
"ORDER_BASELINE_COST","ORD_BL_COST_PK","UNIQUE","ORDER_BASELINE_COST_ID","1"
"ORDER_BASELINE_COST","TM_ORDER_BASELIN_IDX1","NONUNIQUE","CARRIER_ID","1"
"ORDER_BASELINE_COST","TM_ORDER_BASELIN_IDX2","NONUNIQUE","ORDER_ID","1"
"ORDER_BASELINE_COST","TM_ORDER_BASELIN_IDX3","NONUNIQUE","ORDER_SPLIT_ID","1"
"ORDER_CHG_RULE","ORDCHGRUL_COMP_IDX","NONUNIQUE","TC_COMPANY_ID","1"
"ORDER_CHG_RULE","ORDCHGRUL_COMP_IDX","NONUNIQUE","CRITICAL_CHG_FIELD","2"
"ORDER_CHG_RULE","ORDER_CHG_RULE_PK","UNIQUE","ORDER_CHG_ID","1"
"ORDER_CHG_RULE","ORDER_CHG_RULE_TCISU_FK_1_IX","NONUNIQUE","SIZE_UOM_ID","1"
"ORDER_CHG_RULE_DTL","ORDER_CHG_RDTL_PK","UNIQUE","ORDER_CHG_ID","1"
"ORDER_CHG_RULE_DTL","ORDER_CHG_RDTL_PK","UNIQUE","ORDER_CHG_DTL_ID","2"
"ORDER_CHG_RULE_DTL","TM_ORDER_CHG_RUL_IDX1","NONUNIQUE","ORDER_CHG_ID","1"
"ORDER_DTL","IDX_ORDER_DTL_ORDER_ID","NONUNIQUE","ORDER_ID","1"
"ORDER_DTL","IDX_ORDER_DTL_SKU_ID","NONUNIQUE","SKU_ID","1"
"ORDER_DTL","PK_ORDER_DTL","UNIQUE","ORDER_DTL_ID","1"
"ORDER_EVENT","ORDER_EVENT_ID","NONUNIQUE","ORDER_ID","1"
"ORDER_EVENT","ORDER_EVENT_ID","NONUNIQUE","NEW_VALUE","2"
"ORDER_EVENT","ORDER_EVENT_PK","UNIQUE","ORDER_EVENT_ID","1"
"ORDER_EVENT","ORD_EVENT_IDX1","NONUNIQUE","LINE_ITEM_ID","1"
"ORDER_EVENT","ORD_EVENT_IDX1","NONUNIQUE","ORDER_ID","2"
"ORDER_EVENT","ORD_EVENT_IDX2","NONUNIQUE","CREATED_DTTM","1"
"ORDER_EVENT","ORD_EVENT_OI_FN","NONUNIQUE","ORDER_ID","1"
"ORDER_EVENT","ORD_EVENT_OI_FN","NONUNIQUE","FIELD_NAME","2"
"ORDER_EVENT","TM_ORDER_EVENT_IDX1","NONUNIQUE","ORDER_ID","1"
"ORDER_HDR","PK_ORDER_HDR","UNIQUE","ORDER_ID","1"
"ORDER_LINE_ITEM","C_PE_OLI_IDX1","NONUNIQUE","ORDER_ID","1"
"ORDER_LINE_ITEM","C_PE_OLI_IDX1","NONUNIQUE","IS_CANCELLED","2"
"ORDER_LINE_ITEM","C_PE_OLI_IDX1","NONUNIQUE","ORDER_QTY","3"
"ORDER_LINE_ITEM","IDX_OLI_COM_ID","NONUNIQUE","COMMODITY_CODE_ID","1"
"ORDER_LINE_ITEM","OLINE_ITEM_PK","UNIQUE","ORDER_ID","1"
"ORDER_LINE_ITEM","OLINE_ITEM_PK","UNIQUE","LINE_ITEM_ID","2"
"ORDER_LINE_ITEM","OLI_INDX11","NONUNIQUE","ALLOCATION_SOURCE_ID","1"
"ORDER_LINE_ITEM","OLI_INDX11","NONUNIQUE","ALLOCATION_SOURCE","2"
"ORDER_LINE_ITEM","OLI_INDX11","NONUNIQUE","ALLOCATION_SOURCE_LINE_ID","3"
"ORDER_LINE_ITEM","OLI_MOLINEITEMID_IDX","NONUNIQUE","MO_LINE_ITEM_ID","1"
"ORDER_LINE_ITEM","OLI_MO_IDX","NONUNIQUE","MASTER_ORDER_ID","1"
"ORDER_LINE_ITEM","OLI_MO_IDX","NONUNIQUE","MO_LINE_ITEM_ID","2"
"ORDER_LINE_ITEM","OLI_MO_IDX","NONUNIQUE","ORDER_ID","3"
"ORDER_LINE_ITEM","OLI_MO_IDX","NONUNIQUE","IS_CANCELLED","4"
"ORDER_LINE_ITEM","OLI_STAT_ITEM_COMP_ORD_IDX","NONUNIQUE","DO_DTL_STATUS","1"
"ORDER_LINE_ITEM","OLI_STAT_ITEM_COMP_ORD_IDX","NONUNIQUE","ITEM_ID","2"
"ORDER_LINE_ITEM","OLI_STAT_ITEM_COMP_ORD_IDX","NONUNIQUE","TC_COMPANY_ID","3"
"ORDER_LINE_ITEM","OLI_STAT_ITEM_COMP_ORD_IDX","NONUNIQUE","ORDER_ID","4"
"ORDER_LINE_ITEM","OLI_WAVNBRDODTL_IX","NONUNIQUE","WAVE_NBR","1"
"ORDER_LINE_ITEM","OLI_WAVNBRDODTL_IX","NONUNIQUE","DO_DTL_STATUS","2"
"ORDER_LINE_ITEM","ORDER_LINE_ITEM_IDX1","NONUNIQUE","EXT_PURCHASE_ORDER","1"
"ORDER_LINE_ITEM","ORDER_LINE_ITEM_IDX1","NONUNIQUE","TC_COMPANY_ID","2"
"ORDER_LINE_ITEM","ORDER_LITEMID_U","UNIQUE","LINE_ITEM_ID","1"
"ORDER_LINE_ITEM","ORDLN_ITMNAME_IDX","NONUNIQUE","ITEM_NAME","1"
"ORDER_LINE_ITEM","ORDRLINEID_UK","UNIQUE","ORDER_ID","1"
"ORDER_LINE_ITEM","ORDRLINEID_UK","UNIQUE","TC_ORDER_LINE_ID","2"
"ORDER_LINE_ITEM","PE_OLI_LIRO_IX1","NONUNIQUE","REFERENCE_LINE_ITEM_ID","1"
"ORDER_LINE_ITEM","PE_OLI_LIRO_IX1","NONUNIQUE","REFERENCE_ORDER_ID","2"
"ORDER_LINE_ITEM","PE_OLI_LIRO_IX1","NONUNIQUE","ORDER_ID","3"
"ORDER_LINE_ITEM","PE_OLI_RTS_IX1","NONUNIQUE","RTS_ID","1"
"ORDER_LINE_ITEM","PE_OLI_RTS_IX1","NONUNIQUE","RTS_LINE_ITEM_ID","2"
"ORDER_LINE_ITEM","PE_OLI_RTS_IX1","NONUNIQUE","IS_CANCELLED","3"
"ORDER_LINE_ITEM","PE_OLI_RTS_IX1","NONUNIQUE","ORDER_ID","4"
"ORDER_LINE_ITEM","PE_OLNITM_IDX","NONUNIQUE","LINE_ITEM_ID","1"
"ORDER_LINE_ITEM","PE_OLNITM_IDX","NONUNIQUE","ORDER_ID","2"
"ORDER_LINE_ITEM","PE_OLNITM_IDX","NONUNIQUE","ITEM_ID","3"
"ORDER_LINE_ITEM","PE_ORD_SHPW_NBR","NONUNIQUE","SHIP_WAVE_NBR","1"
"ORDER_LINE_ITEM","TM_ORDER_LINE_IT_IDX1","NONUNIQUE","ORDER_ID","1"
"ORDER_LINE_ITEM","TM_ORDER_LINE_IT_IDX2","NONUNIQUE","TC_COMPANY_ID","1"
"ORDER_LINE_ITEM_ATTRIBUTE","TOLI_ATTR_PK","UNIQUE","ORDER_ID","1"
"ORDER_LINE_ITEM_ATTRIBUTE","TOLI_ATTR_PK","UNIQUE","LINE_ITEM_ID","2"
"ORDER_LINE_ITEM_ATTRIBUTE","TOLI_ATTR_PK","UNIQUE","ATTRIBUTE_NAME","3"
"ORDER_LINE_ITEM_ATTRIBUTE","TOLI_ATTR_PK","UNIQUE","ATTRIBUTE_SEQ","4"
"ORDER_LINE_ITEM_ATTR_TEMPLATE","OLI_ATTRT_PK","UNIQUE","ORDER_ID","1"
"ORDER_LINE_ITEM_ATTR_TEMPLATE","OLI_ATTRT_PK","UNIQUE","ATTRIBUTE_NAME","2"
"ORDER_LINE_ITEM_ATTR_TEMPLATE","OLI_ATTRT_PK","UNIQUE","ATTRIBUTE_SEQ","3"
"ORDER_LINE_ITEM_ATTR_TEMPLATE","OLI_ATTRT_PK","UNIQUE","LINE_ITEM_ID","4"
"ORDER_LINE_ITEM_REF","IDX_LINE_ITEM_ID","NONUNIQUE","LINE_ITEM_ID","1"
"ORDER_LINE_ITEM_REF","ORDER_LINE_ITEM_REF_PK","UNIQUE","ORDER_ID","1"
"ORDER_LINE_ITEM_REF","ORDER_LINE_ITEM_REF_PK","UNIQUE","LINE_ITEM_ID","2"
"ORDER_LINE_ITEM_SIZE","ORDER_LINE_SIZE_PK","UNIQUE","ORDER_ID","1"
"ORDER_LINE_ITEM_SIZE","ORDER_LINE_SIZE_PK","UNIQUE","LINE_ITEM_ID","2"
"ORDER_LINE_ITEM_SIZE","ORDER_LINE_SIZE_PK","UNIQUE","SIZE_UOM_ID","3"
"ORDER_LINE_ITEM_SIZE","TM_ORDER_LINE_IS_IDX1","NONUNIQUE","ORDER_ID","1"
"ORDER_LINE_ITEM_SIZE","TM_ORDER_LINE_IS_IDX1","NONUNIQUE","LINE_ITEM_ID","2"
"ORDER_LINE_ITEM_SIZE","TM_ORDER_LINE_IS_IDX2","NONUNIQUE","TC_COMPANY_ID","1"
"ORDER_LINE_ITEM_SIZE_TEMPLATE","ORDER_LIST_PK","UNIQUE","ORDER_ID","1"
"ORDER_LINE_ITEM_SIZE_TEMPLATE","ORDER_LIST_PK","UNIQUE","LINE_ITEM_ID","2"
"ORDER_LINE_ITEM_SIZE_TEMPLATE","ORDER_LIST_PK","UNIQUE","SIZE_UOM_ID","3"
"ORDER_LINE_ITEM_TEMPLATE","OLINE_TMPLT_PK","UNIQUE","ORDER_ID","1"
"ORDER_LINE_ITEM_TEMPLATE","OLINE_TMPLT_PK","UNIQUE","LINE_ITEM_ID","2"
"ORDER_MASTER_ORDER","ORDER_MASTEROR_PK","UNIQUE","ORDER_ID","1"
"ORDER_MASTER_ORDER","ORDER_MASTEROR_PK","UNIQUE","MASTER_ORDER_ID","2"
"ORDER_MASTER_ORDER","TM_ORDER_MASTER_IDX1","NONUNIQUE","ORDER_ID","1"
"ORDER_MOVEMENT","ORDERS_BOOKING_FK_INDX","NONUNIQUE","BOOKING_ID","1"
"ORDER_MOVEMENT","ORDER_MOVEMENT_PK","UNIQUE","ORDER_MOVEMENT_ID","1"
"ORDER_MOVEMENT","ORDMOVE_ORD_IDX","NONUNIQUE","ORDER_ID","1"
"ORDER_MOVEMENT","ORDMOVE_SHP_IDX","NONUNIQUE","SHIPMENT_ID","1"
"ORDER_MOVEMENT","ORD_MVMNT_ORDSPLT_IDX","NONUNIQUE","ORDER_SPLIT_ID","1"
"ORDER_MOVEMENT","TM_ORDER_MOVEMEN_IDX1","NONUNIQUE","MOVEMENT_TYPE","1"
"ORDER_MOVEMENT","TM_ORDER_MOVEMEN_IDX2","NONUNIQUE","SHIPMENT_ID","1"
"ORDER_MOVEMENT","TM_ORDER_MOVEMEN_IDX2","NONUNIQUE","DELIVERY_STOP_SEQ","2"
"ORDER_MOVEMENT","TM_ORDER_MOVEMEN_IDX3","NONUNIQUE","SHIPMENT_ID","1"
"ORDER_MOVEMENT","TM_ORDER_MOVEMEN_IDX3","NONUNIQUE","PICKUP_STOP_SEQ","2"
"ORDER_NOTE","TM_ORDER_NOTE_IDX1","NONUNIQUE","ORDER_ID","1"
"ORDER_NOTE","TO_NOTE_PK","UNIQUE","ORDER_ID","1"
"ORDER_NOTE","TO_NOTE_PK","UNIQUE","NOTE_SEQ","2"
"ORDER_NOTE","TO_NOTE_PK","UNIQUE","LINE_ITEM_ID","3"
"ORDER_NOTE_TEMPLATE","ORDER_NOTET_PK","UNIQUE","ORDER_ID","1"
"ORDER_NOTE_TEMPLATE","ORDER_NOTET_PK","UNIQUE","NOTE_SEQ","2"
"ORDER_NOTE_TEMPLATE","ORDER_NOTET_PK","UNIQUE","LINE_ITEM_ID","3"
"ORDER_REASON_CODE","ORDER_RCODE_IDX","NONUNIQUE","ORDER_LINE_ID","1"
"ORDER_REASON_CODE","ORDER_RCODE_IDX","NONUNIQUE","ORDER_ID","2"
"ORDER_REASON_CODE","ORDER_REASON_CODE_IDX2","NONUNIQUE","ORDER_ID","1"
"ORDER_REASON_CODE","ORDER_REASON_CODE_PK","UNIQUE","ORDER_REASON_CODE_ID","1"
"ORDER_REASON_CODE","TM_ORDER_REASON__IDX2","NONUNIQUE","ORDER_ID","1"
"ORDER_REASON_CODE","TM_ORDER_REASON__IDX2","NONUNIQUE","ORDER_LINE_ID","2"
"ORDER_REF","ORDER_REF_PK","UNIQUE","ORDER_ID","1"
"ORDER_RNDNG","PK_ORDER_RNDNG","UNIQUE","ORDER_RNDNG_ID","1"
"ORDER_SCHED_ACTION","ORDR_SCHD_ACT_PK","UNIQUE","ORDER_ID","1"
"ORDER_SCHED_ACTION","ORDR_SCHD_ACT_PK","UNIQUE","SCHED_EVENT_ID","2"
"ORDER_SPLIT","ORDER_SPLIT_IDX1","NONUNIQUE","ORDER_ID","1"
"ORDER_SPLIT","ORDER_SPLIT_IDX1","NONUNIQUE","ORDER_SPLIT_ID","2"
"ORDER_SPLIT","ORDER_SPLIT_PK","UNIQUE","ORDER_SPLIT_ID","1"
"ORDER_SPLIT","ORDER_SPLIT_SC_IND1","NONUNIQUE","CONS_RUN_ID","1"
"ORDER_SPLIT","ORDER_SPLIT_SC_IND2","NONUNIQUE","RTE_WAVE_NBR","1"
"ORDER_SPLIT","ORDER_SPLIT_SC_IND2","NONUNIQUE","IS_CANCELLED","2"
"ORDER_SPLIT","ORDER_SPT_SHP_IDX","NONUNIQUE","SHIPMENT_ID","1"
"ORDER_SPLIT","TM_ORDER_SPLIT_IDX1","NONUNIQUE","ORDER_ID","1"
"ORDER_SPLIT","TM_ORDER_SPLIT_IDX2","NONUNIQUE","ORDER_SPLIT_STATUS","1"
"ORDER_SPLIT","TM_ORDER_SPLIT_IDX3","NONUNIQUE","TC_COMPANY_ID","1"
"ORDER_SPLIT_LINE_ITEM","ORDER_SPT_LNE_ITM_IDX2","NONUNIQUE","ORDER_SPLIT_ID","1"
"ORDER_SPLIT_LINE_ITEM","ORDSPLIT_LNITEM_IDX","NONUNIQUE","LINE_ITEM_ID","1"
"ORDER_SPLIT_LINE_ITEM","ORDSPLIT_LNITEM_PK","UNIQUE","ORDER_SPLIT_LINE_ITEM_ID","1"
"ORDER_SPLIT_LINE_ITEM","ORDSPLLNIT_ORLN_FK_1_IX","NONUNIQUE","LINE_ITEM_ID","1"
"ORDER_SPLIT_LINE_ITEM","ORDSPLLNIT_ORLN_FK_1_IX","NONUNIQUE","ORDER_ID","2"
"ORDER_SPLIT_LINE_ITEM","TM_ORDER_SPLIT_L_IDX1","NONUNIQUE","ORDER_ID","1"
"ORDER_SPLIT_LINE_ITEM","TM_ORDER_SPLIT_L_IDX2","NONUNIQUE","ORDER_ID","1"
"ORDER_SPLIT_LINE_ITEM","TM_ORDER_SPLIT_L_IDX2","NONUNIQUE","LINE_ITEM_ID","2"
"ORDER_SPLIT_SIZE","ORDER_SPLIT_SIZE_PK","UNIQUE","ORDER_SPLIT_SIZE_ID","1"
"ORDER_SPLIT_SIZE","ORDSPLTSZ_LINEITEM_IDX","NONUNIQUE","LINE_ITEM_ID","1"
"ORDER_SPLIT_SIZE","ORDSPLTSZ_OLI_IDX","NONUNIQUE","ORDER_ID","1"
"ORDER_SPLIT_SIZE","ORDSPLTSZ_OLI_IDX","NONUNIQUE","ORDER_LINE_ITEM_ID","2"
"ORDER_SPLIT_SIZE","ORDTSZ_SUOM_IDX","NONUNIQUE","SPLIT_SIZE_UOM_ID","1"
"ORDER_SRL_NBR","ORDER_SRL_NBR_IDX1","NONUNIQUE","ORDER_ID","1"
"ORDER_SRL_NBR","ORDER_SRL_NBR_PK","UNIQUE","ORDER_ID","1"
"ORDER_SRL_NBR","ORDER_SRL_NBR_PK","UNIQUE","LINE_ITEM_ID","2"
"ORDER_SRL_NBR","ORDER_SRL_NBR_PK","UNIQUE","SERIAL_NBR","3"
"ORDER_SRL_NBR","TM_ORDER_SRL_NBR_IDX1","NONUNIQUE","FACILITY_ID","1"
"ORDER_SRL_NBR_TEMPLATE","ORDER_SRL_NBRT_PK","UNIQUE","ORDER_ID","1"
"ORDER_SRL_NBR_TEMPLATE","ORDER_SRL_NBRT_PK","UNIQUE","LINE_ITEM_ID","2"
"ORDER_SRL_NBR_TEMPLATE","ORDER_SRL_NBRT_PK","UNIQUE","SERIAL_NBR","3"
"ORDER_SRL_NBR_TEMPLATE","TM_ORDER_SRLN_IDX1","NONUNIQUE","FACILITY_ID","1"
"ORDER_SRL_NBR_TEMPLATE","TM_ORDER_SRLN_IDX2","NONUNIQUE","ORDER_ID","1"
"ORDER_STATUS","ORDER_STATUS_PK","UNIQUE","ORDER_STATUS","1"
"ORDER_STREAM_WORKFLOW_STATUS","ORDR_STRM_WRKFLW_STS_PK","UNIQUE","ORDER_STREAM_WFL_STATUS_ID","1"
"ORDER_STREAM_WORKFLOW_STATUS","ORDR_STRM_WRKFLW_STS_UK1","UNIQUE","ORDER_STREAM_ALLOC_ID","1"
"ORDER_STREAM_WORKFLOW_STATUS","ORDR_STRM_WRKFLW_STS_UK1","UNIQUE","TC_ORDER_ID","2"
"ORDER_STREAM_WORKFLOW_STATUS","ORDR_STRM_WRKFLW_STS_UK1","UNIQUE","TC_COMPANY_ID","3"
"ORDER_TEMPLATE_OD_PAIR","ORD_TEMP_OD_PR_PK","UNIQUE","ORDER_TEMP_OD_PAIR_ID","1"
"ORDER_TYPE","PK_ORDER_TYPE","UNIQUE","ORDER_TYPE_ID","1"
"ORDER_TYPE","TM_ORDER_TYPE_IDX1","NONUNIQUE","CHANNEL_TYPE","1"
"ORDER_TYPE","UK_ORDTYPE_COORDT1","UNIQUE","TC_COMPANY_ID","1"
"ORDER_TYPE","UK_ORDTYPE_COORDT1","UNIQUE","ORDER_TYPE","2"
"ORDER_TYPE","UK_ORDTYPE_COORDT1","UNIQUE","MARK_FOR_DELETION","3"
"ORDER_WMS_STATUS","ORDER_WSTATUS_PK","UNIQUE","STATUS_CODE","1"
"ORDER_WORK_TYPE","ORDER_WORK_TYPE_IDX1","NONUNIQUE","ORDER_ID","1"
"ORDER_WORK_TYPE","ORDER_WORK_TYPE_PK","UNIQUE","ORDER_WORK_TYPE_ID","1"
"ORDER_WORK_TYPE","PE_ORDER_WORK_TYPE_IDX","NONUNIQUE","LINE_ITEM_ID","1"
"ORDER_WORK_TYPE_TEMPLATE","ORDER_WORK_TYPE_TEMPLATE_PK","UNIQUE","ORDER_WORK_TYPE_ID","1"
"OUTBD_QA","OUTBDQA_STATCODE_IDX","NONUNIQUE","STAT_CODE","1"
"OUTBD_QA","PK_OUTBD_QA","UNIQUE","OUTBD_QA_ID","1"
"OUTBD_QA","TM_OUTBD_QA_IDX1","NONUNIQUE","OUTBD_QA_PARM_DTL_ID","1"
"OUTBD_QA","TM_OUTBD_QA_IDX2","NONUNIQUE","OUTBD_QA_PARM_ID","1"
"OUTBD_QA","TM_OUTBD_QA_IDX2","NONUNIQUE","PARM_SEQ_NBR","2"
"OUTBD_QA","UK_OUTBD_QA","UNIQUE","OUTBD_QA_PARM_ID","1"
"OUTBD_QA","UK_OUTBD_QA","UNIQUE","PARM_SEQ_NBR","2"
"OUTBD_QA","UK_OUTBD_QA","UNIQUE","OUTBD_QA_ID","3"
"OUTBD_QA_PARM_DTL","FK_OUTBDQAPARMDTL_RULECOLMID","NONUNIQUE","RULE_COLM_ID","1"
"OUTBD_QA_PARM_DTL","PK_OUTBD_QA_PARM_DTL","UNIQUE","OUTBD_QA_PARM_DTL_ID","1"
"OUTBD_QA_PARM_DTL","TM_OUTBD_QA_PARM_DTL_IDX1","NONUNIQUE","OUTBD_QA_PARM_HDR_ID","1"
"OUTBD_QA_PARM_DTL","TM_OUTBD_QA_PARM_DTL_IDX2","NONUNIQUE","OUTBD_QA_PARM_ID","1"
"OUTBD_QA_PARM_DTL","UK_OUTBD_QA_PARM_DTL","UNIQUE","OUTBD_QA_PARM_ID","1"
"OUTBD_QA_PARM_DTL","UK_OUTBD_QA_PARM_DTL","UNIQUE","PARM_SEQ_NBR","2"
"OUTBD_QA_PARM_HDR","OUTBDQAPARMHDR_CDMASID_IDX","NONUNIQUE","CD_MASTER_ID","1"
"OUTBD_QA_PARM_HDR","PK2_OUTBDQAPARMHDR_ID","UNIQUE","OUTBD_QA_PARM_ID","1"
"OUTBD_QA_PARM_HDR","PK_OUTBDQAPARMHDR_ID","UNIQUE","OUTBD_QA_PARM_HDR_ID","1"
"OUTPT_CARTON_DTL_YGPT","OUTPT_CARTON_DTL_YGPT_1","NONUNIQUE","UPLOAD","1"
"OUTPT_CARTON_DTL_YGPT","OUTPT_CARTON_DTL_YGPT_2","NONUNIQUE","GEN_DATE_TIME","1"
"OUTPT_CARTON_DTL_YGPT","OUTPT_CARTON_DTL_YGPT_3","NONUNIQUE","BILLNO","1"
"OUTPT_CARTON_DTL_YGPT","OUTPT_CARTON_DTL_YGPT_4","NONUNIQUE","OWNER_CODE","1"
"OUTPT_CARTON_DTL_YGPT","SYS_C0063279","UNIQUE","XULIEHAO","1"
"OUTPT_DELV_NOTIFICATION","PK_OUTPT_DELV_NOTIFICATION","UNIQUE","OUTPT_DELV_NOTIFICATION_ID","1"
"OUTPT_LPN","PE_OUTLPN_INVC_BATCH_NBR_IDX","NONUNIQUE","INVC_BATCH_NBR","1"
"OUTPT_LPN","PE_OUTLPN_TC_LPN_IDX","NONUNIQUE","TC_COMPANY_ID","1"
"OUTPT_LPN","PE_OUTLPN_TC_LPN_IDX","NONUNIQUE","TC_LPN_ID","2"
"OUTPT_LPN","PE_OUTLPN_TC_ORD_IDX2","NONUNIQUE","TC_ORDER_ID","1"
"OUTPT_LPN","PE_OUTLPN_TC_SHP_IDX","NONUNIQUE","TC_SHIPMENT_ID","1"
"OUTPT_LPN","PK_OUTPT_LPN","UNIQUE","OUTPT_LPN_ID","1"
"OUTPT_LPN_CATCH_WEIGHT","PE_OUTLPNC_INVB_IDX","NONUNIQUE","INVC_BATCH_NBR","1"
"OUTPT_LPN_CATCH_WEIGHT","PK_OUTPT_LPN_CATCH_WEIGHT","UNIQUE","OUTPT_LPN_CATCH_WEIGHT_ID","1"
"OUTPT_LPN_DETAIL","OUTLPN_DTL_MINR_ORDRNBR_IDX","NONUNIQUE","MINOR_ORDER_NBR","1"
"OUTPT_LPN_DETAIL","PE_OUTLPN_DTL_TC_LPN_IDX","NONUNIQUE","TC_COMPANY_ID","1"
"OUTPT_LPN_DETAIL","PE_OUTLPN_DTL_TC_LPN_IDX","NONUNIQUE","TC_LPN_ID","2"
"OUTPT_LPN_DETAIL","PE_OUTLPN_DTL_TC_LPN_IDX2","NONUNIQUE","INVC_BATCH_NBR","1"
"OUTPT_LPN_DETAIL","PE_OUTLPN_DTL_TC_LPN_IDX2","NONUNIQUE","PROC_STAT_CODE","2"
"OUTPT_LPN_DETAIL","PK_OUTPT_LPN_DETAIL","UNIQUE","OUTPT_LPN_DETAIL_ID","1"
"OUTPT_LPN_MINOR_SERIAL_NBR","PK_OUTPT_LPN_MINOR_SERIAL_NBR","UNIQUE","OUTPT_LPN_MINOR_SERIAL_NBR_ID","1"
"OUTPT_LPN_SERIAL_NBR","PE_OUTSRL_IDX","NONUNIQUE","LPN_DETAIL_ID","1"
"OUTPT_LPN_SERIAL_NBR","PK_OUTPT_LPN_SERIAL_NBR","UNIQUE","OUTPT_LPN_SERIAL_NBR_ID","1"
"OUTPT_ORDERS","OUTPT_ORDERS_BCN_IDX","NONUNIQUE","BATCH_CTRL_NBR","1"
"OUTPT_ORDERS","PE_OUTPT_ORD_IDX4","NONUNIQUE","INVC_BATCH_NBR","1"
"OUTPT_ORDERS","PE_OUTPT_ORD_IDX5","NONUNIQUE","PROC_STAT_CODE","1"
"OUTPT_ORDERS","PE_OUTPT_ORD_IDX5","NONUNIQUE","LAST_UPDATED_DTTM","2"
"OUTPT_ORDERS","PE_OUTPUT_ORD_IDX","NONUNIQUE","TC_ORDER_ID","1"
"OUTPT_ORDERS","PE_OUTPUT_ORD_IDX2","NONUNIQUE","TC_SHIPMENT_ID","1"
"OUTPT_ORDERS","PE_OUTPUT_ORD_IDX3","NONUNIQUE","SHIPMENT_ID","1"
"OUTPT_ORDERS","PK_OUTPT_ORDERS","UNIQUE","OUTPT_ORDERS_ID","1"
"OUTPT_ORDER_LINE_ITEM","PE_OUTORDLN_IDX","NONUNIQUE","TC_COMPANY_ID","1"
"OUTPT_ORDER_LINE_ITEM","PE_OUTORDLN_IDX","NONUNIQUE","TC_ORDER_ID","2"
"OUTPT_ORDER_LINE_ITEM","PE_OUTORDLN_IDX2","NONUNIQUE","TC_COMPANY_ID","1"
"OUTPT_ORDER_LINE_ITEM","PE_OUTORDLN_IDX2","NONUNIQUE","INVC_BATCH_NBR","2"
"OUTPT_ORDER_LINE_ITEM","PE_OUTORDLN_IDX3","NONUNIQUE","ITEM_NAME","1"
"OUTPT_ORDER_LINE_ITEM","PK_OUTPT_ORDER_LINE_ITEM","UNIQUE","OUTPT_ORDER_LINE_ITEM_ID","1"
"OUTPT_ORDER_LINE_ITEM_SIZE","PK_OUTPT_ORDER_LINE_ITEM_SIZE","UNIQUE","OUTPT_ORDER_LINE_ITEM_SIZE_ID","1"
"OUTPT_PKT_HDR","OUTPT_PKT_HDR_IND_1","NONUNIQUE","PKT_CTRL_NBR","1"
"OUTPT_PKT_HDR","OUTPT_PKT_HDR_IND_2","NONUNIQUE","MOD_DATE_TIME","1"
"OUTPT_PKT_HDR","OUTPT_PKT_HDR_IND_2","NONUNIQUE","PROC_STAT_CODE","2"
"OUTPT_PKT_HDR","PK_OUTPT_PKT_HDR","UNIQUE","INVC_BATCH_NBR","1"
"OUTPT_PKT_HDR","PK_OUTPT_PKT_HDR","UNIQUE","PKT_CTRL_NBR","2"
"OUTPT_SHIPMENT_RETN","PK_OUTPT_SHIPMENT_RETN","UNIQUE","OUTPT_SHIPMENT_RETN_ID","1"
"OUTPUT_PIX","PK_OUTPUT_PIX","UNIQUE","NBR","1"
"OUTPUT_PKT","PK_OUTPUT_PKT","UNIQUE","NBR","1"
"OUTPUT_RESULT_TABLE","PK_OUTPUT_RESULT_TABLE","UNIQUE","SESSIONID","1"
"OUTPUT_RESULT_TABLE","PK_OUTPUT_RESULT_TABLE","UNIQUE","PROCESSID","2"
"OUTWARD_EVENTS","PK_OUTWARD_EVENTS","UNIQUE","EVENT_ID","1"
"OUTWARD_EVENT_SUBSCRIBERS","PK_OUT_EVNT_SUBS","UNIQUE","EVENT_ID","1"
"OUTWARD_EVENT_SUBSCRIBERS","PK_OUT_EVNT_SUBS","UNIQUE","SUBSCRIBER_ID","2"
"OUTWARD_EVENT_SUBSCRIBERS","TM_OUTWARD_EVENT_SUBSCRS_IDX1","NONUNIQUE","EVENT_ID","1"
"OUTWARD_EVENT_SUBSCRIBERS","TM_OUTWARD_EVENT_SUBSCRS_IDX2","NONUNIQUE","RULE_ID","1"
"OUTWARD_GEN_EVENTS","PK_OUTWARD_GEN_KEY","UNIQUE","EVENT_GUID","1"
"PACKAGING","PACKAGING_PK","UNIQUE","PACKAGING","1"
"PACK_WAVE_PARM_DTL","PACKWAVEPDTL_PACKWAVENBR_IDX","NONUNIQUE","PACK_WAVE_NBR","1"
"PACK_WAVE_PARM_DTL","PK_PACK_WAVE_PARM_DTL","UNIQUE","PACK_WAVE_PARM_DTL_ID","1"
"PACK_WAVE_PARM_DTL","TM_PACK_WAVE_PARM_DTL_IDX1","NONUNIQUE","PACK_WAVE_PARM_HDR_ID","1"
"PACK_WAVE_PARM_DTL","TM_PACK_WAVE_PARM_DTL_IDX2","NONUNIQUE","PACK_WAVE_PARM_ID","1"
"PACK_WAVE_PARM_DTL","UK_PACK_WAVE_PARM_DTL","UNIQUE","PACK_WAVE_PARM_ID","1"
"PACK_WAVE_PARM_DTL","UK_PACK_WAVE_PARM_DTL","UNIQUE","PACK_WAVE_SEQ_NBR","2"
"PACK_WAVE_PARM_HDR","PK_PACK_WAVE_PARM_HDR","UNIQUE","PACK_WAVE_PARM_HDR_ID","1"
"PACK_WAVE_PARM_HDR","UK_PACK_WAVE_PARM_HDR","UNIQUE","PACK_WAVE_PARM_ID","1"
"PACK_WKSTN_EFFNCY","PK_PACK_WKSTN_EFFNCY","UNIQUE","PACK_WKSTN_EFFNCY_ID","1"
"PACK_WKSTN_EFFNCY","UK_PACK_WKSTN_EFFNCY","UNIQUE","WHSE","1"
"PACK_WKSTN_EFFNCY","UK_PACK_WKSTN_EFFNCY","UNIQUE","PAKR_TYPE","2"
"PACK_WKSTN_EFFNCY","UK_PACK_WKSTN_EFFNCY","UNIQUE","PAKR","3"
"PACK_WKSTN_MASTER","PK_PACK_WKSTN_MASTER","UNIQUE","PACK_WKSTN_MASTER_ID","1"
"PACK_WKSTN_MASTER","UK_PACK_WKSTN_MASTER","UNIQUE","PACK_WKSTN_ID","1"
"PACK_WKSTN_MASTER","UK_PACK_WKSTN_MASTER","UNIQUE","WHSE","2"
"PADDING_TYPE","PADDING_TYPE_PK","UNIQUE","PADDING_TYPE","1"
"PALLETS","INDX_PALLETS_WHSE_PLTID","NONUNIQUE","WHSE_CODE","1"
"PALLETS","INDX_PALLETS_WHSE_PLTID","NONUNIQUE","PALLET_ID","2"
"PALLETS","PK_PALLETS","UNIQUE","PALLET_ID","1"
"PALLETS","UK_PALLETS","UNIQUE","PLT_TYPE","1"
"PALLETS","UK_PALLETS","UNIQUE","WHSE_CODE","2"
"PALLET_XREF","INDX_PALLET_XREF_1","NONUNIQUE","SKU_ID","1"
"PALLET_XREF","INDX_PALLET_XREF_2","NONUNIQUE","PALLET_ID","1"
"PALLET_XREF","PK_PALLET_XREF","UNIQUE","PALLET_XREF_ID","1"
"PALLET_XREF","UK_PALLET_XREF","UNIQUE","SKU_ID","1"
"PALLET_XREF","UK_PALLET_XREF","UNIQUE","PALLET_ID","2"
"PARAM_DEF","PARAM_DEF_PK","UNIQUE","PARAM_DEF_ID","1"
"PARAM_DEF","PARAM_DEF_PK","UNIQUE","PARAM_GROUP_ID","2"
"PARAM_DEF","TM_PARAM_DEF_IDX1","NONUNIQUE","DATA_TYPE","1"
"PARAM_DEF","TM_PARAM_DEF_IDX2","NONUNIQUE","PARAM_GROUP_ID","1"
"PARAM_DEF","TM_PARAM_DEF_IDX2","NONUNIQUE","PARAM_SUBGROUP_ID","2"
"PARAM_DEF","TM_PARAM_DEF_IDX3","NONUNIQUE","UI_TYPE","1"
"PARAM_GROUP","PARAM_GROUP_PK","UNIQUE","PARAM_GROUP_ID","1"
"PARAM_GROUPING","PARAM_GROUPING_PK","UNIQUE","PARAM_GROUPING_ID","1"
"PARAM_SPEC_VALUE","PARAM_SPEC_PK","UNIQUE","PARAM_DEF_ID","1"
"PARAM_SPEC_VALUE","PARAM_SPEC_PK","UNIQUE","PARAM_GROUP_ID","2"
"PARAM_SPEC_VALUE","PARAM_SPEC_PK","UNIQUE","SPEC_VALUE_SEQ","3"
"PARAM_SPEC_VALUE","TM_PARAM_SPEC_VA_IDX1","NONUNIQUE","PARAM_DEF_ID","1"
"PARAM_SPEC_VALUE","TM_PARAM_SPEC_VA_IDX1","NONUNIQUE","PARAM_GROUP_ID","2"
"PARAM_SUBGROUP","PARAM_SUBGROUP_PK","UNIQUE","PARAM_GROUP_ID","1"
"PARAM_SUBGROUP","PARAM_SUBGROUP_PK","UNIQUE","PARAM_SUBGROUP_ID","2"
"PARAM_SUBGROUP","TM_PARAM_SUBGROU_IDX1","NONUNIQUE","PARAM_GROUP_ID","1"
"PARCEL_RATE_CALENDER","PK_PRCL_RT_CAL","UNIQUE","PARCEL_RATE_CALENDER_ID","1"
"PARCEL_RATE_DATA","PARCEL_RATE_CALENDER_FK1_1_IX","NONUNIQUE","PARCEL_RATE_CALENDER_ID","1"
"PARCEL_RATE_DATA","PK_PRCL_RT_DATA","UNIQUE","PARCEL_RATE_DATA_ID","1"
"PARCEL_RATE_DATA","PRC_COMP_CAL_MOT_SL_ZONE_IDX","NONUNIQUE","TC_COMPANY_ID","1"
"PARCEL_RATE_DATA","PRC_COMP_CAL_MOT_SL_ZONE_IDX","NONUNIQUE","PARCEL_RATE_CALENDER_ID","2"
"PARCEL_RATE_DATA","PRC_COMP_CAL_MOT_SL_ZONE_IDX","NONUNIQUE","ZONE","3"
"PARCEL_RATE_DATA","PRC_COMP_CAL_MOT_SL_ZONE_IDX","NONUNIQUE","SERVICE_LEVEL_ID","4"
"PARCEL_RATE_DATA","PRC_COMP_CAL_MOT_SL_ZONE_IDX","NONUNIQUE","MOT_ID","5"
"PARCEL_SERVICE_LEVEL","PARCEL_SL_PK","UNIQUE","PARCEL_SERVICE_LEVEL","1"
"PARCEL_SERVICE_LEVEL_MAP","PSLMP_SL_T_IDX","NONUNIQUE","TARIFF_SERVICE_LEVEL_ID","1"
"PARCEL_SERVICE_LEVEL_MAP","TM_PAR_SRLEVMAP_IDX1","NONUNIQUE","PARCEL_SERVICE_LEVEL","1"
"PARCEL_SERVICE_LEVEL_MAP","TM_PAR_SRLEVMAP_IDX2","NONUNIQUE","TARIFF_CODE_ID","1"
"PARCEL_TRANSIT_TIME","PK_PRCL_TR_TM","UNIQUE","PARCEL_TRANSIT_TIME_ID","1"
"PARCEL_TRANSIT_TIME","PTT_COMP_CAR_SL_OZ_IDX","NONUNIQUE","TC_COMPANY_ID","1"
"PARCEL_TRANSIT_TIME","PTT_COMP_CAR_SL_OZ_IDX","NONUNIQUE","CARRIER_ID","2"
"PARCEL_TRANSIT_TIME","PTT_COMP_CAR_SL_OZ_IDX","NONUNIQUE","SERVICE_LEVEL_ID","3"
"PARCEL_TRANSIT_TIME","PTT_COMP_CAR_SL_OZ_IDX","NONUNIQUE","ORIGIN_ZIP","4"
"PARCEL_ZONE_DATA","PK_PRCL_ZN_DATA","UNIQUE","PARCEL_ZONE_DATA_ID","1"
"PARCEL_ZONE_DATA","PZD_CAR_CNT_ZONE_OZ_IDX","NONUNIQUE","CARRIER_CODE","1"
"PARCEL_ZONE_DATA","PZD_CAR_CNT_ZONE_OZ_IDX","NONUNIQUE","DEST_CNTRY","2"
"PARCEL_ZONE_DATA","PZD_CAR_CNT_ZONE_OZ_IDX","NONUNIQUE","ZONES_PER_SL","3"
"PARCEL_ZONE_DATA","PZD_CAR_CNT_ZONE_OZ_IDX","NONUNIQUE","DEST_FROM_ZIP","4"
"PARCEL_ZONE_DATA","PZD_CAR_CNT_ZONE_OZ_IDX","NONUNIQUE","DEST_TO_ZIP","5"
"PATH_SET_SHIPPING_PARAM","CURRENCY_CODE_FK","NONUNIQUE","CURRENCY_CODE","1"
"PATH_SET_SHIPPING_PARAM","PTHST_SHPNG_PRM_PK","UNIQUE","PATH_SET_ID","1"
"PATH_SET_SHIPPING_PARAM","PTHST_SHPNG_PRM_PK","UNIQUE","PATH_SET_SHIPPING_PARAM_ID","2"
"PATH_SET_SHIPPING_PARAM","TM_PATHSET_SHIP_IDX1","NONUNIQUE","LPN_TYPE","1"
"PATH_SET_SHIPPING_PARAM","TM_PATH_SET_SHIPPG_PARAM_IDX1","NONUNIQUE","PATH_SET_ID","1"
"PAYMENT_METHOD","PAYMENT_METHOD_PK","UNIQUE","PAYMENT_METHOD","1"
"PAYMENT_TERMS","PAYMENT_TERMS_PK","UNIQUE","PAYMENT_TERMS","1"
"PGM_PARM","PK_PGM_PARM","UNIQUE","PGM_PARM_ID","1"
"PGM_PARM","UK_PGM_PARM","UNIQUE","PGM_ID","1"
"PHYS_INVN_HDR","PHYSINVNHDR_STATCODEBDTTM_IDX","NONUNIQUE","STAT_CODE","1"
"PHYS_INVN_HDR","PHYSINVNHDR_STATCODEBDTTM_IDX","NONUNIQUE","BKD_DATE_TIME","2"
"PHYS_INVN_HDR","PHYSINVNHDR_STATCODEMDTTM_IDX","NONUNIQUE","STAT_CODE","1"
"PHYS_INVN_HDR","PHYSINVNHDR_STATCODEMDTTM_IDX","NONUNIQUE","MOD_DATE_TIME","2"
"PHYS_INVN_HDR","PK_PHYS_INVN_HDR","UNIQUE","PHYS_INVN_HDR_ID","1"
"PICKING_SHORT_ITEM","PICKING_SHRT_ITEM_IDX","NONUNIQUE","STAT_CODE","1"
"PICKING_SHORT_ITEM","PICKING_SHRT_ITEM_IDX","NONUNIQUE","ITEM_ID","2"
"PICKING_SHORT_ITEM","PICKING_SHRT_ITEM_IDX","NONUNIQUE","LOCN_ID","3"
"PICKING_SHORT_ITEM","PICKING_SHRT_ITEM_LITEMID_IDX","NONUNIQUE","LINE_ITEM_ID","1"
"PICKING_SHORT_ITEM","PK_PICKING_SHORT_ITEM","UNIQUE","PICKING_SHORT_ITEM_ID","1"
"PICKLINE_GROUP","PK_PICKLINE_GROUP","UNIQUE","PICKLINE_GRP_ID","1"
"PICKLINE_GROUP","UK_PICKLINE_GROUP","UNIQUE","NAME","1"
"PICKLINE_GROUP","UK_PICKLINE_GROUP","UNIQUE","WHSE_CODE","2"
"PICK_DEMAND_FORECAST","PK_PICK_DEMAND_FORECAST","UNIQUE","PICK_DEMAND_FORECAST_ID","1"
"PICK_DEMAND_FORECAST","UK_PICK_DEMAND_FORECAST","UNIQUE","WHSE","1"
"PICK_DEMAND_FORECAST","UK_PICK_DEMAND_FORECAST","UNIQUE","ITEM_ID","2"
"PICK_DEMAND_FORECAST","UK_PICK_DEMAND_FORECAST","UNIQUE","LOCN_CLASS","3"
"PICK_LOCN_ASSIGN_PRTY","PK_PICK_LOCN_ASSIGN_PRTY","UNIQUE","PICK_LOCN_ASSIGN_PRTY_ID","1"
"PICK_LOCN_ASSIGN_PRTY","PLOCNASSIGNPRTY_WHSEPRTY_IDX","NONUNIQUE","WHSE","1"
"PICK_LOCN_ASSIGN_PRTY","PLOCNASSIGNPRTY_WHSEPRTY_IDX","NONUNIQUE","PICK_LOCN_ASSIGN_TYPE","2"
"PICK_LOCN_ASSIGN_PRTY","PLOCNASSIGNPRTY_WHSEPRTY_IDX","NONUNIQUE","PRTY","3"
"PICK_LOCN_DTL","PE_PICKLOCNDTL_IX","NONUNIQUE","PICK_LOCN_HDR_ID","1"
"PICK_LOCN_DTL","PE_PICKLOCNDTL_IX","NONUNIQUE","LOCN_SEQ_NBR","2"
"PICK_LOCN_DTL","PICK_LOCN_DTL_ITEM_ID","NONUNIQUE","ITEM_ID","1"
"PICK_LOCN_DTL","PICK_LOCN_DTL_LSTWAVENBR_IDX","NONUNIQUE","LAST_WAVE_NBR","1"
"PICK_LOCN_DTL","PICK_LOCN_DTL_LSTWAVENBR_IDX","NONUNIQUE","PICK_LOCN_DTL_ID","2"
"PICK_LOCN_DTL","PICK_LOCN_DTL_LSTWAVENBR_IDX","NONUNIQUE","LOCN_ID","3"
"PICK_LOCN_DTL","PK_PICK_LOCN_DTL","UNIQUE","PICK_LOCN_DTL_ID","1"
"PICK_LOCN_DTL","TM_PICK_LOCN_DTL_IDX2","NONUNIQUE","PICK_LOCN_HDR_ID","1"
"PICK_LOCN_DTL","UK_PICK_LOCN_DTL","UNIQUE","LOCN_ID","1"
"PICK_LOCN_DTL","UK_PICK_LOCN_DTL","UNIQUE","LOCN_SEQ_NBR","2"
"PICK_LOCN_DTL_SLOTTING","PICK_LOCN_DTL_SLOT_PK","UNIQUE","PICK_LOCN_DTL_ID","1"
"PICK_LOCN_HDR","LOCN_HDR_IDX","NONUNIQUE","LOCN_HDR_ID","1"
"PICK_LOCN_HDR","PICK_LOCN_HDR_IND1","NONUNIQUE","PICK_LOCN_ASSIGN_ZONE","1"
"PICK_LOCN_HDR","PICK_LOCN_HDR_IND1","NONUNIQUE","LOCN_ID","2"
"PICK_LOCN_HDR","PICK_LOCN_HDR_IND1","NONUNIQUE","MAX_NBR_OF_SKU","3"
"PICK_LOCN_HDR","PICK_LOCN_HDR_IND2","NONUNIQUE","REPL_LOCN_BRCD","1"
"PICK_LOCN_HDR","PK_PICK_LOCN_HDR","UNIQUE","PICK_LOCN_HDR_ID","1"
"PICK_LOCN_HDR","UK_PICK_LOCN_HDR","UNIQUE","LOCN_ID","1"
"PICK_LOCN_HDR_SLOTTING","FK_MY_SNS_TO_WHSE_LOC_MSK_1_IX","NONUNIQUE","MY_SNS","1"
"PICK_LOCN_HDR_SLOTTING","INDX_LHS_8","NONUNIQUE","MY_RANGE","1"
"PICK_LOCN_HDR_SLOTTING","PK_LOCN_HDR_SLOT","UNIQUE","PICK_LOCN_HDR_ID","1"
"PICK_ZONE","IDX_PICK_ZONE_CNTR_TYPE","NONUNIQUE","CNTR_TYPE","1"
"PICK_ZONE","IDX_PICK_ZONE_WHSE_CODE","NONUNIQUE","WHSE_CODE","1"
"PICK_ZONE","PK_PICK_ZONE","UNIQUE","PICK_ZONE_ID","1"
"PIX_HIST","PIXHIST_ITEMID_IDX","NONUNIQUE","ITEM_ID","1"
"PIX_HIST","PIXHIST_PIXTRANDT_IDX","NONUNIQUE","PIX_TRAN_DATE","1"
"PIX_HIST","PK_PIX_HIST","UNIQUE","PIX_HIST_ID","1"
"PIX_HIST","UK_PIX_HIST","UNIQUE","FACILITY_ID","1"
"PIX_HIST","UK_PIX_HIST","UNIQUE","PIX_TRAN_DATE","2"
"PIX_HIST","UK_PIX_HIST","UNIQUE","ITEM_ID","3"
"PIX_HIST","UK_PIX_HIST","UNIQUE","INVN_TYPE","4"
"PIX_HIST","UK_PIX_HIST","UNIQUE","PROD_STAT","5"
"PIX_HIST","UK_PIX_HIST","UNIQUE","BATCH_NBR","6"
"PIX_HIST","UK_PIX_HIST","UNIQUE","SKU_ATTR_1","7"
"PIX_HIST","UK_PIX_HIST","UNIQUE","SKU_ATTR_2","8"
"PIX_HIST","UK_PIX_HIST","UNIQUE","SKU_ATTR_3","9"
"PIX_HIST","UK_PIX_HIST","UNIQUE","SKU_ATTR_4","10"
"PIX_HIST","UK_PIX_HIST","UNIQUE","SKU_ATTR_5","11"
"PIX_HIST","UK_PIX_HIST","UNIQUE","CNTRY_OF_ORGN","12"
"PIX_INTRNL_CONFIG","PIXINTRNLCNFG_TRANCODETYPE_UDX","UNIQUE","TRAN_TYPE","1"
"PIX_INTRNL_CONFIG","PIXINTRNLCNFG_TRANCODETYPE_UDX","UNIQUE","TRAN_CODE","2"
"PIX_INTRNL_CONFIG","PIXINTRNLCNFG_TRANCODETYPE_UDX","UNIQUE","ACTN_CODE","3"
"PIX_INTRNL_CONFIG","PK_PIX_INTRNL_CONFIG","UNIQUE","PIX_INTRNL_CONFIG_ID","1"
"PIX_REF_CODE_MASTER","PIXRCODEMAS_RULECOLMIDIDX","NONUNIQUE","RULE_COLM_ID","1"
"PIX_REF_CODE_MASTER","PK_PIX_REF_CODE_MASTER","UNIQUE","PIX_REF_CODE_MASTER_ID","1"
"PIX_REF_CODE_MASTER","UK_PIX_REF_CODE_MASTER","UNIQUE","REF_CODE_ID","1"
"PIX_REF_GRP_MASTER","PK_PIX_REF_GRP_MASTER","UNIQUE","PIX_REF_GRP_MASTER_ID","1"
"PIX_SUMM","PIXSUMM_BEGINENDDTTM_IDX","NONUNIQUE","BEGIN_SUMM_DATE_TIME","1"
"PIX_SUMM","PIXSUMM_BEGINENDDTTM_IDX","NONUNIQUE","END_SUMM_DATE_TIME","2"
"PIX_SUMM","PIXSUMM_CREATEDTTM_IDX","NONUNIQUE","CREATE_DATE_TIME","1"
"PIX_SUMM","PIXSUMM_ENDSUMMDTTMSTATCD_IDX","NONUNIQUE","END_SUMM_DATE_TIME","1"
"PIX_SUMM","PIXSUMM_ENDSUMMDTTMSTATCD_IDX","NONUNIQUE","STAT_CODE","2"
"PIX_SUMM","PIXSUMM_ITEMID_IDX","NONUNIQUE","ITEM_ID","1"
"PIX_SUMM","PIX_SUMM_IND_3","NONUNIQUE","ITEM_ID","1"
"PIX_SUMM","PIX_SUMM_IND_3","NONUNIQUE","SYS_NC00036$","2"
"PIX_SUMM","PIX_SUMM_IND_3","NONUNIQUE","SYS_NC00037$","3"
"PIX_SUMM","PIX_SUMM_IND_3","NONUNIQUE","SYS_NC00038$","4"
"PIX_SUMM","PIX_SUMM_IND_3","NONUNIQUE","SYS_NC00039$","5"
"PIX_SUMM","PIX_SUMM_IND_3","NONUNIQUE","SYS_NC00040$","6"
"PIX_SUMM","PIX_SUMM_IND_3","NONUNIQUE","SYS_NC00041$","7"
"PIX_SUMM","PIX_SUMM_IND_3","NONUNIQUE","SYS_NC00042$","8"
"PIX_SUMM","PIX_SUMM_IND_3","NONUNIQUE","SYS_NC00043$","9"
"PIX_SUMM","PIX_SUMM_IND_3","NONUNIQUE","SYS_NC00044$","10"
"PIX_SUMM","PK_PIX_SUMM","UNIQUE","PIX_SUMM_ID","1"
"PIX_SYNC","PIXSYNC_CDMASID_IDX","NONUNIQUE","CD_MASTER_ID","1"
"PIX_SYNC","PK_PIX_SYNC","UNIQUE","PIX_SYNC_ID","1"
"PIX_TRAN","PE_PIXTRN_IDX","NONUNIQUE","CASE_NBR","1"
"PIX_TRAN","PE_PIXTRN_IDX","NONUNIQUE","TRAN_TYPE","2"
"PIX_TRAN","PE_PIXTRN_IDX","NONUNIQUE","TRAN_CODE","3"
"PIX_TRAN","PE_PIXTRN_IDX","NONUNIQUE","ACTN_CODE","4"
"PIX_TRAN","PE_PIXTRN_IDX","NONUNIQUE","REF_CODE_ID_5","5"
"PIX_TRAN","PE_PIX_CASE_IDX","NONUNIQUE","SYS_NC00080$","1"
"PIX_TRAN","PE_PIX_CASE_IDX","NONUNIQUE","SYS_NC00081$","2"
"PIX_TRAN","PE_PIX_CASE_IDX","NONUNIQUE","TC_COMPANY_ID","3"
"PIX_TRAN","PE_PIX_CASE_IDX","NONUNIQUE","WHSE","4"
"PIX_TRAN","PE_PIX_CASE_IDX","NONUNIQUE","CREATE_DATE_TIME","5"
"PIX_TRAN","PIXTRAN_CREATEDDTTM_IDX","NONUNIQUE","CREATE_DATE_TIME","1"
"PIX_TRAN","PIXTRAN_ITEMID_IDX","NONUNIQUE","ITEM_ID","1"
"PIX_TRAN","PIXTRAN_PSTATCODEWHSE_IDX","NONUNIQUE","PROC_STAT_CODE","1"
"PIX_TRAN","PIXTRAN_PSTATCODEWHSE_IDX","NONUNIQUE","WHSE","2"
"PIX_TRAN","PIXTRAN_PSTATCODEWHSE_IDX","NONUNIQUE","MOD_DATE_TIME","3"
"PIX_TRAN","PIXTRAN_REFFLDPSTATCODE_IDX","NONUNIQUE","REF_FIELD_3","1"
"PIX_TRAN","PIXTRAN_REFFLDPSTATCODE_IDX","NONUNIQUE","REF_FIELD_1","2"
"PIX_TRAN","PIXTRAN_REFFLDPSTATCODE_IDX","NONUNIQUE","PROC_STAT_CODE","3"
"PIX_TRAN","PIXTRAN_TRANNBR_IDX","NONUNIQUE","TRAN_NBR","1"
"PIX_TRAN","PIXTRAN_XMLGROUPID_IDX","NONUNIQUE","XML_GROUP_ID","1"
"PIX_TRAN","PK_PIX_TRAN","UNIQUE","PIX_TRAN_ID","1"
"PIX_TRAN","PURGE_IDX_PT_01","NONUNIQUE","TC_COMPANY_ID","1"
"PIX_TRAN","PURGE_IDX_PT_01","NONUNIQUE","WHSE","2"
"PIX_TRAN","PURGE_IDX_PT_01","NONUNIQUE","PROC_STAT_CODE","3"
"PIX_TRAN","PURGE_IDX_PT_01","NONUNIQUE","MOD_DATE_TIME","4"
"PIX_TRAN","UK_PIX_TRAN","UNIQUE","TRAN_TYPE","1"
"PIX_TRAN","UK_PIX_TRAN","UNIQUE","TRAN_CODE","2"
"PIX_TRAN","UK_PIX_TRAN","UNIQUE","TRAN_NBR","3"
"PIX_TRAN","UK_PIX_TRAN","UNIQUE","PIX_SEQ_NBR","4"
"PIX_TRAN_CODE","PIXTRANCODE_CDMASID_IDX","NONUNIQUE","CD_MASTER_ID","1"
"PIX_TRAN_CODE","PK_PIX_TRAN_CODE","UNIQUE","PIX_TRAN_CODE_ID","1"
"PIX_TRAN_CODE","PTRANCODE_TRANTYPECODE_IDX","UNIQUE","TRAN_TYPE","1"
"PIX_TRAN_CODE","PTRANCODE_TRANTYPECODE_IDX","UNIQUE","TRAN_CODE","2"
"PIX_TRAN_CODE","PTRANCODE_TRANTYPECODE_IDX","UNIQUE","ACTN_CODE","3"
"PIX_TRAN_CODE","PTRANCODE_TRANTYPECODE_IDX","UNIQUE","CD_MASTER_ID","4"
"PIX_TRAN_CODE_DTL","PK_PIX_TRAN_CODE_DTL","UNIQUE","PIX_TRAN_CODE_DTL_ID","1"
"PIX_TRAN_CODE_DTL","TM_PIX_TRAN_CODE_DTL_IDX1","NONUNIQUE","PIX_TRAN_CODE_ID","1"
"PIX_TRAN_CODE_DTL","UK_PIX_TRAN_CODE_DTL","UNIQUE","PIX_TRAN_CODE_ID","1"
"PIX_TRAN_CODE_DTL","UK_PIX_TRAN_CODE_DTL","UNIQUE","PIX_TRAN_CODE_SEQ","2"
"PKT_CONSOL_ATTR_SUMM","PKTCONSATRSUM_ORDIDX","NONUNIQUE","ORDER_ID","1"
"PKT_CONSOL_ATTR_SUMM","PKTCONSATTRSUMM_PKTCTRLNBR_IDX","NONUNIQUE","PKT_CTRL_NBR","1"
"PKT_CONSOL_ATTR_SUMM","PK_PKT_CONSOL_ATTR_SUMM","UNIQUE","PKT_CONSOL_ATTR_SUMM_ID","1"
"PKT_CONSOL_DETRM_TYPE","PKTCONSDETRMTYPE_LOCNID_IDX","NONUNIQUE","LOCN_ID","1"
"PKT_CONSOL_DETRM_TYPE","PKTCONSDETRMTYPE_WHSEPRTY_UDX","UNIQUE","WHSE","1"
"PKT_CONSOL_DETRM_TYPE","PKTCONSDETRMTYPE_WHSEPRTY_UDX","UNIQUE","PKT_CONSOL_DETRM_TYPE","2"
"PKT_CONSOL_DETRM_TYPE","PKTCONSDETRMTYPE_WHSEPRTY_UDX","UNIQUE","PRTY","3"
"PKT_CONSOL_DETRM_TYPE","PK_PKT_CONSOL_DETRM_TYPE","UNIQUE","PKT_CONSOL_DETRM_TYPE_ID","1"
"PKT_CONSOL_LOCN","PKTCONSOLOCN_LOCNHDR_IDX","NONUNIQUE","LOCN_ID","1"
"PKT_CONSOL_LOCN","PK_PKT_CONSOL_LOCN","UNIQUE","PKT_CONSOL_LOCN_ID","1"
"PKT_CONSOL_LOCN","TM_PKT_CONSOL_LOCN_IDX1","NONUNIQUE","LOCN_HDR_ID","1"
"PKT_CONSOL_LOCN","UK_PKT_CONSOL_LOCN","UNIQUE","REC_TYPE","1"
"PKT_CONSOL_LOCN","UK_PKT_CONSOL_LOCN","UNIQUE","LOCN_ID","2"
"PKT_CONSOL_LOCN","UK_PKT_CONSOL_LOCN","UNIQUE","WAVE_NBR","3"
"PKT_CONSOL_PARM","PKTCONSPARM_CDMASID_IDX","NONUNIQUE","CD_MASTER_ID","1"
"PKT_CONSOL_PARM","PK_PKT_CONSOL_PARM","UNIQUE","PKT_CONSOL_PARM_ID","1"
"PKT_CONSOL_PARM","UK_PKT_CONSOL_PARM","UNIQUE","WHSE","1"
"PKT_CONSOL_PARM","UK_PKT_CONSOL_PARM","UNIQUE","CD_MASTER_ID","2"
"PKT_CONSOL_PROF_HDR","PK_PKT_CONSOL_PROF_HDR","UNIQUE","PKT_CONSOL_PROF_HDR_ID","1"
"PKT_CONSOL_PROF_HDR","UK_PKT_CONSOL_PROF_HDR","UNIQUE","WHSE","1"
"PKT_CONSOL_PROF_HDR","UK_PKT_CONSOL_PROF_HDR","UNIQUE","PKT_CONSOL_PROF","2"
"PKT_DTL","C_PKT_DTL_WAVE_ITEM_IDX","NONUNIQUE","WAVE_NBR","1"
"PKT_DTL","C_PKT_DTL_WAVE_ITEM_IDX","NONUNIQUE","ITEM_ID","2"
"PKT_DTL","C_PKT_DTL_WAVE_ITEM_IDX","NONUNIQUE","RTL_TO_BE_DISTROED_QTY","3"
"PKT_DTL","PKTDTL_ITEMIDSTATCODE_IDX","NONUNIQUE","ITEM_ID","1"
"PKT_DTL","PKTDTL_ITEMIDSTATCODE_IDX","NONUNIQUE","STAT_CODE","2"
"PKT_DTL","PKTDTL_ITEMID_IDX","NONUNIQUE","ITEM_ID","1"
"PKT_DTL","PKTDTL_MODDTTMSTATCODE_IDX","NONUNIQUE","MOD_DATE_TIME","1"
"PKT_DTL","PKTDTL_MODDTTMSTATCODE_IDX","NONUNIQUE","STAT_CODE","2"
"PKT_DTL","PKTDTL_ORIGORDIDLINEITEMID_IDX","NONUNIQUE","ORIGINAL_ORDER_ID","1"
"PKT_DTL","PKTDTL_ORIGORDIDLINEITEMID_IDX","NONUNIQUE","ORIGINAL_LINE_ITEM_ID","2"
"PKT_DTL","PKTDTL_PACKWAVENBR_IDX","NONUNIQUE","PACK_WAVE_NBR","1"
"PKT_DTL","PKTDTL_PICKLOCNID_IDX","NONUNIQUE","PICK_LOCN_ID","1"
"PKT_DTL","PKTDTL_PKTHDRID_IDX","NONUNIQUE","PKT_HDR_ID","1"
"PKT_DTL","PKTDTL_REFORDIDLINEITEMID_IDX","NONUNIQUE","REFERENCE_ORDER_ID","1"
"PKT_DTL","PKTDTL_REFORDIDLINEITEMID_IDX","NONUNIQUE","REFERENCE_LINE_ITEM_ID","2"
"PKT_DTL","PKTDTL_SHIPWAVENBR_IDX","NONUNIQUE","SHIP_WAVE_NBR","1"
"PKT_DTL","PKTDTL_STATCODE_IDX","NONUNIQUE","STAT_CODE","1"
"PKT_DTL","PKTDTL_STORENBREVENTCODE_IDX","NONUNIQUE","STORE_NBR","1"
"PKT_DTL","PKTDTL_STORENBREVENTCODE_IDX","NONUNIQUE","EVENT_CODE","2"
"PKT_DTL","PKTDTL_TMSPOPKT_IDX","NONUNIQUE","TMS_PO_PKT","1"
"PKT_DTL","PKTDTL_WAVENBR_IDX","NONUNIQUE","WAVE_NBR","1"
"PKT_DTL","PKTDTL_WAVENBR_IDX","NONUNIQUE","WAVE_STAT_CODE","2"
"PKT_DTL","PKTDTL_WAVENBR_IDX","NONUNIQUE","CANCEL_QTY","3"
"PKT_DTL","PKTDTL_WAVENBR_IDX","NONUNIQUE","REFERENCE_ORDER_ID","4"
"PKT_DTL","PKTDTL_WAVENBR_IDX","NONUNIQUE","REFERENCE_LINE_ITEM_ID","5"
"PKT_DTL","PK_PKT_DTL","UNIQUE","PKT_DTL_ID","1"
"PKT_DTL","TM_PKT_DTL_IDX1","NONUNIQUE","PKT_CTRL_NBR","1"
"PKT_DTL","UK_PKT_DTL","UNIQUE","PKT_CTRL_NBR","1"
"PKT_DTL","UK_PKT_DTL","UNIQUE","PKT_SEQ_NBR","2"
"PKT_DTL_SKU_INVN","PKSKUINVN_LITEMIDINVNTYPE_IDX","NONUNIQUE","LINE_ITEM_ID","1"
"PKT_DTL_SKU_INVN","PKSKUINVN_LITEMIDINVNTYPE_IDX","NONUNIQUE","ITEM_ID","2"
"PKT_DTL_SKU_INVN","PKSKUINVN_LITEMIDINVNTYPE_IDX","NONUNIQUE","INVN_TYPE","3"
"PKT_DTL_SKU_INVN","PKSKUINVN_LITEMIDINVNTYPE_IDX","NONUNIQUE","PROD_STAT","4"
"PKT_DTL_SKU_INVN","PKSKUINVN_LITEMIDINVNTYPE_IDX","NONUNIQUE","BATCH_NBR","5"
"PKT_DTL_SKU_INVN","PKSKUINVN_LITEMIDINVNTYPE_IDX","NONUNIQUE","SKU_ATTR_1","6"
"PKT_DTL_SKU_INVN","PKSKUINVN_LITEMIDINVNTYPE_IDX","NONUNIQUE","SKU_ATTR_2","7"
"PKT_DTL_SKU_INVN","PKSKUINVN_LITEMIDINVNTYPE_IDX","NONUNIQUE","SKU_ATTR_3","8"
"PKT_DTL_SKU_INVN","PKSKUINVN_LITEMIDINVNTYPE_IDX","NONUNIQUE","SKU_ATTR_4","9"
"PKT_DTL_SKU_INVN","PKSKUINVN_LITEMIDINVNTYPE_IDX","NONUNIQUE","SKU_ATTR_5","10"
"PKT_DTL_SKU_INVN","PKSKUINVN_LITEMIDINVNTYPE_IDX","NONUNIQUE","CNTRY_OF_ORGN","11"
"PKT_DTL_SKU_INVN","PKTDTLSKUINVN_PKTNBRSITEM_UDX","UNIQUE","PKT_CTRL_NBR","1"
"PKT_DTL_SKU_INVN","PKTDTLSKUINVN_PKTNBRSITEM_UDX","UNIQUE","PKT_SEQ_NBR","2"
"PKT_DTL_SKU_INVN","PKTDTLSKUINVN_PKTNBRSITEM_UDX","UNIQUE","ITEM_ID","3"
"PKT_DTL_SKU_INVN","PKTDTLSKUINVN_PKTNBRSITEM_UDX","UNIQUE","INVN_TYPE","4"
"PKT_DTL_SKU_INVN","PKTDTLSKUINVN_PKTNBRSITEM_UDX","UNIQUE","PROD_STAT","5"
"PKT_DTL_SKU_INVN","PKTDTLSKUINVN_PKTNBRSITEM_UDX","UNIQUE","BATCH_NBR","6"
"PKT_DTL_SKU_INVN","PKTDTLSKUINVN_PKTNBRSITEM_UDX","UNIQUE","SKU_ATTR_1","7"
"PKT_DTL_SKU_INVN","PKTDTLSKUINVN_PKTNBRSITEM_UDX","UNIQUE","SKU_ATTR_2","8"
"PKT_DTL_SKU_INVN","PKTDTLSKUINVN_PKTNBRSITEM_UDX","UNIQUE","SKU_ATTR_3","9"
"PKT_DTL_SKU_INVN","PKTDTLSKUINVN_PKTNBRSITEM_UDX","UNIQUE","SKU_ATTR_4","10"
"PKT_DTL_SKU_INVN","PKTDTLSKUINVN_PKTNBRSITEM_UDX","UNIQUE","SKU_ATTR_5","11"
"PKT_DTL_SKU_INVN","PKTDTLSKUINVN_PKTNBRSITEM_UDX","UNIQUE","CNTRY_OF_ORGN","12"
"PKT_DTL_SKU_INVN","PK_PKT_DTL_SKU_INVN","UNIQUE","PKT_DTL_SKU_INVN_ID","1"
"PKT_HDR","PKTHDR_BOL_IDX","NONUNIQUE","BOL","1"
"PKT_HDR","PKTHDR_CDMASID_IDX","NONUNIQUE","CD_MASTER_ID","1"
"PKT_HDR","PKTHDR_LPLANLOADNBR_IDX","NONUNIQUE","PLAN_LOAD_NBR","1"
"PKT_HDR","PKTHDR_ORIGTCORDERID_IDX","NONUNIQUE","ORIGINAL_TC_ORDER_ID","1"
"PKT_HDR","PKTHDR_PKTCTRLPLANLOAD_IDX","NONUNIQUE","PKT_CTRL_NBR","1"
"PKT_HDR","PKTHDR_PKTCTRLPLANLOAD_IDX","NONUNIQUE","PLAN_LOAD_NBR","2"
"PKT_HDR","PKTHDR_PKTCTRLPLANLOAD_IDX","NONUNIQUE","WHSE","3"
"PKT_HDR","PKTHDR_PKTCTRLPLANLOAD_IDX","NONUNIQUE","SHIP_VIA","4"
"PKT_HDR","PKTHDR_PKTCTRLPLANLOAD_IDX","NONUNIQUE","INIT_SHIP_VIA","5"
"PKT_HDR","PKTHDR_PKTCTRLPLANLOAD_IDX","NONUNIQUE","CONSOL_NBR","6"
"PKT_HDR","PKTHDR_PKTCTRLPLANLOAD_IDX","NONUNIQUE","PLAN_SHPMT_NBR","7"
"PKT_HDR","PKTHDR_PKTCTRLPLANLOAD_IDX","NONUNIQUE","SHIPTO_NAME","8"
"PKT_HDR","PKTHDR_PKTCTRLPLANLOAD_IDX","NONUNIQUE","CD_MASTER_ID","9"
"PKT_HDR","PKTHDR_PLANID_IDX","NONUNIQUE","PLAN_ID","1"
"PKT_HDR","PKTHDR_PLANSHPNBRCUBNDIC_IDX","NONUNIQUE","PLAN_SHPMT_NBR","1"
"PKT_HDR","PKTHDR_PLANSHPNBRCUBNDIC_IDX","NONUNIQUE","CARTON_CUBNG_INDIC","2"
"PKT_HDR","PKTHDR_SHIPVIASHIPTO_IDX","NONUNIQUE","SHIP_VIA","1"
"PKT_HDR","PKTHDR_SHIPVIASHIPTO_IDX","NONUNIQUE","SHIPTO","2"
"PKT_HDR","PKTHDR_SHIPVIASHIPTO_IDX","NONUNIQUE","ORD_NBR","3"
"PKT_HDR","PKTHDR_SHPMTTRLRNBR_IDX","NONUNIQUE","SHPMT_NBR","1"
"PKT_HDR","PKTHDR_SHPMTTRLRNBR_IDX","NONUNIQUE","TRLR_STOP_SEQ_NBR","2"
"PKT_HDR","PKTHDR_SOLDTOWHSE_IDX","NONUNIQUE","SOLDTO_NAME","1"
"PKT_HDR","PKTHDR_SOLDTOWHSE_IDX","NONUNIQUE","WHSE","2"
"PKT_HDR","PKTHDR_SOLDTOWHSE_IDX","NONUNIQUE","PLAN_LOAD_NBR","3"
"PKT_HDR","PKTHDR_SOLDTOWHSE_IDX","NONUNIQUE","CONSOL_NBR","4"
"PKT_HDR","PKTHDR_SOLDTOWHSE_IDX","NONUNIQUE","INIT_SHIP_VIA","5"
"PKT_HDR","PKTHDR_SOLDTOWHSE_IDX","NONUNIQUE","SHIP_VIA","6"
"PKT_HDR","PKTHDR_SOLDTOWHSE_IDX","NONUNIQUE","SHIPTO_NAME","7"
"PKT_HDR","PKTHDR_STORENBRWHSE_IDX","NONUNIQUE","STORE_NBR","1"
"PKT_HDR","PKTHDR_STORENBRWHSE_IDX","NONUNIQUE","WHSE","2"
"PKT_HDR","PKTHDR_TRLRSIZETYPE_IDX","NONUNIQUE","TRLR_TYPE","1"
"PKT_HDR","PKTHDR_TRLRSIZETYPE_IDX","NONUNIQUE","TRLR_SIZE","2"
"PKT_HDR","PK_HDR_IDX12","NONUNIQUE","PKT_CTRL_NBR","1"
"PKT_HDR","PK_HDR_IDX12","NONUNIQUE","WHSE","2"
"PKT_HDR","PK_PKT_HDR","UNIQUE","PKT_HDR_ID","1"
"PKT_HDR","TM_PKT_HDR_IDX1","NONUNIQUE","WHSE","1"
"PKT_HDR","TM_PKT_HDR_IDX1","NONUNIQUE","PKT_CONSOL_PROF","2"
"PKT_HDR","UK_PKT_HDR","UNIQUE","PKT_CTRL_NBR","1"
"PNH_PARM","FK_PNH_PARM_TO_RTL_RTE_HDR","NONUNIQUE","RTE_ID","1"
"PNH_PARM","PK_PNH_PARM","UNIQUE","PNH_PARM_ID","1"
"POCC_EXCLUSION","PK_POCC_EXCLUSION","UNIQUE","POCC_EXCLUSION_ID","1"
"POD_COMMANDS","PK_POD_COMMANDS","UNIQUE","COMMAND_ID","1"
"POD_COMMANDS","POD_COMMANDS_BUS_KEY","UNIQUE","SHIPMENT_ID","1"
"POD_COMMANDS","POD_COMMANDS_BUS_KEY","UNIQUE","STOP_SEQ","2"
"POD_COMMANDS","POD_COMMANDS_BUS_KEY","UNIQUE","COMMAND","3"
"POD_INTERACTION","POD_INTERACTION_INDEX","NONUNIQUE","SHIPMENT_ID","1"
"POD_INTERACTION","POD_INTERACTION_INDEX","NONUNIQUE","STOP_SEQUENCE","2"
"POD_INTERACTION","POD_INTERACTION_PK","UNIQUE","INTERACTION_ID","1"
"POD_INTERACTION","POD_INTERACTION_UUID_INDEX","NONUNIQUE","UUID","1"
"POD_INTERACTION_PARAMETER","POD_FK_INTERACTION_ID_1_IX","NONUNIQUE","INTERACTION_ID","1"
"POD_INTERACTION_PARAMETER","POD_INTERACTION_PARAMETER_PK","UNIQUE","INTERACTION_PARAMETER_ID","1"
"POD_REASON_CODE","PK_POD_REASON_CODE_ID","UNIQUE","REASON_CODE_ID","1"
"POD_UNIT_OF_DELIVERY","PK_POD_UNIT_OF_DELIVERY","UNIQUE","UOD_ID","1"
"POD_UNIT_OF_DELIVERY","POD_UNIT_OF_DELIVERY_INDEX","NONUNIQUE","SHIPMENT_ID","1"
"PO_CHANGE_RULE","PO_CHANGE_RULE_PK","UNIQUE","PO_CHG_ID","1"
"PO_CHANGE_RULE_DTL","PO_CHANGE_RDTL_PK","UNIQUE","PO_CHG_DTL_ID","1"
"PO_CRITICAL_FIELD_FV","PO_CFV_PK","UNIQUE","PO_CRITICAL_FIELD_FV","1"
"PO_LINE_CLASSIFICATION_CODE","PO_LINE_CLSCODE_FK2_1_IX","NONUNIQUE","CLASSIFICATION_CODE_ID","1"
"PO_LINE_CLASSIFICATION_CODE","PO_LINE_CLSCODE_PK","UNIQUE","PO_LINE_CLS_CODE_ID","1"
"PO_LINE_CLASSIFICATION_CODE","PO_LINE_PO_LI_IDX1","NONUNIQUE","PO_LINE_ID","1"
"PO_LINE_CLASSIFICATION_CODE","PO_LNE_CLS_COD_PUR_ORDID_IDX","NONUNIQUE","PURCHASE_ORDERS_ID","1"
"PO_LINE_ITEMS_EXTN_EEM","PO_LINEITEMSEXTNEEM_FK1_1_IX","NONUNIQUE","PURCHASE_ORDERS_ID","1"
"PO_LINE_ITEMS_EXTN_EEM","PO_LINEITEMSEXTNEEM_FK2_1_IX","NONUNIQUE","PURCHASE_ORDERS_LINE_ITEMS_ID","1"
"PO_LINE_ITEMS_EXTN_EEM","PO_LINEITEMSEXTNEEM_PK","UNIQUE","FIRST_SALE_LINE_ID","1"
"PO_LINE_ITEM_ATTRIBUTE","POLI_ATTR_PK","UNIQUE","PURCHASE_ORDERS_ID","1"
"PO_LINE_ITEM_ATTRIBUTE","POLI_ATTR_PK","UNIQUE","ATTRIBUTE_NAME","2"
"PO_LINE_ITEM_ATTRIBUTE","POLI_ATTR_PK","UNIQUE","ATTRIBUTE_SEQ","3"
"PO_LINE_ITEM_ATTRIBUTE","POLI_ATTR_PK","UNIQUE","PURCHASE_ORDERS_LINE_ITEM_ID","4"
"PO_LINE_ITEM_ATTRIBUTE","TM_PO_LINE_ITEM__IDX1","NONUNIQUE","PURCHASE_ORDERS_LINE_ITEM_ID","1"
"PO_LINE_ITEM_ATTR_TEMPLATE","PO_LI_ITEM_TMP_PK","UNIQUE","PURCHASE_ORDERS_ID","1"
"PO_LINE_ITEM_ATTR_TEMPLATE","PO_LI_ITEM_TMP_PK","UNIQUE","ATTRIBUTE_NAME","2"
"PO_LINE_ITEM_ATTR_TEMPLATE","PO_LI_ITEM_TMP_PK","UNIQUE","ATTRIBUTE_SEQ","3"
"PO_LINE_ITEM_REF_FIELDS","PE_POLNITRF_PO_IX","NONUNIQUE","PURCHASE_ORDERS_ID","1"
"PO_LINE_ITEM_REF_FIELDS","POREFFLD_PK","UNIQUE","PURCHASE_ORDERS_LINE_ITEM_ID","1"
"PO_LINE_ITEM_SIZE_TEMPLATE","PO_LINE_SIZE_PK","UNIQUE","PURCHASE_ORDERS_ID","1"
"PO_LINE_ITEM_SIZE_TEMPLATE","PO_LINE_SIZE_PK","UNIQUE","PURCHASE_ORDERS_LINE_ITEM_ID","2"
"PO_LINE_ITEM_SIZE_TEMPLATE","PO_LINE_SIZE_PK","UNIQUE","SIZE_UOM_ID","3"
"PO_LINE_ITEM_SIZE_TEMPLATE","TM_PO_LINE_ITEM_IDX1","NONUNIQUE","TC_COMPANY_ID","1"
"PO_LINE_WMPROCESSINFO","PO_LINE_WMPRCSINF_PK","UNIQUE","PURCHASE_ORDERS_LINE_ITEM_ID","1"
"PO_LINE_WMPROCESSINFO","PO_LINE_WMPRSINFO_IDX1","NONUNIQUE","PURCHASE_ORDERS_ID","1"
"PO_REF_FIELDS","PO_REF_FIELDS_PK","UNIQUE","PURCHASE_ORDERS_ID","1"
"PO_RTS_ACTION","PO_RTS_ACTION_PK","UNIQUE","PO_RTS_ACTION","1"
"PO_SRL_NBR","PO_SRL_NBR_PK","UNIQUE","PURCHASE_ORDERS_ID","1"
"PO_SRL_NBR","PO_SRL_NBR_PK","UNIQUE","PURCHASE_ORDERS_LINE_ITEM_ID","2"
"PO_SRL_NBR","PO_SRL_NBR_PK","UNIQUE","SERIAL_NUMBER","3"
"PO_TERMS","PO_TERMS_PK","UNIQUE","PO_TERMS_ID","1"
"PO_TERMS_BUSINESS_PARTNER_MAP","PO_TERMS_BPM_PK","UNIQUE","PO_TERMS_ID","1"
"PO_TERMS_BUSINESS_PARTNER_MAP","PO_TERMS_BPM_PK","UNIQUE","TC_COMPANY_ID","2"
"PO_TERMS_BUSINESS_PARTNER_MAP","PO_TERMS_BPM_PK","UNIQUE","BUSINESS_PARTNER_ID","3"
"PO_TERMS_BUSINESS_PARTNER_MAP","TM_PO_TERMS_BPM_IDX1","NONUNIQUE","PO_TERMS_ID","1"
"PO_TERMS_LEGAL_TEXT","PO_TERMS_LT_PK","UNIQUE","PO_TERMS_ID","1"
"PO_TERMS_LEGAL_TEXT","PO_TERMS_LT_PK","UNIQUE","SEQ_NO","2"
"PO_WMPROCESSINFO","PO_WMPRSNF_PK","UNIQUE","PURCHASE_ORDERS_ID","1"
"PO_WORK_TYPE","PO_WORK_TYPE_PK","UNIQUE","ORDER_WORK_TYPE_ID","1"
"PO_WORK_TYPE","PURCORDLIN_IDX","NONUNIQUE","PURCHASE_ORDERS_ID","1"
"PO_WORK_TYPE","PURCORDLIN_IDX","NONUNIQUE","PURCHASE_ORDERS_LINE_ITEM_ID","2"
"PRE_RCPT_ALLC_REPT_DATA","PR_RCPT_ALLC_D_PK","UNIQUE","REPORT_DATA_ID","1"
"PRICE_TYPE_CBO","PRICETYP_CBO_PK","UNIQUE","PRICE_TYPE_ID","1"
"PRINTER","PRINTER_PK","UNIQUE","PRINTER_ID","1"
"PRINTER_LOCN_XREF","PRINTER_LOCN_XREF_PK","UNIQUE","PRINTER_LOCN_XREF_ID","1"
"PRINT_AND_APPLY","FK_PRINTANDAPPLY_FAC_ID_IDX","NONUNIQUE","FACILITY_ID","1"
"PRINT_AND_APPLY","FK_PRINTANDAPPLY_LABEL_ID_IDX","NONUNIQUE","LABEL_ID","1"
"PRINT_AND_APPLY","PK_PRINT_AND_APPLY_ID","UNIQUE","PRINT_AND_APPLY_ID","1"
"PRIORITY_TYPE","PRIORITY_TYPE_PK","UNIQUE","PRIORITY_TYPE","1"
"PROC_LOCK","PK_PROC_LOCK","UNIQUE","PROC_LOCK_ID","1"
"PROC_LOCK","UK_PROC_LOCK","UNIQUE","PROC_TYPE","1"
"PROC_LOCK","UK_PROC_LOCK","UNIQUE","PROC_KEY","2"
"PROC_MNTR","PK_PROC_MNTR","UNIQUE","PROC_MNTR_ID","1"
"PROC_MNTR","PROCMNTR_MSGLOGID_IDX","NONUNIQUE","MSG_LOG_ID","1"
"PROC_MNTR","UK_PROC_MNTR","UNIQUE","PROC_TYPE","1"
"PROC_MNTR","UK_PROC_MNTR","UNIQUE","PROC_ID","2"
"PROC_MNTR_DTL","PK_PROC_MNTR_DTL","UNIQUE","PROC_MNTR_DTL_ID","1"
"PROC_MNTR_DTL","PROCMNTRDTL_PROCIDTYPE_IDX","NONUNIQUE","PROC_ID","1"
"PROC_MNTR_DTL","PROCMNTRDTL_PROCIDTYPE_IDX","NONUNIQUE","PROC_TYPE","2"
"PROC_MNTR_DTL","TM_PROC_MNTR_DTL_IDX1","NONUNIQUE","PROC_MNTR_ID","1"
"PROC_MNTR_DTL","TM_PROC_MNTR_DTL_IDX2","NONUNIQUE","PROC_TYPE","1"
"PROC_MNTR_DTL","TM_PROC_MNTR_DTL_IDX2","NONUNIQUE","PROC_ID","2"
"PROC_MNTR_DTL","UK_PROC_MNTR_DTL","UNIQUE","PROC_TYPE","1"
"PROC_MNTR_DTL","UK_PROC_MNTR_DTL","UNIQUE","PROC_ID","2"
"PROC_MNTR_DTL","UK_PROC_MNTR_DTL","UNIQUE","SEQ_NBR","3"
"PROC_SCHED","PK_PROC_SCHED","UNIQUE","PROC_SCHED_ID","1"
"PROC_SCHED","UK_PROC_SCHED","UNIQUE","PROC_PGM","1"
"PROC_SCHED","UK_PROC_SCHED","UNIQUE","FREQ","2"
"PROC_SCHED","UK_PROC_SCHED","UNIQUE","SCHED_TIME","3"
"PROD_TRKG_TRAN","PE_PRDPLT_IDX","NONUNIQUE","PLT_ID","1"
"PROD_TRKG_TRAN","PE_PRDPLT_IDX","NONUNIQUE","CREATE_DATE_TIME","2"
"PROD_TRKG_TRAN","PE_PROD_TRKG_TRAN_IDX","NONUNIQUE","CREATE_DATE_TIME","1"
"PROD_TRKG_TRAN","PE_PROD_TRKG_TRAN_IDX","NONUNIQUE","USER_ID","2"
"PROD_TRKG_TRAN","PE_PROD_TRKG_TRAN_IDX2","NONUNIQUE","WHSE","1"
"PROD_TRKG_TRAN","PE_PROD_TRKG_TRAN_IDX2","NONUNIQUE","CD_MASTER_ID","2"
"PROD_TRKG_TRAN","PE_PROD_TRKG_TRAN_IDX2","NONUNIQUE","ITEM_ID","3"
"PROD_TRKG_TRAN","PE_PROD_TRKG_TRAN_IDX2","NONUNIQUE","FROM_LOCN","4"
"PROD_TRKG_TRAN","PE_PROD_TRKG_TRAN_IDX2","NONUNIQUE","TO_LOCN","5"
"PROD_TRKG_TRAN","PK_PROD_TRKG_TRAN","UNIQUE","PROD_TRKG_TRAN_ID","1"
"PROD_TRKG_TRAN","PRODTRKGTRAN_CDMASID_IDX","NONUNIQUE","CD_MASTER_ID","1"
"PROD_TRKG_TRAN","PRODTRKGTRAN_CNTRNBR_IDX","NONUNIQUE","CNTR_NBR","1"
"PROD_TRKG_TRAN","PRODTRKGTRAN_FLOCN_IDX","NONUNIQUE","FROM_LOCN","1"
"PROD_TRKG_TRAN","PRODTRKGTRAN_MODTTMWHSE_IDX","NONUNIQUE","MOD_DATE_TIME","1"
"PROD_TRKG_TRAN","PRODTRKGTRAN_MODTTMWHSE_IDX","NONUNIQUE","WHSE","2"
"PROD_TRKG_TRAN","PRODTRKGTRAN_TASKID_IDX","NONUNIQUE","TASK_ID","1"
"PROD_TRKG_TRAN","PRODTRKGTRAN_TOLOCN_IDX","NONUNIQUE","TO_LOCN","1"
"PROD_TRKG_TRAN","PROD_TRKG_TRAN_IND_1","NONUNIQUE","SYS_NC00051$","1"
"PROD_TRKG_TRAN","PROD_TRKG_TRAN_IND_1","NONUNIQUE","ITEM_ID","2"
"PROD_TRKG_TRAN","PROD_TRKG_TRAN_IND_1","NONUNIQUE","CD_MASTER_ID","3"
"PROD_TRKG_TRAN","PURGE_IDX_PTT_01","NONUNIQUE","CD_MASTER_ID","1"
"PROD_TRKG_TRAN","PURGE_IDX_PTT_01","NONUNIQUE","WHSE","2"
"PROD_TRKG_TRAN","PURGE_IDX_PTT_01","NONUNIQUE","MOD_DATE_TIME","3"
"PROD_TRKG_TRAN","UK_PROD_TRKG_TRAN","UNIQUE","TRAN_TYPE","1"
"PROD_TRKG_TRAN","UK_PROD_TRKG_TRAN","UNIQUE","TRAN_CODE","2"
"PROD_TRKG_TRAN","UK_PROD_TRKG_TRAN","UNIQUE","TRAN_NBR","3"
"PROD_TRKG_TRAN","UK_PROD_TRKG_TRAN","UNIQUE","SEQ_NBR","4"
"PROD_TRKG_TRAN","UK_PROD_TRKG_TRAN","UNIQUE","WHSE","5"
"PROFILE_ACCESS","PK_PROFILE_ACCESS","UNIQUE","PROFILE_ACCESS_ID","1"
"PROFILE_ACCESS","UK_PROFILE_ACCESS","UNIQUE","PROFILE_ID","1"
"PROFILE_ACCESS","UK_PROFILE_ACCESS","UNIQUE","TXN_ID","2"
"PROFILE_MASTER","PK_PROFILE_MASTER","UNIQUE","PROFILE_ID","1"
"PROFILE_MASTER","UK_PROFILE_MASTER","UNIQUE","NAME","1"
"PRT_QUEUE_MONITOR","PRT_QUEUE_MONITOR_PK","UNIQUE","PRT_QUEUE_MONITOR_ID","1"
"PULL_NEEDS","PK_PULL_NEEDS","UNIQUE","PULL_NEEDS_ID","1"
"PULL_NEEDS","PULLNEEDS_LOCNID_IDX","NONUNIQUE","LOCN_ID","1"
"PURCHASE_ORDERS","PE_PO_CMPREG_IX","NONUNIQUE","TC_COMPANY_ID","1"
"PURCHASE_ORDERS","PE_PO_CMPREG_IX","NONUNIQUE","INBOUND_REGION_ID","2"
"PURCHASE_ORDERS","PE_PO_CMPREG_IX","NONUNIQUE","OUTBOUND_REGION_ID","3"
"PURCHASE_ORDERS","PE_PO_CMPREG_IX","NONUNIQUE","PURCHASE_ORDERS_TYPE","4"
"PURCHASE_ORDERS","PE_PO_CMPREG_IX","NONUNIQUE","PICKUP_START_DTTM","5"
"PURCHASE_ORDERS","PE_PO_CMPREG_IX","NONUNIQUE","PICKUP_END_DTTM","6"
"PURCHASE_ORDERS","PE_PO_CMPREG_IX","NONUNIQUE","DELIVERY_START_DTTM","7"
"PURCHASE_ORDERS","PE_PO_CMPREG_IX","NONUNIQUE","DELIVERY_END_DTTM","8"
"PURCHASE_ORDERS","PE_PO_CONSRNID_IX","NONUNIQUE","CONS_RUN_ID","1"
"PURCHASE_ORDERS","PE_PO_CREATED_DTTM_IDX1","NONUNIQUE","CREATED_DTTM","1"
"PURCHASE_ORDERS","PO_EXP_PO_IDX","NONUNIQUE","EXT_PURCHASE_ORDERS_ID","1"
"PURCHASE_ORDERS","PO_FAC_IDX","NONUNIQUE","D_FACILITY_ID","1"
"PURCHASE_ORDERS","PO_FAC_IDX","NONUNIQUE","O_FACILITY_ID","2"
"PURCHASE_ORDERS","PO_TC_OU_UIDX","UNIQUE","TC_PURCHASE_ORDERS_ID","1"
"PURCHASE_ORDERS","PO_TC_OU_UIDX","UNIQUE","TC_COMPANY_ID","2"
"PURCHASE_ORDERS","PO_TC_OU_UIDX2","NONUNIQUE","TC_PURCHASE_ORDERS_ID_U","1"
"PURCHASE_ORDERS","PO_TC_OU_UIDX2","NONUNIQUE","TC_COMPANY_ID","2"
"PURCHASE_ORDERS","PURCHASE_ORDERS_PK","UNIQUE","PURCHASE_ORDERS_ID","1"
"PURCHASE_ORDERS","PURCHASE_ORDERS_TCICPOTCD_IDX","NONUNIQUE","TC_COMPANY_ID","1"
"PURCHASE_ORDERS","PURCHASE_ORDERS_TCICPOTCD_IDX","NONUNIQUE","IS_CANCELLED","2"
"PURCHASE_ORDERS","PURCHASE_ORDERS_TCICPOTCD_IDX","NONUNIQUE","PURCHASE_ORDERS_TYPE","3"
"PURCHASE_ORDERS","PURCHASE_ORDERS_TCICPOTCD_IDX","NONUNIQUE","CANCEL_DT","4"
"PURCHASE_ORDERS","PURCHASE_ORDER_FK6_INDX","NONUNIQUE","FULFILL_MODE","1"
"PURCHASE_ORDERS","PURCHASE_ORDER_FK7_INDX","NONUNIQUE","PROTECTION_LEVEL_ID","1"
"PURCHASE_ORDERS","PURCHAS_ENTRY_IDX1","NONUNIQUE","ENTRY_CODE_FACILITY_ID","1"
"PURCHASE_ORDERS","PURCHAS_OFAC_IDX1","NONUNIQUE","O_FACILITY_ALIAS_ID","1"
"PURCHASE_ORDERS","PURCH_DFACA_IDX2","NONUNIQUE","D_FACILITY_ALIAS_ID","1"
"PURCHASE_ORDERS","PUR_ORDERS_IPOR_IC_TPOI_PE_IDX","NONUNIQUE","IS_PURCHASE_ORDERS_RECONCILED","1"
"PURCHASE_ORDERS","PUR_ORDERS_IPOR_IC_TPOI_PE_IDX","NONUNIQUE","IS_CANCELLED","2"
"PURCHASE_ORDERS","PUR_ORDERS_IPOR_IC_TPOI_PE_IDX","NONUNIQUE","TC_PURCHASE_ORDERS_ID","3"
"PURCHASE_ORDERS","TM_PURCHASE_ORDE_IDX1","NONUNIQUE","D_FACILITY_ALIAS_ID","1"
"PURCHASE_ORDERS","TM_PURCHASE_ORDE_IDX1","NONUNIQUE","D_FACILITY_ID","2"
"PURCHASE_ORDERS","TM_PURCHASE_ORDE_IDX3","NONUNIQUE","O_FACILITY_ALIAS_ID","1"
"PURCHASE_ORDERS","TM_PURCHASE_ORDE_IDX3","NONUNIQUE","O_FACILITY_ID","2"
"PURCHASE_ORDERS","TM_PURCHASE_ORDE_IDX5","NONUNIQUE","PURCHASE_ORDERS_TYPE","1"
"PURCHASE_ORDERS","TM_PURCHASE_ORDE_IDX6","NONUNIQUE","TC_COMPANY_ID","1"
"PURCHASE_ORDERS_ATTRIBUTE","PURCHASE_ATTRIB_PK","UNIQUE","PURCHASE_ORDERS_ID","1"
"PURCHASE_ORDERS_ATTRIBUTE","PURCHASE_ATTRIB_PK","UNIQUE","ATTRIBUTE_NAME","2"
"PURCHASE_ORDERS_ATTRIBUTE","PURCHASE_ATTRIB_PK","UNIQUE","ATTRIBUTE_SEQ","3"
"PURCHASE_ORDERS_ATTRIBUTE","TM_PURCHASE_ORDA_IDX1","NONUNIQUE","PURCHASE_ORDERS_ID","1"
"PURCHASE_ORDERS_EVENT","PO_EVENT_POID_IDX","NONUNIQUE","PURCHASE_ORDERS_ID","1"
"PURCHASE_ORDERS_EVENT","PURCHASE_EVENT_PK","UNIQUE","PURCHASE_ORDERS_EVENT_ID","1"
"PURCHASE_ORDERS_EXTN_TLM","PO_EXTTLM_PK","UNIQUE","PURCHASE_ORDERS_ID","1"
"PURCHASE_ORDERS_LINE_ITEM","POLINE_PRN_TC_IDX","NONUNIQUE","PARENT_TC_PO_LINE_ID","1"
"PURCHASE_ORDERS_LINE_ITEM","POLI_CREATED_DTTM_IDX","NONUNIQUE","CREATED_DTTM","1"
"PURCHASE_ORDERS_LINE_ITEM","POLI_ROIS_IDX","NONUNIQUE","ROOT_LINE_ITEM_ID","1"
"PURCHASE_ORDERS_LINE_ITEM","POLI_ROIS_IDX","NONUNIQUE","IS_DELETED","2"
"PURCHASE_ORDERS_LINE_ITEM","POLN_EXTSYS_IDX","NONUNIQUE","EXT_SYS_LINE_ITEM_ID","1"
"PURCHASE_ORDERS_LINE_ITEM","POLN_EXTSYS_IDX","NONUNIQUE","TC_COMPANY_ID","2"
"PURCHASE_ORDERS_LINE_ITEM","POLN_LN_STATUS_IDX","NONUNIQUE","PURCHASE_ORDERS_LINE_STATUS","1"
"PURCHASE_ORDERS_LINE_ITEM","POLN_LST_UPDTM_IDX","NONUNIQUE","LAST_UPDATED_DTTM","1"
"PURCHASE_ORDERS_LINE_ITEM","POLN_PRNLITEMID_IDX","NONUNIQUE","PARENT_PO_LINE_ITEM_ID","1"
"PURCHASE_ORDERS_LINE_ITEM","POLN_PRNLITEMID_IDX","NONUNIQUE","PURCHASE_ORDERS_LINE_STATUS","2"
"PURCHASE_ORDERS_LINE_ITEM","POLN_SGRPID_IDX","NONUNIQUE","SUB_GROUP_ID","1"
"PURCHASE_ORDERS_LINE_ITEM","POLN_SKUORD_IDX","NONUNIQUE","SKU_ID","1"
"PURCHASE_ORDERS_LINE_ITEM","POLN_SKUORD_IDX","NONUNIQUE","TC_COMPANY_ID","2"
"PURCHASE_ORDERS_LINE_ITEM","POLN_SKUORD_IDX","NONUNIQUE","ON_HOLD","3"
"PURCHASE_ORDERS_LINE_ITEM","POLN_SKUORD_IDX","NONUNIQUE","DOM_ORDER_LINE_STATUS","4"
"PURCHASE_ORDERS_LINE_ITEM","POLN_SKU_IDX","NONUNIQUE","SKU_ID","1"
"PURCHASE_ORDERS_LINE_ITEM","PO_LINEITEM_FK2_INDX","NONUNIQUE","INVENTORY_SEGMENT_ID","1"
"PURCHASE_ORDERS_LINE_ITEM","PO_LITEMID_U","UNIQUE","PURCHASE_ORDERS_LINE_ITEM_ID","1"
"PURCHASE_ORDERS_LINE_ITEM","PO_LI_PK","UNIQUE","PURCHASE_ORDERS_ID","1"
"PURCHASE_ORDERS_LINE_ITEM","PO_LI_PK","UNIQUE","PURCHASE_ORDERS_LINE_ITEM_ID","2"
"PURCHASE_ORDERS_LINE_ITEM","PO_SKU_ID_POLINE_IDX","NONUNIQUE","SKU_ID","1"
"PURCHASE_ORDERS_LINE_ITEM","PO_SKU_ID_POLINE_IDX","NONUNIQUE","SKU","2"
"PURCHASE_ORDERS_LINE_ITEM","PO_SUP_POLINE_IDX","NONUNIQUE","SUPPLY_PO_ID","1"
"PURCHASE_ORDERS_LINE_ITEM","PO_SUP_POLINE_IDX","NONUNIQUE","SUPPLY_PO_LINE_ID","2"
"PURCHASE_ORDERS_LINE_ITEM","PO_TC_POLINE_IDX","NONUNIQUE","TC_PO_LINE_ID","1"
"PURCHASE_ORDERS_LINE_ITEM","PO_TC_POLINE_IDX","NONUNIQUE","TC_COMPANY_ID","2"
"PURCHASE_ORDERS_LINE_ITEM","PO_TC_POLINE_IDX","NONUNIQUE","PURCHASE_ORDERS_ID","3"
"PURCHASE_ORDERS_LINE_ITEM","PURCH_DFACA_IDX1","NONUNIQUE","D_FACILITY_ALIAS_ID","1"
"PURCHASE_ORDERS_LINE_ITEM","PURCH_DFAC_IDX1","NONUNIQUE","D_FACILITY_ID","1"
"PURCHASE_ORDERS_LINE_ITEM","PURLI_OFACA_IDX1","NONUNIQUE","O_FACILITY_ALIAS_ID","1"
"PURCHASE_ORDERS_LINE_ITEM","PURLI_OFAC_IDX1","NONUNIQUE","O_FACILITY_ID","1"
"PURCHASE_ORDERS_LINE_ITEM","PUR_ORD_LN_ITM_TCCOMPID_IDX","NONUNIQUE","TC_COMPANY_ID","1"
"PURCHASE_ORDERS_LINE_ITEM","PUR_ORD_LN_ITM_TCCOMPID_IDX","NONUNIQUE","BUSINESS_PARTNER_ID","2"
"PURCHASE_ORDERS_LINE_ITEM","TM_PURCHASE_ORDI_IDX1","NONUNIQUE","D_FACILITY_ALIAS_ID","1"
"PURCHASE_ORDERS_LINE_ITEM","TM_PURCHASE_ORDI_IDX1","NONUNIQUE","D_FACILITY_ID","2"
"PURCHASE_ORDERS_LINE_ITEM","TM_PURCHASE_ORDI_IDX3","NONUNIQUE","O_FACILITY_ALIAS_ID","1"
"PURCHASE_ORDERS_LINE_ITEM","TM_PURCHASE_ORDI_IDX3","NONUNIQUE","O_FACILITY_ID","2"
"PURCHASE_ORDERS_LINE_ITEM","TM_PURCHASE_ORDI_IDX4","NONUNIQUE","PURCHASE_ORDERS_ID","1"
"PURCHASE_ORDERS_LINE_ITEM","TM_PURCHASE_ORDI_IDX6","NONUNIQUE","TC_COMPANY_ID","1"
"PURCHASE_ORDERS_LINE_ITEM_SIZE","PO_LI_SIZE_PK","UNIQUE","PURCHASE_ORDERS_ID","1"
"PURCHASE_ORDERS_LINE_ITEM_SIZE","PO_LI_SIZE_PK","UNIQUE","PURCHASE_ORDERS_LINE_ITEM_ID","2"
"PURCHASE_ORDERS_LINE_ITEM_SIZE","PO_LI_SIZE_PK","UNIQUE","SIZE_UOM_ID","3"
"PURCHASE_ORDERS_LINE_NEEDS","ORD_LIN_NED_ID_PK","UNIQUE","PURCHASE_ORDER_LINE_NEEDS_ID","1"
"PURCHASE_ORDERS_LINE_NEEDS","POLNDS_POLN_IDX","NONUNIQUE","PURCHASE_ORDERS_LINE_ITEM_ID","1"
"PURCHASE_ORDERS_LINE_NEEDS","TM_PURCHASE_ORDL_IDX1","NONUNIQUE","NEEDS_LAYER_ID","1"
"PURCHASE_ORDERS_LINE_STATUS","PO_LINE_STATUS_PK","UNIQUE","PURCHASE_ORDERS_LINE_STATUS","1"
"PURCHASE_ORDERS_NOTE","PONOTE_UK","UNIQUE","PURCHASE_ORDERS_ID","1"
"PURCHASE_ORDERS_NOTE","PONOTE_UK","UNIQUE","PURCHASE_ORDERS_LINE_ITEM_ID","2"
"PURCHASE_ORDERS_NOTE","PONOTE_UK","UNIQUE","NOTE_SEQ","3"
"PURCHASE_ORDERS_NOTE","PO_NOTE_PK","UNIQUE","PURCHASE_ORDERS_NOTE_ID","1"
"PURCHASE_ORDERS_NOTE","TM_PURCHASE_ORDN_IDX1","NONUNIQUE","PURCHASE_ORDERS_ID","1"
"PURCHASE_ORDERS_NOTE","TM_PURCHASE_ORDN_IDX2","NONUNIQUE","PURCHASE_ORDERS_ID","1"
"PURCHASE_ORDERS_NOTE","TM_PURCHASE_ORDN_IDX2","NONUNIQUE","PURCHASE_ORDERS_LINE_ITEM_ID","2"
"PURCHASE_ORDERS_STATUS","PO_STATUS_PK","UNIQUE","PURCHASE_ORDERS_STATUS","1"
"PURCHASE_ORDERS_TYPE","PURCORD_TYPE_PK","UNIQUE","PURCHASE_ORDERS_TYPE","1"
"PURCHASE_ORDER_BP","PO_BP_PK","UNIQUE","PURCHASE_ORDER_BP_ID","1"
"PURCHASE_ORDER_BP","PURCHASE_ORDER_BP_IDX","NONUNIQUE","PURCHASE_ORDERS_ID","1"
"PURCHASE_ORDER_BP","TM_PURCHASE_ORDB_IDX1","NONUNIQUE","FACILITY_ID","1"
"PURCHASE_ORDER_BP_CONTACT","PO_BP_CONTACT_PK","UNIQUE","PURCHASE_ORDER_BP_CONTACT_ID","1"
"PURCHASE_ORDER_BP_CONTACT","TM_PURCHASE_ORDC_IDX1","NONUNIQUE","PURCHASE_ORDER_BP_ID","1"
"PURCHASE_ORDER_LINE_COMPONENTS","PO_LIC_FK2_1_IX","NONUNIQUE","PURCHASE_ORDERS_LINE_ITEM_ID","1"
"PURCHASE_ORDER_LINE_COMPONENTS","PO_LIC_PK","UNIQUE","PO_COMPONENT_LINE_ITEM_ID","1"
"PURCHASE_ORDER_LINE_COMPONENTS","PO_LIC_U","UNIQUE","PURCHASE_ORDERS_ID","1"
"PURCHASE_ORDER_LINE_COMPONENTS","PO_LIC_U","UNIQUE","PURCHASE_ORDERS_LINE_ITEM_ID","2"
"PURCHASE_ORDER_LINE_COMPONENTS","PO_LIC_U","UNIQUE","TC_PO_COMPONENT_LINE_ID","3"
"PURGE_CONFIG","PK_PURGE_CONFIG","UNIQUE","PURGE_CONFIG_ID","1"
"PURGE_CONFIG","PURGECNFG_PURGEWHSECDMASID_UDX","UNIQUE","PURGE_CODE","1"
"PURGE_CONFIG","PURGECNFG_PURGEWHSECDMASID_UDX","UNIQUE","WHSE_MASTER_ID","2"
"PURGE_CONFIG","PURGECNFG_PURGEWHSECDMASID_UDX","UNIQUE","CD_MASTER_ID","3"
"PURGE_CONFIG","PURGECONFIG_CDMASID_IDX","NONUNIQUE","CD_MASTER_ID","1"
"PURGE_CONFIG","PURGECONFIG_WHSEMASID_IDX","NONUNIQUE","WHSE_MASTER_ID","1"
"PUSHED_NOTIFICATION","PUSHED_NOTIFICATION_PK","UNIQUE","PUSHED_NOTIFICATION_ID","1"
"PUTAWAY_LOCK","PUTAWAY_LOCK_PK","UNIQUE","LOCN_ID","1"
"PUTWALL_HDR","PK_PUTWALL_HDR_ID","UNIQUE","PUTWALL_HDR_ID","1"
"PUTWALL_HDR","PUTWALL_HDR_PRT_RESTR_ID_IDX","NONUNIQUE","PRT_REQSTR_ID","1"
"PUTWALL_HDR","PUTWALL_HDR_PUTWL_LOCN_ID_IDX","NONUNIQUE","PUTWALL_LOCN_ID","1"
"PUTWALL_HDR","UK_PUTWALL_HDR_PTWL_BRCD","UNIQUE","PUTWALL_BARCODE","1"
"PUTWALL_TXN","PK_PUTWALL_TXN_ID","UNIQUE","PUTWALL_TXN_ID","1"
"PUTWALL_TXN","PTWL_TXN_LPN_ID_IDX","NONUNIQUE","LPN_ID","1"
"PUTWALL_TXN","PTWL_TXN_PTWL_HDR_ID_IDX","NONUNIQUE","PUTWALL_HDR_ID","1"
"PUTWY_METHOD_PRTY","PK_PUTWY_METHOD_PRTY","UNIQUE","PUTWY_METHOD_PRTY_ID","1"
"PUTWY_METHOD_PRTY","PUTWYMETHPRTY_LOCNID_IDX","NONUNIQUE","PREF_DIR_LOCN_ID","1"
"PUTWY_TYPE_PRTY","PK_PUTWY_TYPE_PRTY","UNIQUE","PUTWY_TYPE_PRTY_ID","1"
"PUTWY_TYPE_PRTY","PUTWYTYPPRTY_EVNTPARMDID_IDX","NONUNIQUE","EVENT_PARM_ID","1"
"PUTWY_TYPE_PRTY","UK_PUTWY_TYPE_PRTY","UNIQUE","WHSE","1"
"PUTWY_TYPE_PRTY","UK_PUTWY_TYPE_PRTY","UNIQUE","PUTWY_TYPE_DETERM_METHOD_PRTY","2"
"PUTWY_ZONE_ITEM","PK_PUTWY_ZONE_ITEM","UNIQUE","PUTWY_ZONE_ITEM_ID","1"
"PUTWY_ZONE_PRTY","PK_PUTWY_ZONE_PRTY","UNIQUE","PUTWY_ZONE_PRTY_ID","1"
"PUTWY_ZONE_PRTY","PUTWYZPRTY_WHSEPRTY_IDX","NONUNIQUE","WHSE","1"
"PUTWY_ZONE_PRTY","PUTWYZPRTY_WHSEPRTY_IDX","NONUNIQUE","PUTWY_TYPE","2"
"PUTWY_ZONE_PRTY","PUTWYZPRTY_WHSEPRTY_IDX","NONUNIQUE","PRTY","3"
"P_ANALYZE_PIX_LOG","IDX_P_ANALYZE_PIX_LOG_CRDT","NONUNIQUE","LOG_CREATE_TIME","1"
"P_ANALYZE_PIX_LOG","IDX_P_ANALYZE_PIX_LOG_QUEUE","NONUNIQUE","LOG_QUEUE","1"
"P_ANALYZE_PIX_LOG","PK_P_ANALYZE_PIX_LOG","UNIQUE","ID","1"
"P_GOODSOWNER_SEND","SYS_C0063292","UNIQUE","GO_CODE","1"
"QRTZ_PIX_JOB_CONFIG","SYS_C0063289","UNIQUE","JOB_KEY","1"
"QUALITY_LEVEL","QUALITY_LEVEL_PK","UNIQUE","QUALITY_LEVEL_ID","1"
"QUAL_INSPCT","PK_QUAL_INSPCT","UNIQUE","QUAL_INSPCT_ID","1"
"QUAL_INSPCT","QUALINSPCT_VENDMASID_IDX","NONUNIQUE","VENDOR_MASTER_ID","1"
"QUAL_INSPCT","TM_QUAL_INSPCT_IDX1","NONUNIQUE","QUAL_INSPCT_RULE_HDR_ID","1"
"QUAL_INSPCT","UK_QUAL_INSPCT","UNIQUE","WHSE","1"
"QUAL_INSPCT","UK_QUAL_INSPCT","UNIQUE","RULE_ID","2"
"QUAL_INSPCT","UK_QUAL_INSPCT","UNIQUE","SEQ_NBR","3"
"QUAL_INSPCT_RULE_DTL","PK_QUAL_INSPCT_RULE_DTL","UNIQUE","QUAL_INSPCT_RULE_DTL_ID","1"
"QUAL_INSPCT_RULE_DTL","TM_QUAL_INSPCT_RULE_DTL_IDX1","NONUNIQUE","QUAL_INSPCT_RULE_HDR_ID","1"
"QUAL_INSPCT_RULE_DTL","TM_QUAL_INSPCT_RULE_DTL_IDX2","NONUNIQUE","WHSE","1"
"QUAL_INSPCT_RULE_DTL","TM_QUAL_INSPCT_RULE_DTL_IDX2","NONUNIQUE","RULE_ID","2"
"QUAL_INSPCT_RULE_DTL","UK_QUAL_INSPCT_RULE_DTL","UNIQUE","WHSE","1"
"QUAL_INSPCT_RULE_DTL","UK_QUAL_INSPCT_RULE_DTL","UNIQUE","RULE_ID","2"
"QUAL_INSPCT_RULE_DTL","UK_QUAL_INSPCT_RULE_DTL","UNIQUE","COLM_NAME","3"
"QUAL_INSPCT_RULE_HDR","PK_QUAL_INSPCT_RULE_HDR","UNIQUE","QUAL_INSPCT_RULE_HDR_ID","1"
"QUAL_INSPCT_RULE_HDR","UK_QUAL_INSPCT_RULE_HDR","UNIQUE","WHSE","1"
"QUAL_INSPCT_RULE_HDR","UK_QUAL_INSPCT_RULE_HDR","UNIQUE","RULE_ID","2"
"QUERY","IDX_QUERY_AUTHORIZED_USER","NONUNIQUE","AUTHORIZED_USER","1"
"QUERY","IDX_QUERY_MOD_PROFILE_ID","NONUNIQUE","MOD_PROFILE_ID","1"
"QUERY","PK_QUERY","UNIQUE","QUERY_ID","1"
"QUERY","UK_QUERY","UNIQUE","NAME","1"
"QUERY","UK_QUERY","UNIQUE","QUERY_TYPE","2"
"QUERY","UK_QUERY","UNIQUE","WHSE_CODE","3"
"QUERYENTRY","IDX_QUERYENTRY_QUERY_ID","NONUNIQUE","QUERY_ID","1"
"QUERYENTRY","PK_QUERYENTRY","UNIQUE","QUERYENTRY_ID","1"
"QUERY_MASK_TYPE","QRY_MSK_TYP_PK","UNIQUE","QUERY_MASK_TYPE_ID","1"
"QUERY_MASK_TYPE","TM_QUERY_MASK_TY_IDX1","NONUNIQUE","OBJECT_TYPE_ID","1"
"QUERY_SQL","QUERY_SQL_PK","UNIQUE","QUERY_SQL_ID","1"
"QUESTION_ANS","PK_QUESTION_ANS","UNIQUE","QUESTION_ANS_ID","1"
"QUESTION_ANS","TM_QUESTION_ANS_IDX1","NONUNIQUE","QUES_MASTER_ID","1"
"QUESTION_ANS_FILTER_HISTORY","PK_QUESTION_ANS_FIL_HIST","UNIQUE","QUES_ANS_FLTR_HIST_ID","1"
"QUESTION_ANS_FILTER_HISTORY","TM_QUESTION_ANS_FILTER_H_IDX1","NONUNIQUE","QUE_ANS_ID","1"
"QUESTION_ANS_FILTER_HISTORY","UK_QUESANSFILTERHIST","UNIQUE","QUE_ANS_ID","1"
"QUESTION_ANS_FILTER_HISTORY","UK_QUESANSFILTERHIST","UNIQUE","QUE_ANS_FILTER_SEQ","2"
"QUESTION_DETRM","PK_QUESTION_DETRM","UNIQUE","QUES_DETRM_ID","1"
"QUESTION_DETRM","TM_QUESTION_DETRM_IDX1","NONUNIQUE","FILTER_ID","1"
"QUESTION_DETRM","TM_QUESTION_DETRM_IDX2","NONUNIQUE","QUES_MASTER_ID","1"
"QUESTION_DETRM","UK_QUESTION_DETRM","UNIQUE","QUES_MASTER_ID","1"
"QUESTION_DETRM","UK_QUESTION_DETRM","UNIQUE","FILTER_ID","2"
"QUESTION_MASTER","PK_QUESTION_MASTER","UNIQUE","QUES_MASTER_ID","1"
"QUEUE_TYPE_LOOKUP","QUEUE_TYPE_LOOKUP_PK","UNIQUE","QUEUE_NAME","1"
"RACK_BIN_XREF","INDX_RACK_BIN_XREF_1","NONUNIQUE","BIN_ID","1"
"RACK_BIN_XREF","INDX_RACK_BIN_XREF_2","NONUNIQUE","RACK_TYPE","1"
"RACK_BIN_XREF","INDX_RACK_BIN_XREF_2","NONUNIQUE","RACK_LEVEL_ID","2"
"RACK_BIN_XREF","PK_RACK_BIN_XREF","UNIQUE","RBX_ID","1"
"RACK_LEVEL_MAP","INDX_RACK_LEVEL_MAP_1","NONUNIQUE","RACK_LEVEL_ID","1"
"RACK_LEVEL_MAP","INDX_RACK_LEVEL_MAP_2","NONUNIQUE","RACK_TYPE","1"
"RACK_LEVEL_MAP","PK_RACK_LEVEL_MAP","UNIQUE","RACK_LEVEL_MAP_ID","1"
"RACK_PALLET_XREF","INDX_RACK_PALLET_XREF_1","NONUNIQUE","PALLET_ID","1"
"RACK_PALLET_XREF","INDX_RACK_PALLET_XREF_2","NONUNIQUE","RACK_TYPE","1"
"RACK_PALLET_XREF","INDX_RACK_PALLET_XREF_2","NONUNIQUE","RACK_LEVEL_ID","2"
"RACK_PALLET_XREF","PK_RACK_PALLET_XREF","UNIQUE","RPX_ID","1"
"RACK_TYPE","PK_RACK_TYPE","UNIQUE","RACK_TYPE","1"
"RACK_TYPE","UK_RACK_TYPE","UNIQUE","RT_NAME","1"
"RACK_TYPE","UK_RACK_TYPE","UNIQUE","WHSE_CODE","2"
"RACK_TYPE_LEVEL","INDX_RACK_TYPE_LEVEL_1","NONUNIQUE","RACK_TYPE","1"
"RACK_TYPE_LEVEL","INDX_RL_RT_RLVLID","NONUNIQUE","RACK_TYPE","1"
"RACK_TYPE_LEVEL","INDX_RL_RT_RLVLID","NONUNIQUE","RACK_LEVEL_ID","2"
"RACK_TYPE_LEVEL","PK_RACK_TYPE_LEVEL","UNIQUE","RACK_LEVEL_ID","1"
"RAIL_ROUTE_DETAIL","RAIL_ROUTE_DETAIL_FK1_1_IX","NONUNIQUE","RAIL_ROUTE_HEADER_ID","1"
"RAIL_ROUTE_DETAIL","RAIL_ROUTE_DETAIL_PK","UNIQUE","RAIL_ROUTE_DETAIL_ID","1"
"RAIL_ROUTE_HEADER","RAIL_ROUTE_HEADER_PK","UNIQUE","RAIL_ROUTE_HEADER_ID","1"
"RAIL_ROUTE_HEADER","RAIL_ROUTE_HEADER_UX1","UNIQUE","TC_COMPANY_ID","1"
"RAIL_ROUTE_HEADER","RAIL_ROUTE_HEADER_UX1","UNIQUE","VOYAGE_NUMBER","2"
"RAIL_ROUTE_HEADER","RAIL_ROUTE_HEADER_UX1","UNIQUE","O_CARRIER_ID","3"
"RAIL_ROUTE_HEADER","RAIL_ROUTE_HEADER_UX1","UNIQUE","D_CARRIER_ID","4"
"RAIL_ROUTE_HEADER","RAIL_ROUTE_HEADER_UX1","UNIQUE","O_FACILITY_ID","5"
"RAIL_ROUTE_HEADER","RAIL_ROUTE_HEADER_UX1","UNIQUE","D_FACILITY_ID","6"
"RAND_LOOKUP","RAND_LOOKUP_PK","UNIQUE","SERVICE_NAME","1"
"RAND_MILEMAKER_COUNTY","RAND_MMC_PK","UNIQUE","CITY","1"
"RAND_MILEMAKER_COUNTY","RAND_MMC_PK","UNIQUE","STATE_PROV","2"
"RAND_MILEMAKER_COUNTY","RAND_MMC_PK","UNIQUE","COUNTY_NAME","3"
"RANGES_FOR_AUTO_TASKS","PK_RANGES_FOR_AUTO_TASKS","UNIQUE","RANGES_FOR_AUTO_TASKS_ID","1"
"RATE_TYPE","RATE_TYPE_PK","UNIQUE","RATE_TYPE","1"
"RATING_LANE_ERRORS","RATING_LANE_ERRORS_TCILI_IDX","NONUNIQUE","TC_COMPANY_ID","1"
"RATING_LANE_ERRORS","RATING_LANE_ERRORS_TCILI_IDX","NONUNIQUE","LANE_ID","2"
"RATING_LANE_ERRORS","RATING_LANE_ERRORS_TCILI_IDX","NONUNIQUE","BATCH_ID","3"
"RATING_LANE_ERRORS","RATING_LANE_ERR_PK","UNIQUE","RATING_LANE_ERROR","1"
"RATING_LEVELS","RATING_LEVELS_PK","UNIQUE","RATING_LEVEL_ID","1"
"REACT_HANDLER","REACT_HANDLER_IDX","NONUNIQUE","ACTION_TYPE","1"
"REACT_HANDLER","REACT_HANDLER_IDX","NONUNIQUE","OBJECT_TYPE","2"
"REACT_HANDLER","REACT_HANDLER_PK","UNIQUE","REACT_ID","1"
"RECEIPT_ADJUSTMENT","RECEIPT_ADJUSTMENT_PK","UNIQUE","ADJUSTMENT_ID","1"
"RECEIPT_ADJUSTMENT","TM_RECEIPT_ADJUS_IDX1","NONUNIQUE","OBJECT_TYPE","1"
"RECENTLY_APPLIED_FILTERS","RCNTLYAPPFLTRS_IDX","NONUNIQUE","OBJECT_TYPE","1"
"RECENTLY_APPLIED_FILTERS","RCNTLYAPPFLTRS_IDX","NONUNIQUE","OWNER","2"
"RECENTLY_APPLIED_FILTERS","RCNTLYAPPFLTRS_IDX","NONUNIQUE","COMPANY_ID","3"
"RECENTLY_APPLIED_FILTERS","RCNTLYAPPFLTRS_PK","UNIQUE","RECENT_FILTER_ID","1"
"RECV_MSG_DATA","PK_RECV_MSG_DATA","UNIQUE","RECV_MSG_DATA_ID","1"
"RECV_MSG_DATA","TM_RECV_MSG_DATA_IDX1","NONUNIQUE","MESSAGE_ID","1"
"RECV_MSG_DATA","UK_RECV_MSG_DATA","UNIQUE","MESSAGE_ID","1"
"RECV_MSG_DATA","UK_RECV_MSG_DATA","UNIQUE","SEQ_NBR","2"
"RECV_MSG_DATA_HISTORY","RECV_MSG_DATA_HIST_PK","UNIQUE","RECV_MSG_DATA_ID","1"
"RECV_MSG_DATA_HISTORY","RECV_MSG_DATA_HIST_UK","UNIQUE","MESSAGE_ID","1"
"RECV_MSG_DATA_HISTORY","RECV_MSG_DATA_HIST_UK","UNIQUE","SEQ_NBR","2"
"RELEASE_TASK_EVENT","RELEASETASK_EVENT_STATGEN_IDX","NONUNIQUE","STAT_CODE","1"
"RELEASE_TASK_EVENT","RELEASETASK_EVENT_STATGEN_IDX","NONUNIQUE","GENRTN_TYPE","2"
"RELEASE_TASK_EVENT","RELEASE_TASK_EVENT_PK","UNIQUE","RELEASE_TASK_EVENT_ID","1"
"REPLEN_IMPORT_TEMP","PK_REPLEN_IMPORT_TEMP","UNIQUE","ROW_NUM","1"
"REPLEN_MATCHING","IDX_REPLMATCH_NODEID","NONUNIQUE","NODE_ID","1"
"REPLEN_MATCHING","IDX_REPLN_MATCH","NONUNIQUE","REPLEN_MATCHING_ID","1"
"REPLEN_MATCHING","IDX_REPLN_MATCH","NONUNIQUE","WHSE_CODE","2"
"REPLEN_MATCHING","IDX_REPLN_MATCH_LOC","NONUNIQUE","REPLEN_LOC","1"
"REPLEN_MATCHING","PK_REPLEN_MATCHING","UNIQUE","REPLEN_MATCHING_ID","1"
"REPORT","REPORT_PK","UNIQUE","REPORT_ID","1"
"REPORT","REPORT_PK","UNIQUE","COMPANY_ID","2"
"REPORT","TM_REPORT_IDX1","NONUNIQUE","REPORT_DEF_ID","1"
"REPORT_DEF","REPORT_DEF_IDX","UNIQUE","REPORT_DEF_ID","1"
"REPORT_DEF","REPORT_DEF_IDX","UNIQUE","REPORT_NAME","2"
"REPORT_DEF","REPORT_DEF_PK","UNIQUE","REPORT_DEF_ID","1"
"REPORT_DEF_LAYOUT","REPORT_DEF_LAYOUT_PK","UNIQUE","REPORT_DEF_LAYOUT_ID","1"
"REPORT_DEF_LAYOUT","TM_REPORT_DEF_LA_IDX1","NONUNIQUE","REPORT_DEF_ID","1"
"REPORT_PARAM_VALUE","REPORT_PARAM_VALUE_PK","UNIQUE","REP_PARAM_ID","1"
"REPORT_PARAM_VALUE","REPORT_PARAM_VALUE_PK","UNIQUE","REPORT_ID","2"
"REPORT_PARAM_VALUE","REPORT_PARAM_VALUE_PK","UNIQUE","COMPANY_ID","3"
"REPORT_PARAM_VALUE","RPPRVL_RPT_FK_1_IX","NONUNIQUE","REPORT_ID","1"
"REPORT_PARAM_VALUE","TM_REPORT_PARAM__IDX1","NONUNIQUE","REPORT_ID","1"
"REPORT_PARAM_VALUE","TM_REPORT_PARAM__IDX1","NONUNIQUE","COMPANY_ID","2"
"REP_SCHD_PARAM","REP_SCHD_PARAM_PK","UNIQUE","REP_SCHD_ID","1"
"REP_SCHD_PARAM","REP_SCHD_PARAM_PK","UNIQUE","REP_SCHD_DETAIL_ID","2"
"REP_SCHD_PARAM","REP_SCHD_PARAM_PK","UNIQUE","COMPANY_ID","3"
"REQST_TYPE","PK_REQST_TYPE","UNIQUE","REQST_TYPE_ID","1"
"REQST_TYPE","UK_REQST_TYPE","UNIQUE","REQST_TYPE","1"
"RESERVE_BIN_XREF","INDX_RESERVE_BIN_XREF_1","NONUNIQUE","RES_SKU_ID","1"
"RESERVE_BIN_XREF","PK_RESERVE_BIN_XREF","UNIQUE","RES_BINXREF_ID","1"
"RESERVE_BIN_XREF","UK_RESERVE_BIN_XREF","UNIQUE","RES_BIN_ID","1"
"RESERVE_BIN_XREF","UK_RESERVE_BIN_XREF","UNIQUE","RES_SKU_ID","2"
"RESERVE_PALLET_XREF","INDX_RESERVE_PALLET_XREF_1","NONUNIQUE","RES_SKU_ID","1"
"RESERVE_PALLET_XREF","INDX_RESERVE_PALLET_XREF_2","NONUNIQUE","RES_PALLET_ID","1"
"RESERVE_PALLET_XREF","PK_RESERVE_PALLET_XREF","UNIQUE","RES_PALLET_XREF_ID","1"
"RESERVE_PALLET_XREF","UK_RESERVE_PALLET_XREF","UNIQUE","RES_SKU_ID","1"
"RESERVE_PALLET_XREF","UK_RESERVE_PALLET_XREF","UNIQUE","RES_PALLET_ID","2"
"RESOURCES","RESOURCES_COMPOSITE_INDX","UNIQUE","URI_TYPE_ID","1"
"RESOURCES","RESOURCES_COMPOSITE_INDX","UNIQUE","URI","2"
"RESOURCES","RESOURCES_COMPOSITE_INDX","UNIQUE","HTTP_METHOD","3"
"RESOURCES","RESOURCES_IDX1","NONUNIQUE","URI_TYPE_ID","1"
"RESOURCES","RESOURCES_PK","UNIQUE","RESOURCE_ID","1"
"RESOURCE_BID_STATUS","RES_BID_STS_PK","UNIQUE","RESOURCE_BID_STATUS","1"
"RESOURCE_PERMISSION","RESOURCE_PERM_IDX1","NONUNIQUE","RESOURCE_ID","1"
"RESOURCE_PERMISSION","RESOURCE_PERM_IDX2","NONUNIQUE","PERMISSION_CODE","1"
"RESOURCE_PERMISSION","RESOURCE_PERM_PK","UNIQUE","RESOURCE_ID","1"
"RESOURCE_PERMISSION","RESOURCE_PERM_PK","UNIQUE","PERMISSION_CODE","2"
"RESOURCE_SYNC","PK_RESOURCE_SYNC","UNIQUE","RESOURCE_SYNC_ID","1"
"RESTRICTION_ATTRIBUTES","REST_ATTR_PK","UNIQUE","RES_ATTRIBUTE_ID","1"
"RESTRICTION_ATTRIBUTES","REST_ATTR_RES_OBJ_FK_1_IX","NONUNIQUE","RES_OBJECT_ID","1"
"RESTRICTION_OBJECT","REST_OBJ_PK","UNIQUE","RES_OBJECT_ID","1"
"RESV_LOCN_HDR","PK_RESV_LOCN_HDR","UNIQUE","RESV_LOCN_HDR_ID","1"
"RESV_LOCN_HDR","RESV_LOCN_HDR_IDX3","NONUNIQUE","DEDCTN_ITEM_ID","1"
"RESV_LOCN_HDR","RESV_LOCN_HDR_IDX3","NONUNIQUE","DEDCTN_BATCH_NBR","2"
"RESV_LOCN_HDR","RESV_LOCN_HDR_IND1","NONUNIQUE","LOCN_SIZE_TYPE","1"
"RESV_LOCN_HDR","TM_RESV_LOCN_HDR_IDX1","NONUNIQUE","LOCN_HDR_ID","1"
"RESV_LOCN_HDR","UK_RESV_LOCN_HDR","UNIQUE","LOCN_ID","1"
"RES_ANALYSIS_RESULT","PK_RES_ANALYSIS_RESULT","UNIQUE","RES_ANALYSIS_ID","1"
"RETN_DISP_CODE_MASTER","PK_RETN_DISP_CODE_MASTER","UNIQUE","RETN_DISP_CODE_MASTER_ID","1"
"RETN_DISP_CODE_MASTER","UK_RETN_DISP_CODE_MASTER","UNIQUE","WHSE","1"
"RETN_DISP_CODE_MASTER","UK_RETN_DISP_CODE_MASTER","UNIQUE","DISP_CODE","2"
"RETN_DISP_DETERM","PK_RETN_DISP_DETERM","UNIQUE","RETN_DISP_DETERM_ID","1"
"RETN_DISP_DETERM","RETNDISPDETERM_CDMASID_IDX","NONUNIQUE","CD_MASTER_ID","1"
"RETN_DISP_DETERM","RETNDISPDETRM_RETNBUYCODE_IDX","NONUNIQUE","RETN_DISP_CODE","1"
"RETN_DISP_DETERM","RETNDISPDETRM_RETNBUYCODE_IDX","NONUNIQUE","BUYER_DISP_CODE","2"
"RETN_DISP_DETERM","RETNDISPDETRM_RETNBUYCODE_IDX","NONUNIQUE","WHSE","3"
"RETN_DISP_DETERM","RETNDISPDETRM_RETNBUYCODE_IDX","NONUNIQUE","CD_MASTER_ID","4"
"RETN_DISP_DETERM","TM_RETN_DISP_DETERM_IDX1","NONUNIQUE","WHSE","1"
"RETN_DISP_DETERM","TM_RETN_DISP_DETERM_IDX1","NONUNIQUE","FINAL_DISP_CODE","2"
"RETN_IB_HIST","PK_RETN_IB_HIST","UNIQUE","RETN_IB_HIST_ID","1"
"RETN_IB_HIST","RETNIBHIST_RSNCODE_IDX","NONUNIQUE","RSN_CODE","1"
"RETN_IB_HIST","UK_RETN_IB_HIST","UNIQUE","PLT_TYPE","1"
"RETN_IB_HIST","UK_RETN_IB_HIST","UNIQUE","WHSE","2"
"RETN_IB_HIST","UK_RETN_IB_HIST","UNIQUE","SEQ_NBR","3"
"RETN_IB_SUMM","PK_RETN_IB_SUMM","UNIQUE","RETN_IB_SUMM_ID","1"
"RETN_IB_SUMM","TM_RETN_IB_SUMM_IDX1","NONUNIQUE","VENDOR_MASTER_ID","1"
"RETN_IB_SUMM","UK_RETN_IB_SUMM","UNIQUE","PLT_TYPE","1"
"RETN_IB_SUMM","UK_RETN_IB_SUMM","UNIQUE","VENDOR_MASTER_ID","2"
"RETN_IB_SUMM","UK_RETN_IB_SUMM","UNIQUE","WHSE","3"
"RETN_OB_HIST","PK_RETN_OB_HIST","UNIQUE","RETN_OB_HIST_ID","1"
"RETN_OB_HIST","RETNOBHIST_RSNCODE_IDX","NONUNIQUE","RSN_CODE","1"
"RETN_OB_HIST","UK_RETN_OB_HIST","UNIQUE","PLT_TYPE","1"
"RETN_OB_HIST","UK_RETN_OB_HIST","UNIQUE","WHSE","2"
"RETN_OB_HIST","UK_RETN_OB_HIST","UNIQUE","SEQ_NBR","3"
"RETN_OB_SUMM","PK_RETN_OB_SUMM","UNIQUE","RETN_OB_SUMM_ID","1"
"RETN_OB_SUMM","UK_RETN_OB_SUMM","UNIQUE","PLT_TYPE","1"
"RETN_OB_SUMM","UK_RETN_OB_SUMM","UNIQUE","WHSE","2"
"RETN_OB_SUMM","UK_RETN_OB_SUMM","UNIQUE","TRACK_VALUE","3"
"RETN_OB_SUMM","UK_RETN_OB_SUMM","UNIQUE","TRACK_OB_RETN_LEVEL","4"
"RETN_SUMM","PK_RETN_SUMM","UNIQUE","RETN_SUMM_ID","1"
"RETN_SUMM","UK_RETN_SUMM","UNIQUE","PLT_TYPE","1"
"RETN_SUMM","UK_RETN_SUMM","UNIQUE","WHSE","2"
"RE_MODULE_TYPE","RE_MODULE_TYPE_PK","UNIQUE","RE_MODULE_TYPE_ID","1"
"RE_RULATR_BEHAVIOR","RE_RULATRB_PK","UNIQUE","RE_RULATR_BEHAVRID","1"
"RE_RULATR_CATNOPER","RE_RULATRC_PK","UNIQUE","RULATR_CAT_OPER_ID","1"
"RE_RULATR_CATNOPER","RE_RULATRC_PK","UNIQUE","RULE_OPERATOR_ID","2"
"RE_RULATR_CATNOPER","TM_RE_RULATR_CAT_IDX1","NONUNIQUE","RULATR_CAT_OPER_ID","1"
"RE_RULATR_CATNOPER","TM_RE_RULATR_CAT_IDX2","NONUNIQUE","RULE_OPERATOR_ID","1"
"RE_RULATR_CAT_OPER","RE_RULATRCO_PK","UNIQUE","RULATR_CAT_OPER_ID","1"
"RE_RULATR_DATATYPE","RE_RULATR_DTP_PK","UNIQUE","ATTRIB_DATA_TYPEID","1"
"RE_RULATR_OPERATOR","RE_RULATRO_PK","UNIQUE","RULE_OPERATOR_ID","1"
"RE_RULE_ATTRIBUTE","RE_RULATRA_PK","UNIQUE","ATTRIBUTE_ID","1"
"RE_RULE_ATTRIBUTE","TM_RE_RULE_ATTRI_IDX1","NONUNIQUE","ATTRIB_DATA_TYPEID","1"
"RE_RULE_ATTRIBUTE","TM_RE_RULE_ATTRI_IDX2","NONUNIQUE","RE_MODULE_TYPE_ID","1"
"RE_RULE_ATTRIBUTE","TM_RE_RULE_ATTRI_IDX3","NONUNIQUE","RE_RULATR_BEHAVRID","1"
"RE_RULE_ATTRIBUTE","TM_RE_RULE_ATTRI_IDX4","NONUNIQUE","RE_RULE_OBJTYPE_ID","1"
"RE_RULE_ATTRIBUTE","TM_RE_RULE_ATTRI_IDX5","NONUNIQUE","RULATR_CAT_OPER_ID","1"
"RE_RULE_OBJ_TYPE","RE_RULATROT_PK","UNIQUE","RE_RULE_OBJTYPE_ID","1"
"RFUSER_CURRENT_LOCATION","PK_RFUSR_CRENT_LOCN_USER_ID","UNIQUE","USER_ID","1"
"RFUSER_CURRENT_LOCATION","RFUSR_CRRNT_LOCN_LOCN_FK_IDX","NONUNIQUE","LOCN_ID","1"
"RF_BIND_KEY","RF_BIND_KEY_PK","UNIQUE","RF_BIND_KEY_ID","1"
"RF_BIND_KEY","RF_BIND_KEY_UK","UNIQUE","PROFILE","1"
"RF_BIND_KEY","RF_BIND_KEY_UK","UNIQUE","COMMAND","2"
"RF_MESSAGE","PK_RF_MESSAGE","UNIQUE","RF_MSG_ID","1"
"RF_MESSAGE_RESPONSE","PK_RF_MESSAGE_RESPONSE","UNIQUE","RF_MESSAGE_RESPONSE_ID","1"
"RF_MESSAGE_RESPONSE","TM_RF_MESSAGE_RESPONSE_IDX1","NONUNIQUE","RF_MSG_ID","1"
"RG_LANE_ERRORS","RG_LANE_ERRORS_PK","UNIQUE","RG_LANE_ERROR","1"
"RG_LANE_ERRORS","RG_LANE_ERR_IDX","NONUNIQUE","LANE_ID","1"
"RG_LANE_ERRORS","RG_LANE_ERR_IDX","NONUNIQUE","RG_LANE_DTL_SEQ","2"
"RG_LANE_ERRORS","RG_LANE_ERR_IDX","NONUNIQUE","TC_COMPANY_ID","3"
"RG_LANE_HIERARCHY","RG_LANE_HERARY_PK","UNIQUE","TC_COMPANY_ID","1"
"RG_LANE_HIERARCHY","RG_LANE_HERARY_PK","UNIQUE","LOCATION_TYPE","2"
"ROI_PARAMETERS","PK_ROI_PARAMETERS","UNIQUE","PARAMID","1"
"ROLE_CUSTOM_WINDOW_FORMAT","PK_ROLE_CUSTOM_WINDOW_FORMAT","UNIQUE","ROLE_CUSTOM_WINDOW_FORMAT_ID","1"
"ROLE_CUSTOM_WINDOW_FORMAT","TM_ROLE_CUSTOM_WINDOW_FT_IDX1","NONUNIQUE","CUSTOM_WINDOW_FORMAT_ID","1"
"ROLE_CUSTOM_WINDOW_FORMAT","TM_ROLE_CUSTOM_WINDOW_FT_IDX2","NONUNIQUE","ROLE_ID","1"
"ROLE_CUSTOM_WINDOW_FORMAT","UK_ROLE_CUSTOM_WINDOW_FORMAT","UNIQUE","ROLE_ID","1"
"ROLE_CUSTOM_WINDOW_FORMAT","UK_ROLE_CUSTOM_WINDOW_FORMAT","UNIQUE","CUSTOM_WINDOW_FORMAT_ID","2"
"ROLE_MASTER","PK_ROLE_MASTER","UNIQUE","ROLE_MASTER_ID","1"
"ROLE_MASTER","UK_ROLE_MASTER","UNIQUE","ROLE_ID","1"
"ROUTER","ROUTER_FK1_1_IX","NONUNIQUE","DESTINATION_SYSTEM_ID","1"
"ROUTER","ROUTER_IDX_1","NONUNIQUE","ORIGIN_ID","1"
"ROUTER","ROUTER_IDX_1","NONUNIQUE","ORIGIN_TYPE","2"
"ROUTER","ROUTER_IDX_1","NONUNIQUE","MSG_TYPE","3"
"ROUTER","ROUTER_IDX_1","NONUNIQUE","ORIG_COMPANY","4"
"ROUTER","ROUTER_IDX_2","NONUNIQUE","ORIGIN_ID","1"
"ROUTER","ROUTER_IDX_2","NONUNIQUE","ORIGIN_TYPE","2"
"ROUTER","ROUTER_IDX_2","NONUNIQUE","MSG_TYPE","3"
"ROUTER","ROUTER_PK","UNIQUE","ROUTER_ID","1"
"RS300CLIENT","RS300CLIENT_PK","UNIQUE","CLIENT_ID","1"
"RS300COST_LABEL","RS300COST_LABEL_PK","UNIQUE","VERSION_ID","1"
"RS300COST_LABEL","RS300COST_LABEL_PK","UNIQUE","COST","2"
"RS300PERFORM_TYPE","RS300PERFORM_TY_PK","UNIQUE","VERSION_ID","1"
"RS300PERFORM_TYPE","RS300PERFORM_TY_PK","UNIQUE","PERFORMANCE_TYPE_ID","2"
"RS300PERFORM_TYPE_RATING_TYPE","RS300PRFMTYRTTY_PK","UNIQUE","VERSION_ID","1"
"RS300PERFORM_TYPE_RATING_TYPE","RS300PRFMTYRTTY_PK","UNIQUE","PERFORMANCE_TYPE_ID","2"
"RS300PERFORM_TYPE_RATING_TYPE","RS300PRFMTYRTTY_PK","UNIQUE","RATING_TYPE_ID","3"
"RS300RATING_CLASS","RS300RATING_CLS_PK","UNIQUE","VERSION_ID","1"
"RS300RATING_CLASS","RS300RATING_CLS_PK","UNIQUE","RATING_CLASS_ID","2"
"RS300RATING_CLASS_PERFORM_TYPE","RS300RTCLPRFMTY_PK","UNIQUE","VERSION_ID","1"
"RS300RATING_CLASS_PERFORM_TYPE","RS300RTCLPRFMTY_PK","UNIQUE","RATING_CLASS_ID","2"
"RS300RATING_CLASS_PERFORM_TYPE","RS300RTCLPRFMTY_PK","UNIQUE","PERFORMANCE_TYPE_ID","3"
"RS300RATING_COMP","RS300RATING_CMP_PK","UNIQUE","VERSION_ID","1"
"RS300RATING_COMP","RS300RATING_CMP_PK","UNIQUE","CLIENT_ID","2"
"RS300RATING_COMP","RS300RATING_CMP_PK","UNIQUE","RATING_COMPONENT_ID","3"
"RS300RATING_COMP_BEHAVIOR","RS300RTGCMPBHVR_PK","UNIQUE","VERSION_ID","1"
"RS300RATING_COMP_BEHAVIOR","RS300RTGCMPBHVR_PK","UNIQUE","RATING_COMPONENT_BEHAVIOR_ID","2"
"RS300RATING_SYSTEM","RS300RATING_SYS_PK","UNIQUE","VERSION_ID","1"
"RS300RATING_SYSTEM","RS300RATING_SYS_PK","UNIQUE","CLIENT_ID","2"
"RS300RATING_TABLE","RS300RATING_TAB_PK","UNIQUE","VERSION_ID","1"
"RS300RATING_TABLE","RS300RATING_TAB_PK","UNIQUE","CLIENT_ID","2"
"RS300RATING_TABLE","RS300RATING_TAB_PK","UNIQUE","RATING_TABLE_ID","3"
"RS300RATING_TABLE_CELL","RS300RTG_TAB_CL_PK","UNIQUE","VERSION_ID","1"
"RS300RATING_TABLE_CELL","RS300RTG_TAB_CL_PK","UNIQUE","CLIENT_ID","2"
"RS300RATING_TABLE_CELL","RS300RTG_TAB_CL_PK","UNIQUE","RATING_TABLE_ID","3"
"RS300RATING_TABLE_CELL","RS300RTG_TAB_CL_PK","UNIQUE","ROW_COORDINATE","4"
"RS300RATING_TABLE_CELL","RS300RTG_TAB_CL_PK","UNIQUE","COLUMN_COORDINATE","5"
"RS300RATING_TABLE_CELL","RS300RTG_TAB_CL_PK","UNIQUE","PLANE_COORDINATE","6"
"RS300RATING_TABLE_CLASS","RS300RTGTABCLS_PK","UNIQUE","VERSION_ID","1"
"RS300RATING_TABLE_CLASS","RS300RTGTABCLS_PK","UNIQUE","CLIENT_ID","2"
"RS300RATING_TABLE_CLASS","RS300RTGTABCLS_PK","UNIQUE","RATING_TABLE_ID","3"
"RS300RATING_TABLE_CLASS","RS300RTGTABCLS_PK","UNIQUE","RATING_CLASS_ID","4"
"RS300RATING_TABLE_COLUMN","RS300RTGTAB_COL_PK","UNIQUE","VERSION_ID","1"
"RS300RATING_TABLE_COLUMN","RS300RTGTAB_COL_PK","UNIQUE","CLIENT_ID","2"
"RS300RATING_TABLE_COLUMN","RS300RTGTAB_COL_PK","UNIQUE","RATING_TABLE_ID","3"
"RS300RATING_TABLE_COLUMN","RS300RTGTAB_COL_PK","UNIQUE","COORDINATE","4"
"RS300RATING_TABLE_COMMENT","RS300RTGTABCOMM_PK","UNIQUE","VERSION_ID","1"
"RS300RATING_TABLE_COMMENT","RS300RTGTABCOMM_PK","UNIQUE","CLIENT_ID","2"
"RS300RATING_TABLE_COMMENT","RS300RTGTABCOMM_PK","UNIQUE","RATING_TABLE_ID","3"
"RS300RATING_TABLE_COMMENT","RS300RTGTABCOMM_PK","UNIQUE","TIMESTAMP_VAL","4"
"RS300RATING_TABLE_CONDITION","RS300RTGTBCNDTN_PK","UNIQUE","VERSION_ID","1"
"RS300RATING_TABLE_CONDITION","RS300RTGTBCNDTN_PK","UNIQUE","CLIENT_ID","2"
"RS300RATING_TABLE_CONDITION","RS300RTGTBCNDTN_PK","UNIQUE","RATING_TABLE_ID","3"
"RS300RATING_TABLE_CONDITION","RS300RTGTBCNDTN_PK","UNIQUE","CONDITION_ID","4"
"RS300RATING_TABLE_PLANE","RS300RTGTAB_PNE_PK","UNIQUE","VERSION_ID","1"
"RS300RATING_TABLE_PLANE","RS300RTGTAB_PNE_PK","UNIQUE","CLIENT_ID","2"
"RS300RATING_TABLE_PLANE","RS300RTGTAB_PNE_PK","UNIQUE","RATING_TABLE_ID","3"
"RS300RATING_TABLE_PLANE","RS300RTGTAB_PNE_PK","UNIQUE","COORDINATE","4"
"RS300RATING_TABLE_ROW","RS300RTGTAB_ROW_PK","UNIQUE","VERSION_ID","1"
"RS300RATING_TABLE_ROW","RS300RTGTAB_ROW_PK","UNIQUE","CLIENT_ID","2"
"RS300RATING_TABLE_ROW","RS300RTGTAB_ROW_PK","UNIQUE","RATING_TABLE_ID","3"
"RS300RATING_TABLE_ROW","RS300RTGTAB_ROW_PK","UNIQUE","COORDINATE","4"
"RS300RATING_TABLE_TYPE","RS300RTG_TAB_TY_PK","UNIQUE","VERSION_ID","1"
"RS300RATING_TABLE_TYPE","RS300RTG_TAB_TY_PK","UNIQUE","CLIENT_ID","2"
"RS300RATING_TABLE_TYPE","RS300RTG_TAB_TY_PK","UNIQUE","RATING_TABLE_ID","3"
"RS300RATING_TABLE_TYPE","RS300RTG_TAB_TY_PK","UNIQUE","RATING_TYPE_ID","4"
"RS300RATING_TOKEN","RS300RATING_TKN_PK","UNIQUE","VERSION_ID","1"
"RS300RATING_TOKEN","RS300RATING_TKN_PK","UNIQUE","RATING_TOKEN_ID","2"
"RS300RATING_TOKEN_PERFORM_TYPE","RS300RTGTKNPFMT_PK","UNIQUE","VERSION_ID","1"
"RS300RATING_TOKEN_PERFORM_TYPE","RS300RTGTKNPFMT_PK","UNIQUE","RATING_TOKEN_ID","2"
"RS300RATING_TOKEN_PERFORM_TYPE","RS300RTGTKNPFMT_PK","UNIQUE","PERFORMANCE_TYPE_ID","3"
"RS300RATING_TOKEN_RATING_TYPE","RS300RTGTNRTGTY_PK","UNIQUE","VERSION_ID","1"
"RS300RATING_TOKEN_RATING_TYPE","RS300RTGTNRTGTY_PK","UNIQUE","RATING_TOKEN_ID","2"
"RS300RATING_TOKEN_RATING_TYPE","RS300RTGTNRTGTY_PK","UNIQUE","RATING_TYPE_ID","3"
"RS300RATING_TYPE","RS300RATING_TY_PK","UNIQUE","VERSION_ID","1"
"RS300RATING_TYPE","RS300RATING_TY_PK","UNIQUE","RATING_TYPE_ID","2"
"RS300REASON_CLASS","RS300REASON_CLS_PK","UNIQUE","VERSION_ID","1"
"RS300REASON_CLASS","RS300REASON_CLS_PK","UNIQUE","CLIENT_ID","2"
"RS300REASON_CLASS","RS300REASON_CLS_PK","UNIQUE","REASON_CLASS_GROUP_ID","3"
"RS300REASON_CLASS","RS300REASON_CLS_PK","UNIQUE","REASON_CLASS_ID","4"
"RS300REASON_CODE","RS300REASON_CD_PK","UNIQUE","VERSION_ID","1"
"RS300REASON_CODE","RS300REASON_CD_PK","UNIQUE","CLIENT_ID","2"
"RS300REASON_CODE","RS300REASON_CD_PK","UNIQUE","REASON_CLASS_GROUP_ID","3"
"RS300REASON_CODE","RS300REASON_CD_PK","UNIQUE","REASON_CLASS_ID","4"
"RS300REASON_CODE","RS300REASON_CD_PK","UNIQUE","REASON_CODE_ID","5"
"RS300REASON_GROUP","RS300REASON_GRP_PK","UNIQUE","VERSION_ID","1"
"RS300REASON_GROUP","RS300REASON_GRP_PK","UNIQUE","REASON_CLASS_GROUP_ID","2"
"RS300REASON_GROUP_PERFORM_TYPE","RS300RSGRPPFMTY_PK","UNIQUE","VERSION_ID","1"
"RS300REASON_GROUP_PERFORM_TYPE","RS300RSGRPPFMTY_PK","UNIQUE","REASON_CLASS_GROUP_ID","2"
"RS300REASON_GROUP_PERFORM_TYPE","RS300RSGRPPFMTY_PK","UNIQUE","PERFORMANCE_TYPE_ID","3"
"RS300VERSION","RS300VERSION_PK","UNIQUE","VERSION_ID","1"
"RS_CONFIG","RS_CONFIG_LUST_FK_1_IX","NONUNIQUE","LAST_UPDATED_SOURCE_TYPE","1"
"RS_CONFIG","RS_CONFIG_PK","UNIQUE","RS_CONFIG_ID","1"
"RS_CONFIG_CYCLE_DL","RS_CONFIG_DL_PK","UNIQUE","RS_CONFIG_CYCLE_ID","1"
"RS_CONFIG_CYCLE_DL","RS_CONFIG_DL_PK","UNIQUE","DL_ID","2"
"RS_CONFIG_CYCLE_DL","TM_RS_CONFIG_CYC_IDX1","NONUNIQUE","DL_ID","1"
"RS_TYPE","RS_TYPE_PK","UNIQUE","RS_TYPE","1"
"RTS","RTS_COMPANY_IDX","NONUNIQUE","TC_COMPANY_ID","1"
"RTS","RTS_PK","UNIQUE","RTS_ID","1"
"RTS","RTS_QTY_UOM_ID_IDX","NONUNIQUE","QTY_UOM_ID_BASE","1"
"RTS","TM_RTS_IDX1","NONUNIQUE","AUTO_CREATE_METHOD","1"
"RTS","TM_RTS_IDX2","NONUNIQUE","RTS_D_FACILITY_ID","1"
"RTS","TM_RTS_IDX3","NONUNIQUE","RTS_O_FACILITY_ID","1"
"RTS","TM_RTS_IDX4","NONUNIQUE","RTS_STATUS","1"
"RTS_CHANGE_RULE","RTS_CHANGE_RULE_PK","UNIQUE","RTS_CHG_ID","1"
"RTS_CHANGE_RULE","TM_RTS_CHANGE_RU_IDX1","NONUNIQUE","ACTION","1"
"RTS_CHANGE_RULE","TM_RTS_CHANGE_RU_IDX2","NONUNIQUE","CRITICAL_CHG_FIELD","1"
"RTS_CHANGE_RULE","TM_RTS_CHANGE_RU_IDX3","NONUNIQUE","TC_COMPANY_ID","1"
"RTS_CHANGE_RULE_DTL","RTS_CHANGE_RDTL_PK","UNIQUE","RTS_CHG_DTL_ID","1"
"RTS_CRITICAL_FIELD_FV","RTS_CRFV_PK","UNIQUE","RTS_CRITICAL_FIELD_FV","1"
"RTS_EVENT","RTS_EVENT_PK","UNIQUE","RTS_ID","1"
"RTS_EVENT","RTS_EVENT_PK","UNIQUE","EVENT_SEQ","2"
"RTS_LINE_ITEM","ITEM_RTSL_FK1_INDX","NONUNIQUE","SKU_ID","1"
"RTS_LINE_ITEM","PE_RTS_LN_ORD_IDX","NONUNIQUE","ORDER_ID","1"
"RTS_LINE_ITEM","PE_RTS_OLI_IX","NONUNIQUE","LINE_ITEM_ID","1"
"RTS_LINE_ITEM","RTSLNORDTC_IDX","NONUNIQUE","ORDER_ID","1"
"RTS_LINE_ITEM","RTSLNORDTC_IDX","NONUNIQUE","TC_COMPANY_ID","2"
"RTS_LINE_ITEM","RTS_LINE_ITEM_PK","UNIQUE","RTS_ID","1"
"RTS_LINE_ITEM","RTS_LINE_ITEM_PK","UNIQUE","RTS_LINE_ITEM_ID","2"
"RTS_LINE_ITEM","TM_RTS_LINE_ITEM_IDX1","NONUNIQUE","AUTO_CREATE_METHOD","1"
"RTS_LINE_ITEM","TM_RTS_LINE_ITEM_IDX3","NONUNIQUE","RTS_D_FACILITY_ID","1"
"RTS_LINE_ITEM","TM_RTS_LINE_ITEM_IDX4","NONUNIQUE","RTS_ID","1"
"RTS_LINE_ITEM","TM_RTS_LINE_ITEM_IDX5","NONUNIQUE","RTS_LINE_STATUS","1"
"RTS_LINE_ITEM","TM_RTS_LINE_ITEM_IDX6","NONUNIQUE","RTS_O_FACILITY_ID","1"
"RTS_LINE_STATUS","RTS_LSTATUS_PK","UNIQUE","RTS_LINE_STATUS","1"
"RTS_SIZES","RTSZS_RTS_IDX","NONUNIQUE","RTS_ID","1"
"RTS_SIZES","RTSZS_RTS_IDX","NONUNIQUE","RTS_LINE_ITEM_ID","2"
"RTS_SIZES","RTS_SIZES_PK","UNIQUE","RTS_SIZES_ID","1"
"RTS_SIZES","TM_RTS_SIZES_IDX1","NONUNIQUE","RTS_ID","1"
"RTS_STATUS","RTS_STATUS_PK","UNIQUE","RTS_STATUS","1"
"RULES","PK_RULES","UNIQUE","RULES_ID","1"
"RULES","RULES_DESC_IDX","NONUNIQUE","RULES_DESC","1"
"RULE_COLM_LIST","PK_RULE_COLM_LIST","UNIQUE","RULE_COLM_LIST_ID","1"
"RULE_COLM_LIST","UK_RULE_COLM_LIST","UNIQUE","RULE_COLM_ID","1"
"RULE_COLM_REF","PK_RULE_COLM_REF","UNIQUE","RULE_COLM_REF_ID","1"
"RULE_COLM_REF","RULECOLMREF_RULECOLMID_IDX","NONUNIQUE","RULE_COLM_ID","1"
"RULE_COLM_REF","UK_RULE_COLM_REF","UNIQUE","RULE_TYPE","1"
"RULE_COLM_REF","UK_RULE_COLM_REF","UNIQUE","COLM_REF_SEQ_NBR","2"
"RULE_HDR","FK_RULEHDR_MHERULEGROUP_IDX","NONUNIQUE","MHE_RULE_GROUP_ID","1"
"RULE_HDR","PK_RULE_HDR","UNIQUE","RULE_HDR_ID","1"
"RULE_HDR","RUL_HDR_RUL_TYP_STAT_GRP_INDX","NONUNIQUE","RULE_TYPE","1"
"RULE_HDR","RUL_HDR_RUL_TYP_STAT_GRP_INDX","NONUNIQUE","STAT_CODE","2"
"RULE_HDR","RUL_HDR_RUL_TYP_STAT_GRP_INDX","NONUNIQUE","RULE_GRP","3"
"RULE_HDR","UK_RULE_HDR","UNIQUE","RULE_ID","1"
"RULE_PARM","PK_RULE_PARM","UNIQUE","RULE_PARM_ID","1"
"RULE_PARM","TM_RULE_PARM_IDX1","NONUNIQUE","RULES_ID","1"
"RULE_PARM","TM_RULE_PARM_IDX2","NONUNIQUE","RULE_HDR_ID","1"
"RULE_PARM","TM_RULE_PARM_IDX3","NONUNIQUE","RULE_ID","1"
"RULE_PARM","UK_RULE_PARM","UNIQUE","RULES_ID","1"
"RULE_PARM","UK_RULE_PARM","UNIQUE","RULE_ID","2"
"RULE_SEL_COL_DTL","PK_RUL_SEL_COL_DTL","UNIQUE","RULE_SEL_COL_DTL_ID","1"
"RULE_SEL_COL_DTL","TM_RULE_SEL_COL_DTL_IDX1","NONUNIQUE","RULE_HDR_ID","1"
"RULE_SEL_DTL","PK_RULE_SEL_DTL","UNIQUE","RULE_SEL_DTL_ID","1"
"RULE_SEL_DTL","TM_RULE_SEL_DTL_IDX1","NONUNIQUE","RULE_HDR_ID","1"
"RULE_SEL_DTL","TM_RULE_SEL_DTL_IDX2","NONUNIQUE","RULE_ID","1"
"RULE_SEL_DTL","UK_RULE_SEL_DTL","UNIQUE","RULE_ID","1"
"RULE_SEL_DTL","UK_RULE_SEL_DTL","UNIQUE","SEL_SEQ_NBR","2"
"RULE_SORT_DTL","PK_RULE_SORT_DTL","UNIQUE","RULE_SORT_DTL_ID","1"
"RULE_SORT_DTL","TM_RULE_SORT_DTL_IDX1","NONUNIQUE","RULE_HDR_ID","1"
"RULE_SORT_DTL","TM_RULE_SORT_DTL_IDX2","NONUNIQUE","RULE_ID","1"
"RULE_SORT_DTL","UK_RULE_SORT_DTL","UNIQUE","RULE_ID","1"
"RULE_SORT_DTL","UK_RULE_SORT_DTL","UNIQUE","SORT_SEQ_NBR","2"
"SAILING_LANE_ERRORS","SAILING_LANERR_PK","UNIQUE","SAILING_LANE_ERROR","1"
"SAILING_LANE_ERRORS","SAILING_LANE_ERRORS_IDX","NONUNIQUE","TC_COMPANY_ID","1"
"SAILING_LANE_ERRORS","SAILING_LANE_ERRORS_IDX","NONUNIQUE","LANE_ID","2"
"SAILING_LANE_ERRORS","SAILING_LANE_ERRORS_IDX","NONUNIQUE","SAILING_LANE_DTL_SEQ","3"
"SAILING_LANE_ERRORS","SAILING_LANE_ERRORS_IDX","NONUNIQUE","BATCH_ID","4"
"SAILING_SCHDL_TRNSPRTR","SLNG_SCHD_TRNS_PK","UNIQUE","TC_COMPANY_ID","1"
"SAILING_SCHDL_TRNSPRTR","SLNG_SCHD_TRNS_PK","UNIQUE","SAILING_SCHEDULE_ID","2"
"SAILING_SCHDL_TRNSPRTR","SLNG_SCHD_TRNS_PK","UNIQUE","SAILING_SCHDL_TRNSPRTR_SEQ","3"
"SAILING_SCHDL_TRNSPRTR","TM_SAILING_SCHDL_TRNSPRTR_IDX1","NONUNIQUE","TC_COMPANY_ID","1"
"SAILING_SCHDL_TRNSPRTR","TM_SAILING_SCHDL_TRNSPRTR_IDX1","NONUNIQUE","SAILING_SCHEDULE_ID","2"
"SAILING_SCHDL_TRNSPRTR_VIA","SAILSCTRV_SAILSCTR_FK_1_IX","NONUNIQUE","SAILING_SCHDL_TRNSPRTR_SEQ","1"
"SAILING_SCHDL_TRNSPRTR_VIA","SAILSCTRV_SAILSCTR_FK_1_IX","NONUNIQUE","SAILING_SCHEDULE_ID","2"
"SAILING_SCHDL_TRNSPRTR_VIA","SGSCHDTRNSP_VIA_PK","UNIQUE","TC_COMPANY_ID","1"
"SAILING_SCHDL_TRNSPRTR_VIA","SGSCHDTRNSP_VIA_PK","UNIQUE","SAILING_SCHEDULE_ID","2"
"SAILING_SCHDL_TRNSPRTR_VIA","SGSCHDTRNSP_VIA_PK","UNIQUE","SAILING_SCHDL_TRNSPRTR_SEQ","3"
"SAILING_SCHDL_TRNSPRTR_VIA","SGSCHDTRNSP_VIA_PK","UNIQUE","SAILING_SCHDL_TRNSPRTR_VIA_SEQ","4"
"SAILING_SCHDL_TRNSPRTR_VIA","TM_SAILING_SCHDL_TRNS_VIA_IDX1","NONUNIQUE","TC_COMPANY_ID","1"
"SAILING_SCHDL_TRNSPRTR_VIA","TM_SAILING_SCHDL_TRNS_VIA_IDX1","NONUNIQUE","SAILING_SCHEDULE_ID","2"
"SAILING_SCHDL_TRNSPRTR_VIA","TM_SAILING_SCHDL_TRNS_VIA_IDX1","NONUNIQUE","SAILING_SCHDL_TRNSPRTR_SEQ","3"
"SAILING_SCHEDULE","SAILING_SCHEDULE_CST_FK_INDX","NONUNIQUE","CREATED_SOURCE_TYPE","1"
"SAILING_SCHEDULE","SAILING_SCHEDULE_LUST_FK_INDX","NONUNIQUE","LAST_UPDATED_SOURCE_TYPE","1"
"SAILING_SCHEDULE","SAILING_SCHEDULE_TCISL_FK_INDX","NONUNIQUE","SERVICE_LEVEL_ID","1"
"SAILING_SCHEDULE","SAILING_SCHED_PK","UNIQUE","TC_COMPANY_ID","1"
"SAILING_SCHEDULE","SAILING_SCHED_PK","UNIQUE","SAILING_SCHEDULE_ID","2"
"SAILING_SCHEDULE","TM_SAILING_SCHEDULE_IDX1","NONUNIQUE","CARRIER_ID","1"
"SAILING_SCHEDULE","TM_SAILING_SCHEDULE_IDX2","NONUNIQUE","MOT_ID","1"
"SAILING_SCHEDULE","TM_SAILING_SCHEDULE_IDX3","NONUNIQUE","TC_COMPANY_ID","1"
"SAILING_SCHEDULE","T_SAILING_SCHEDULE_FK_IDX_285","NONUNIQUE","ORIG_FACILITY_ID","1"
"SAILING_SCHEDULE","T_SAILING_SCHEDULE_FK_IDX_289","NONUNIQUE","DEST_FACILITY_ID","1"
"SALES_ORDERS_STATUS","SALES_OR_STATUS_PK","UNIQUE","SALES_ORDERS_STATUS","1"
"SCHEDULER_EVENT_TYPE","SCHEDULER_EVENT_TYPE_PK","UNIQUE","SCHEDULER_EVENT_ID","1"
"SCHEDULE_B","SCHEDULEB_CHAPTER_FK_1_IX","NONUNIQUE","SCHEDULE_B_CHAPTER","1"
"SCHEDULE_B","SCHEDULE_B_PK","UNIQUE","SCHEDULE_B_ID","1"
"SCHEDULE_B_CHAPTER","SCHEDULE_B_CHAPTER_PK","UNIQUE","SCHEDULE_B_CHAPTER","1"
"SCREEN_TYPE","SCREEN_TYPE_FK_1_IX","NONUNIQUE","BASE_SCREEN_TYPE_ID","1"
"SCREEN_TYPE","SCREEN_TYPE_PK","UNIQUE","SCREEN_TYPE_ID","1"
"SCRIPT","SCRIPT_PK","UNIQUE","SCRIPT_ID","1"
"SCRIPTS","SCRIPTS_PK","UNIQUE","SCRIPT_ID","1"
"SCRIPTS","TM_SCRIPTS_IDX1","NONUNIQUE","TC_COMPANY_ID","1"
"SCRIPT_PAYLOAD","SCRIPT_PAYLOAD_PK","UNIQUE","SCRIPT_PAYLOAD_ID","1"
"SEASONAL","INDX_SEASONAL_WHSECODE","NONUNIQUE","WHSE_CODE","1"
"SEASONAL","PK_SEASONAL","UNIQUE","SEAS_ID","1"
"SEASONAL","UK_SEASONAL","UNIQUE","NAME","1"
"SEASONAL","UK_SEASONAL","UNIQUE","WHSE_CODE","2"
"SEASONAL_DETAIL","IDX_SEASONAL_DETAIL_SEAS_ID","NONUNIQUE","SEAS_ID","1"
"SEASONAL_DETAIL","INDX_SEASONAL_1","NONUNIQUE","SKU_ID","1"
"SEASONAL_DETAIL","INDX_SEASONAL_2","NONUNIQUE","CAT_ID","1"
"SEASONAL_DETAIL","INDX_SEASONAL_2","NONUNIQUE","CAT_CODE_ID","2"
"SEASONAL_DETAIL","PK_SEASONAL_DTL","UNIQUE","SEASONAL_DTL_ID","1"
"SEC_USER","PK_SEC_USER","UNIQUE","SEC_USER_ID","1"
"SERVER_MASTER","PK_SERVER_MASTER","UNIQUE","SERVER_ID","1"
"SERVICE_REPO","SERVICE_REPO_PK","UNIQUE","SERVICE_REPO_ID","1"
"SERVICE_REPO","SERVICE_REPO_UK","UNIQUE","ENDPOINT_ADDRESS","1"
"SERVICE_REPO","SERVICE_REPO_UK","UNIQUE","HTTP_METHOD","2"
"SESSION_AUDIT","SESSION_AUDIT_PK","UNIQUE","AUDIT_ID","1"
"SHELF","PK_SHELF","UNIQUE","SHELF_ID","1"
"SHELF_SLOT_XREF","IDX_SHELF_SLOT_XREF_SHELF_ID","NONUNIQUE","SHELF_ID","1"
"SHELF_SLOT_XREF","IDX_SHELF_SLOT_XREF_SKU_ID","NONUNIQUE","SKU_ID","1"
"SHELF_SLOT_XREF","IDX_SHELF_SLOT_XREF_SLOT_ID","NONUNIQUE","SLOT_ID","1"
"SHELF_SLOT_XREF","PK_SHELF_SLOT_XREF","UNIQUE","SHELF_SLOT_XREF_ID","1"
"SHIFT","SHIFT_PK","UNIQUE","SHIFT_ID","1"
"SHIPMENT","FK_SHIP_DSG_MOT_INDX","NONUNIQUE","DSG_MOT_ID","1"
"SHIPMENT","FK_SHIP_DSG_SERVICE_LEVEL_INDX","NONUNIQUE","DSG_SERVICE_LEVEL_ID","1"
"SHIPMENT","FK_SHIP_PROTECT_LEVEL_INDX","NONUNIQUE","PROTECTION_LEVEL_ID","1"
"SHIPMENT","FK_SHIP_REC_MOT_INDX","NONUNIQUE","REC_MOT_ID","1"
"SHIPMENT","FK_SHIP_TCCOMPID_DEI_INDX","NONUNIQUE","DSG_EQUIPMENT_ID","1"
"SHIPMENT","FK_SHIP_TCCOMPID_EQPCD_INDX","NONUNIQUE","FEASIBLE_EQUIPMENT2_ID","1"
"SHIPMENT","FK_SHIP_TCCOMPID_FEI_INDX","NONUNIQUE","FEASIBLE_EQUIPMENT_ID","1"
"SHIPMENT","FK_SHIP_TCCOMPID_REI_INDX","NONUNIQUE","REC_EQUIPMENT_ID","1"
"SHIPMENT","IDX_SHP_DFACID_COID","NONUNIQUE","SYS_NC00377$","1"
"SHIPMENT","IDX_SHP_DFACID_COID","NONUNIQUE","TC_COMPANY_ID","2"
"SHIPMENT","IDX_SHP_DFACID_COID","NONUNIQUE","SHIPMENT_STATUS","3"
"SHIPMENT","SHIPMENT_BOL_IDX1","NONUNIQUE","BILL_OF_LADING_NUMBER","1"
"SHIPMENT","SHIPMENT_BOL_IDX1","NONUNIQUE","TC_COMPANY_ID","2"
"SHIPMENT","SHIPMENT_CRI_IDX","NONUNIQUE","CONS_RUN_ID","1"
"SHIPMENT","SHIPMENT_CST_FK_INDX","NONUNIQUE","CREATED_SOURCE_TYPE","1"
"SHIPMENT","SHIPMENT_FAC_IDX","NONUNIQUE","O_FACILITY_ID","1"
"SHIPMENT","SHIPMENT_FAC_IDX","NONUNIQUE","D_FACILITY_ID","2"
"SHIPMENT","SHIPMENT_LUST_FK_INDX","NONUNIQUE","LAST_UPDATED_SOURCE_TYPE","1"
"SHIPMENT","SHIPMENT_MANIFESTID_IDX","NONUNIQUE","MANIFEST_ID","1"
"SHIPMENT","SHIPMENT_MPL_PE_IDX","NONUNIQUE","SHIPMENT_STATUS","1"
"SHIPMENT","SHIPMENT_MPL_PE_IDX","NONUNIQUE","ASSIGNED_SHIP_VIA","2"
"SHIPMENT","SHIPMENT_PK","UNIQUE","SHIPMENT_ID","1"
"SHIPMENT","SHIPMENT_ST_FK_INDX","NONUNIQUE","SHIPMENT_TYPE","1"
"SHIPMENT","SHIPMENT_TCIDED_IDX","NONUNIQUE","DELIVERY_END_DTTM","1"
"SHIPMENT","SHIPMENT_TCIDED_IDX","NONUNIQUE","TC_COMPANY_ID","2"
"SHIPMENT","SHIPMENT_TCIDSD_IDX","NONUNIQUE","DELIVERY_START_DTTM","1"
"SHIPMENT","SHIPMENT_TCIDSD_IDX","NONUNIQUE","TC_COMPANY_ID","2"
"SHIPMENT","SHIPMENT_TCITSI_U","UNIQUE","TC_COMPANY_ID","1"
"SHIPMENT","SHIPMENT_TCITSI_U","UNIQUE","TC_SHIPMENT_ID","2"
"SHIPMENT","SHIPMEN_OFAC_PICKUPSTART_IDX1","NONUNIQUE","O_FACILITY_NUMBER","1"
"SHIPMENT","SHIPMEN_OFAC_PICKUPSTART_IDX1","NONUNIQUE","PICKUP_START_DTTM","2"
"SHIPMENT","SHIPMEN_O_FAC_IDX1","NONUNIQUE","O_FACILITY_NUMBER","1"
"SHIPMENT","SHIP_DEL_END_IDX","NONUNIQUE","IS_CANCELLED","1"
"SHIPMENT","SHIP_DEL_END_IDX","NONUNIQUE","PP_SHIPMENT_ID","2"
"SHIPMENT","SHIP_DEL_END_IDX","NONUNIQUE","TC_COMPANY_ID","3"
"SHIPMENT","SHIP_DEL_END_IDX","NONUNIQUE","DELIVERY_END_DTTM","4"
"SHIPMENT","SHIP_DEL_END_IDX","NONUNIQUE","OUTBOUND_REGION_ID","5"
"SHIPMENT","SHIP_DEL_END_IDX","NONUNIQUE","INBOUND_REGION_ID","6"
"SHIPMENT","SHIP_DEL_END_IDX","NONUNIQUE","CREATION_TYPE","7"
"SHIPMENT","SHIP_DEL_END_IDX","NONUNIQUE","SHIPMENT_STATUS","8"
"SHIPMENT","SHIP_DEL_END_IDX","NONUNIQUE","TC_SHIPMENT_ID","9"
"SHIPMENT","SHIP_DEL_END_IDX","NONUNIQUE","SHIPMENT_ID","10"
"SHIPMENT","SHIP_DEL_END_IDX","NONUNIQUE","PICKUP_START_DTTM","11"
"SHIPMENT","SHIP_DEL_END_IDX","NONUNIQUE","PICKUP_END_DTTM","12"
"SHIPMENT","SHIP_DEL_END_IDX","NONUNIQUE","DELIVERY_START_DTTM","13"
"SHIPMENT","SHIP_LASTUPDT_IDX","NONUNIQUE","LAST_UPDATED_DTTM","1"
"SHIPMENT","SHIP_LASTUPDT_IDX","NONUNIQUE","TC_COMPANY_ID","2"
"SHIPMENT","SHIP_RLSTDEL_IDX","NONUNIQUE","RATING_LANE_ID","1"
"SHIPMENT","SHIP_RLSTDEL_IDX","NONUNIQUE","SHIPMENT_STATUS","2"
"SHIPMENT","SHIP_RLSTDEL_IDX","NONUNIQUE","DELIVERY_END_DTTM","3"
"SHIPMENT","SHPMNT_CRRNC_MV_FK_INDX","NONUNIQUE","MV_CURRENCY_CODE","1"
"SHIPMENT","SHPMNT_GRSOPRTN_FK_INDX","NONUNIQUE","GRS_OPERATION","1"
"SHIPMENT","SHPMNT_OCNRGST_FK_INDX","NONUNIQUE","OCEAN_ROUTING_STAGE","1"
"SHIPMENT","SHPMNT_PRRTTP_FK_INDX","NONUNIQUE","PRIORITY_TYPE","1"
"SHIPMENT","SHP_EXTSYS_IDX","NONUNIQUE","EXT_SYS_SHIPMENT_ID","1"
"SHIPMENT","SHP_EXTSYS_IDX","NONUNIQUE","TC_COMPANY_ID","2"
"SHIPMENT","SHP_PCKUPEND_IDX","NONUNIQUE","PICKUP_END_DTTM","1"
"SHIPMENT","SHP_PCKUPEND_IDX","NONUNIQUE","TC_COMPANY_ID","2"
"SHIPMENT","SHP_RGD_IDX","NONUNIQUE","TC_COMPANY_ID","1"
"SHIPMENT","SHP_RGD_IDX","NONUNIQUE","OUTBOUND_REGION_ID","2"
"SHIPMENT","SHP_RGD_IDX","NONUNIQUE","INBOUND_REGION_ID","3"
"SHIPMENT","SHP_RGD_IDX","NONUNIQUE","TC_SHIPMENT_ID","4"
"SHIPMENT","SHP_RGD_IDX","NONUNIQUE","PICKUP_START_DTTM","5"
"SHIPMENT","SHP_TCPSD_IDX","NONUNIQUE","PICKUP_START_DTTM","1"
"SHIPMENT","SHP_TCPSD_IDX","NONUNIQUE","D_POSTAL_CODE","2"
"SHIPMENT","SHP_TCPSD_IDX","NONUNIQUE","D_FACILITY_NUMBER","3"
"SHIPMENT","SHP_TCPSD_IDX","NONUNIQUE","TC_COMPANY_ID","4"
"SHIPMENT","TM_SHIPMENT_IDX1","NONUNIQUE","O_FACILITY_ID","1"
"SHIPMENT","TM_SHIPMENT_IDX1","NONUNIQUE","O_FACILITY_NUMBER","2"
"SHIPMENT","TM_SHIPMENT_IDX2","NONUNIQUE","TC_COMPANY_ID","1"
"SHIPMENT","TWCC_FIND_SHIPMENT_IDX","NONUNIQUE","SCHEDULED_PICKUP_DTTM","1"
"SHIPMENT","TWCC_FIND_SHIPMENT_IDX","NONUNIQUE","ASSIGNED_SHIP_VIA","2"
"SHIPMENT_ACCESSORIAL","PE_SHPACC_DTN_IX","NONUNIQUE","DETENTION_ID","1"
"SHIPMENT_ACCESSORIAL","SHP_ACCSSRL_PK","UNIQUE","SHIPMENT_ID","1"
"SHIPMENT_ACCESSORIAL","SHP_ACCSSRL_PK","UNIQUE","SHP_ACCESSORIAL_ID","2"
"SHIPMENT_ACCESSORIAL","SHP_ACCSSRL_PK","UNIQUE","RESOURCE_TYPE","3"
"SHIPMENT_ACCESSORIAL","SHP_ACCSSRL_PK","UNIQUE","IS_BUDGETED","4"
"SHIPMENT_ACCESSORIAL","TM_SHIPMENT_ACCE_IDX1","NONUNIQUE","SHIPMENT_ID","1"
"SHIPMENT_ACCESSORIAL_TEMPLATE","SHIPMENT_ACCESS_TMP_RT_FK_1_IX","NONUNIQUE","RESOURCE_TYPE","1"
"SHIPMENT_ACCESSORIAL_TEMPLATE","SHP_ACCSSRLT_PK","UNIQUE","SHIPMENT_ID","1"
"SHIPMENT_ACCESSORIAL_TEMPLATE","SHP_ACCSSRLT_PK","UNIQUE","SHP_ACCESSORIAL_ID","2"
"SHIPMENT_ACCESSORIAL_TEMPLATE","SHP_ACCSSRLT_PK","UNIQUE","RESOURCE_TYPE","3"
"SHIPMENT_ACCESSORIAL_TEMPLATE","SHP_ACCSSRLT_PK","UNIQUE","IS_BUDGETED","4"
"SHIPMENT_ATTRIBUTE","SHP_ATTRIBUTE_PK","UNIQUE","SHIPMENT_ID","1"
"SHIPMENT_ATTRIBUTE","SHP_ATTRIBUTE_PK","UNIQUE","ATTRIBUTE_NAME","2"
"SHIPMENT_ATTRIBUTE","SHP_ATTRIBUTE_PK","UNIQUE","ATTRIBUTE_SEQ","3"
"SHIPMENT_ATTRIBUTE_TEMPLATE","SHP_ATTRIBUTET_PK","UNIQUE","SHIPMENT_ID","1"
"SHIPMENT_ATTRIBUTE_TEMPLATE","SHP_ATTRIBUTET_PK","UNIQUE","ATTRIBUTE_NAME","2"
"SHIPMENT_ATTRIBUTE_TEMPLATE","SHP_ATTRIBUTET_PK","UNIQUE","ATTRIBUTE_SEQ","3"
"SHIPMENT_CHG_RULE","SHPCHGRUL_COMP_IDX","NONUNIQUE","TC_COMPANY_ID","1"
"SHIPMENT_CHG_RULE","SHPCHGRUL_COMP_IDX","NONUNIQUE","CRITICAL_CHG_FIELD","2"
"SHIPMENT_CHG_RULE","SHPMENT_CHG_RULE_TCISU_FK_INDX","NONUNIQUE","SIZE_UOM_ID","1"
"SHIPMENT_CHG_RULE","SHP_CRULE_PK","UNIQUE","SHIPMENT_CHG_ID","1"
"SHIPMENT_CHG_RULE_DTL","SHP_CDTL_PK","UNIQUE","SHIPMENT_CHG_ID","1"
"SHIPMENT_CHG_RULE_DTL","SHP_CDTL_PK","UNIQUE","SHIPMENT_CHG_DTL_ID","2"
"SHIPMENT_CHG_RULE_DTL","TM_SHIPMENT_CHG__IDX1","NONUNIQUE","SHIPMENT_CHG_ID","1"
"SHIPMENT_COMMODITY","SHIPMENT_COMMODITY_CC_FK_1_IX","NONUNIQUE","COMMODITY_CLASS","1"
"SHIPMENT_COMMODITY","SHIPMENT_COMM_IDX","NONUNIQUE","SHIPMENT_ID","1"
"SHIPMENT_COMMODITY","SHIPMENT_COMM_IDX","NONUNIQUE","SIZE_UOM_ID","2"
"SHIPMENT_COMMODITY","SHIPMENT_COMM_IDX","NONUNIQUE","SIZE_VALUE","3"
"SHIPMENT_COMMODITY","SHIPMENT_COMM_IDX2","NONUNIQUE","TC_COMPANY_ID","1"
"SHIPMENT_COMMODITY","SHIPMENT_COMM_IDX2","NONUNIQUE","SIZE_UOM_ID","2"
"SHIPMENT_COMMODITY","SHP_CMD_IDX","NONUNIQUE","SHIPMENT_ID","1"
"SHIPMENT_COMMODITY","SHP_CMD_IDX","NONUNIQUE","TC_COMPANY_ID","2"
"SHIPMENT_COMMODITY","SHP_CMD_IDX","NONUNIQUE","REPORTED_SIZE_VALUE","3"
"SHIPMENT_COMMODITY","SHP_CMD_IDX","NONUNIQUE","SIZE_UOM_ID","4"
"SHIPMENT_COMMODITY","SHP_CMD_IDX","NONUNIQUE","COMMODITY_CLASS","5"
"SHIPMENT_COMMODITY","SHP_COMMODITY_PK","UNIQUE","SHIPMENT_ID","1"
"SHIPMENT_COMMODITY","SHP_COMMODITY_PK","UNIQUE","COMMODITY_CLASS","2"
"SHIPMENT_COMMODITY","SHP_COMMODITY_PK","UNIQUE","SIZE_UOM_ID","3"
"SHIPMENT_COMMODITY","TM_SHIPMENT_COMM_IDX1","NONUNIQUE","SHIPMENT_ID","1"
"SHIPMENT_COMMODITY","TM_SHIPMENT_COMM_IDX2","NONUNIQUE","SIZE_UOM_ID","1"
"SHIPMENT_COMMODITY_TEMPLATE","SHP_COMMODITYT_PK","UNIQUE","SHIPMENT_ID","1"
"SHIPMENT_COMMODITY_TEMPLATE","SHP_COMMODITYT_PK","UNIQUE","COMMODITY_CLASS","2"
"SHIPMENT_COMMODITY_TEMPLATE","SHP_COMMODITYT_PK","UNIQUE","SIZE_UOM_ID","3"
"SHIPMENT_EVENT","SHIPMENT_EVENT_PK","UNIQUE","SHIPMENT_EVENT_ID","1"
"SHIPMENT_EVENT","SHIPMENT_EVENT_PK","UNIQUE","SHIPMENT_ID","2"
"SHIPMENT_EVENT","SHIPMENT_EVENT_UPP_FN_INDX","NONUNIQUE","SYS_NC00010$","1"
"SHIPMENT_EVENT","SHIP_EVNT_NVAL_IDX","NONUNIQUE","SHIPMENT_ID","1"
"SHIPMENT_EVENT","SHIP_EVNT_NVAL_IDX","NONUNIQUE","NEW_VALUE","2"
"SHIPMENT_EVENT","TM_SHIPMENT_EVEN_IDX1","NONUNIQUE","SHIPMENT_ID","1"
"SHIPMENT_EXTN_TLM","SHIPMENT_EXTN_TLM_FK1_1_IX","NONUNIQUE","MOVEMENT_TYPE","1"
"SHIPMENT_EXTN_TLM","SHP_EXTTLM_PK","UNIQUE","SHIPMENT_ID","1"
"SHIPMENT_EXTN_TLM","SHP_EXTTLM_PK","UNIQUE","IS_TEMPLATE","2"
"SHIPMENT_NOTE","SHIPMENT_NOTE_PK","UNIQUE","SHIPMENT_ID","1"
"SHIPMENT_NOTE","SHIPMENT_NOTE_PK","UNIQUE","NOTE_SEQ","2"
"SHIPMENT_NOTE","SHIPMEN_STOP_IDX1","NONUNIQUE","STOP_SEQ","1"
"SHIPMENT_NOTE","TM_SHIPMENT_NOTE_IDX1","NONUNIQUE","SHIPMENT_ID","1"
"SHIPMENT_NOTE","TM_SHIPMENT_NOTE_IDX2","NONUNIQUE","SHIPMENT_ID","1"
"SHIPMENT_NOTE","TM_SHIPMENT_NOTE_IDX2","NONUNIQUE","STOP_SEQ","2"
"SHIPMENT_NOTE_TEMPLATE","SHIPMENT_NOTET_PK","UNIQUE","SHIPMENT_ID","1"
"SHIPMENT_NOTE_TEMPLATE","SHIPMENT_NOTET_PK","UNIQUE","NOTE_SEQ","2"
"SHIPMENT_ORIGIN_TYPE","SHIPMENT_ORIGIN_PK","UNIQUE","ORIGIN_TYPE","1"
"SHIPMENT_SCHED_ACTION","SHIPSCHEDACT_PK","UNIQUE","SHIPMENT_ID","1"
"SHIPMENT_SCHED_ACTION","SHIPSCHEDACT_PK","UNIQUE","SCHED_EVENT_ID","2"
"SHIPMENT_SCHED_ACTION","TM_SHIPMENT_SCHE_IDX1","NONUNIQUE","SHIPMENT_ID","1"
"SHIPMENT_SEAL_NUMBER","SHP_SEAL_NUMBER","UNIQUE","SHIPMENT_ID","1"
"SHIPMENT_SEAL_NUMBER","SHP_SEAL_NUMBER","UNIQUE","SEAL_NUMBER_ID","2"
"SHIPMENT_SEAL_NUMBER","TM_SHIPMENT_SEAL_IDX1","NONUNIQUE","SHIPMENT_ID","1"
"SHIPMENT_SIZE","SHIPMENT_SIZE_PK","UNIQUE","SHIPMENT_ID","1"
"SHIPMENT_SIZE","SHIPMENT_SIZE_PK","UNIQUE","SIZE_UOM_ID","2"
"SHIPMENT_SIZE","TM_SHIPMENT_SIZE_IDX1","NONUNIQUE","SHIPMENT_ID","1"
"SHIPMENT_SIZE","TM_SHIPMENT_SIZE_IDX2","NONUNIQUE","SIZE_UOM_ID","1"
"SHIPMENT_SIZE_OVERRIDE","SHP_SIZE_OVRD_PK","UNIQUE","SHIPMENT_ID","1"
"SHIPMENT_SIZE_OVERRIDE","SHP_SIZE_OVRD_PK","UNIQUE","TC_COMPANY_ID","2"
"SHIPMENT_SIZE_OVERRIDE","SHP_SIZE_OVRD_PK","UNIQUE","SIZE_UOM_ID","3"
"SHIPMENT_SIZE_OVERRIDE","TM_SHIPMENT_SZOV_IDX1","NONUNIQUE","SHIPMENT_ID","1"
"SHIPMENT_SIZE_OVERRIDE","TM_SHIPMENT_SZOV_IDX2","NONUNIQUE","SIZE_UOM_ID","1"
"SHIPMENT_SIZE_TEMPLATE","SHIPMENT_SIZET_PK","UNIQUE","SHIPMENT_ID","1"
"SHIPMENT_SIZE_TEMPLATE","SHIPMENT_SIZET_PK","UNIQUE","SIZE_UOM_ID","2"
"SHIPMENT_STATUS","SHIPMENT_STATUS_PK","UNIQUE","SHIPMENT_STATUS","1"
"SHIPMENT_TEMPLATE","FK_SHIPTEMP_BOOKING_1_IX","NONUNIQUE","BOOKING_ID","1"
"SHIPMENT_TEMPLATE","MOVE_TYPE_FK_1_IX","NONUNIQUE","MOVE_TYPE","1"
"SHIPMENT_TEMPLATE","SHIPMENTT_PK","UNIQUE","SHIPMENT_ID","1"
"SHIPMENT_TEMPLATE","SHIPMENT_TCIT_U","UNIQUE","TC_COMPANY_ID","1"
"SHIPMENT_TEMPLATE","SHIPMENT_TCIT_U","UNIQUE","TC_SHIPMENT_ID","2"
"SHIPMENT_TRACKING","SHPTRK_SHP_IDX","NONUNIQUE","SHIPMENT_ID","1"
"SHIPMENT_TRACKING","SHP_TRACK_PK","UNIQUE","SHIPMENT_TRACKING_ID","1"
"SHIPMENT_TYPE","SHIPMENT_TYPE_PK","UNIQUE","SHIPMENT_TYPE","1"
"SHIPMENT_WMS_STATUS","SHP_WMS_STATUS_PK","UNIQUE","STATUS_CODE","1"
"SHIPPING_ACTION","SHIPP_ACT_PK","UNIQUE","SHIPPING_ACTION","1"
"SHIP_PLAN_HDR","PK_SHIP_PLAN","UNIQUE","SHIP_PLAN_HDR_ID","1"
"SHIP_PLAN_HDR","UK_SHIP_PLAN","UNIQUE","INPT_FILE_NAME","1"
"SHIP_PLAN_HDR","UK_SHIP_PLAN","UNIQUE","SEQ_NBR","2"
"SHIP_VIA_CROSS_REF","SHP_VIA_CRS_REF_PK","UNIQUE","SHIP_VIA_CROSS_REF_ID","1"
"SHIP_VIA_CROSS_REF","SVI_CRS_DCLVCUR_FK","NONUNIQUE","DECLARED_VALUE_CURRENCY","1"
"SHIP_VIA_CROSS_REF","SVI_CRS_REF_SVI_FK","NONUNIQUE","SHIP_VIA_ID","1"
"SHIP_WAVE_PARM","PK_SHIP_WAVE_PARM","UNIQUE","SHIP_WAVE_PARM_ID","1"
"SHIP_WAVE_PARM","SHIPWAVEPARM_PICKWAVENBR_IDX","NONUNIQUE","PICK_WAVE_NBR","1"
"SHIP_WAVE_PARM","SHIPWAVEPARM_PNHPARMID_IDX","NONUNIQUE","PNH_PARM_ID","1"
"SHIP_WAVE_PARM","SHIPWAVEPARM_SHIPWAVENBR_IDX","NONUNIQUE","SHIP_WAVE_NBR","1"
"SHIP_WAVE_PARM","SHIPWAVEPARM_WAVEPARMID_IDX","NONUNIQUE","WAVE_PARM_ID","1"
"SHP_STOP_ATTRIBUTE","SHP_STOP_ATTR_PK","UNIQUE","SHIPMENT_ID","1"
"SHP_STOP_ATTRIBUTE","SHP_STOP_ATTR_PK","UNIQUE","STOP_SEQ","2"
"SHP_STOP_ATTRIBUTE","SHP_STOP_ATTR_PK","UNIQUE","ATTRIBUTE_NAME","3"
"SINGLE_SIGNON","PK_SINGLE_SIGNON","UNIQUE","SINGLE_SIGNON_ID","1"
"SINGLE_SIGNON","UK_SINGLE_SIGNON","UNIQUE","CONSOLE_PKMS_APPL_ID","1"
"SITC_CHAPTER","SITC_CHAPTER_PK","UNIQUE","SITC_CHAPTER","1"
"SITC_CODE","SITC_CODE_CHAPTER_FK_1_IX","NONUNIQUE","SITC_CHAPTER","1"
"SITC_CODE","SITC_CODE_PK","UNIQUE","SITC_CODE_ID","1"
"SIZE_CONVERSIONS","SZCONVERSION_PK","UNIQUE","SIZE_UOM_ID","1"
"SIZE_CONVERSIONS","SZCONVERSION_PK","UNIQUE","TO_SIZE_UOM_ID","2"
"SIZE_CONVERSIONS","SZCONV_SZUOM_FK2_1_IX","NONUNIQUE","TO_SIZE_UOM_ID","1"
"SIZE_DESC","PK_SIZE_DESC","UNIQUE","SIZE_DESC_ID","1"
"SIZE_DESC","TM_SIZE_DESC_IDX1","NONUNIQUE","TC_COMPANY_ID","1"
"SIZE_DESC","UK_SIZE_DESC","UNIQUE","SIZE_RANGE_CODE","1"
"SIZE_DESC","UK_SIZE_DESC","UNIQUE","SIZE_REL_POSN_IN_TABLE","2"
"SIZE_DESC","UK_SIZE_DESC","UNIQUE","TC_COMPANY_ID","3"
"SKU_LOCATION","SKULOC_FAC_FK_3_1_IX","NONUNIQUE","DESTINATION_FACILITY_ID","1"
"SKU_LOCATION","SKULOC_ID_DST","NONUNIQUE","SKU_ID","1"
"SKU_LOCATION","SKULOC_ID_DST","NONUNIQUE","DESTINATION_FACILITY_ID","2"
"SKU_LOCATION","SKU_LOCID_PK","UNIQUE","SKU_LOCATION_ID","1"
"SKU_LOCATION","TM_SKU_LOCATION_IDX1","NONUNIQUE","SKU_ID","1"
"SKU_LOCATION","TM_SKU_LOCATION_IDX2","NONUNIQUE","TC_COMPANY_ID","1"
"SKU_SUMM_TRAN","PK_SKU_SUMM_TRAN","UNIQUE","SKU_SUMM_TRAN_ID","1"
"SKU_SUMM_TRAN","UK_SKU_SUMM_TRAN","UNIQUE","WHSE","1"
"SKU_SUMM_TRAN","UK_SKU_SUMM_TRAN","UNIQUE","REC_TYPE","2"
"SKU_SUMM_TRAN","UK_SKU_SUMM_TRAN","UNIQUE","SKU_ID","3"
"SKU_SUMM_TRAN","UK_SKU_SUMM_TRAN","UNIQUE","PERD","4"
"SKU_SUMM_TRAN","UK_SKU_SUMM_TRAN","UNIQUE","TRAN_TYPE","5"
"SKU_SUMM_TRAN","UK_SKU_SUMM_TRAN","UNIQUE","TRAN_CODE","6"
"SKU_SUMM_TRAN","UK_SKU_SUMM_TRAN","UNIQUE","RSN_CODE","7"
"SLOT_ITEM","IDX_SLOT_ITEM_CURRENT_BIN","NONUNIQUE","CURRENT_BIN","1"
"SLOT_ITEM","IDX_SLOT_ITEM_CURRENT_PALLET","NONUNIQUE","CURRENT_PALLET","1"
"SLOT_ITEM","INDX_SLOT_ITEM_1","NONUNIQUE","SLOT_ID","1"
"SLOT_ITEM","INDX_SLOT_ITEM_2","NONUNIQUE","SKU_ID","1"
"SLOT_ITEM","INDX_SLOT_ITEM_3","NONUNIQUE","SESSION_ID","1"
"SLOT_ITEM","PK_SLOT_ITEM","UNIQUE","SLOTITEM_ID","1"
"SLOT_ITEM_SCORE","PK_SLOT_ITEM_SCORE","UNIQUE","SLOT_ITEM_SCORE_ID","1"
"SLOT_ITEM_SCORE","SLOT_ITEM_SCORE_INDX1","NONUNIQUE","SLOTITEM_ID","1"
"SLOT_ITEM_SCORE","UK_SLOT_ITEM_SCORE","UNIQUE","SLOTITEM_ID","1"
"SLOT_ITEM_SCORE","UK_SLOT_ITEM_SCORE","UNIQUE","CNSTR_ID","2"
"SLOT_LIST_TREE","IDX_SLOT_LIST_TREE_WHSE_CODE","NONUNIQUE","WHSE_CODE","1"
"SLOT_LIST_TREE","INDX_SLOT_LIST_TREE_1","NONUNIQUE","CNSTR_ID","1"
"SLOT_LIST_TREE","PK_SLOT_LIST_TREE","UNIQUE","TREE_ID","1"
"SLOT_RECOMMENDATION_CRITERIA","SLOT_RECM_CRIT_PK","UNIQUE","SLOT_ID","1"
"SLOT_STG","SLOT_STG_IND_1","NONUNIQUE","DSP_SLOT","1"
"SLOT_STG","SLOT_STG_PK","UNIQUE","SLOT_STG_ID","1"
"SLOT_TOTAL_CAP_USAGE_DETAIL","SLOT_TOTAL_CAP_USAGE_DETAIL_PK","UNIQUE","SLOT_ID","1"
"SLOT_TOTAL_CAP_USAGE_DETAIL","SLOT_TOTAL_CAP_USAGE_DETAIL_PK","UNIQUE","SCHEDULE_DAY","2"
"SLOT_TOTAL_CAP_USAGE_DETAIL","SLOT_TOTAL_CAP_USAGE_DETAIL_PK","UNIQUE","CAP_GROUP_MEMBER","3"
"SLOT_TOTAL_CAP_USAGE_DETAIL","SLOT_TOTAL_CAP_USAGE_DETAIL_PK","UNIQUE","OBJECT_ID","4"
"SLOT_UNUSED","IDX_SLOT_UNUSED_LEFT_SLOT","NONUNIQUE","LEFT_SLOT","1"
"SLOT_UNUSED","IDX_SLOT_UNUSED_RACK_LEVEL_ID","NONUNIQUE","RACK_LEVEL_ID","1"
"SLOT_UNUSED","IDX_SLOT_UNUSED_RACK_TYPE","NONUNIQUE","RACK_TYPE","1"
"SLOT_UNUSED","IDX_SLOT_UNUSED_RIGHT_SLOT","NONUNIQUE","RIGHT_SLOT","1"
"SLOT_UNUSED","INDX_SLOT_1","NONUNIQUE","AISLE","1"
"SLOT_UNUSED","INDX_SLOT_10","NONUNIQUE","MY_SNS","1"
"SLOT_UNUSED","INDX_SLOT_10","NONUNIQUE","AREA","2"
"SLOT_UNUSED","INDX_SLOT_10","NONUNIQUE","ZONE","3"
"SLOT_UNUSED","INDX_SLOT_10","NONUNIQUE","AISLE","4"
"SLOT_UNUSED","INDX_SLOT_10","NONUNIQUE","BAY","5"
"SLOT_UNUSED","INDX_SLOT_10","NONUNIQUE","LVL","6"
"SLOT_UNUSED","INDX_SLOT_10","NONUNIQUE","POSN","7"
"SLOT_UNUSED","INDX_SLOT_2","NONUNIQUE","AREA","1"
"SLOT_UNUSED","INDX_SLOT_3","NONUNIQUE","BAY","1"
"SLOT_UNUSED","INDX_SLOT_4","NONUNIQUE","DSP_SLOT","1"
"SLOT_UNUSED","INDX_SLOT_6","NONUNIQUE","LVL","1"
"SLOT_UNUSED","INDX_SLOT_7","NONUNIQUE","POSN","1"
"SLOT_UNUSED","INDX_SLOT_8","NONUNIQUE","MY_RANGE","1"
"SLOT_UNUSED","INDX_SLOT_9","NONUNIQUE","ZONE","1"
"SLOT_UNUSED","UK_SLOT","UNIQUE","DSP_SLOT","1"
"SLOT_UNUSED","UK_SLOT","UNIQUE","WHSE_CODE","2"
"SLOT_UNUSED","UK_SLOT_1","UNIQUE","AREA","1"
"SLOT_UNUSED","UK_SLOT_1","UNIQUE","ZONE","2"
"SLOT_UNUSED","UK_SLOT_1","UNIQUE","AISLE","3"
"SLOT_UNUSED","UK_SLOT_1","UNIQUE","BAY","4"
"SLOT_UNUSED","UK_SLOT_1","UNIQUE","LVL","5"
"SLOT_UNUSED","UK_SLOT_1","UNIQUE","POSN","6"
"SLOT_UNUSED","UK_SLOT_1","UNIQUE","WHSE_CODE","7"
"SLOT_USAGE_DETAIL","SLOT_USAGE_DETAIL_PK","UNIQUE","SLOT_ID","1"
"SLOT_USAGE_DETAIL","SLOT_USAGE_DETAIL_PK","UNIQUE","SLOT_START_TIME","2"
"SLOT_USAGE_DETAIL","SLOT_USAGE_DETAIL_PK","UNIQUE","SLOT_END_TIME","3"
"SL_FAILURE_REASONS","IDX_SL_FLURE_RSONS_SLOTITM_ID","NONUNIQUE","SLOTITEM_ID","1"
"SMARTLABEL_ARN_EVENT_DTL","PK_SMARTLABEL_ARN_EVENT_DTL","UNIQUE","SMARTLABEL_ARN_EVENT_DTL_ID","1"
"SMARTLABEL_ARN_EVENT_DTL","TM_SMRTLABL_ARN_EVENT_DTL_IDX1","NONUNIQUE","SMARTLABEL_ARN_EVENT_HDR_ID","1"
"SMARTLABEL_ARN_EVENT_DTL","TM_SMRTLABL_ARN_EVENT_DTL_IDX2","NONUNIQUE","SMARTLABEL_ARN_EVENT_ID","1"
"SMARTLABEL_ARN_EVENT_DTL","UK_SMARTLABEL_ARN_EVENT_DTL","UNIQUE","SMARTLABEL_ARN_EVENT_ID","1"
"SMARTLABEL_ARN_EVENT_DTL","UK_SMARTLABEL_ARN_EVENT_DTL","UNIQUE","ARN_EVENT_SEQ_NBR","2"
"SMARTLABEL_ARN_EVENT_HDR","PE_SMARTLABEL_BRCD_IDX1","NONUNIQUE","SMARTLABEL_BRCD","1"
"SMARTLABEL_ARN_EVENT_HDR","PE_SMARTLABEL_BRCD_IDX1","NONUNIQUE","USPS_BRCD","2"
"SMARTLABEL_ARN_EVENT_HDR","PK_SMARTLABEL_ARN_EVENT_HDR","UNIQUE","SMARTLABEL_ARN_EVENT_HDR_ID","1"
"SMARTLABEL_ARN_EVENT_HDR","SMARTLBLARNHDR_CDMASID_IDX","NONUNIQUE","CD_MASTER_ID","1"
"SMARTLABEL_ARN_EVENT_HDR","UK_SMARTLABEL_ARN_EVENT_HDR","UNIQUE","SMARTLABEL_ARN_EVENT_ID","1"
"SMARTLABEL_BMC_DATA","PK_SMARTLABEL_BMC_DATA","UNIQUE","SMARTLABEL_BMC_DATA_ID","1"
"SMARTLABEL_BMC_DATA","UK_SMARTLABEL_BMC_DATA","UNIQUE","SMARTLABEL_DEST_KEY","1"
"SMARTLABEL_CARTON_HDR_HIST","PE_CRT_NBR_BRCD_IDX1","NONUNIQUE","CARTON_NBR","1"
"SMARTLABEL_CARTON_HDR_HIST","PE_CRT_NBR_BRCD_IDX1","NONUNIQUE","SMARTLABEL_BRCD","2"
"SMARTLABEL_CARTON_HDR_HIST","PE_SMRTLBL_PKT_CNTRL_NBR_IDX2","NONUNIQUE","PKT_CTRL_NBR","1"
"SMARTLABEL_CARTON_HDR_HIST","PK_SMARTLABEL_CARTON_HDR_HIST","UNIQUE","SMARTLABEL_CARTON_HDR_HIST_ID","1"
"SMARTLABEL_CARTON_HDR_HIST","SMARTLBLCHIST_CDMASID_IDX","NONUNIQUE","CD_MASTER_ID","1"
"SMARTLABEL_CLASS_OF_SERVICE","PK_SMARTLABEL_CLASS_OF_SERVICE","UNIQUE","SMARTLABEL_CLASS_OF_SERVICE_ID","1"
"SMARTLABEL_CLASS_OF_SERVICE","UK_SMARTLABEL_CLASS_OF_SERVICE","UNIQUE","CLASS_OF_SERVICE_KEY","1"
"SMARTLABEL_FEE","PK_SMARTLABEL_FEE","UNIQUE","SMARTLABEL_FEE_ID","1"
"SMARTLABEL_FEE","SMARTLABELFEE_CDMASID_IDX","NONUNIQUE","CD_MASTER_ID","1"
"SMARTLABEL_PARM_DTL","PK_SMARTLABEL_PARM_DTL","UNIQUE","SMARTLABEL_PARM_DTL_ID","1"
"SMARTLABEL_PARM_DTL","TM_SMARTLABEL_PARM_DTL_IDX1","NONUNIQUE","SMARTLABEL_PARM_HDR_ID","1"
"SMARTLABEL_PARM_DTL","TM_SMARTLABEL_PARM_DTL_IDX2","NONUNIQUE","SMARTLABEL_PARM_ID","1"
"SMARTLABEL_PARM_DTL","UK_SMARTLABEL_PARM_DTL","UNIQUE","SMARTLABEL_PARM_ID","1"
"SMARTLABEL_PARM_DTL","UK_SMARTLABEL_PARM_DTL","UNIQUE","PARM_SEQ_NBR","2"
"SMARTLABEL_PARM_HDR","PK_SMARTLABEL_PARM_HDR","UNIQUE","SMARTLABEL_PARM_HDR_ID","1"
"SMARTLABEL_PARM_HDR","SMARTLBLPARMHDR_CDMASID_IDX","NONUNIQUE","CD_MASTER_ID","1"
"SMARTLABEL_PARM_HDR","UK_SMARTLABEL_PARM_HDR","UNIQUE","SMARTLABEL_PARM_ID","1"
"SMARTLABEL_RULE_MAP","PK_SMARTLABEL_RULE_MAP","UNIQUE","SMARTLABEL_RULE_MAP_ID","1"
"SMARTLABEL_SKU_HIST","PK_SMARTLABEL_SKU_HIST","UNIQUE","SMARTLABEL_SKU_HIST_ID","1"
"SMARTLABEL_SKU_HIST","SMARTLBLSKUHIST_CDMASID_IDX","NONUNIQUE","CD_MASTER_ID","1"
"SMARTLABEL_ZIP_DATA","PK_SMARTLABEL_ZIP_DATA","UNIQUE","SMARTLABEL_ZIP_DATA_ID","1"
"SM_CONFIG","SM_CONFIG_INDX","NONUNIQUE","SM_RUN_ID","1"
"SM_CONSTRAINTS","SM_CONSTRAINTS_INDX1","NONUNIQUE","SM_RUN_ID","1"
"SM_DTL_COST","PK_SM_DTL_COST","UNIQUE","SM_DTL_COST_ID","1"
"SM_DTL_COST","SM_DTL_COST_INDX1","NONUNIQUE","SM_RUN_ID","1"
"SM_DTL_SCORE","PK_SM_DTL_SCORE","UNIQUE","SM_DTL_SCORE_ID","1"
"SM_DTL_SCORE","SM_DTL_SCORE_INDX1","NONUNIQUE","SM_RUN_ID","1"
"SM_HDR","PK_SM_HDR","UNIQUE","SM_RUN_ID","1"
"SM_MOVE_LIST_HDR","SM_MOVE_LIST_HDR_INDX1","NONUNIQUE","SM_RUN_ID","1"
"SM_RESULT","FK_SM_RUN_ID_IDX","NONUNIQUE","SM_RUN_ID","1"
"SM_RESULT","PK_SM_RESULT","UNIQUE","SM_RESULT_ID","1"
"SNS_DTL","INDX_SNS_DTL_1","NONUNIQUE","SNS_ID","1"
"SNS_DTL","PK_SNS_DTL","UNIQUE","SNS_DTL_ID","1"
"SNS_MIGR","PK_SNS","UNIQUE","SNS_ID","1"
"SNS_MIGR","UK_SNS","UNIQUE","NAME","1"
"SNS_MIGR","UK_SNS","UNIQUE","WHSE_CODE","2"
"SOA_BUCKET_ALIAS","PK_SOA_BUCKET_ALIAS","UNIQUE","ID","1"
"SOA_FILTER","IX_SOA_FILTER","UNIQUE","NAME","1"
"SOA_FILTER","PK_SOA_FILTER","UNIQUE","ID","1"
"SOA_FILTER","TM_SOA_FILTER_IDX1","NONUNIQUE","PROXYID","1"
"SOA_FILTERMODULE_ALIAS_XREF","PK_SOA_FILTERMODULE_ALIAS_XREF","UNIQUE","FILTERID","1"
"SOA_FILTERMODULE_ALIAS_XREF","PK_SOA_FILTERMODULE_ALIAS_XREF","UNIQUE","MODULEID","2"
"SOA_FILTERMODULE_ALIAS_XREF","PK_SOA_FILTERMODULE_ALIAS_XREF","UNIQUE","SEQUENCEINDEX","3"
"SOA_FILTERMODULE_ALIAS_XREF","PK_SOA_FILTERMODULE_ALIAS_XREF","UNIQUE","ALIASID","4"
"SOA_FILTERMODULE_ALIAS_XREF","TM_SOA_FILTERMOD_ALS_XREF_IDX1","NONUNIQUE","ALIASID","1"
"SOA_FILTERMODULE_ALIAS_XREF","TM_SOA_FILTERMOD_ALS_XREF_IDX2","NONUNIQUE","FILTERID","1"
"SOA_FILTERMODULE_ALIAS_XREF","TM_SOA_FILTERMOD_ALS_XREF_IDX2","NONUNIQUE","MODULEID","2"
"SOA_FILTERMODULE_ALIAS_XREF","TM_SOA_FILTERMOD_ALS_XREF_IDX2","NONUNIQUE","SEQUENCEINDEX","3"
"SOA_FILTER_CATEGORY","PK_SOA_FILTER_CATEGORY","UNIQUE","ID","1"
"SOA_FILTER_CATEGORY_XREF","PK_SOA_FILTER_CATEGORY_XREF","UNIQUE","FILTERCATEGORYID","1"
"SOA_FILTER_CATEGORY_XREF","PK_SOA_FILTER_CATEGORY_XREF","UNIQUE","FILTERID","2"
"SOA_FILTER_CATEGORY_XREF","TM_SOA_FILTER_CATRY_XREF_IDX1","NONUNIQUE","FILTERCATEGORYID","1"
"SOA_FILTER_CATEGORY_XREF","TM_SOA_FILTER_CATRY_XREF_IDX2","NONUNIQUE","FILTERID","1"
"SOA_FILTER_MODULE_XREF","IX_SOA_FILTER_MODULE_XREF","UNIQUE","FILTERID","1"
"SOA_FILTER_MODULE_XREF","IX_SOA_FILTER_MODULE_XREF","UNIQUE","SEQUENCEINDEX","2"
"SOA_FILTER_MODULE_XREF","PK_SOA_FILTER_MODULE_XREF","UNIQUE","FILTERID","1"
"SOA_FILTER_MODULE_XREF","PK_SOA_FILTER_MODULE_XREF","UNIQUE","MODULEID","2"
"SOA_FILTER_MODULE_XREF","PK_SOA_FILTER_MODULE_XREF","UNIQUE","SEQUENCEINDEX","3"
"SOA_FILTER_MODULE_XREF","TM_SOA_FILTER_MODULE_XREF_IDX1","NONUNIQUE","FILTERID","1"
"SOA_FILTER_MODULE_XREF","TM_SOA_FILTER_MODULE_XREF_IDX2","NONUNIQUE","MODULEID","1"
"SOA_HTTPHEADER","PK_SOA_HTTPHEADER","UNIQUE","ID","1"
"SOA_HTTPHEADERGROUP","IX_SOA_HTTPHEADERGROUP","UNIQUE","NAME","1"
"SOA_HTTPHEADERGROUP","PK_SOA_HTTPHEADERGROUP","UNIQUE","ID","1"
"SOA_HTTPHEADERGROUP_XREF","PK_SOA_HTTPHEADERGROUP_XREF","UNIQUE","HEADERGROUPID","1"
"SOA_HTTPHEADERGROUP_XREF","PK_SOA_HTTPHEADERGROUP_XREF","UNIQUE","HEADERID","2"
"SOA_HTTPHEADERGROUP_XREF","TM_SOA_HTTPHEADERGRP_XREF_IDX1","NONUNIQUE","HEADERGROUPID","1"
"SOA_HTTPHEADERGROUP_XREF","TM_SOA_HTTPHEADERGRP_XREF_IDX2","NONUNIQUE","HEADERID","1"
"SOA_JYTHONVARIABLE","PK_SOA_JYTHONVARIABLE","UNIQUE","ID","1"
"SOA_JYTHON_VARIABLE_XREF","PK_SOA_JYTHONVAR_XREF","UNIQUE","JYTHONID","1"
"SOA_JYTHON_VARIABLE_XREF","PK_SOA_JYTHONVAR_XREF","UNIQUE","JYTHONVARIABLEID","2"
"SOA_JYTHON_VARIABLE_XREF","TM_SOA_JYTHON_VARBLE_XREF_IDX1","NONUNIQUE","JYTHONID","1"
"SOA_JYTHON_VARIABLE_XREF","TM_SOA_JYTHON_VARBLE_XREF_IDX2","NONUNIQUE","JYTHONVARIABLEID","1"
"SOA_LISTENER","IX_SOA_LISTENER","UNIQUE","NAME","1"
"SOA_LISTENER","PK_SOA_LISTENER","UNIQUE","ID","1"
"SOA_LISTENER_ALLOWDENY","PK_SOA_LISTENER_ALLOWDENY","UNIQUE","ID","1"
"SOA_LISTENER_ALLOWDENY","TM_SOA_LISTENER_ALLOWDENY_IDX1","NONUNIQUE","LISTENERID","1"
"SOA_LISTENER_HTTP","PK_SOA_LISTENER_HTTP","UNIQUE","ID","1"
"SOA_LISTENER_RESOURCEMAPPING","IX_SOA_LISTENER_RESOURCEMAP","UNIQUE","LISTENERID","1"
"SOA_LISTENER_RESOURCEMAPPING","IX_SOA_LISTENER_RESOURCEMAP","UNIQUE","SEQUENCEINDEX","2"
"SOA_LISTENER_RESOURCEMAPPING","PK_SOA_LISTENER_RESOURCEMAP","UNIQUE","ID","1"
"SOA_LISTENER_RESOURCEMAPPING","TM_SOA_LISTENER_RESRCEMAP_IDX1","NONUNIQUE","LISTENERID","1"
"SOA_LISTENER_RESOURCEMAPPING","TM_SOA_LISTENER_RESRCEMAP_IDX2","NONUNIQUE","SOURCEID","1"
"SOA_LISTENER_RESOURCEMAPPING","TM_SOA_LISTENER_RESRCEMAP_IDX3","NONUNIQUE","TARGETID","1"
"SOA_MESSAGE_FRAGMENT","IX_SOA_MESSAGE_FRAGMENT","UNIQUE","NAME","1"
"SOA_MESSAGE_FRAGMENT","PK_SOA_MESSAGE_FRAGMENT","UNIQUE","ID","1"
"SOA_MODULE","IX_SOA_MODULE","UNIQUE","NAME","1"
"SOA_MODULE","PK_SOA_MODULE","UNIQUE","ID","1"
"SOA_MODULE_ALIAS_XREF","PK_SOA_METHOD_ALIAS_XREF","UNIQUE","MODULEID","1"
"SOA_MODULE_ALIAS_XREF","PK_SOA_METHOD_ALIAS_XREF","UNIQUE","ALIASID","2"
"SOA_MODULE_ALIAS_XREF","TM_SOA_MODULE_ALIAS_XREF_IDX1","NONUNIQUE","ALIASID","1"
"SOA_MODULE_ALIAS_XREF","TM_SOA_MODULE_ALIAS_XREF_IDX2","NONUNIQUE","MODULEID","1"
"SOA_MODULE_CATEGORY","PK_SOA_MODULE_CATEGORY","UNIQUE","ID","1"
"SOA_MODULE_CATEGORY_XREF","PK_SOA_MODULE_CATEGORY_XREF","UNIQUE","MODULECATEGORYID","1"
"SOA_MODULE_CATEGORY_XREF","PK_SOA_MODULE_CATEGORY_XREF","UNIQUE","MODULEID","2"
"SOA_MODULE_CATEGORY_XREF","TM_SOA_MODULE_CATEGY_XREF_IDX1","NONUNIQUE","MODULECATEGORYID","1"
"SOA_MODULE_CATEGORY_XREF","TM_SOA_MODULE_CATEGY_XREF_IDX2","NONUNIQUE","MODULEID","1"
"SOA_MODULE_CLSPARSER","PK_SOA_MODULE_CLSPARSER","UNIQUE","ID","1"
"SOA_MODULE_CLSPARSER","TM_SOA_MODULE_CLSPARSER_IDX1","NONUNIQUE","SOURCEID","1"
"SOA_MODULE_CLSPARSER","TM_SOA_MODULE_CLSPARSER_IDX2","NONUNIQUE","TARGETID","1"
"SOA_MODULE_COMLINK","PK_SOA_MODULE_COMLINK","UNIQUE","ID","1"
"SOA_MODULE_COM_CLSID","PK_SOA_MODULE_COMCLSID","UNIQUE","ID","1"
"SOA_MODULE_COM_IBUSOBJ","PK_SOA_MODULE_COM_IBUSOBJ","UNIQUE","ID","1"
"SOA_MODULE_COM_PROGID","PK_SOA_MODULE_COMPROGID","UNIQUE","ID","1"
"SOA_MODULE_CORBA","PK_SOA_MODULE_CORBA","UNIQUE","ID","1"
"SOA_MODULE_CORBA","TM_SOA_MODULE_CORBA_IDX1","NONUNIQUE","SOURCEID","1"
"SOA_MODULE_CORBA","TM_SOA_MODULE_CORBA_IDX2","NONUNIQUE","TARGETID","1"
"SOA_MODULE_DDR","PK_SOA_MODULE_DDR","UNIQUE","ID","1"
"SOA_MODULE_DDR","TM_SOA_MODULE_DDR_IDX1","NONUNIQUE","SOURCEID","1"
"SOA_MODULE_DDR_RULE","IX_SOA_MODULE_DDR_RULE","UNIQUE","DDRID","1"
"SOA_MODULE_DDR_RULE","IX_SOA_MODULE_DDR_RULE","UNIQUE","SEQUENCEINDEX","2"
"SOA_MODULE_DDR_RULE","PK_SOA_MODULE_DDR_RULE","UNIQUE","ID","1"
"SOA_MODULE_DDR_RULE","TM_SOA_MODULE_DDR_RULE_IDX1","NONUNIQUE","DDRID","1"
"SOA_MODULE_DLL_CPLUSPLUS","PK_SOA_MODULE_DLLENTRYPOINT","UNIQUE","ID","1"
"SOA_MODULE_DTS","PK_SOA_MODULE_DTS","UNIQUE","ID","1"
"SOA_MODULE_HTTP_XML","PK_SOA_MODULE_HTTP_XML","UNIQUE","ID","1"
"SOA_MODULE_JAVA_MAIN","PK_SOA_MODULE_JAVA_MAIN","UNIQUE","ID","1"
"SOA_MODULE_JYTHON","PK_SOA_MODULE_JYTHON","UNIQUE","ID","1"
"SOA_MODULE_MSSCRIPT","PK_SOA_MODULE_MSSCRIPT","UNIQUE","ID","1"
"SOA_MODULE_XSL","PK_SOA_MODULE_XSL","UNIQUE","ID","1"
"SOA_PROXY","IX_SOA_PROXY","UNIQUE","NAME","1"
"SOA_PROXY","PK_SOA_PROXY","UNIQUE","ID","1"
"SOA_PROXY_COMLINK","PK_SOA_PROXY_COMLINK","UNIQUE","ID","1"
"SOA_PROXY_HTTP","PK_SOA_PROXY_HTTP","UNIQUE","ID","1"
"SOA_XSLEXTENSION","PK_SOA_XSLEXTENSION","UNIQUE","ID","1"
"SOA_XSL_EXTENSION_XREF","PK_SOA_XSL_EXTENSION_XREF","UNIQUE","XSLID","1"
"SOA_XSL_EXTENSION_XREF","PK_SOA_XSL_EXTENSION_XREF","UNIQUE","XSLEXTENSIONID","2"
"SOA_XSL_EXTENSION_XREF","TM_SOA_XSL_EXTENSION_XREF_IDX1","NONUNIQUE","XSLEXTENSIONID","1"
"SOA_XSL_EXTENSION_XREF","TM_SOA_XSL_EXTENSION_XREF_IDX2","NONUNIQUE","XSLID","1"
"SORTER_GRP","PK_SORTER_GRP","UNIQUE","SORTER_GRP_ID","1"
"SORTER_GRP","UK_SORTER_GRP","UNIQUE","SORTER_GRP","1"
"SORTER_GRP","UK_SORTER_GRP","UNIQUE","SORTER_SEQ_NBR","2"
"SORT_LOCN_CONFIG_DTL","PK_SORT_LOCN_CONFIG_DTL","UNIQUE","SORT_LOCN_CONFIG_DTL_ID","1"
"SORT_LOCN_CONFIG_DTL","TM_SORT_LOCN_CONFIG_DTL_IDX1","NONUNIQUE","LOCN_ID","1"
"SORT_LOCN_CONFIG_DTL","TM_SORT_LOCN_CONFIG_DTL_IDX2","NONUNIQUE","SORT_LOCN_CONFIG_HDR_ID","1"
"SORT_LOCN_CONFIG_DTL","UK_SORT_LOCN_CONFIG_DTL","UNIQUE","LOCN_ID","1"
"SORT_LOCN_CONFIG_DTL","UK_SORT_LOCN_CONFIG_DTL","UNIQUE","RULE_SEQ","2"
"SORT_LOCN_CONFIG_HDR","PK_SORT_LOCN_CONFIG_HDR","UNIQUE","SORT_LOCN_CONFIG_HDR_ID","1"
"SORT_LOCN_CONFIG_HDR","UK_SORT_LOCN_CONFIG_HDR","UNIQUE","LOCN_ID","1"
"SO_DB_BUILD_HISTORY","DB_BUILD_HISTORY_PK","UNIQUE","VERSION_LABEL","1"
"SO_FULFILL_STATUS","PK_SO_FULFILL_STAT","UNIQUE","SO_FULFILL_STATUS","1"
"SO_FULLFILL_OPTION","SO_FULLFILLO_PK","UNIQUE","SO_FULLFILL_OPTION","1"
"SO_ITEM_MASTER_UNUSED","INDX_ITEM_MASTER_1","NONUNIQUE","SKU_NAME","1"
"SO_ITEM_MASTER_UNUSED","INDX_ITMAS_SKUID_WHSECODE","NONUNIQUE","SKU_ID","1"
"SO_ITEM_MASTER_UNUSED","INDX_ITMAS_SKUID_WHSECODE","NONUNIQUE","WHSE_CODE","2"
"SO_ITEM_MASTER_UNUSED","PK_ITEM_MASTER","UNIQUE","SKU_ID","1"
"SO_ITEM_MASTER_UNUSED","UK_ITEM_MASTER","UNIQUE","SKU_NAME","1"
"SO_ITEM_MASTER_UNUSED","UK_ITEM_MASTER","UNIQUE","WHSE_CODE","2"
"SO_LN_FULFILL_OPTION","PK_SO_LN_FULF_OPT","UNIQUE","SO_LN_FULFILL_OPTION","1"
"SO_LN_FULFILL_STATUS","PK_SO_LN_FULF_STAT","UNIQUE","SO_LN_FULFILL_STATUS","1"
"SO_LOGGER_FACTORY","PK_LOGGER_FACTORY_ID","UNIQUE","LOGGER_FACTORY_ID","1"
"SO_LOGGER_FACTORY","UK_LOGGER_FACTORY","UNIQUE","FACTORY_NAME","1"
"SO_OPERATION_STATUS","SO_OP_STATUS_PK","UNIQUE","SO_OPERATION_STATUS","1"
"SO_ORDER_CCLFIELD","SO_ORDRCCLFLD_PK","UNIQUE","ORDER_CCLFIELD","1"
"SO_ORDER_CHG_VALUE","SO_ORDERCHGVAL_PK","UNIQUE","A_IDENTITY","1"
"SO_ORDER_CHG_VALUE","TM_SO_ORDER_CHG__IDX1","NONUNIQUE","EVENT_ID","1"
"SO_ORDER_CHG_VALUE","TM_SO_ORDER_CHG__IDX2","NONUNIQUE","ORDER_CCLFIELD","1"
"SO_ORDER_CHG_VALUE_HISTORY","SO_ORDER_CHG_VALUE_HIST_IDX1","NONUNIQUE","EVENT_ID","1"
"SO_ORDER_CHG_VALUE_HISTORY","SO_ORDER_CHG_VALUE_HIST_PK","UNIQUE","A_IDENTITY","1"
"SO_PAYMENT_STATUS","SO_PAYMENTS_PK","UNIQUE","SO_PAYMENT_STATUS","1"
"SO_PRIORITY","SO_PRIORITY_PK","UNIQUE","SO_PRIORITY","1"
"SO_STATUS","SO_STATUS_PK","UNIQUE","SO_STATUS","1"
"SO_TYPE","SO_TYPE_PK","UNIQUE","SO_TYPE","1"
"SO_USER_MASTER","PK_USER_MASTER","UNIQUE","USER_ID","1"
"SO_USER_MASTER","UK_USER_MASTER","UNIQUE","USER_LOGIN","1"
"SPL_2_ZS_SHIPMENT","SYS_C0065637","UNIQUE","SPL_2_ZS_SHIPMENT_PK","1"
"SPL_ASN_DTL","IX_SPL_ASN_DTL_1_1","NONUNIQUE","SYS_MDF_DTM","1"
"SPL_ASN_DTL","IX_SPL_ASN_DTL_1_2","NONUNIQUE","SYS_VOIDED_F","1"
"SPL_ASN_DTL","IX_SPL_ASN_DTL_1_3","NONUNIQUE","SPL_ASN_HDR_PK","1"
"SPL_ASN_DTL","SYS_C0063261","UNIQUE","SPL_ASN_DTL_PK","1"
"SPL_ASN_HDR","IX_SPL_ASN_HDR_1_1","NONUNIQUE","SYS_MDF_DTM","1"
"SPL_ASN_HDR","IX_SPL_ASN_HDR_1_2","NONUNIQUE","SYS_VOIDED_F","1"
"SPL_ASN_HDR","IX_SPL_ASN_HDR_1_3","NONUNIQUE","SHPMT_NBR","1"
"SPL_ASN_HDR","SYS_C0063260","UNIQUE","SPL_ASN_HDR_PK","1"
"SPL_ASN_INVOICE","SYS_C0063280","UNIQUE","SPL_ASN_INVOICE_PK","1"
"SPL_ASN_PRINT_TIME","PK_SPL_ASN_PRINT_TIME","UNIQUE","SHPMT_NBR","1"
"SPL_ASN_THRMT","SYS_C0063262","UNIQUE","SPL_ASN_THRMT_PK","1"
"SPL_CARTON_BREAK_ATTR","IX_SPL_CARTON_BREAK_ATTR_1_1","NONUNIQUE","SYS_MDF_DTM","1"
"SPL_CARTON_BREAK_ATTR","IX_SPL_CARTON_BREAK_ATTR_1_2","NONUNIQUE","SYS_VOIDED_F","1"
"SPL_CARTON_BREAK_ATTR","SYS_C0063255","UNIQUE","SPL_CARTON_BREAK_ATTR_PK","1"
"SPL_CARTON_DTL_PACKING","IX_CARTON_DTL_PACKING_1","NONUNIQUE","ORIG_CARTON_NBR","1"
"SPL_CARTON_DTL_PACKING","SYS_C0063301","UNIQUE","ID","1"
"SPL_CASE_LOCK_PROCEDURE_LOG","SYS_C0063266","UNIQUE","NBR","1"
"SPL_CL_MESSAGE","SYS_C0068596","UNIQUE","MSG_ID","1"
"SPL_CODE_ID","IX_SPL_CODE_ID_1_1","NONUNIQUE","SYS_MDF_DTM","1"
"SPL_CODE_ID","IX_SPL_CODE_ID_1_2","NONUNIQUE","SYS_VOIDED_F","1"
"SPL_CODE_ID","IX_SPL_CODE_ID_1_3","NONUNIQUE","CODE_ID","1"
"SPL_CODE_ID","SYS_C0063257","UNIQUE","SPL_CODE_ID_PK","1"
"SPL_CODE_TYPE","IX_SPL_CODE_TYPE_1_1","NONUNIQUE","SYS_MDF_DTM","1"
"SPL_CODE_TYPE","IX_SPL_CODE_TYPE_1_2","NONUNIQUE","SYS_VOIDED_F","1"
"SPL_CODE_TYPE","SYS_C0063256","UNIQUE","SPL_CODE_TYPE_PK","1"
"SPL_DSP_LOCN","SYS_C0063254","UNIQUE","SPL_DSP_LOCN_PK","1"
"SPL_FILTER_LAYOUT_TMP","SYS_C0099023","UNIQUE","OBJECT_TYPE","1"
"SPL_FILTER_LAYOUT_TMP","SYS_C0099023","UNIQUE","FIELD_NAME","2"
"SPL_FILTER_LAYOUT_TMP","SYS_C0099023","UNIQUE","STATUS","3"
"SPL_FND_PARTY","IX_SPL_FND_PARTY_1_1","NONUNIQUE","SYS_VOIDED_F","1"
"SPL_FND_PARTY","SYS_C0063251","UNIQUE","PARTY_PK","1"
"SPL_FND_PARTY_FILE","SYS_C0063253","UNIQUE","PARTY_FILE_PK","1"
"SPL_FND_PARTY_PROF","IX_SPL_FND_PARTY_PROF_1_1","NONUNIQUE","SYS_MDF_DTM","1"
"SPL_FND_PARTY_PROF","IX_SPL_FND_PARTY_PROF_1_2","NONUNIQUE","SYS_VOIDED_F","1"
"SPL_FND_PARTY_PROF","SYS_C0063252","UNIQUE","PARTY_PROF_PK","1"
"SPL_FND_REJECT","IX_SPL_FND_REJECT_1_1","NONUNIQUE","SYS_MDF_DTM","1"
"SPL_FND_REJECT","IX_SPL_FND_REJECT_1_2","NONUNIQUE","SYS_VOIDED_F","1"
"SPL_FND_REJECT","SYS_C0063265","UNIQUE","FND_REJECT_PK","1"
"SPL_GSP_BUSTBL_RULE","SYS_C0063282","UNIQUE","GSP_BUSTBL_RULE_ID","1"
"SPL_ITEM_BRCD","IX_SPL_ITEM_BRCD_1_1","NONUNIQUE","SYS_MDF_DTM","1"
"SPL_ITEM_BRCD","IX_SPL_ITEM_BRCD_1_2","NONUNIQUE","SYS_VOIDED_F","1"
"SPL_ITEM_BRCD","IX_SPL_ITEM_BRCD_1_3","NONUNIQUE","SKU_ID","1"
"SPL_ITEM_BRCD","IX_SPL_ITEM_BRCD_1_4","NONUNIQUE","SKU_BRCD","1"
"SPL_ITEM_BRCD","SYS_C0063283","UNIQUE","SPL_ITEM_BRCD_ID","1"
"SPL_ITEM_MASTER_PROF","IX_SPL_ITEM_MASTER_PROF_1_1","NONUNIQUE","SYS_MDF_DTM","1"
"SPL_ITEM_MASTER_PROF","IX_SPL_ITEM_MASTER_PROF_1_3","NONUNIQUE","SKU_ID","1"
"SPL_ITEM_MASTER_PROF","SYS_C0063248","UNIQUE","SPL_ITEM_MASTER_PROF_PK","1"
"SPL_ITEM_MNTN","SYS_C0063258","UNIQUE","SPL_ITEM_MNTN_PK","1"
"SPL_ITEM_MNTN_DTL","FK_SPL_ITEM_MNTN_DTL_1","NONUNIQUE","SPL_ITEM_MNTN_PK","1"
"SPL_ITEM_MNTN_DTL","IX_SPL_ITEM_MNTN_DTL_1","NONUNIQUE","SYS_MDF_DTM","1"
"SPL_ITEM_MNTN_DTL","IX_SPL_ITEM_MNTN_DTL_1_1","NONUNIQUE","SKU_ID","1"
"SPL_ITEM_MNTN_DTL","IX_SPL_ITEM_MNTN_DTL_1_2","NONUNIQUE","BATCH_NBR","1"
"SPL_ITEM_MNTN_DTL","IX_SPL_ITEM_MNTN_DTL_2","NONUNIQUE","SYS_VOIDED_F","1"
"SPL_ITEM_MNTN_DTL","SYS_C0063259","UNIQUE","SPL_ITEM_MNTN_DTL_PK","1"
"SPL_ITEM_WHSE_MASTER_PROF","IX_SPL_ITEM_WH_MSTR_PROF_1_1","NONUNIQUE","SYS_MDF_DTM","1"
"SPL_ITEM_WHSE_MASTER_PROF","IX_SPL_ITEM_WH_MSTR_PROF_1_2","NONUNIQUE","SKU_ID","1"
"SPL_ITEM_WHSE_MASTER_PROF","IX_SPL_ITEM_WH_MSTR_PROF_1_3","NONUNIQUE","WHSE","1"
"SPL_ITEM_WHSE_MASTER_PROF","SYS_C0063249","UNIQUE","SPL_ITEM_WHSE_MASTER_PROF_PK","1"
"SPL_LOCN_HDR","SYS_C0065621","UNIQUE","LOCN_HDR_PK","1"
"SPL_MAINTAIN_REPORT","SYS_C0063273","UNIQUE","SPL_MAINTAIN_REPORT_PK","1"
"SPL_ORDER_LOSS","SYS_C0063267","UNIQUE","SPL_ORDER_LOSS_PK","1"
"SPL_ORDER_NBR_THRMT","IX_SPL_ORDER_NBR_THRMT_PK_1","NONUNIQUE","SYS_MDF_DTM","1"
"SPL_ORDER_NBR_THRMT","IX_SPL_ORDER_NBR_THRMT_PK_2","NONUNIQUE","SYS_VOIDED_F","1"
"SPL_ORDER_NBR_THRMT","SYS_C0099034","UNIQUE","SPL_ORDER_NBR_THRMT_PK","1"
"SPL_OSR_CYCLE_COUNT","SYS_C0068586","UNIQUE","SPL_OSR_CYCLE_COUNT_PK","1"
"SPL_OWNER","SYS_C0069647","UNIQUE","OWNER_PK","1"
"SPL_OWNER_DRIVER","SYS_C0069655","UNIQUE","DRIVER_PK","1"
"SPL_OWNER_TRUCK","SYS_C0069663","UNIQUE","TRUCK_PK","1"
"SPL_PALLET_REALTIME_INFO","PK_PALLET_REALTIME_INFO","UNIQUE","PALLET_REALTIME_INFO_PK","1"
"SPL_PALLET_REALTIME_INFO","UN_PALLET_REALTIME_INFO","UNIQUE","PALLET_NBR","1"
"SPL_PKTDT_DTL","SYS_C0069676","UNIQUE","PKT_CTRL_NBR","1"
"SPL_PKTDT_HDR","SYS_C0069669","UNIQUE","PKT_CTRL_NBR","1"
"SPL_PS_CONFIG","SYS_C0063302","UNIQUE","CONFIG_TYPE","1"
"SPL_PS_CONFIG","SYS_C0063302","UNIQUE","CONFIG_KEY","2"
"SPL_PURCHASE_BACK_REPORT","SYS_C0063274","UNIQUE","SPL_PURCHASE_BACK_REPORT_PK","1"
"SPL_PURCHASE_CHECK_REPORT","SYS_C0063275","UNIQUE","SPL_PURCHASE_CHECK_REPORT_PK","1"
"SPL_PURCHASE_RECEIVE_REPORT","SYS_C0063272","UNIQUE","SPL_PURCHASE_RECEIVE_REPORT_PK","1"
"SPL_QUALITY_RULE","IX_SPL_QUALITY_RULE_1_1","NONUNIQUE","SYS_MDF_DTM","1"
"SPL_QUALITY_RULE","IX_SPL_QUALITY_RULE_1_2","NONUNIQUE","SYS_VOIDED_F","1"
"SPL_QUALITY_RULE","SYS_C0063271","UNIQUE","SPL_QUALITY_RULE_PK","1"
"SPL_REJECT_REPORT","SYS_C0063278","UNIQUE","SPL_REJECT_REPORT_PK","1"
"SPL_RF_ACTIVE_SCAN_DTL","SYS_C0068571","UNIQUE","SPL_RF_ACTIVE_SCAN_DTL_PK","1"
"SPL_RF_ACTIVE_SCAN_HDR","SYS_C0068563","UNIQUE","SPL_RF_ACTIVE_SCAN_HDR_PK","1"
"SPL_RF_CARTON_SCAN","IX_SPL_RF_CARTON_SCAN_1_1","NONUNIQUE","SYS_MDF_DTM","1"
"SPL_RF_CARTON_SCAN","IX_SPL_RF_CARTON_SCAN_1_2","NONUNIQUE","SYS_VOIDED_F","1"
"SPL_RF_CARTON_SCAN","SYS_C0063269","UNIQUE","RF_CARTON_SCAN_PK","1"
"SPL_RF_POSITION","SYS_C0063268","UNIQUE","RF_PSTN_PK","1"
"SPL_RF_POSITION","X_SPL_RF_POSITION_1_1","NONUNIQUE","SYS_MDF_DTM","1"
"SPL_RF_POSITION","X_SPL_RF_POSITION_1_2","NONUNIQUE","SYS_VOIDED_F","1"
"SPL_RF_UN_CARTON","IX_SPL_RF_UN_CARTON_1_1","NONUNIQUE","SYS_MDF_DTM","1"
"SPL_RF_UN_CARTON","IX_SPL_RF_UN_CARTON_1_2","NONUNIQUE","SYS_VOIDED_F","1"
"SPL_RF_UN_CARTON","SYS_C0063270","UNIQUE","SPL_RF_UN_CARTON_PK","1"
"SPL_SALE_BACK_REPORT","SYS_C0063277","UNIQUE","SPL_SALE_BACK_REPORT_PK","1"
"SPL_SALE_CHECK_REPORT","SYS_C0063276","UNIQUE","SPL_SALE_CHECK_REPORT_PK","1"
"SPL_STD_ASN_BACK_REPORT","SYS_C0068959","UNIQUE","SPL_STD_ASN_BACK_REPORT_PK","1"
"SPL_STD_ASN_CHECK_REPORT","SYS_C0068951","UNIQUE","SPL_STD_ASN_CHECK_REPORT_PK","1"
"SPL_STD_ASN_RECEIVE_REPORT","SYS_C0068989","UNIQUE","SPL_STD_ASN_RECEIVE_REPORT_PK","1"
"SPL_STD_MAINTAIN_REPORT","SYS_C0068992","UNIQUE","SPL_STD_MAINTAIN_REPORT_PK","1"
"SPL_STD_REJECT_REPORT","SYS_C0068967","UNIQUE","SPL_STD_REJECT_REPORT_PK","1"
"SPL_STD_SALE_BACK_REPORT","SYS_C0068974","UNIQUE","SPL_STD_SALE_BACK_REPORT_PK","1"
"SPL_STD_SALE_CHECK_REPORT","SYS_C0068982","UNIQUE","SPL_STD_SALE_CHECK_REPORT_PK","1"
"SPL_STORAGE_SUMMARY_DTL","SYS_C0063284","UNIQUE","SPL_STORAGE_SUMMARY_DTL_PK","1"
"SPL_STORAGE_SUMMARY_HDR","SYS_C0063285","UNIQUE","SPL_STORAGE_SUMMARY_HDR_PK","1"
"SPL_STORE","SYS_C0063250","UNIQUE","SPL_STORE_PK","1"
"SPL_SYS_ENV","SYS_C0063241","UNIQUE","ENV_KEY","1"
"SPL_SYS_FILE","IX_SPL_SYS_FILE_1_1","NONUNIQUE","SYS_MDF_DTM","1"
"SPL_SYS_FILE","IX_SPL_SYS_FILE_1_2","NONUNIQUE","SYS_VOIDED_F","1"
"SPL_SYS_FILE","SYS_C0063245","UNIQUE","FILE_PK","1"
"SPL_SYS_FILE_CONTENT","SYS_C0063246","UNIQUE","FILE_PK","1"
"SPL_SYS_FILE_RLT","IX_SYS_FILE_RLT_1_1","NONUNIQUE","SYS_MDF_DTM","1"
"SPL_SYS_FILE_RLT","IX_SYS_FILE_RLT_1_2","NONUNIQUE","SYS_VOIDED_F","1"
"SPL_SYS_FILE_RLT","IX_SYS_FILE_RLT_1_3","NONUNIQUE","FILE_PK","1"
"SPL_SYS_FILE_RLT","SYS_C0063247","UNIQUE","FILE_RLT_PK","1"
"SPL_SYS_NUMBER","IX_SPL_SYS_NUMBER_1_1","NONUNIQUE","SYS_MDF_DTM","1"
"SPL_SYS_NUMBER","IX_SPL_SYS_NUMBER_1_2","NONUNIQUE","SYS_VOIDED_F","1"
"SPL_SYS_NUMBER","SYS_C0063242","UNIQUE","NUMBER_CODE","1"
"SPL_SYS_NUMBER_PART","IX_SPL_SYS_NUMBER_PART_1_1","NONUNIQUE","SYS_MDF_DTM","1"
"SPL_SYS_NUMBER_PART","IX_SPL_SYS_NUMBER_PART_1_2","NONUNIQUE","SYS_VOIDED_F","1"
"SPL_SYS_NUMBER_PART","SYS_C0063243","UNIQUE","NUMBER_CODE","1"
"SPL_SYS_NUMBER_PART","SYS_C0063243","UNIQUE","SEQ_NO","2"
"SPL_SYS_NUMBER_POOL","IX_SPL_SYS_NUMBER_POOL_1_1","NONUNIQUE","SYS_MDF_DTM","1"
"SPL_SYS_NUMBER_POOL","IX_SPL_SYS_NUMBER_POOL_1_2","NONUNIQUE","SYS_VOIDED_F","1"
"SPL_SYS_NUMBER_POOL","SYS_C0063244","UNIQUE","NUMBER_CODE","1"
"SPL_SYS_NUMBER_POOL","SYS_C0063244","UNIQUE","POOL_NO","2"
"SPL_TOOLS_ASN_FILES","SPL_TOOLS_ASN_FILES_3","NONUNIQUE","CREATE_DATE_TIME","1"
"SPL_TOOLS_ASN_FILES","SPL_TOOLS_ASN_FILES_ASN","NONUNIQUE","SHPMT_NBR","1"
"SPL_TOOLS_ASN_FILES","SPL_TOOLS_ASN_FILES_MAINF","NONUNIQUE","MAINF_NBR","1"
"SPL_TOOLS_ASN_FILES","SYS_C0063286","UNIQUE","SPL_TOOLS_ASN_FILES_ID","1"
"SPL_UNQLF_CASE","IX_SPL_UNQLF_CASE_1_1","NONUNIQUE","SYS_MDF_DTM","1"
"SPL_UNQLF_CASE","IX_SPL_UNQLF_CASE_1_2","NONUNIQUE","SYS_VOIDED_F","1"
"SPL_UNQLF_CASE","IX_SPL_UNQLF_CASE_1_3","NONUNIQUE","CASE_NBR","1"
"SPL_UNQLF_CASE","SYS_C0063263","UNIQUE","UNQLF_CASE_PK","1"
"SPL_UNQLF_CASE_PROF","IX_SPL_UNQLF_CASE_PROF_1_1","NONUNIQUE","SYS_MDF_DTM","1"
"SPL_UNQLF_CASE_PROF","IX_SPL_UNQLF_CASE_PROF_1_2","NONUNIQUE","SYS_VOIDED_F","1"
"SPL_UNQLF_CASE_PROF","IX_SPL_UNQLF_CASE_PROF_1_3","NONUNIQUE","UNQLF_CASE_PK","1"
"SPL_UNQLF_CASE_PROF","SYS_C0063264","UNIQUE","UNQLF_CASE_PROF_PK","1"
"SPL_XH_NBR_TRKG","SYS_C0099004","UNIQUE","XH_NBR_TRKG_ID","1"
"SPL_ZS_LOCN","SYS_C0065630","UNIQUE","SPL_ZS_LOCN_PK","1"
"SQL_SCRIPT","IDX_SQLSCRPT_IMP_FRMT_PRFS_ID","NONUNIQUE","IMPORT_FORMAT_PREFS_ID","1"
"SQL_SCRIPT","PK_SQL_SCRIPT","UNIQUE","SQL_SCRIPT_ID","1"
"SQL_SCRIPT","UK_SQL_SCRIPT","UNIQUE","SQL_SCRIPT_ID","1"
"SQL_SCRIPT","UK_SQL_SCRIPT","UNIQUE","SEQ_NUM","2"
"SQS_LISTENER","SQS_LISTENER1_PK","UNIQUE","SQS_LISTENER_ID","1"
"SRL_NBR_TRACK","PE_SRL_NBR_TRACK_IDX1","NONUNIQUE","ALLOC_INVN_DTL_ID","1"
"SRL_NBR_TRACK","PE_SRL_NBR_TRACK_IDX1","NONUNIQUE","FACILITY_ID","2"
"SRL_NBR_TRACK","PE_SRL_NBR_TRACK_IDX1","NONUNIQUE","STAT_CODE","3"
"SRL_NBR_TRACK","PK_SRL_NBR_TRACK","UNIQUE","SRL_NBR_TRK_ID","1"
"SRL_NBR_TRACK","SRLNBRTRACK_LPNIDLPNDTLID_IDX","NONUNIQUE","LPN_ID","1"
"SRL_NBR_TRACK","SRLNBRTRACK_LPNIDLPNDTLID_IDX","NONUNIQUE","LPN_DETAIL_ID","2"
"SRL_NBR_TRACK","SRLNBRTRACK_WMINVNID_IDX","NONUNIQUE","WM_INVENTORY_ID","1"
"SRL_NBR_TRACK","SRLNBRTRK_ASNIDASNDTID_IDX","NONUNIQUE","ASN","1"
"SRL_NBR_TRACK","SRLNBRTRK_ASNIDASNDTID_IDX","NONUNIQUE","ASN_DETAIL_ID","2"
"SRL_NBR_TRACK","SRLNBRTRK_DISTORDDORDLD_IDX","NONUNIQUE","DISTRIBUTION_ORDER","1"
"SRL_NBR_TRACK","SRLNBRTRK_DISTORDDORDLD_IDX","NONUNIQUE","DISTRIBUTION_ORDER_LINE_ID","2"
"SRL_NBR_TRACK","SRLNBRTRK_ITEMIDSRLSEQNBR_IDX","NONUNIQUE","ITEM_ID","1"
"SRL_NBR_TRACK","SRLNBRTRK_ITEMIDSRLSEQNBR_IDX","NONUNIQUE","SRL_NBR","2"
"SRL_NBR_TRACK","SRLNBRTRK_ITEMIDSRLSEQNBR_IDX","NONUNIQUE","SEQ_NBR","3"
"SRL_NBR_TRACK","SRLNBRTRK_STATCODE_IDX","NONUNIQUE","STAT_CODE","1"
"SRL_NBR_TRACK","TM_SRL_NBR_TRACK_IDX1","NONUNIQUE","ASN","1"
"SRL_NBR_TRACK","TM_SRL_NBR_TRACK_IDX2","NONUNIQUE","DISTRIBUTION_ORDER","1"
"SRL_NBR_TRACK","TM_SRL_NBR_TRACK_IDX3","NONUNIQUE","FACILITY_ID","1"
"SRL_NBR_TRACK","TM_SRL_NBR_TRACK_IDX4","NONUNIQUE","LPN_ID","1"
"SRL_PIX_TRAN","PK_SRL_PIX_TRAN","UNIQUE","SRL_PIX_TRAN_ID","1"
"SRL_PIX_TRAN","TM_SRL_PIX_TRAN_IDX1","NONUNIQUE","PIX_TRAN_ID","1"
"SRL_PIX_TRAN","TM_SRL_PIX_TRAN_IDX2","NONUNIQUE","TRAN_TYPE","1"
"SRL_PIX_TRAN","TM_SRL_PIX_TRAN_IDX2","NONUNIQUE","TRAN_CODE","2"
"SRL_PIX_TRAN","TM_SRL_PIX_TRAN_IDX2","NONUNIQUE","TRAN_NBR","3"
"SRL_PIX_TRAN","TM_SRL_PIX_TRAN_IDX2","NONUNIQUE","PIX_SEQ_NBR","4"
"SRL_PIX_TRAN","UK_SRL_PIX_TRAN","UNIQUE","TRAN_TYPE","1"
"SRL_PIX_TRAN","UK_SRL_PIX_TRAN","UNIQUE","TRAN_CODE","2"
"SRL_PIX_TRAN","UK_SRL_PIX_TRAN","UNIQUE","TRAN_NBR","3"
"SRL_PIX_TRAN","UK_SRL_PIX_TRAN","UNIQUE","PIX_SEQ_NBR","4"
"SRL_PIX_TRAN","UK_SRL_PIX_TRAN","UNIQUE","SRL_NBR","5"
"SRL_PIX_TRAN","UK_SRL_PIX_TRAN","UNIQUE","SEQ_NBR","6"
"SR_ALERT_DTL","SR_AD_SRH_IDX","NONUNIQUE","SR_HEADER_ID","1"
"SR_ALERT_DTL","SR_ALERT_DTL_PK","UNIQUE","SR_ALERT_DTL_ID","1"
"SR_ALERT_DTL","TM_SR_ALERT_DTL_IDX1","NONUNIQUE","SYSTEM_ALERT_DEF_ID","1"
"SR_DRILL_DN_ACT","SR_DN_ACT_PK","UNIQUE","SR_DRILL_DN_ACT_ID","1"
"SR_FIELD_DETAIL","SR_FD_SRH_IDX","NONUNIQUE","SR_HEADER_ID","1"
"SR_FIELD_DETAIL","SR_FIELD_DETAIL_PK","UNIQUE","SR_FIELD_DETAIL_ID","1"
"SR_FUNCTION","SR_FUNCTION_PK","UNIQUE","SR_FUNCTION_ID","1"
"SR_HEADER","SR_HEADER_PK","UNIQUE","SR_HEADER_ID","1"
"SR_LAYOUT_DTL","SR_LAYOUT_DTL_PK","UNIQUE","SR_LAYOUT_DTL_ID","1"
"SR_LAYOUT_DTL","TM_SR_LAYOUT_DTL_IDX1","NONUNIQUE","DATA_TYPE","1"
"SR_LAYOUT_DTL","TM_SR_LAYOUT_DTL_IDX2","NONUNIQUE","SR_LAYOUT_HEADER_ID","1"
"SR_LAYOUT_DTL_FN","SR_LAYOUT_FN_PK","UNIQUE","SR_LAYOUT_DTL_FN_ID","1"
"SR_LAYOUT_DTL_FN","TM_SR_LAYOUT_DTF_IDX1","NONUNIQUE","SR_FUNCTION_ID","1"
"SR_LAYOUT_DTL_FN","TM_SR_LAYOUT_DTF_IDX2","NONUNIQUE","SR_LAYOUT_DTL_ID","1"
"SR_LAYOUT_HEADER","SR_LAYOUT_HDR_PK","UNIQUE","SR_LAYOUT_HEADER_ID","1"
"SR_LAYOUT_HEADER","TM_SR_LAYOUT_HEA_IDX1","NONUNIQUE","SR_OBJECT_TYPE_ID","1"
"SR_OBJECT_TYPE","SR_OBJECT_TYPE_PK","UNIQUE","SR_OBJECT_TYPE_ID","1"
"SR_OPTION_DETAIL","SR_OD_ID_IDX","NONUNIQUE","SR_HEADER_ID","1"
"SR_OPTION_DETAIL","SR_OPTION_DTL_PK","UNIQUE","SR_OPTION_DETAIL_ID","1"
"SR_SHIPMENT_TIER_DTL","SHP_TIER_IDX","NONUNIQUE","SR_HEADER_ID","1"
"SR_SHIPMENT_TIER_DTL","SR_SHP_TR_DTL_PK","UNIQUE","SR_SHIPMENT_TIER_DTL_ID","1"
"STABILIZATION_CODE","PK_STABILIZATION_CODE","UNIQUE","STABILIZATION_CODE_ID","1"
"STABILIZATION_CODE","UK_STABILIZATION_CODE","UNIQUE","STAB_CODE","1"
"STAGING_TRAC_CODG_SN","IDX_STATUS_UPTIME","NONUNIQUE","UPLOAD_STATUS","1"
"STAGING_TRAC_CODG_SN","IDX_STATUS_UPTIME","NONUNIQUE","UPDATE_TIME","2"
"STAGING_TRAC_CODG_SN","PK_STAGING_TRAC_CODG_SN","UNIQUE","ID","1"
"STATEMENT_MASK_TYPE","STMT_MSK_TYP_PK","UNIQUE","MASK_TYPE_ID","1"
"STATS_SNAPSHOT","SNAPSHOT_ID_PK","UNIQUE","SNAPSHOT_ID","1"
"STATS_SNAPSHOT","STATS_SNAPSHOT_UK","UNIQUE","SNAPSHOT_START_TIME","1"
"STATS_SNAPSHOT","STATS_SNAPSHOT_UK","UNIQUE","MODULE_NAME","2"
"STATS_SNAPSHOT","STATS_SNAPSHOT_UK","UNIQUE","ENTITY_NAME","3"
"STATS_SNAPSHOT","STATS_SNAPSHOT_UK","UNIQUE","INSTANCE_NAME","4"
"STATS_SNAPSHOT_EVENT","SNAPSHOT_EVENT_PK","UNIQUE","SNAPSHOT_ID","1"
"STATS_SNAPSHOT_EVENT","SNAPSHOT_EVENT_PK","UNIQUE","EVENT_NAME","2"
"STATS_SNAPSHOT_EVENT_DATA","SNAPSHOT_EVENT_DATA_PK","UNIQUE","EVENT_DATA_ID","1"
"STATS_SNAPSHOT_EVENT_DATA","STATS_SNAPSHOT_EVENT_DATA_UK","UNIQUE","SNAPSHOT_ID","1"
"STATS_SNAPSHOT_EVENT_DATA","STATS_SNAPSHOT_EVENT_DATA_UK","UNIQUE","EVENT_NAME","2"
"STATS_SNAPSHOT_EVENT_DATA","STATS_SNAPSHOT_EVENT_DATA_UK","UNIQUE","EVENT_DATA","3"
"STCC_CHAPTER","STCC_CHAPTER_PK","UNIQUE","STCC_CHAPTER","1"
"STCC_CODE","STCC_CODE_CHAPTER_FK_1_IX","NONUNIQUE","STCC_CHAPTER","1"
"STCC_CODE","STCC_CODE_PK","UNIQUE","STCC_CODE_ID","1"
"STG_OFFSET_XREF","STG_OFFSET_XREF_PK","UNIQUE","FORMAT_ID","1"
"STG_OFFSET_XREF","STG_OFFSET_XREF_PK","UNIQUE","STG_COL_NAME","2"
"STOP","STATIC_ROUTE_ID_INDX","NONUNIQUE","RTE_ID","1"
"STOP","STOP_BOLN_IDX","NONUNIQUE","BILL_OF_LADING_NUMBER","1"
"STOP","STOP_DCK_DSP_FK1_INDX","NONUNIQUE","DOCK_DISPATCH_CAP_ID","1"
"STOP","STOP_PK","UNIQUE","SHIPMENT_ID","1"
"STOP","STOP_PK","UNIQUE","STOP_SEQ","2"
"STOP","STOP_SRED_IDX","NONUNIQUE","SEGMENT_ID","1"
"STOP","STOP_SRED_IDX","NONUNIQUE","SEGMENT_STOP_SEQ","2"
"STOP","STOP_SRED_IDX","NONUNIQUE","STOP_TZ","3"
"STOP","STOP_SRED_IDX","NONUNIQUE","REC_DEPARTURE_DTTM","4"
"STOP","STOP_SRED_IDX","NONUNIQUE","EST_DEPARTURE_DTTM","5"
"STOP","STOP_SRED_IDX","NONUNIQUE","DEPARTURE_START_DTTM","6"
"STOP","S_WAVE_OPTION_ID_FK_INDX","NONUNIQUE","WAVE_OPTION_ID","1"
"STOP","TM_STOP_IDX1","NONUNIQUE","SHIPMENT_ID","1"
"STOP_ACTION","STOP_ACTION_PK","UNIQUE","SHIPMENT_ID","1"
"STOP_ACTION","STOP_ACTION_PK","UNIQUE","STOP_SEQ","2"
"STOP_ACTION","STOP_ACTION_PK","UNIQUE","STOP_ACTION_SEQ","3"
"STOP_ACTION_ORDER","SAORD_IDX","NONUNIQUE","ORDER_ID","1"
"STOP_ACTION_ORDER","SAORD_IDX","NONUNIQUE","SHIPMENT_ID","2"
"STOP_ACTION_ORDER","STOP_ACT_ORD_IDX","UNIQUE","SHIPMENT_ID","1"
"STOP_ACTION_ORDER","STOP_ACT_ORD_IDX","UNIQUE","STOP_SEQ","2"
"STOP_ACTION_ORDER","STOP_ACT_ORD_IDX","UNIQUE","STOP_ACTION_SEQ","3"
"STOP_ACTION_ORDER","STOP_ACT_ORD_IDX","UNIQUE","ORDER_ID","4"
"STOP_ACTION_ORDER","STOP_ACT_ORD_IDX","UNIQUE","ORDER_SPLIT_ID","5"
"STOP_ACTION_ORDER","STOP_ACT_ORD_PK","UNIQUE","STOP_ACTION_ORDER_ID","1"
"STOP_ACTION_SHIPMENT","STOP_ACT_SHIPM_PK","UNIQUE","SHIPMENT_ID","1"
"STOP_ACTION_SHIPMENT","STOP_ACT_SHIPM_PK","UNIQUE","STOP_SEQ","2"
"STOP_ACTION_SHIPMENT","STOP_ACT_SHIPM_PK","UNIQUE","STOP_ACTION_SEQ","3"
"STOP_ACTION_SHIPMENT","TM_STOP_ACTION_S_IDX1","NONUNIQUE","SHIPMENT_ID","1"
"STOP_ACTION_TEMPLATE","STOP_ACTIONT_PK","UNIQUE","SHIPMENT_ID","1"
"STOP_ACTION_TEMPLATE","STOP_ACTIONT_PK","UNIQUE","STOP_SEQ","2"
"STOP_ACTION_TEMPLATE","STOP_ACTIONT_PK","UNIQUE","STOP_ACTION_SEQ","3"
"STOP_ACTION_TEMPLATE","TM_STOP_ACTION_T_IDX1","NONUNIQUE","ACTION_TYPE","1"
"STOP_ADDITIONAL_SIZE","STOP_ADDTN_SIZE_PK","UNIQUE","STOP_ADDITIONAL_SIZE_ID","1"
"STOP_ADDITIONAL_SIZE","STOP_ADDTN_SIZE_UK","UNIQUE","SHIPMENT_ID","1"
"STOP_ADDITIONAL_SIZE","STOP_ADDTN_SIZE_UK","UNIQUE","STOP_SEQ","2"
"STOP_ADDITIONAL_SIZE","STOP_ADDTN_SIZE_UK","UNIQUE","TC_COMPANY_ID","3"
"STOP_ADDITIONAL_SIZE","STOP_ADDTN_SIZE_UK","UNIQUE","COMMODITY_CLASS","4"
"STOP_ADDITIONAL_SIZE","STOP_ADDTN_SIZE_UK","UNIQUE","SIZE_UOM_ID","5"
"STOP_ADDITIONAL_SIZE","STOP_ADDTN_SZ_COM_CLS_FK2_1_IX","NONUNIQUE","COMMODITY_CLASS","1"
"STOP_ADDITIONAL_SIZE_TEMPLATE","STP_TEMP_ADDTN_SIZE_PK","UNIQUE","STOP_ADDITIONAL_SIZE_ID","1"
"STOP_ADDITIONAL_SIZE_TEMPLATE","STP_TEMP_ADDTN_SIZE_UK","UNIQUE","SHIPMENT_ID","1"
"STOP_ADDITIONAL_SIZE_TEMPLATE","STP_TEMP_ADDTN_SIZE_UK","UNIQUE","STOP_SEQ","2"
"STOP_ADDITIONAL_SIZE_TEMPLATE","STP_TEMP_ADDTN_SIZE_UK","UNIQUE","TC_COMPANY_ID","3"
"STOP_ADDITIONAL_SIZE_TEMPLATE","STP_TEMP_ADDTN_SIZE_UK","UNIQUE","COMMODITY_CLASS","4"
"STOP_ADDITIONAL_SIZE_TEMPLATE","STP_TEMP_ADDTN_SIZE_UK","UNIQUE","SIZE_UOM_ID","5"
"STOP_ADDITIONAL_SIZE_TEMPLATE","STP_TMP_ADD_SZ_COM_CLSFK2_1_IX","NONUNIQUE","COMMODITY_CLASS","1"
"STOP_COMMODITY","STOP_COMMDTY_PK","UNIQUE","SHIPMENT_ID","1"
"STOP_COMMODITY","STOP_COMMDTY_PK","UNIQUE","STOP_SEQ","2"
"STOP_COMMODITY","STOP_COMMDTY_PK","UNIQUE","COMMODITY_CLASS","3"
"STOP_COMMODITY","STOP_COMMDTY_PK","UNIQUE","SIZE_UOM_ID","4"
"STOP_COMMODITY","TM_STOP_COMMODIT_IDX1","NONUNIQUE","SHIPMENT_ID","1"
"STOP_COMMODITY","TM_STOP_COMMODIT_IDX1","NONUNIQUE","STOP_SEQ","2"
"STOP_COMMODITY_TEMPLATE","STOPCOMMTMPL_PK","UNIQUE","SHIPMENT_ID","1"
"STOP_COMMODITY_TEMPLATE","STOPCOMMTMPL_PK","UNIQUE","STOP_SEQ","2"
"STOP_COMMODITY_TEMPLATE","STOPCOMMTMPL_PK","UNIQUE","COMMODITY_CLASS","3"
"STOP_COMMODITY_TEMPLATE","STOPCOMMTMPL_PK","UNIQUE","SIZE_UOM_ID","4"
"STOP_COMMODITY_TEMPLATE","TM_STOP_COMMTMP_IDX1","NONUNIQUE","SHIPMENT_ID","1"
"STOP_COMMODITY_TEMPLATE","TM_STOP_COMMTMP_IDX1","NONUNIQUE","STOP_SEQ","2"
"STOP_SCHED_ACTION","STOPSCHEDACT_PK","UNIQUE","SHIPMENT_ID","1"
"STOP_SCHED_ACTION","STOPSCHEDACT_PK","UNIQUE","STOP_SEQ","2"
"STOP_SCHED_ACTION","STOPSCHEDACT_PK","UNIQUE","SCHED_EVENT_ID","3"
"STOP_SIZE","STOP_SIZE_COMM_CLAS_FK2_1_IX","NONUNIQUE","COMMODITY_CLASS","1"
"STOP_SIZE","STOP_SIZE_PK","UNIQUE","STOP_SIZE_ID","1"
"STOP_SIZE","STOP_SIZE_UK","UNIQUE","SHIPMENT_ID","1"
"STOP_SIZE","STOP_SIZE_UK","UNIQUE","STOP_SEQ","2"
"STOP_SIZE","STOP_SIZE_UK","UNIQUE","TC_COMPANY_ID","3"
"STOP_SIZE","STOP_SIZE_UK","UNIQUE","COMMODITY_CLASS","4"
"STOP_SIZE_TEMPLATE","STOP_TEMPLATE_SIZE_PK","UNIQUE","STOP_SIZE_ID","1"
"STOP_SIZE_TEMPLATE","STOP_TEMPLATE_SIZE_UK","UNIQUE","SHIPMENT_ID","1"
"STOP_SIZE_TEMPLATE","STOP_TEMPLATE_SIZE_UK","UNIQUE","STOP_SEQ","2"
"STOP_SIZE_TEMPLATE","STOP_TEMPLATE_SIZE_UK","UNIQUE","TC_COMPANY_ID","3"
"STOP_SIZE_TEMPLATE","STOP_TEMPLATE_SIZE_UK","UNIQUE","COMMODITY_CLASS","4"
"STOP_SIZE_TEMPLATE","STP_TEMP_SIZE_COMM_CLSFK2_1_IX","NONUNIQUE","COMMODITY_CLASS","1"
"STOP_STATUS","STOP_STATUS_PK","UNIQUE","STOP_STATUS","1"
"STOP_TEMPLATE","STOPT_PK","UNIQUE","SHIPMENT_ID","1"
"STOP_TEMPLATE","STOPT_PK","UNIQUE","STOP_SEQ","2"
"STOP_TEMPLATE","TM_STOP_TEMPLATE_IDX1","NONUNIQUE","DOCK_DISPATCH_CAP_ID","1"
"STOP_TEMPLATE","TM_STOP_TEMPLATE_IDX2","NONUNIQUE","WAVE_OPTION_ID","1"
"STORE_PACK_LOCN_DTL","PK_STORE_PACK_LOCN_DTL","UNIQUE","STORE_PACK_LOCN_DTL_ID","1"
"STORE_PACK_LOCN_DTL","TM_STORE_PACK_LOCN_DTL_IDX1","NONUNIQUE","LOCN_ID","1"
"STORE_PACK_LOCN_DTL","TM_STORE_PACK_LOCN_DTL_IDX2","NONUNIQUE","STORE_PACK_LOCN_HDR_ID","1"
"STORE_PACK_LOCN_DTL","UK_STORE_PACK_LOCN_DTL","UNIQUE","LOCN_ID","1"
"STORE_PACK_LOCN_DTL","UK_STORE_PACK_LOCN_DTL","UNIQUE","SEQ_NBR","2"
"STORE_PACK_LOCN_HDR","PK_STORE_PACK_LOCN_HDR","UNIQUE","STORE_PACK_LOCN_HDR_ID","1"
"STORE_PACK_LOCN_HDR","STRPCKLOCNHDR_STORENBR_IDX","NONUNIQUE","STORE_NBR","1"
"STORE_PACK_LOCN_HDR","UK_STORE_PACK_LOCN_HDR","UNIQUE","LOCN_ID","1"
"STORE_SKU_QLTY_MAP","STORE_SKU_QLTY_MA1","UNIQUE","STORE_SKUQUALITY_MAP_ID","1"
"STORE_SKU_QLTY_MAP","TM_STORE_SKU_QLT_IDX1","NONUNIQUE","QUALITY_LEVEL_ID","1"
"STORE_SKU_SOURCE","ITEM_STORE_FK1_1_IX","NONUNIQUE","SKU_ID","1"
"STORE_SKU_SOURCE","SSKUS_COMP_FK_1_IX","NONUNIQUE","TC_COMPANY_ID","1"
"STORE_SKU_SOURCE","STORE_SKU_PK","UNIQUE","STORE_SKU_SOURCE_ID","1"
"STORE_TYPE","STORE_TYPE_PK","UNIQUE","STORE_TYPE_CODE","1"
"SUBSTITUTION_LEVEL","PK_SUBSTITUT_LVL","UNIQUE","SUBSTITUTION_LEVEL","1"
"SUBSTITUTION_TYPE","PK_SUBSTITUT_TYPE","UNIQUE","SUBSTITUTION_TYPE","1"
"SUBSTITUTION_TYPE_CBO","PK_SUBSTITUTION","UNIQUE","SUBSTITUTION_TYPE","1"
"SUFFIX","SUFFIX_PK","UNIQUE","SUFFIX_DESC","1"
"SUMMARYCHART2_SP_AS_TMP","SUMMARYCHART2_SP_AS_TMP_PK","UNIQUE","COLOR_ID","1"
"SUPPLY_STATUS","SUPPLY_STATUS_PK","UNIQUE","SUPPLY_STATUS","1"
"SURE_POST_ADDRESS_DATA","SPD_ADDR_UNIQ","UNIQUE","TC_COMPANY_ID","1"
"SURE_POST_ADDRESS_DATA","SPD_ADDR_UNIQ","UNIQUE","ORIGIN_FACILITY_ID","2"
"SURE_POST_ADDRESS_DATA","SPD_ADDR_UNIQ","UNIQUE","ADDRESS_TYPE","3"
"SURE_POST_ADDRESS_DATA","SPD_ADDR_UNIQ","UNIQUE","CONSIGNEE_ZIPCODE","4"
"SURE_POST_ADDRESS_DATA","SPD_ADDR_UNIQ","UNIQUE","EFFECTIVE_DATE","5"
"SYSTEM_CODE","PK_SYSTEM_CODE","UNIQUE","SYS_CODE_ID","1"
"SYSTEM_CODE","UK_SYSTEM_CODE","UNIQUE","CODE_TYPE","1"
"SYSTEM_CODE","UK_SYSTEM_CODE","UNIQUE","CUST_ID","2"
"SYSTEM_CODE_DTL","PK_SYSTEM_CODE_DTL","UNIQUE","SYS_CODE_DTL_ID","1"
"SYSTEM_CODE_DTL","UK_SYSTEM_CODE_DTL","UNIQUE","SYS_CODE_ID","1"
"SYSTEM_CODE_DTL","UK_SYSTEM_CODE_DTL","UNIQUE","WHSE_CODE","2"
"SYSTEM_CODE_DTL","UK_SYSTEM_CODE_DTL","UNIQUE","CODE_VALUE","3"
"SYS_EXPORT_FULL_01","SYS_C00151367","UNIQUE","PROCESS_ORDER","1"
"SYS_EXPORT_FULL_01","SYS_C00151367","UNIQUE","DUPLICATE","2"
"SYS_EXPORT_FULL_01","SYS_MTABLE_00004A6AF_IND_1","NONUNIQUE","OBJECT_SCHEMA","1"
"SYS_EXPORT_FULL_01","SYS_MTABLE_00004A6AF_IND_1","NONUNIQUE","OBJECT_NAME","2"
"SYS_EXPORT_FULL_01","SYS_MTABLE_00004A6AF_IND_1","NONUNIQUE","OBJECT_TYPE","3"
"SYS_EXPORT_FULL_01","SYS_MTABLE_00004A6AF_IND_2","NONUNIQUE","BASE_PROCESS_ORDER","1"
"SYS_EXPORT_FULL_02","SYS_C00151602","UNIQUE","PROCESS_ORDER","1"
"SYS_EXPORT_FULL_02","SYS_C00151602","UNIQUE","DUPLICATE","2"
"SYS_EXPORT_FULL_02","SYS_MTABLE_00004A77D_IND_1","NONUNIQUE","OBJECT_SCHEMA","1"
"SYS_EXPORT_FULL_02","SYS_MTABLE_00004A77D_IND_1","NONUNIQUE","OBJECT_NAME","2"
"SYS_EXPORT_FULL_02","SYS_MTABLE_00004A77D_IND_1","NONUNIQUE","OBJECT_TYPE","3"
"SYS_EXPORT_FULL_02","SYS_MTABLE_00004A77D_IND_2","NONUNIQUE","BASE_PROCESS_ORDER","1"
"SYS_EXPORT_FULL_03","SYS_C00153588","UNIQUE","PROCESS_ORDER","1"
"SYS_EXPORT_FULL_03","SYS_C00153588","UNIQUE","DUPLICATE","2"
"SYS_EXPORT_FULL_03","SYS_MTABLE_00004B7BC_IND_1","NONUNIQUE","OBJECT_SCHEMA","1"
"SYS_EXPORT_FULL_03","SYS_MTABLE_00004B7BC_IND_1","NONUNIQUE","OBJECT_NAME","2"
"SYS_EXPORT_FULL_03","SYS_MTABLE_00004B7BC_IND_1","NONUNIQUE","OBJECT_TYPE","3"
"SYS_EXPORT_FULL_03","SYS_MTABLE_00004B7BC_IND_2","NONUNIQUE","BASE_PROCESS_ORDER","1"
"SYS_EXPORT_FULL_04","SYS_C00153821","UNIQUE","PROCESS_ORDER","1"
"SYS_EXPORT_FULL_04","SYS_C00153821","UNIQUE","DUPLICATE","2"
"SYS_EXPORT_FULL_04","SYS_MTABLE_00004B899_IND_1","NONUNIQUE","OBJECT_SCHEMA","1"
"SYS_EXPORT_FULL_04","SYS_MTABLE_00004B899_IND_1","NONUNIQUE","OBJECT_NAME","2"
"SYS_EXPORT_FULL_04","SYS_MTABLE_00004B899_IND_1","NONUNIQUE","OBJECT_TYPE","3"
"SYS_EXPORT_FULL_04","SYS_MTABLE_00004B899_IND_2","NONUNIQUE","BASE_PROCESS_ORDER","1"
"SYS_EXPORT_FULL_05","SYS_C00155165","UNIQUE","PROCESS_ORDER","1"
"SYS_EXPORT_FULL_05","SYS_C00155165","UNIQUE","DUPLICATE","2"
"SYS_EXPORT_FULL_05","SYS_MTABLE_00004C4B1_IND_1","NONUNIQUE","OBJECT_SCHEMA","1"
"SYS_EXPORT_FULL_05","SYS_MTABLE_00004C4B1_IND_1","NONUNIQUE","OBJECT_NAME","2"
"SYS_EXPORT_FULL_05","SYS_MTABLE_00004C4B1_IND_1","NONUNIQUE","OBJECT_TYPE","3"
"SYS_EXPORT_FULL_05","SYS_MTABLE_00004C4B1_IND_2","NONUNIQUE","BASE_PROCESS_ORDER","1"
"SYS_EXPORT_FULL_06","SYS_C00155281","UNIQUE","PROCESS_ORDER","1"
"SYS_EXPORT_FULL_06","SYS_C00155281","UNIQUE","DUPLICATE","2"
"SYS_EXPORT_FULL_06","SYS_MTABLE_00004C70E_IND_1","NONUNIQUE","OBJECT_SCHEMA","1"
"SYS_EXPORT_FULL_06","SYS_MTABLE_00004C70E_IND_1","NONUNIQUE","OBJECT_NAME","2"
"SYS_EXPORT_FULL_06","SYS_MTABLE_00004C70E_IND_1","NONUNIQUE","OBJECT_TYPE","3"
"SYS_EXPORT_FULL_06","SYS_MTABLE_00004C70E_IND_2","NONUNIQUE","BASE_PROCESS_ORDER","1"
"SYS_EXPORT_FULL_07","SYS_C00155642","UNIQUE","PROCESS_ORDER","1"
"SYS_EXPORT_FULL_07","SYS_C00155642","UNIQUE","DUPLICATE","2"
"SYS_EXPORT_FULL_07","SYS_MTABLE_00004C9F8_IND_1","NONUNIQUE","OBJECT_SCHEMA","1"
"SYS_EXPORT_FULL_07","SYS_MTABLE_00004C9F8_IND_1","NONUNIQUE","OBJECT_NAME","2"
"SYS_EXPORT_FULL_07","SYS_MTABLE_00004C9F8_IND_1","NONUNIQUE","OBJECT_TYPE","3"
"SYS_EXPORT_FULL_07","SYS_MTABLE_00004C9F8_IND_2","NONUNIQUE","BASE_PROCESS_ORDER","1"
"SYS_EXPORT_FULL_08","SYS_C00166455","UNIQUE","PROCESS_ORDER","1"
"SYS_EXPORT_FULL_08","SYS_C00166455","UNIQUE","DUPLICATE","2"
"SYS_EXPORT_FULL_08","SYS_MTABLE_000053D1C_IND_1","NONUNIQUE","OBJECT_SCHEMA","1"
"SYS_EXPORT_FULL_08","SYS_MTABLE_000053D1C_IND_1","NONUNIQUE","OBJECT_NAME","2"
"SYS_EXPORT_FULL_08","SYS_MTABLE_000053D1C_IND_1","NONUNIQUE","OBJECT_TYPE","3"
"SYS_EXPORT_FULL_08","SYS_MTABLE_000053D1C_IND_2","NONUNIQUE","BASE_PROCESS_ORDER","1"
"SYS_EXPORT_FULL_09","SYS_C00174930","UNIQUE","PROCESS_ORDER","1"
"SYS_EXPORT_FULL_09","SYS_C00174930","UNIQUE","DUPLICATE","2"
"SYS_EXPORT_FULL_09","SYS_MTABLE_000059E89_IND_1","NONUNIQUE","OBJECT_SCHEMA","1"
"SYS_EXPORT_FULL_09","SYS_MTABLE_000059E89_IND_1","NONUNIQUE","OBJECT_NAME","2"
"SYS_EXPORT_FULL_09","SYS_MTABLE_000059E89_IND_1","NONUNIQUE","OBJECT_TYPE","3"
"SYS_EXPORT_FULL_09","SYS_MTABLE_000059E89_IND_2","NONUNIQUE","BASE_PROCESS_ORDER","1"
"SYS_EXPORT_FULL_10","SYS_C00175071","UNIQUE","PROCESS_ORDER","1"
"SYS_EXPORT_FULL_10","SYS_C00175071","UNIQUE","DUPLICATE","2"
"SYS_EXPORT_FULL_11","SYS_C00186357","UNIQUE","PROCESS_ORDER","1"
"SYS_EXPORT_FULL_11","SYS_C00186357","UNIQUE","DUPLICATE","2"
"SYS_EXPORT_FULL_11","SYS_MTABLE_000061E21_IND_1","NONUNIQUE","OBJECT_SCHEMA","1"
"SYS_EXPORT_FULL_11","SYS_MTABLE_000061E21_IND_1","NONUNIQUE","OBJECT_NAME","2"
"SYS_EXPORT_FULL_11","SYS_MTABLE_000061E21_IND_1","NONUNIQUE","OBJECT_TYPE","3"
"SYS_EXPORT_FULL_11","SYS_MTABLE_000061E21_IND_2","NONUNIQUE","BASE_PROCESS_ORDER","1"
"SYS_EXPORT_FULL_12","SYS_C00186491","UNIQUE","PROCESS_ORDER","1"
"SYS_EXPORT_FULL_12","SYS_C00186491","UNIQUE","DUPLICATE","2"
"SYS_EXPORT_FULL_12","SYS_MTABLE_000061FED_IND_1","NONUNIQUE","OBJECT_SCHEMA","1"
"SYS_EXPORT_FULL_12","SYS_MTABLE_000061FED_IND_1","NONUNIQUE","OBJECT_NAME","2"
"SYS_EXPORT_FULL_12","SYS_MTABLE_000061FED_IND_1","NONUNIQUE","OBJECT_TYPE","3"
"SYS_EXPORT_FULL_12","SYS_MTABLE_000061FED_IND_2","NONUNIQUE","BASE_PROCESS_ORDER","1"
"SYS_EXPORT_FULL_13","SYS_C00203869","UNIQUE","PROCESS_ORDER","1"
"SYS_EXPORT_FULL_13","SYS_C00203869","UNIQUE","DUPLICATE","2"
"SYS_EXPORT_FULL_13","SYS_MTABLE_000070CFE_IND_1","NONUNIQUE","OBJECT_SCHEMA","1"
"SYS_EXPORT_FULL_13","SYS_MTABLE_000070CFE_IND_1","NONUNIQUE","OBJECT_NAME","2"
"SYS_EXPORT_FULL_13","SYS_MTABLE_000070CFE_IND_1","NONUNIQUE","OBJECT_TYPE","3"
"SYS_EXPORT_FULL_13","SYS_MTABLE_000070CFE_IND_2","NONUNIQUE","BASE_PROCESS_ORDER","1"
"TASK_ACTION","PK_TASK_ACTION","UNIQUE","TASK_ACTION_ID","1"
"TASK_ACTION","UK_TASK_ACTION","UNIQUE","WHSE","1"
"TASK_ACTION","UK_TASK_ACTION","UNIQUE","INVN_NEED_TYPE","2"
"TASK_ACTION","UK_TASK_ACTION","UNIQUE","TASK_TYPE","3"
"TASK_ACTION","UK_TASK_ACTION","UNIQUE","MENU_MODE","4"
"TASK_ACTION","UK_TASK_ACTION","UNIQUE","TASK_GRP","5"
"TASK_ACTION","UK_TASK_ACTION","UNIQUE","TRANSACTION_TYPE","6"
"TASK_BATCH","PK_TASK_BATCH","UNIQUE","TASK_BATCH_ID","1"
"TASK_BATCH","UK_TASK_BATCH","UNIQUE","WHSE","1"
"TASK_BATCH","UK_TASK_BATCH","UNIQUE","TASK_BATCH","2"
"TASK_DTL","PE_TASKDTL_TASKHDRID_IDX","NONUNIQUE","TASK_HDR_ID","1"
"TASK_DTL","PE_TASKDTL_TASKHDRID_IDX","NONUNIQUE","PULL_LOCN_ID","2"
"TASK_DTL","PE_TASKDTL_TASKHDRID_IDX","NONUNIQUE","ITEM_ID","3"
"TASK_DTL","PE_TASKDTL_TASKHDRID_IDX","NONUNIQUE","DEST_LOCN_ID","4"
"TASK_DTL","PE_TASKDTL_TASKHDRID_IDX","NONUNIQUE","TASK_ID","5"
"TASK_DTL","PE_TASKDTL_TASKHDRID_IDX","NONUNIQUE","TASK_SEQ_NBR","6"
"TASK_DTL","PE_TSK_IDX","NONUNIQUE","INVN_NEED_TYPE","1"
"TASK_DTL","PE_TSK_IDX","NONUNIQUE","TASK_GENRTN_REF_NBR","2"
"TASK_DTL","PE_TSK_IDX","NONUNIQUE","CARTON_NBR","3"
"TASK_DTL","PE_TSK_IDX","NONUNIQUE","TC_ORDER_ID","4"
"TASK_DTL","PE_TSK_IDX","NONUNIQUE","PULL_LOCN_ID","5"
"TASK_DTL","PK_TASK_DTL","UNIQUE","TASK_DTL_ID","1"
"TASK_DTL","TASKDTL_ALLOCINVNDTLID_IDX","NONUNIQUE","ALLOC_INVN_DTL_ID","1"
"TASK_DTL","TASKDTL_CDMASID_IDX","NONUNIQUE","CD_MASTER_ID","1"
"TASK_DTL","TASKDTL_CNTRNBRTASKID_IDX","NONUNIQUE","CNTR_NBR","1"
"TASK_DTL","TASKDTL_CNTRNBRTASKID_IDX","NONUNIQUE","TASK_ID","2"
"TASK_DTL","TASKDTL_CNTRNBRTASKID_IDX","NONUNIQUE","QTY_ALLOC","3"
"TASK_DTL","TASKDTL_CNTRNBRTASKID_IDX","NONUNIQUE","QTY_PULLD","4"
"TASK_DTL","TASKDTL_CNTRTAKSIDSCODE_IDX","NONUNIQUE","CNTR_NBR","1"
"TASK_DTL","TASKDTL_CNTRTAKSIDSCODE_IDX","NONUNIQUE","TASK_ID","2"
"TASK_DTL","TASKDTL_CNTRTAKSIDSCODE_IDX","NONUNIQUE","STAT_CODE","3"
"TASK_DTL","TASKDTL_CNTRTAKSIDSCODE_IDX","NONUNIQUE","INVN_TYPE","4"
"TASK_DTL","TASKDTL_CNTRTAKSIDSCODE_IDX","NONUNIQUE","PROD_STAT","5"
"TASK_DTL","TASKDTL_CNTRTAKSIDSCODE_IDX","NONUNIQUE","BATCH_NBR","6"
"TASK_DTL","TASKDTL_CNTRTAKSIDSCODE_IDX","NONUNIQUE","SKU_ATTR_1","7"
"TASK_DTL","TASKDTL_CNTRTAKSIDSCODE_IDX","NONUNIQUE","SKU_ATTR_2","8"
"TASK_DTL","TASKDTL_CNTRTAKSIDSCODE_IDX","NONUNIQUE","SKU_ATTR_3","9"
"TASK_DTL","TASKDTL_CNTRTAKSIDSCODE_IDX","NONUNIQUE","SKU_ATTR_4","10"
"TASK_DTL","TASKDTL_CNTRTAKSIDSCODE_IDX","NONUNIQUE","SKU_ATTR_5","11"
"TASK_DTL","TASKDTL_CNTRTAKSIDSCODE_IDX","NONUNIQUE","CNTRY_OF_ORGN","12"
"TASK_DTL","TASKDTL_CNTRTAKSIDSCODE_IDX","NONUNIQUE","QTY_ALLOC","13"
"TASK_DTL","TASKDTL_CNTRTAKSIDSCODE_IDX","NONUNIQUE","QTY_PULLD","14"
"TASK_DTL","TASKDTL_CRTNBRDSTATCODE_IDX","NONUNIQUE","CARTON_NBR","1"
"TASK_DTL","TASKDTL_CRTNBRDSTATCODE_IDX","NONUNIQUE","STAT_CODE","2"
"TASK_DTL","TASKDTL_CRTNNBRSEQNBR_IDX","NONUNIQUE","CARTON_NBR","1"
"TASK_DTL","TASKDTL_CRTNNBRSEQNBR_IDX","NONUNIQUE","CARTON_SEQ_NBR","2"
"TASK_DTL","TASKDTL_CRTNNBRSEQNBR_IDX","NONUNIQUE","TASK_ID","3"
"TASK_DTL","TASKDTL_DESTLOCNID_IDX","NONUNIQUE","DEST_LOCN_ID","1"
"TASK_DTL","TASKDTL_INVNNEEDSTATCODE_IDX","NONUNIQUE","INVN_NEED_TYPE","1"
"TASK_DTL","TASKDTL_INVNNEEDSTATCODE_IDX","NONUNIQUE","CREATE_DATE_TIME","2"
"TASK_DTL","TASKDTL_INVNNEEDSTATCODE_IDX","NONUNIQUE","STAT_CODE","3"
"TASK_DTL","TASKDTL_ITEMIDINVNPROD_IDX","NONUNIQUE","ITEM_ID","1"
"TASK_DTL","TASKDTL_ITEMIDINVNPROD_IDX","NONUNIQUE","STAT_CODE","2"
"TASK_DTL","TASKDTL_ITEMIDINVNPROD_IDX","NONUNIQUE","INVN_TYPE","3"
"TASK_DTL","TASKDTL_ITEMIDINVNPROD_IDX","NONUNIQUE","PROD_STAT","4"
"TASK_DTL","TASKDTL_ITEMIDINVNPROD_IDX","NONUNIQUE","BATCH_NBR","5"
"TASK_DTL","TASKDTL_ITEMIDINVNPROD_IDX","NONUNIQUE","SKU_ATTR_1","6"
"TASK_DTL","TASKDTL_ITEMIDINVNPROD_IDX","NONUNIQUE","SKU_ATTR_2","7"
"TASK_DTL","TASKDTL_ITEMIDINVNPROD_IDX","NONUNIQUE","SKU_ATTR_3","8"
"TASK_DTL","TASKDTL_ITEMIDINVNPROD_IDX","NONUNIQUE","SKU_ATTR_4","9"
"TASK_DTL","TASKDTL_ITEMIDINVNPROD_IDX","NONUNIQUE","SKU_ATTR_5","10"
"TASK_DTL","TASKDTL_ITEMIDINVNPROD_IDX","NONUNIQUE","CNTRY_OF_ORGN","11"
"TASK_DTL","TASKDTL_ITEMIDINVNPROD_IDX","NONUNIQUE","TASK_ID","12"
"TASK_DTL","TASKDTL_ITEMIDINVNPROD_IDX","NONUNIQUE","QTY_ALLOC","13"
"TASK_DTL","TASKDTL_ITEMIDINVNPROD_IDX","NONUNIQUE","QTY_PULLD","14"
"TASK_DTL","TASKDTL_ITEMIDPULLLOCNID_IDX","NONUNIQUE","ITEM_ID","1"
"TASK_DTL","TASKDTL_ITEMIDPULLLOCNID_IDX","NONUNIQUE","PULL_LOCN_ID","2"
"TASK_DTL","TASKDTL_ITEMIDPULLLOCNID_IDX","NONUNIQUE","INVN_NEED_TYPE","3"
"TASK_DTL","TASKDTL_ITEMIDPULLLOCNID_IDX","NONUNIQUE","QTY_ALLOC","4"
"TASK_DTL","TASKDTL_ITEMIDPULLLOCNID_IDX","NONUNIQUE","QTY_PULLD","5"
"TASK_DTL","TASKDTL_ITEMID_IDX","NONUNIQUE","ITEM_ID","1"
"TASK_DTL","TASKDTL_PKTCNBRSEQNBR_IDX","NONUNIQUE","PKT_CTRL_NBR","1"
"TASK_DTL","TASKDTL_PKTCNBRSEQNBR_IDX","NONUNIQUE","PKT_SEQ_NBR","2"
"TASK_DTL","TASKDTL_PKTCNBRSEQNBR_IDX","NONUNIQUE","STAT_CODE","3"
"TASK_DTL","TASKDTL_PLONCID_IDX","NONUNIQUE","PULL_LOCN_ID","1"
"TASK_DTL","TASKDTL_TASKIDCNTRNBR_IDX","NONUNIQUE","TASK_ID","1"
"TASK_DTL","TASKDTL_TASKIDCNTRNBR_IDX","NONUNIQUE","CNTR_NBR","2"
"TASK_DTL","TASKDTL_TASKIDCNTRNBR_IDX","NONUNIQUE","ITEM_ID","3"
"TASK_DTL","TASKDTL_TASKIDCNTRNBR_IDX","NONUNIQUE","BATCH_NBR","4"
"TASK_DTL","TASKDTL_TASKIDCNTRNBR_IDX","NONUNIQUE","PROD_STAT","5"
"TASK_DTL","TASKDTL_TASKIDCNTRNBR_IDX","NONUNIQUE","STAT_CODE","6"
"TASK_DTL","TASKDTL_TASKIDCNTRNBR_IDX","NONUNIQUE","INVN_TYPE","7"
"TASK_DTL","TASKDTL_TASKIDCNTRNBR_IDX","NONUNIQUE","SKU_ATTR_1","8"
"TASK_DTL","TASKDTL_TASKIDCNTRNBR_IDX","NONUNIQUE","SKU_ATTR_2","9"
"TASK_DTL","TASKDTL_TASKIDCNTRNBR_IDX","NONUNIQUE","SKU_ATTR_3","10"
"TASK_DTL","TASKDTL_TASKIDCNTRNBR_IDX","NONUNIQUE","SKU_ATTR_4","11"
"TASK_DTL","TASKDTL_TASKIDCNTRNBR_IDX","NONUNIQUE","SKU_ATTR_5","12"
"TASK_DTL","TASKDTL_TASKIDCNTRNBR_IDX","NONUNIQUE","CNTRY_OF_ORGN","13"
"TASK_DTL","TASKDTL_TASKIDCNTRNBR_IDX","NONUNIQUE","QTY_ALLOC","14"
"TASK_DTL","TASKDTL_TASKIDCNTRNBR_IDX","NONUNIQUE","QTY_PULLD","15"
"TASK_DTL","TASKDTL_TASKREFCODENBR_IDX","NONUNIQUE","TASK_CMPL_REF_CODE","1"
"TASK_DTL","TASKDTL_TASKREFCODENBR_IDX","NONUNIQUE","TASK_CMPL_REF_NBR","2"
"TASK_DTL","TASKDTL_TCORDLITEMIDSTATCD_IDX","NONUNIQUE","TC_ORDER_ID","1"
"TASK_DTL","TASKDTL_TCORDLITEMIDSTATCD_IDX","NONUNIQUE","LINE_ITEM_ID","2"
"TASK_DTL","TASKDTL_TCORDLITEMIDSTATCD_IDX","NONUNIQUE","STAT_CODE","3"
"TASK_DTL","TASKDTL_TGENRTNNBRCODE_IDX","NONUNIQUE","TASK_GENRTN_REF_NBR","1"
"TASK_DTL","TASKDTL_TGENRTNNBRCODE_IDX","NONUNIQUE","TASK_GENRTN_REF_CODE","2"
"TASK_DTL","TASKDTL_TOTE_IDX","NONUNIQUE","TOTE_NBR","1"
"TASK_DTL","TASK_DTL_IND_15","NONUNIQUE","TASK_ID","1"
"TASK_DTL","TASK_DTL_IND_15","NONUNIQUE","ITEM_ID","2"
"TASK_DTL","TASK_DTL_IND_15","NONUNIQUE","ORIG_REQMT","3"
"TASK_DTL","TASK_DTL_IND_15","NONUNIQUE","QTY_ALLOC","4"
"TASK_DTL","TASK_DTL_IND_15","NONUNIQUE","QTY_PULLD","5"
"TASK_DTL","TASK_DTL_IND_15","NONUNIQUE","ALLOC_UOM","6"
"TASK_DTL","TASK_DTL_IND_15","NONUNIQUE","STAT_CODE","7"
"TASK_DTL","TASK_DTL_IND_15","NONUNIQUE","TASK_DTL_ID","8"
"TASK_DTL","TASK_DTL_IND_15","NONUNIQUE","CD_MASTER_ID","9"
"TASK_DTL","TASK_DTL_IND_15","NONUNIQUE","TASK_SEQ_NBR","10"
"TASK_DTL","TD_ALLOCATION_KEY_IDX","NONUNIQUE","ALLOCATION_KEY","1"
"TASK_DTL","TM_TASK_DTL_IDX1","NONUNIQUE","TASK_ID","1"
"TASK_DTL","UK_TASK_DTL","UNIQUE","TASK_ID","1"
"TASK_DTL","UK_TASK_DTL","UNIQUE","TASK_SEQ_NBR","2"
"TASK_GRP_ELGBLTY","PK_TASK_GRP_ELGBLTY","UNIQUE","TASK_GRP_ELGBLTY_ID","1"
"TASK_GRP_ELGBLTY","UK_TASK_GRP_ELGBLTY","UNIQUE","WHSE","1"
"TASK_GRP_ELGBLTY","UK_TASK_GRP_ELGBLTY","UNIQUE","TASK_GRP","2"
"TASK_GRP_ELGBLTY","UK_TASK_GRP_ELGBLTY","UNIQUE","INVN_NEED_TYPE","3"
"TASK_GRP_ELGBLTY","UK_TASK_GRP_ELGBLTY","UNIQUE","TASK_TYPE","4"
"TASK_GRP_ELGBLTY","UK_TASK_GRP_ELGBLTY","UNIQUE","WORK_GRP","5"
"TASK_GRP_ELGBLTY","UK_TASK_GRP_ELGBLTY","UNIQUE","WORK_AREA","6"
"TASK_GRP_EQUIP_ELGBLTY","PK_TASK_GRP_EQUIP_ELGBLTY","UNIQUE","TASK_GRP_EQUIP_ELGBLTY_ID","1"
"TASK_GRP_EQUIP_ELGBLTY","UK_TASK_GRP_EQUIP_ELGBLTY","UNIQUE","WHSE","1"
"TASK_GRP_EQUIP_ELGBLTY","UK_TASK_GRP_EQUIP_ELGBLTY","UNIQUE","TASK_GRP","2"
"TASK_GRP_EQUIP_ELGBLTY","UK_TASK_GRP_EQUIP_ELGBLTY","UNIQUE","EQUIPMENT_CODE","3"
"TASK_HDR","PK_TASK_HDR","UNIQUE","TASK_HDR_ID","1"
"TASK_HDR","TASKHDR_CREATEDTTM_IDX","NONUNIQUE","CREATE_DATE_TIME","1"
"TASK_HDR","TASKHDR_CURRLOCNID_IDX","NONUNIQUE","CURR_LOCN_ID","1"
"TASK_HDR","TASKHDR_CURTPTY_RDTM_TSKI_STCD","NONUNIQUE","CURR_TASK_PRTY","1"
"TASK_HDR","TASKHDR_CURTPTY_RDTM_TSKI_STCD","NONUNIQUE","RLS_DATE_TIME","2"
"TASK_HDR","TASKHDR_CURTPTY_RDTM_TSKI_STCD","NONUNIQUE","TASK_ID","3"
"TASK_HDR","TASKHDR_CURTPTY_RDTM_TSKI_STCD","NONUNIQUE","STAT_CODE","4"
"TASK_HDR","TASKHDR_NEEDID_IDX","NONUNIQUE","NEED_ID","1"
"TASK_HDR","TASKHDR_ORIGTASKID_IDX","NONUNIQUE","ORIG_TASK_ID","1"
"TASK_HDR","TASKHDR_OWNERUSERID_IDX","NONUNIQUE","OWNER_USER_ID","1"
"TASK_HDR","TASKHDR_STATCODEINVNTASKID_IDX","NONUNIQUE","STAT_CODE","1"
"TASK_HDR","TASKHDR_STATCODEINVNTASKID_IDX","NONUNIQUE","INVN_NEED_TYPE","2"
"TASK_HDR","TASKHDR_STATCODEINVNTASKID_IDX","NONUNIQUE","PICK_TO_TOTE_FLAG","3"
"TASK_HDR","TASKHDR_STATCODEINVNTASKID_IDX","NONUNIQUE","WHSE","4"
"TASK_HDR","TASKHDR_TCMPLREFNBRCODE_IDX","NONUNIQUE","TASK_CMPL_REF_NBR","1"
"TASK_HDR","TASKHDR_TCMPLREFNBRCODE_IDX","NONUNIQUE","TASK_CMPL_REF_CODE","2"
"TASK_HDR","TASKHDR_TGENRTNREFNBRCODE_IDX","NONUNIQUE","TASK_GENRTN_REF_NBR","1"
"TASK_HDR","TASKHDR_TGENRTNREFNBRCODE_IDX","NONUNIQUE","TASK_GENRTN_REF_CODE","2"
"TASK_HDR","TASKHDR_TPARMIDRULEID_IDX","NONUNIQUE","TASK_PARM_ID","1"
"TASK_HDR","TASKHDR_TPARMIDRULEID_IDX","NONUNIQUE","RULE_ID","2"
"TASK_HDR","TASKHDR_VINTRNLREVID_IDX","NONUNIQUE","VOCO_INTRNL_REVERSE_ID","1"
"TASK_HDR","TASK_HDR_IND_3","NONUNIQUE","WHSE","1"
"TASK_HDR","TASK_HDR_IND_3","NONUNIQUE","TASK_ID","2"
"TASK_HDR","TASK_HDR_IND_3","NONUNIQUE","STAT_CODE","3"
"TASK_HDR","TASK_HDR_IND_3","NONUNIQUE","INVN_NEED_TYPE","4"
"TASK_HDR","TASK_HDR_TASK_TYPE","NONUNIQUE","TASK_TYPE","1"
"TASK_HDR","UK_TASK_HDR","UNIQUE","TASK_ID","1"
"TASK_PARM","PK_TASK_PARM","UNIQUE","TASK_PARM_ID","1"
"TASK_PARM","TASKPARM_CNBRECTYPE_IDX","NONUNIQUE","CRIT_NBR","1"
"TASK_PARM","TASKPARM_CNBRECTYPE_IDX","NONUNIQUE","REC_TYPE","2"
"TASK_PRTY_DETRM","PK_TASK_PRTY_DETRM","UNIQUE","TASK_PRTY_DETRM_ID","1"
"TASK_PRTY_DETRM","UK_TASK_PRTY_DETRM","UNIQUE","WHSE","1"
"TASK_PRTY_DETRM","UK_TASK_PRTY_DETRM","UNIQUE","TASK_TYPE","2"
"TASK_PRTY_DETRM","UK_TASK_PRTY_DETRM","UNIQUE","INVN_NEED_TYPE","3"
"TASK_PRTY_DETRM","UK_TASK_PRTY_DETRM","UNIQUE","CURR_TASK_PRTY","4"
"TASK_PRTY_DETRM","UK_TASK_PRTY_DETRM","UNIQUE","DURTN_SINCE_TASK_START_TIME","5"
"TASK_PRT_SORT_DTL","PK_TASK_PRT_SORT_DTL","UNIQUE","TASK_PRT_SORT_DTL_ID","1"
"TASK_PRT_SORT_DTL","TM_TASK_PRT_SORT_DTL_IDX1","NONUNIQUE","RULE_HDR_ID","1"
"TASK_PRT_SORT_DTL","TM_TASK_PRT_SORT_DTL_IDX2","NONUNIQUE","RULE_ID","1"
"TASK_PRT_SORT_DTL","UK_TASK_PRT_SORT_DTL","UNIQUE","RULE_ID","1"
"TASK_PRT_SORT_DTL","UK_TASK_PRT_SORT_DTL","UNIQUE","SORT_SEQ_NBR","2"
"TASK_RLS_DETRM","PK_TASK_RLS_DETRM","UNIQUE","TASK_RLS_DETRM_ID","1"
"TASK_RULE_PARM","PK_TASK_RULE_PARM","UNIQUE","TASK_RULE_PARM_ID","1"
"TASK_RULE_PARM","TASKRULEPARM_CARTPLANID_IDX","NONUNIQUE","CART_PLAN_ID","1"
"TASK_RULE_PARM","TASKRULEPARM_RULEID_IDX","NONUNIQUE","RULE_ID","1"
"TASK_RULE_PARM","TM_TASK_RULE_PARM_IDX1","NONUNIQUE","RULE_HDR_ID","1"
"TASK_RULE_PARM","TM_TASK_RULE_PARM_IDX2","NONUNIQUE","TASK_PARM_ID","1"
"TASK_RULE_PARM","UK_TASK_RULE_PARM","UNIQUE","TASK_PARM_ID","1"
"TASK_RULE_PARM","UK_TASK_RULE_PARM","UNIQUE","RULE_ID","2"
"TAX_BAND","TAX_BAND_PK","UNIQUE","TC_COMPANY_ID","1"
"TAX_BAND","TAX_BAND_PK","UNIQUE","NAME","2"
"TAX_BAND","TAX_BAND_PK","UNIQUE","COUNTRY_CODE","3"
"TAX_BAND","TM_TAX_BAND_IDX1","NONUNIQUE","COUNTRY_CODE","1"
"TAX_BAND_DETAIL","FK_TAX_BAND_DTL_UOM_1_IX","NONUNIQUE","UOM_ID","1"
"TAX_BAND_DETAIL","TAXBANDDTL_PK","UNIQUE","TC_COMPANY_ID","1"
"TAX_BAND_DETAIL","TAXBANDDTL_PK","UNIQUE","NAME","2"
"TAX_BAND_DETAIL","TAXBANDDTL_PK","UNIQUE","TAX_BAND_DETAIL_ID","3"
"TC_GEN_ID_RULES","TC_GENIR_PK","UNIQUE","TC_COMPANY_ID","1"
"TEMP2_SLOT_ITEM","PK_TEMP2_SLOT_ITEM","UNIQUE","SLOTITEM_ID","1"
"TEMP_SLOT_ITEM","PK_TEMP_SLOT_ITEM","UNIQUE","SLOTITEM_ID","1"
"TERMDICTIONARY","PK_TERMDICTIONARY","UNIQUE","NAMESPACE","1"
"TERMDICTIONARY","PK_TERMDICTIONARY","UNIQUE","ID","2"
"TERMDICTIONARY","PK_TERMDICTIONARY","UNIQUE","LANGUAGE","3"
"TERMDICTIONARY","PK_TERMDICTIONARY","UNIQUE","ENTERPRISEID","4"
"TERMDICTIONARY","TM_TERMDICTIONARY_IDX1","NONUNIQUE","ENTERPRISEID","1"
"TEXTREPOSITORY","PK_TEXTREPOSITORY","UNIQUE","NAMESPACE","1"
"TEXTREPOSITORY","PK_TEXTREPOSITORY","UNIQUE","ID","2"
"TEXTREPOSITORY","PK_TEXTREPOSITORY","UNIQUE","LANGUAGE","3"
"TEXTREPOSITORY","PK_TEXTREPOSITORY","UNIQUE","ENTERPRISEID","4"
"TEXTREPOSITORY","TM_TEXTREPOSITORY_IDX1","NONUNIQUE","ENTERPRISEID","1"
"TEXTREPOSITORYGROUPS","PK_TEXTREPOSITORYGROUPS","UNIQUE","GROUPNAMESPACE","1"
"TEXTREPOSITORYGROUPS","PK_TEXTREPOSITORYGROUPS","UNIQUE","GROUPID","2"
"TEXTREPOSITORYGROUPXREF","PK_TEXTREPOSITORYGROUPXREF","UNIQUE","GROUPNAMESPACE","1"
"TEXTREPOSITORYGROUPXREF","PK_TEXTREPOSITORYGROUPXREF","UNIQUE","GROUPID","2"
"TEXTREPOSITORYGROUPXREF","PK_TEXTREPOSITORYGROUPXREF","UNIQUE","NAMESPACE","3"
"TEXTREPOSITORYGROUPXREF","PK_TEXTREPOSITORYGROUPXREF","UNIQUE","ID","4"
"TEXTREPOSITORYGROUPXREF","TM_TEXTRPOSITORYGROUPXREF_IDX1","NONUNIQUE","GROUPNAMESPACE","1"
"TEXTREPOSITORYGROUPXREF","TM_TEXTRPOSITORYGROUPXREF_IDX1","NONUNIQUE","GROUPID","2"
"TEXTREPOSITORYKEYS","PK_TEXTREPOSITORYKEYS","UNIQUE","TEXTKEY","1"
"TEXTSUBSTITUTIONALIASES","PK_TEXTSUBSTITUTIONALIASES","UNIQUE","NAMESPACE","1"
"TEXTSUBSTITUTIONALIASES","PK_TEXTSUBSTITUTIONALIASES","UNIQUE","ID","2"
"TEXTSUBSTITUTIONALIASES","PK_TEXTSUBSTITUTIONALIASES","UNIQUE","ALIAS","3"
"TF_PENALTY","TF_PENALTY_PK","UNIQUE","TF_PENALTY_ID","1"
"TF_PENALTY_GROUP_FACILITY","TF_PENALTY_GRP_FAC_FK1_IDX","NONUNIQUE","TF_PENALTY_ID","1"
"TF_PENALTY_GROUP_FACILITY","TF_PENALTY_GRP_FAC_PK","UNIQUE","TC_COMPANY_ID","1"
"TF_PENALTY_GROUP_FACILITY","TF_PENALTY_GRP_FAC_PK","UNIQUE","FACILITY_ID","2"
"TF_SHIPMENT_CONFIG","UNIQUE_CONFIGURATION_FIELD","UNIQUE","COMPANY_ID","1"
"TF_SHIPMENT_CONFIG","UNIQUE_CONFIGURATION_FIELD","UNIQUE","CONFIGURATION_FIELD","2"
"THEME_CUSTOM_USER_TYPE","THEME_CUSTOM_USER_TYPE_PK","UNIQUE","THEME_CUSTOM_USER_TYPE_ID","1"
"THEME_CUSTOM_USER_TYPE","THEME_CUSTOM_USER_TYPE_UK1","UNIQUE","CUSTOM_USER_TYPE","1"
"THEME_DATA","PARENT_THEME_DATA_FK_1_IX","NONUNIQUE","PARENT_THEME_DATA_ID","1"
"THEME_DATA","THEME_DATA_NAME_UK1","UNIQUE","THEME_NAME","1"
"THEME_DATA","THEME_DATA_PK","UNIQUE","THEME_DATA_ID","1"
"THEME_DATA","THEME_DATA_REPOSITORY_FK1_1_IX","NONUNIQUE","THEME_REPOSITORY_TYPE_ID","1"
"THEME_DATA","THEME_DATA_THEME_TYPE_FK1_1_IX","NONUNIQUE","THEME_TYPE_ID","1"
"THEME_MANAGER","THEME_MANAGER_COMPANY_FK_1_IX","NONUNIQUE","COMPANY_ID","1"
"THEME_MANAGER","THEME_MANAGER_CU_TYPE_FK_1_IX","NONUNIQUE","THEME_CUSTOM_USER_TYPE_ID","1"
"THEME_MANAGER","THEME_MANAGER_PK","UNIQUE","THEME_MANAGER_ID","1"
"THEME_MANAGER","THEME_MANAGER_UK","UNIQUE","THEME_DATA_ID","1"
"THEME_MANAGER","THEME_MANAGER_UK","UNIQUE","CUSTOM_USER_ID","2"
"THEME_MANAGER","THEME_MANAGER_UK","UNIQUE","THEME_CUSTOM_USER_TYPE_ID","3"
"THEME_MANAGER","THEME_MANAGER_UK","UNIQUE","COMPANY_ID","4"
"THEME_REPOSITORY_TYPE","THEME_REPOSITORY_TYPE_PK","UNIQUE","THEME_REPOSITORY_TYPE_ID","1"
"THEME_REPOSITORY_TYPE","THEME_REPOSITORY_TYPE_UK1","UNIQUE","REPOSITORY_NAME","1"
"THEME_RESOURCE","THEME_RESOURCE_PK","UNIQUE","THEME_RESOURCE_ID","1"
"THEME_RESOURCE","THEME_RESOURCE_UK","UNIQUE","RESOURCE_NAME","1"
"THEME_RESOURCE","THEME_R_THEME_IDX1","NONUNIQUE","THEME_RESOURCE_TYPE_ID","1"
"THEME_RESOURCE_TYPE","THEME_RESOURCE_TYPE_NAME","UNIQUE","TYPE_NAME","1"
"THEME_RESOURCE_TYPE","THEME_RESOURCE_TYPE_PK","UNIQUE","THEME_RESOURCE_TYPE_ID","1"
"THEME_SECTION","THEME_SECTION_PK","UNIQUE","THEME_SECTION_ID","1"
"THEME_SECTION","THEME_SECTION_UK1","UNIQUE","THEME_DATA_ID","1"
"THEME_SECTION","THEME_SECTION_UK1","UNIQUE","SECTION_NAME","2"
"THEME_SECTION","THEME_S_PAREN_IDX1","NONUNIQUE","PARENT_THEME_SECTION_ID","1"
"THEME_TYPE","THEME_TYPE_NAME","UNIQUE","NAME","1"
"THEME_TYPE","THEME_TYPE_PK","UNIQUE","THEME_TYPE_ID","1"
"THREAD_CONFIG","THREAD_CONFIG_PK","UNIQUE","THREAD_CONFIG_ID","1"
"TIME_FEAS_CALC","TIME_FEASC_PK","UNIQUE","TIME_FEAS_CALC","1"
"TMP_ACT_TRK_LPNS","SYS_C0063184","UNIQUE","LPN_ID","1"
"TMP_AGGREGATION_LINE_GROUPS","TMP_AGGR_LINE_GROUPS_IND_1","UNIQUE","REFERENCE_ORDER_ID","1"
"TMP_AGGREGATION_LINE_GROUPS","TMP_AGGR_LINE_GROUPS_IND_1","UNIQUE","LINE_GROUP_NUM","2"
"TMP_AGGREGATION_LINE_GROUPS","TMP_AGGR_LINE_GROUPS_IND_2","UNIQUE","LINE_ITEM_ID","1"
"TMP_AGGREGATION_LINE_ITEMS","TMP_AGGR_LINE_ITEMS_IND_1","UNIQUE","ORDER_ID","1"
"TMP_AGGREGATION_LINE_ITEMS","TMP_AGGR_LINE_ITEMS_IND_1","UNIQUE","LINE_ITEM_ID","2"
"TMP_AGGREGATION_LINE_ITEMS","TMP_AGGR_LINE_ITEMS_IND_2","NONUNIQUE","REFERENCE_ORDER_ID","1"
"TMP_AGGREGATION_LINE_ITEMS","TMP_AGGR_LINE_ITEMS_IND_2","NONUNIQUE","LINE_GROUP_NUM","2"
"TMP_AGGREGATION_ORDERS","TMP_AGGR_ORDERS_IND_1","UNIQUE","ORDER_ID","1"
"TMP_AGGREGATION_ORDERS","TMP_AGGR_ORDERS_IND_2","NONUNIQUE","D_FACILITY_ID","1"
"TMP_AGGREGATION_ORDER_GROUPS","TMP_AGGR_ORDER_GROUPS_IND_1","UNIQUE","ORDER_GROUP_NUM","1"
"TMP_CL_PURGE","TMP_CL_PURGE_IND_1","NONUNIQUE","ROW_ID","1"
"TMP_CL_PURGE","TMP_CL_PURGE_IND_1","NONUNIQUE","MSG_ID","2"
"TMP_DEALLOC_OLI","PK_TMP_DEALLOC_OLI","UNIQUE","ORDER_ID","1"
"TMP_DEALLOC_OLI","PK_TMP_DEALLOC_OLI","UNIQUE","LINE_ITEM_ID","2"
"TMP_DYNAMIC_REPL_CACHE","TMP_DYNM_REPL_CACHE_IDX1","NONUNIQUE","PICK_LOCN_HDR_ID","1"
"TMP_EVENT_MESSAGE","TMP_EVENT_MESSAGE_IDX1","UNIQUE","EVENT_MESSAGE_ID","1"
"TMP_HN_HDR_ID","TMP_HN_HDR_ID_PK","UNIQUE","HN_HDR_ID","1"
"TMP_INTG_ORDERS","TMP_INTG_ORDERS_IND_1","UNIQUE","ORDER_ID","1"
"TMP_INTG_ORDER_SHIPMENTS","TMP_INTG_ORDER_SHIPMENTS_IND_1","UNIQUE","ORDER_ID","1"
"TMP_INTG_ORDER_SHIPMENTS","TMP_INTG_ORDER_SHIPMENTS_IND_1","UNIQUE","SHIPMENT_ID","2"
"TMP_INVC_LPN_LIST","SYS_C0063196","UNIQUE","LPN_ID","1"
"TMP_INVC_LPN_MASTR_LIST","SYS_C0063195","UNIQUE","LPN_ID","1"
"TMP_INVC_ORDER_LIST","SYS_C0063200","UNIQUE","ORDER_ID","1"
"TMP_INVC_ORDER_MASTR_LIST","SYS_C0063194","UNIQUE","ORDER_ID","1"
"TMP_INVC_ORIG_OLI","PK_TMP_INVC_ORIG_OLI","UNIQUE","ORDER_ID","1"
"TMP_INVC_ORIG_OLI","PK_TMP_INVC_ORIG_OLI","UNIQUE","LINE_ITEM_ID","2"
"TMP_INVC_ORIG_OLI","TMP_INVC_ORIG_OLI_IDX1","NONUNIQUE","PARENT_ORDER_ID","1"
"TMP_LINE_ITEM","PK_TMP_LINE_ITEM","UNIQUE","ORDER_ID","1"
"TMP_LINE_ITEM","PK_TMP_LINE_ITEM","UNIQUE","ORDER_SPLIT_ID","2"
"TMP_LINE_ITEM","PK_TMP_LINE_ITEM","UNIQUE","LINE_ITEM_ID","3"
"TMP_LPN","PK_TMP_LPN","UNIQUE","LPN_ID","1"
"TMP_LPN_ACTUAL_QTY","SYS_C0063182","UNIQUE","TC_LPN_ID","1"
"TMP_LPN_ALLOCATED_QTY","SYS_C0063183","UNIQUE","TC_LPN_ID","1"
"TMP_LPN_DTL","TMP_LPN_DTL_PK","UNIQUE","LPN_ID","1"
"TMP_LPN_DTL","TMP_LPN_DTL_PK","UNIQUE","ITEM_ID","2"
"TMP_LPN_LIST","SYS_C0063186","UNIQUE","LPN_ID","1"
"TMP_LRF_EVENT","TMP_LRF_EVENT_IDX","UNIQUE","LRF_EVENT_ID","1"
"TMP_LRF_REPORT_PARAM_VALUE_DTL","TMP_LRF_RPT_PARM_VALUE_DTL_IDX","UNIQUE","REPORT_PARAM_VALUE_DTL_ID","1"
"TMP_LRF_SCHED_EVENT_REPORT","TMP_LRF_SCHED_EVENT_REPORT_IDX","UNIQUE","EVENT_ID","1"
"TMP_MERGE_RTL_PKT_DTL","TMP_MERGE_RTL_PKT_DTL_IND_1","UNIQUE","REFERENCE_ORDER_ID","1"
"TMP_MERGE_RTL_PKT_DTL","TMP_MERGE_RTL_PKT_DTL_IND_1","UNIQUE","REFERENCE_LINE_ITEM_ID","2"
"TMP_MERGE_RTL_PKT_DTL","TMP_MERGE_RTL_PKT_DTL_IND_1","UNIQUE","PKT_QTY","3"
"TMP_MERGE_RTL_PKT_DTL","TMP_MERGE_RTL_PKT_DTL_IND_1","UNIQUE","RTL_TO_BE_DISTROED_QTY","4"
"TMP_MERGE_RTL_PKT_DTL","TMP_MERGE_RTL_PKT_DTL_IND_2","NONUNIQUE","ORIGINAL_TC_ORDER_ID","1"
"TMP_MERGE_RTL_PKT_DTL","TMP_MERGE_RTL_PKT_DTL_IND_2","NONUNIQUE","CD_MASTER_ID","2"
"TMP_MERGE_SELECTED_ORDERS","TMP_MERGE_SEL_ORDERS_IND_1","UNIQUE","REFERENCE_ORDER_ID","1"
"TMP_MERGE_SELECTED_ORDERS","TMP_MERGE_SEL_ORDERS_IND_1","UNIQUE","REFERENCE_LINE_ITEM_ID_INT2","2"
"TMP_MERGE_SELECTED_ORDERS","TMP_MERGE_SEL_ORDERS_IND_1","UNIQUE","ID","3"
"TMP_MERGE_SELECTED_ORDERS","TMP_MERGE_SEL_ORDERS_IND_2","UNIQUE","ORDER_ID","1"
"TMP_MERGE_SELECTED_ORDERS","TMP_MERGE_SEL_ORDERS_IND_2","UNIQUE","LINE_ITEM_ID","2"
"TMP_MERGE_SPLIT_ORDERS","TMP_MERGE_SPLIT_ORDERS_IND_1","UNIQUE","REFERENCE_ORDER_ID","1"
"TMP_MERGE_SPLIT_ORDERS","TMP_MERGE_SPLIT_ORDERS_IND_1","UNIQUE","REFERENCE_LINE_ITEM_ID_INT2","2"
"TMP_MERGE_SPLIT_ORDERS","TMP_MERGE_SPLIT_ORDERS_IND_1","UNIQUE","ID","3"
"TMP_OLD_ORD_STATUS","SYS_C0062855","UNIQUE","ORDER_ID","1"
"TMP_OLI_CNTR_TYPE","TMP_OLI_CNTR_TYPE_PK","UNIQUE","ALLOC_INVN_DTL_ID","1"
"TMP_OLI_SPLITS","UK_TMP_OLI_SPLITS","UNIQUE","ORDER_ID","1"
"TMP_OLI_SPLITS","UK_TMP_OLI_SPLITS","UNIQUE","LINE_ITEM_ID","2"
"TMP_OLI_SPLITS","UK_TMP_OLI_SPLITS","UNIQUE","ORDER_SPLIT_ID","3"
"TMP_OM_SCHED_EVENT","TMP_OM_SCHED_EVENT_IND1","UNIQUE","EVENT_ID","1"
"TMP_ORDER","PK_TMP_ORDER","UNIQUE","ORDER_ID","1"
"TMP_ORDER","PK_TMP_ORDER","UNIQUE","ORDER_SPLIT_ID","2"
"TMP_ORDERS","TMP_ORDERS_PK","UNIQUE","ORDER_ID","1"
"TMP_ORDERS_MASTER","TMP_ORDERS_MASTER_PK","UNIQUE","ORDER_ID","1"
"TMP_ORDERS_MASTER","TMP_ORDERS_MASTER_PK","UNIQUE","ORDER_SPLIT_ID","2"
"TMP_ORDER_SPLITS_MASTER","UK_TMP_ORDER_SPLITS_MASTER","UNIQUE","ORDER_ID","1"
"TMP_ORDER_SPLITS_MASTER","UK_TMP_ORDER_SPLITS_MASTER","UNIQUE","ORDER_SPLIT_ID","2"
"TMP_ORDER_SPLITS_SCRATCH","UK_TMP_ORDER_SPLITS_SCRATCH","UNIQUE","ORDER_ID","1"
"TMP_ORDER_SPLITS_SCRATCH","UK_TMP_ORDER_SPLITS_SCRATCH","UNIQUE","ORDER_SPLIT_ID","2"
"TMP_ORD_DTL_SKU_INVN","TMP_WAVE_ODSI_IND_1","NONUNIQUE","ITEM_ID","1"
"TMP_ORD_DTL_SKU_INVN","TMP_WAVE_ODSI_IND_1","NONUNIQUE","INVN_TYPE","2"
"TMP_ORD_DTL_SKU_INVN","TMP_WAVE_ODSI_IND_1","NONUNIQUE","PROD_STAT","3"
"TMP_ORD_DTL_SKU_INVN","TMP_WAVE_ODSI_IND_1","NONUNIQUE","CNTRY_OF_ORGN","4"
"TMP_ORD_DTL_SKU_INVN","TMP_WAVE_ODSI_IND_1","NONUNIQUE","BATCH_NBR","5"
"TMP_ORD_DTL_SKU_INVN","TMP_WAVE_ODSI_IND_1","NONUNIQUE","ITEM_ATTR_1","6"
"TMP_ORD_DTL_SKU_INVN","TMP_WAVE_ODSI_IND_1","NONUNIQUE","ITEM_ATTR_2","7"
"TMP_ORD_DTL_SKU_INVN","TMP_WAVE_ODSI_IND_1","NONUNIQUE","ITEM_ATTR_3","8"
"TMP_ORD_DTL_SKU_INVN","TMP_WAVE_ODSI_IND_1","NONUNIQUE","ITEM_ATTR_4","9"
"TMP_ORD_DTL_SKU_INVN","TMP_WAVE_ODSI_IND_1","NONUNIQUE","ITEM_ATTR_5","10"
"TMP_ORD_DTL_SKU_INVN","TMP_WAVE_ODSI_IND_1","NONUNIQUE","QTY_SOFT_ALLOC","11"
"TMP_ORD_DTL_SKU_INVN","TMP_WAVE_ODSI_IND_2","NONUNIQUE","ORDER_ID","1"
"TMP_ORD_DTL_SKU_INVN","TMP_WAVE_ODSI_IND_2","NONUNIQUE","LINE_ITEM_ID","2"
"TMP_ORD_DTL_SKU_INVN","TMP_WAVE_ODSI_IND_2","NONUNIQUE","IS_SPLIT_LINE","3"
"TMP_ORIG_OLI_QTY","SYS_C0062860","UNIQUE","LINE_ITEM_ID","1"
"TMP_PACK_MOP_LPN_DTLS","TMP_PACK_MOP_LPN_DTLS_PK","UNIQUE","ALLOC_INVN_DTL_ID","1"
"TMP_PACK_WAVE_SELECTED_CHUTES","PK_TMP_PW_CHUTES","UNIQUE","CHUTE_ROW_ID","1"
"TMP_PACK_WAVE_SELECTED_CHUTES","TMP_PW_SEL_CHUTES_IDX1","NONUNIQUE","PACK_WAVE_SEQ_NBR","1"
"TMP_PACK_WAVE_SELECTED_LPNS","PK_TMP_PW_LPNS","UNIQUE","LPN_ID","1"
"TMP_PCK_SHRT_ITEM","PK_TMP_PCK_SHRT_ITEM","UNIQUE","LPN_ID","1"
"TMP_PCK_SHRT_ITEM","PK_TMP_PCK_SHRT_ITEM","UNIQUE","LPN_DETAIL_ID","2"
"TMP_PLANNED_ORDERS","PK_TMP_PLANNED_ORDERS","UNIQUE","ORDER_ID","1"
"TMP_PLANNED_ORDERS","PK_TMP_PLANNED_ORDERS","UNIQUE","ORDER_SPLIT_ID","2"
"TMP_PLANNED_ORDER_SPLITS","PK_TMP_PLANNED_ORDER_SPLITS","UNIQUE","ORDER_ID","1"
"TMP_PLANNED_ORDER_SPLITS","PK_TMP_PLANNED_ORDER_SPLITS","UNIQUE","ORDER_SPLIT_ID","2"
"TMP_PW_ASSIGNED_LPNS","PK_TMP_PW_ASSIGNED_LPNS","UNIQUE","LPN_ID","1"
"TMP_PW_ASSIGNED_LPNS","TMP_PW_ASGN_LPN_IDX1","NONUNIQUE","ORDER_ID","1"
"TMP_PW_ASSIGNED_LPNS","TMP_PW_ASGN_LPN_IDX1","NONUNIQUE","LPN_ID","2"
"TMP_PW_ASSIGNED_LPNS","TMP_PW_ASGN_LPN_IDX1","NONUNIQUE","CHUTE_ROW_ID","3"
"TMP_REFACTORED_LPN_DTLS","PK_TMP_REFACTORED_LPN_DTLS","UNIQUE","LPN_ID","1"
"TMP_REFACTORED_LPN_DTLS","PK_TMP_REFACTORED_LPN_DTLS","UNIQUE","NEW_LD_ID","2"
"TMP_REFACTORED_LPN_DTLS","UK_TMP_REFACTORED_LPN_DTLS","UNIQUE","LPN_ID","1"
"TMP_REFACTORED_LPN_DTLS","UK_TMP_REFACTORED_LPN_DTLS","UNIQUE","GRP_LD_ID","2"
"TMP_REFACTORED_LPN_DTLS","UK_TMP_REFACTORED_LPN_DTLS","UNIQUE","ORIG_OLI_ID","3"
"TMP_SPLA_ATTR_GROUPS","PK_TMP_SPLA_ATTR_GROUPS","UNIQUE","ATTR_GROUP_NUM","1"
"TMP_SPLA_ATTR_GROUPS","TMP_SPLA_ATTR_GROUPS_IDX1","NONUNIQUE","PICK_LOCN_ASSIGN_TYPE","1"
"TMP_SPLA_ATTR_GROUPS","TMP_SPLA_ATTR_GROUPS_IDX1","NONUNIQUE","LOCN_ID","2"
"TMP_SPLA_SELECTED_ORDERS","PK_TMP_SPLA_SELECTED_ORDERS","UNIQUE","ORDER_ID","1"
"TMP_SPLA_SELECTED_ORDERS","PK_TMP_SPLA_SELECTED_ORDERS","UNIQUE","LINE_ITEM_ID","2"
"TMP_SPLA_SELECTED_ORDERS","TMP_SPLA_SELECTED_ORDERS_IDX1","NONUNIQUE","ATTR_GROUP_NUM","1"
"TMP_STOP_ACTION","PK_TMP_STOP_ACTION","UNIQUE","SHIPMENT_ID","1"
"TMP_STOP_ACTION","PK_TMP_STOP_ACTION","UNIQUE","STOP_SEQ","2"
"TMP_STOP_PRE_UNASSIGN","UK_TMP_STOP_PRE_UNASSIGN","UNIQUE","SHIPMENT_ID","1"
"TMP_STOP_PRE_UNASSIGN","UK_TMP_STOP_PRE_UNASSIGN","UNIQUE","STOP_SEQ","2"
"TMP_STORE_MASTER","SYS_C0063185","UNIQUE","D_FACILITY_ID","1"
"TMP_TASK_CREATION_LM_TASK_DTLS","PK_TMP_TASK_LM_TASK_DTLS","UNIQUE","TASK_ID","1"
"TMP_TASK_CREATION_LM_TASK_DTLS","PK_TMP_TASK_LM_TASK_DTLS","UNIQUE","TASK_SEQ_NBR","2"
"TMP_TASK_CREATION_SELECTED_AID","SYS_C0063178","UNIQUE","ALLOC_INVN_DTL_ID","1"
"TMP_TASK_CREATION_SELECTED_AID","TMP_IDX2","NONUNIQUE","TASK_ID","1"
"TMP_TASK_CREATION_SELECTED_AID","TMP_IDX2","NONUNIQUE","TASK_SEQ_NBR","2"
"TMP_TASK_CREATION_SELECTED_AID","UK_TMP_TC_ID","UNIQUE","ID","1"
"TMP_TASK_CREATION_TASK_SEQ_NBR","SYS_C0063179","UNIQUE","ID","1"
"TMP_TASK_LPN_MIN_LOCN_SEQ","SYS_C0063181","UNIQUE","CARTON_NBR","1"
"TMP_UNDO_INITIATE_ORDER_DTLS","TMP_UNDO_INITIATE_ORDER_DTL_PK","UNIQUE","ORDER_ID","1"
"TMP_UNDO_INITIATE_ORDER_DTLS","TMP_UNDO_INITIATE_ORDER_DTL_PK","UNIQUE","LINE_ITEM_ID","2"
"TMP_UNLOADED_LPNS","TMP_UNLOADED_LPNS_PK","UNIQUE","LPN_ID","1"
"TMP_UNPLAN_SPLITS","UK_TMP_UNPLAN_SPLITS","UNIQUE","ORDER_ID","1"
"TMP_UNPLAN_SPLITS","UK_TMP_UNPLAN_SPLITS","UNIQUE","ORDER_SPLIT_ID","2"
"TMP_VARIANCE_LPNS","SYS_C0063187","UNIQUE","LPN_ID","1"
"TMP_WAVE_GROUP_REJECTED_ITEMS","PK_TMP_WAVE_GROUP_REJ_ITEMS","UNIQUE","ITEM_ID","1"
"TMP_WAVE_GROUP_REJECTED_ORDERS","PK_TMP_WAVE_GROUP_REJ_ORDERS","UNIQUE","ORDER_ID","1"
"TMP_WAVE_GROUP_REJECTED_SWCS","PK_TMP_WAVE_GROUP_REJ_SWCS","UNIQUE","SHIP_GROUP_ID","1"
"TMP_WAVE_OLD_ORDER_STATUS","SYS_C0062872","UNIQUE","ORDER_ID","1"
"TMP_WAVE_PREPACK_COMPONENTS","PK_TMP_WAVE_SEL_PPACKS","UNIQUE","ORDER_ID","1"
"TMP_WAVE_PREPACK_COMPONENTS","PK_TMP_WAVE_SEL_PPACKS","UNIQUE","LINE_ITEM_ID","2"
"TMP_WAVE_PREPACK_COMPONENTS","PK_TMP_WAVE_SEL_PPACKS","UNIQUE","SEQ_NBR","3"
"TMP_WAVE_REJECTED_LINES","PK_TMP_WAVE_SEL_REJ_LINES","UNIQUE","ORDER_ID","1"
"TMP_WAVE_REJECTED_LINES","PK_TMP_WAVE_SEL_REJ_LINES","UNIQUE","LINE_ITEM_ID","2"
"TMP_WAVE_SELECTED_ORDERS","PK_TMP_WAVE_SEL_ORDERS","UNIQUE","ORDER_ID","1"
"TMP_WAVE_SELECTED_ORDERS","PK_TMP_WAVE_SEL_ORDERS","UNIQUE","LINE_ITEM_ID","2"
"TMP_WAVE_SELECTED_ORDERS","TMP_WAVE_SEL_ORD_IND_1","UNIQUE","ID","1"
"TMP_WAVE_SKU_INVN_CACHE","TMP_WAVE_SI_CACHE_IND_1","NONUNIQUE","ITEM_ID","1"
"TMP_WAVE_SKU_INVN_CACHE","TMP_WAVE_SI_CACHE_IND_1","NONUNIQUE","INVN_TYPE","2"
"TMP_WAVE_SKU_INVN_CACHE","TMP_WAVE_SI_CACHE_IND_1","NONUNIQUE","PROD_STAT","3"
"TMP_WAVE_SKU_INVN_CACHE","TMP_WAVE_SI_CACHE_IND_1","NONUNIQUE","CNTRY_OF_ORGN","4"
"TMP_WAVE_SKU_INVN_CACHE","TMP_WAVE_SI_CACHE_IND_1","NONUNIQUE","BATCH_NBR","5"
"TMP_WAVE_TE_SELECTED_SHPMTS","TMP_WAVE_TE_SELECTED_SHPMTS_PK","UNIQUE","ORDER_SPLIT_ID","1"
"TMP_WM_ARCH_LPN_1","GTMP_IDX_WM_ARCH_LPN_I_ID","NONUNIQUE","I_ID","1"
"TMP_WM_ARCH_LPN_1","GTMP_IDX_WM_ARCH_LPN_V_ID","NONUNIQUE","V_ID","1"
"TMP_WM_ID_1","GTMP_IDX_WM_ID1_I_ID","NONUNIQUE","I_ID","1"
"TMP_ZONE_LIST","TMP_ZONE_LIST_IDX1","NONUNIQUE","PICK_LOCN_ASSIGN_TYPE","1"
"TPE_RULE_DTL","TPE_RULE_DTL_PK","UNIQUE","TPE_RULE_SET_ID","1"
"TPE_RULE_DTL","TPE_RULE_DTL_PK","UNIQUE","TPE_RULE_ID","2"
"TPE_RULE_DTL","TPE_RULE_DTL_PK","UNIQUE","TPE_RULE_DTL_ID","3"
"TPM_CONFIGURATION","TPM_CONFIG_PK","UNIQUE","MODULE","1"
"TPM_CONFIGURATION","TPM_CONFIG_PK","UNIQUE","PROCESS","2"
"TPM_CONFIGURATION","TPM_CONFIG_PK","UNIQUE","RULE","3"
"TPM_CONFIGURATION_DETAIL","TPM_CONFIG_DTL_PK","UNIQUE","RULE","1"
"TPM_CONFIGURATION_DETAIL","TPM_CONFIG_DTL_PK","UNIQUE","OBJECT","2"
"TPM_CONFIGURATION_DETAIL","TPM_CONFIG_DTL_PK","UNIQUE","PARAMETER","3"
"TRACKING_MESSAGE","TM_TRACKING_MESSAGE_IDX1","NONUNIQUE","HANDLER","1"
"TRACKING_MESSAGE","TM_TRACKING_MESSAGE_IDX2","NONUNIQUE","MESSAGE_STATUS","1"
"TRACKING_MESSAGE","TM_TRACKING_MESSAGE_IDX3","NONUNIQUE","MESSAGE_TYPE","1"
"TRACKING_MESSAGE","TRACKING_MESSAGE_CD_IDX","NONUNIQUE","TC_COMPANY_ID","1"
"TRACKING_MESSAGE","TRACKING_MESSAGE_CD_IDX","NONUNIQUE","CREATED_DTTM","2"
"TRACKING_MESSAGE","TRACKING_MESSAGE_CD_IDX","NONUNIQUE","CARRIER_ID","3"
"TRACKING_MESSAGE","TRACKING_MESSAGE_CD_IDX","NONUNIQUE","SHIPMENT_ID","4"
"TRACKING_MESSAGE","TRACKING_MESSAGE_CD_IDX","NONUNIQUE","TRACKING_MSG_ID","5"
"TRACKING_MESSAGE","TRACKING_MESSAGE_ED_IDX","NONUNIQUE","EVENT_DTTM","1"
"TRACKING_MESSAGE","TRACKING_MESSAGE_PK1","UNIQUE","TRACKING_MSG_ID","1"
"TRACKING_MESSAGE","TRACKING_MESSAGE_SID_IDX","NONUNIQUE","SHIPMENT_ID","1"
"TRACKING_MESSAGE","TRACK_BKID_IDX","NONUNIQUE","BOOKING_ID","1"
"TRACKING_MESSAGE","TRACK_MSG_IDX2","NONUNIQUE","CARRIER_ID","1"
"TRACKING_MESSAGE","TRKMSG_CDMSMT_IDX","NONUNIQUE","CREATED_DTTM","1"
"TRACKING_MESSAGE","TRKMSG_CDMSMT_IDX","NONUNIQUE","MESSAGE_STATUS","2"
"TRACKING_MESSAGE","TRKMSG_CDMSMT_IDX","NONUNIQUE","MESSAGE_TYPE","3"
"TRACKING_MESSAGE","TRKMSG_TCICDMSMT_IDX","NONUNIQUE","TC_COMPANY_ID","1"
"TRACKING_MESSAGE","TRKMSG_TCICDMSMT_IDX","NONUNIQUE","CREATED_DTTM","2"
"TRACKING_MESSAGE","TRKMSG_TCICDMSMT_IDX","NONUNIQUE","MESSAGE_STATUS","3"
"TRACKING_MESSAGE","TRKMSG_TCICDMSMT_IDX","NONUNIQUE","MESSAGE_TYPE","4"
"TRACKING_MESSAGE","TRKMSG_TCICDMSMT_IDX","NONUNIQUE","SHIPMENT_ID","5"
"TRACKING_MESSAGE","TRKMSG_TCIEDMSMT_IDX","NONUNIQUE","TC_COMPANY_ID","1"
"TRACKING_MESSAGE","TRKMSG_TCIEDMSMT_IDX","NONUNIQUE","EVENT_DTTM","2"
"TRACKING_MESSAGE","TRKMSG_TCIEDMSMT_IDX","NONUNIQUE","MESSAGE_STATUS","3"
"TRACKING_MESSAGE","TRKMSG_TCIEDMSMT_IDX","NONUNIQUE","MESSAGE_TYPE","4"
"TRACKING_MESSAGE","TRK_MSG_TRPMSG_IDX","NONUNIQUE","TRIP_ID","1"
"TRACKING_MESSAGE","TRK_MSG_TRPMSG_IDX","NONUNIQUE","MESSAGE_TYPE_CATEGORY","2"
"TRACKING_VENDORS","EXT_TRACKING_VENDOR_PK","UNIQUE","VENDOR_ID","1"
"TRAILER_CONTENTS","FK_TRLRCNS_VISIT_DTL_ID_IDX","NONUNIQUE","VISIT_DETAIL_ID","1"
"TRAILER_CONTENTS","FK_TRLR_CNS_ASN_ID_IDX","NONUNIQUE","ASN_ID","1"
"TRAILER_CONTENTS","FK_TRLR_CNS_PO_ID_IDX","NONUNIQUE","PO_ID","1"
"TRAILER_CONTENTS","FK_TRLR_CNS_SHPMNT_ID_IDX","NONUNIQUE","SHIPMENT_ID","1"
"TRAILER_CONTENTS","PK_TRLR_CNTNTS_TRLR_CNTNTS_ID","UNIQUE","TRAILER_CONTENTS_ID","1"
"TRAILER_REF","FK_TRLR_REF_ACTV_VISIT_ID_IDX","NONUNIQUE","ACTIVE_VISIT_ID","1"
"TRAILER_REF","FK_TRLR_REF_ASINED_LOCN_ID_IDX","NONUNIQUE","ASSIGNED_LOCATION_ID","1"
"TRAILER_REF","FK_TRLR_REF_CRNT_LOCN_ID_IDX","NONUNIQUE","CURRENT_LOCATION_ID","1"
"TRAILER_REF","FK_TRLR_RF_ACT_VST_DTL_ID_IDX","NONUNIQUE","ACTIVE_VISIT_DETAIL_ID","1"
"TRAILER_REF","PK_TRAILER_REF_TRAILER_ID","UNIQUE","TRAILER_ID","1"
"TRAILER_REF","TRLR_RF_PRODUCT_CLASS_IDX","NONUNIQUE","PRODUCT_CLASS","1"
"TRAILER_REF","TRLR_RF_PRTCTN_LVL_IDX","NONUNIQUE","PROTECTION_LEVEL","1"
"TRAILER_VISIT","FK_TRLR_VST_FACILITY_ID_IDX","NONUNIQUE","FACILITY_ID","1"
"TRAILER_VISIT","FK_TRLR_VST_TRAILER_ID_IDX","NONUNIQUE","TRAILER_ID","1"
"TRAILER_VISIT","PK_TRAILER_VISIT","UNIQUE","VISIT_ID","1"
"TRAILER_VISIT_DETAIL","FK_TLR_VST_DTL_APPT_ID_IDX","NONUNIQUE","APPOINTMENT_ID","1"
"TRAILER_VISIT_DETAIL","FK_TLR_VST_DTL_TRACTOR_ID_IDX","NONUNIQUE","TRACTOR_ID","1"
"TRAILER_VISIT_DETAIL","FK_TLR_VST_DTL_VISIT_ID_IDX","NONUNIQUE","VISIT_ID","1"
"TRAILER_VISIT_DETAIL","PK_TLR_VST_DTL_VISIT_DETAIL_ID","UNIQUE","VISIT_DETAIL_ID","1"
"TRANSPORT_ENV","PK_TRANSPORT_ENV","UNIQUE","TRANSPORT_ENV_ID","1"
"TRANSPORT_SET","PK_TRANSPORT_SET","UNIQUE","TRANSPORT_SET_ID","1"
"TRANSPORT_TABLE","PK_TRANSPORT_TABLE","UNIQUE","TRANSPORT_TABLE_ID","1"
"TRANS_ITEM","IDX_TRANS_ITEM_WHSE_CODE","NONUNIQUE","WHSE_CODE","1"
"TRANS_ITEM","PK_TRANS_ITEM","UNIQUE","SKU_ID","1"
"TRANS_QUERY","PK_TRANS_QUERY","UNIQUE","TRANS_QUERY_ID","1"
"TRANS_QUERY","UK_TRANS_QUERY","UNIQUE","TRAN_ID","1"
"TRANS_RESP_CODE","TRANS_RCODE_PK","UNIQUE","TRANS_RESP_CODE","1"
"TRANS_SLOT","PK_TRANS_SLOT","UNIQUE","SLOT_ID","1"
"TRANS_SLOT_ITEM","PK_TRANS_SLOT_ITEM","UNIQUE","SLOTITEM_ID","1"
"TRAN_LOG","PURGE_IDX_TL_01","NONUNIQUE","CREATED_DTTM","1"
"TRAN_LOG","TRAN_LOG_IDX2","NONUNIQUE","IS_INDEXED","1"
"TRAN_LOG","TRAN_LOG_IDX_1","NONUNIQUE","ORIG_PROCESS_DATE","1"
"TRAN_LOG","TRAN_LOG_IDX_10","NONUNIQUE","TRAN_LOG_ID","1"
"TRAN_LOG","TRAN_LOG_IDX_2","NONUNIQUE","DEST_PROCESS_DATE","1"
"TRAN_LOG","TRAN_LOG_IDX_3","NONUNIQUE","MSG_TYPE","1"
"TRAN_LOG","TRAN_LOG_IDX_4","NONUNIQUE","RESULT_CODE","1"
"TRAN_LOG","TRAN_LOG_IDX_5","NONUNIQUE","SEQUENCE_NUMBER","1"
"TRAN_LOG","TRAN_LOG_IDX_6","NONUNIQUE","BATCH_ID","1"
"TRAN_LOG","TRAN_LOG_IDX_7","NONUNIQUE","REFERENCE_ID","1"
"TRAN_LOG","TRAN_LOG_IDX_8","NONUNIQUE","ORIG_COMPANY","1"
"TRAN_LOG","TRAN_LOG_IDX_9","NONUNIQUE","DEST_COMPANY","1"
"TRAN_LOG","TRAN_LOG_LUD_IDX","NONUNIQUE","LAST_UPDATED_DTTM","1"
"TRAN_LOG","TRAN_LOG_LUD_IDX2","NONUNIQUE","SYS_NC00053$","1"
"TRAN_LOG","TRAN_LOG_MSG_ID_IDX","NONUNIQUE","MESSAGE_ID","1"
"TRAN_LOG_MESSAGE","TRAN_LOG_MESSAGE_IDX","NONUNIQUE","TRAN_LOG_ID","1"
"TRAN_LOG_MESSAGE","TRAN_LOG_MESSAGE_IDX","NONUNIQUE","MSG_LINE_NUMBER","2"
"TRAN_LOG_MESSAGE","TRAN_LOG_MSG_MLN_MLT_PE_IDX","NONUNIQUE","MSG_LINE_NUMBER","1"
"TRAN_LOG_MESSAGE","TRAN_LOG_MSG_MLN_MLT_PE_IDX","NONUNIQUE","SYS_NC00005$","2"
"TRAN_LOG_RESPONSE_MESSAGE","TRAN_LOG_RESPONSE_MESSAGE_IDX","NONUNIQUE","MESSAGE_ID","1"
"TRAN_LOG_RESPONSE_MESSAGE","TRAN_LOG_RESPONSE_MESSAGE_IDX","NONUNIQUE","MSG_LINE_NUMBER","2"
"TRAN_LOG_RULE","TRAN_LOG_RULE_IDX_1","NONUNIQUE","RULE_NAME","1"
"TRAN_LOG_RULE","TRAN_LOG_RULE_PK","UNIQUE","RULE_NAME","1"
"TRAN_LOG_RULE","TRAN_LOG_RULE_PK","UNIQUE","RULE_SEQ","2"
"TRAN_MASTER","PK_TRAN_MASTER","UNIQUE","TRAN_MASTER_ID","1"
"TRAN_MASTER","TRANMASTER_TASKNAME_IDX","NONUNIQUE","TRAN_GRP","1"
"TRAN_MASTER","UK_TRAN_MASTER","UNIQUE","TRAN_ID","1"
"TRAN_MASTER_PARM","FK_TRANMTRPARM_CDMASID_IDX","NONUNIQUE","CD_MASTER_ID","1"
"TRAN_MASTER_PARM","FK_TRANMTRPARM_WHSEMASID_IDX","NONUNIQUE","WHSE_MASTER_ID","1"
"TRAN_MASTER_PARM","PKTRAN_MASTER_PARM","UNIQUE","TRAN_MASTER_PARM_ID","1"
"TRAN_MASTER_PARM","TM_TRAN_MASTER_PARM_IDX1","NONUNIQUE","TRAN_ID","1"
"TRAN_MASTER_PARM","TRANMTRPARM_TRANIDFROM_UDX","UNIQUE","TRAN_ID","1"
"TRAN_MASTER_PARM","TRANMTRPARM_TRANIDFROM_UDX","UNIQUE","FROM_POSN","2"
"TRAN_MASTER_PARM","TRANMTRPARM_TRANIDFROM_UDX","UNIQUE","WHSE_MASTER_ID","3"
"TRAN_MASTER_PARM","TRANMTRPARM_TRANIDFROM_UDX","UNIQUE","CD_MASTER_ID","4"
"TRAN_PARM","PK_TRAN_PARM","UNIQUE","TRAN_PARM_ID","1"
"TRAN_PARM","UK_TRAN_PARM","UNIQUE","PGM_ID","1"
"TRAN_PARM","UK_TRAN_PARM","UNIQUE","FROM_POSN","2"
"TRAN_ROLE","PK_TRAN_ROLE","UNIQUE","TRAN_ROLE_ID","1"
"TRAN_ROLE","TM_TRAN_ROLE_IDX1","NONUNIQUE","ROLE_MASTER_ID","1"
"TRAN_ROLE","TM_TRAN_ROLE_IDX2","NONUNIQUE","TRAN_ID","1"
"TRAN_ROLE","TM_TRAN_ROLE_IDX3","NONUNIQUE","TRAN_MASTER_ID","1"
"TRAN_ROLE","TRANROLE_ROLEID_IDX","NONUNIQUE","ROLE_ID","1"
"TRAN_ROLE","UK_TRAN_ROLE","UNIQUE","TRAN_ID","1"
"TRAN_ROLE","UK_TRAN_ROLE","UNIQUE","ROLE_ID","2"
"TRAVEL_AISLE_CONFIG","PK_TRAVEL_AISLE_CONFIG","UNIQUE","TRAVEL_AISLE_CONFIG_ID","1"
"TRAVEL_AISLE_CONFIG","TRAVELAISLECNFG_WHSEMASID_IDX","NONUNIQUE","WHSE_MASTER_ID","1"
"TRAVEL_PLAN_ACTIVITY_TYPE","TRAVEL_PLAN_PK","UNIQUE","TRAVEL_PLAN_ACTIVITY_TYPE_ID","1"
"TREE_DTL","IDX_TREE_DTL_PICKLINE_GRP_ID","NONUNIQUE","PICKLINE_GRP_ID","1"
"TREE_DTL","IDX_TREE_DTL_SNS_ID","NONUNIQUE","SNS_ID","1"
"TREE_DTL","INDX_TREE_DTL_1","NONUNIQUE","SEQ_GRP_ID","1"
"TREE_DTL","INDX_TREE_DTL_2","NONUNIQUE","TREE_ID","1"
"TREE_DTL","INDX_TREE_DTL_3","NONUNIQUE","PARENT_NODE_ID","1"
"TREE_DTL","PK_TREE_DTL","UNIQUE","NODE_ID","1"
"TT_TBLOUTPUT","TT_TBLOUTPUT_PK","UNIQUE","COLOR_ID","1"
"TT_TBLOUTPUT2","PK_TT_TBLOUTPUT2","UNIQUE","COLOR_ID","1"
"TXN_MASTER","PK_TXN_MASTER","UNIQUE","TXN_ID","1"
"T_SYS_QUEUEERROR","PK_GUID","UNIQUE","GUID","1"
"T_SYS_QUEUEERROR","UQ_T_SYS_QUEUEERROR","UNIQUE","MSG_ID","1"
"T_SYS_QUEUEERROR","UQ_T_SYS_QUEUEERROR","UNIQUE","MSG_TYPE","2"
"UCLJMSSTATE","TMPJMSMSG_X","NONUNIQUE","RECORDHANDLE","1"
"UCLJMSSTORE","TMPJMSMSGQ_X","NONUNIQUE","RECORDHANDLE","1"
"UI_CONTROL_TYPE","UI_CONT_TYPE_PK","UNIQUE","CONTROL_TYPE_ID","1"
"UI_CU_DATA_TYPE","UI_CU_DATA_TYPE_PK","UNIQUE","DATA_TYPE_ID","1"
"UI_CU_OBJECT_TYPE","UI_CU_OBJECT_TYPE_PK","UNIQUE","OBJECT_TYPE_ID","1"
"UI_CU_PARM_DEF","TM_UI_CU_PARM_DE_IDX1","NONUNIQUE","DATA_TYPE_ID","1"
"UI_CU_PARM_DEF","TM_UI_CU_PARM_DE_IDX2","NONUNIQUE","PARAM_SUBGROUP_ID","1"
"UI_CU_PARM_DEF","TM_UI_CU_PARM_DE_IDX3","NONUNIQUE","UI_BEHAVIOR_TYPE_ID","1"
"UI_CU_PARM_DEF","UI_CU_PAR_DEF_PK","UNIQUE","PARAM_DEF_ID","1"
"UI_CU_PARM_GROUP","TM_UI_CU_PARM_GR_IDX1","NONUNIQUE","PRODUCT_ID","1"
"UI_CU_PARM_GROUP","UI_CU_PARM_GRP_PK","UNIQUE","PARAM_GROUP_ID","1"
"UI_CU_PARM_SUBGRP","TM_UI_CU_PARM_SU_IDX1","NONUNIQUE","PARAM_GROUP_ID","1"
"UI_CU_PARM_SUBGRP","UI_CU_PAR_SUBGRP_PK","UNIQUE","PARAM_SUBGROUP_ID","1"
"UI_CU_PRODUCT","UI_CU_PROD_PK","UNIQUE","PRODUCT_ID","1"
"UI_CU_UIBEHARTYPE","UI_CU_UIBEH_PK","UNIQUE","UI_BEHAVIOR_TYPE_ID","1"
"UI_CU_USER_PARAM","TM_UI_CU_USER_PA_IDX1","NONUNIQUE","PARAM_DEF_ID","1"
"UI_CU_USER_PARAM","UI_CU_USER_PARAM_PK","UNIQUE","USER_PARAM_ID","1"
"UI_CU_USER_PARVAL","TM_UI_CU_USER_PV_IDX1","NONUNIQUE","USER_PARAM_ID","1"
"UI_CU_USER_PARVAL","UI_CU_USER_PARVAL_PK","UNIQUE","USER_PARAM_VAL_ID","1"
"UI_ELEMENT_TYPE","PK_UI_ELEMENT_TYPE","UNIQUE","UI_ELEMENT_TYPE_ID","1"
"UI_ELEMENT_TYPE","UK_UI_ELEMENT_TYPE","UNIQUE","ELEMENT_ID","1"
"UI_MENU","UI_MENU_PK","UNIQUE","MENU_ID","1"
"UI_MENU_ITEM","TM_UI_MENU_ITEM_IDX1","NONUNIQUE","MENU_ID","1"
"UI_MENU_ITEM","TM_UI_MENU_ITEM_IDX2","NONUNIQUE","UI_MENU_SCREEN_ID","1"
"UI_MENU_ITEM","UI_MENU_ITEM_PK","UNIQUE","UI_MENU_ITEM_ID","1"
"UI_MENU_ITEM_PERMISSION","TM_UI_MENU_ITEM__IDX1","NONUNIQUE","UI_MENU_ITEM_ID","1"
"UI_MENU_ITEM_PERMISSION","UI_MENU_ITEM_PERMISSION_UK","UNIQUE","UI_MENU_ITEM_ID","1"
"UI_MENU_ITEM_PERMISSION","UI_MENU_ITEM_PERMISSION_UK","UNIQUE","PERMISSION","2"
"UI_MENU_ITEM_PERMISSION","UI_MEN_ITE_PERM_PK","UNIQUE","UI_MENU_ITEM_PERMISSION_ID","1"
"UI_MENU_SCREEN","TM_UI_MENU_SCREE_IDX1","NONUNIQUE","MENU_ID","1"
"UI_MENU_SCREEN","UI_MENU_SCR_PK","UNIQUE","UI_MENU_SCREEN_ID","1"
"UI_ROLLUP_CELL","PK_UI_ROLLUP_CELL","UNIQUE","ID","1"
"UI_ROLLUP_CELL_RATING_XREF","PK_UI_ROLLUP_CELL_RATING_XREF","UNIQUE","ID","1"
"UI_ROLLUP_CELL_RATING_XREF","UIRATINGXREF_CELLRTINGID_UDX","UNIQUE","CELL_ID","1"
"UI_ROLLUP_CELL_RATING_XREF","UIRATINGXREF_CELLRTINGID_UDX","UNIQUE","RATING_ID","2"
"UI_ROLLUP_CELL_RATING_XREF","UIRATINGXREF_CELLRTINGID_UDX","UNIQUE","ORDER_INDEX","3"
"UI_ROLLUP_GROUP","PK_UI_ROLLUP_GROUP","UNIQUE","ID","1"
"UI_ROLLUP_GROUP","UIROLLUPGRP_NAME_UDX","UNIQUE","NAME","1"
"UI_ROLLUP_GROUP_ROW_XREF","PK_UI_ROLLUP_GROUP_ROW_XREF","UNIQUE","ID","1"
"UI_ROLLUP_GROUP_ROW_XREF","UIROLLUPGRPXREF_GRPROWID_UDX","UNIQUE","GROUP_ID","1"
"UI_ROLLUP_GROUP_ROW_XREF","UIROLLUPGRPXREF_GRPROWID_UDX","UNIQUE","ROW_ID","2"
"UI_ROLLUP_GROUP_ROW_XREF","UIROLLUPGRPXREF_GRPROWID_UDX","UNIQUE","ORDER_INDEX","3"
"UI_ROLLUP_RATING","PK_UI_ROLLUP_RATING","UNIQUE","ID","1"
"UI_ROLLUP_ROW","PK_UI_ROLLUP_ROW","UNIQUE","ID","1"
"UI_ROLLUP_ROW_CELL_XREF","PK_UI_ROLLUP_ROW_CELL_XREF","UNIQUE","ID","1"
"UI_ROLLUP_ROW_CELL_XREF","UIROLLUPROWXREF_ROWCELLID_UDX","UNIQUE","ROW_ID","1"
"UI_ROLLUP_ROW_CELL_XREF","UIROLLUPROWXREF_ROWCELLID_UDX","UNIQUE","CELL_ID","2"
"UI_ROLLUP_ROW_CELL_XREF","UIROLLUPROWXREF_ROWCELLID_UDX","UNIQUE","ORDER_INDEX","3"
"UI_ROLLUP_SCREEN","PK_UI_ROLLUP_SCREEN","UNIQUE","ID","1"
"UI_ROLLUP_SCREEN","UIROLLUPSCR_NAME_UDX","UNIQUE","NAME","1"
"UI_ROLLUP_SCREEN_GROUP_XREF","PK_UI_ROLLUP_SCREEN_GROUP_XREF","UNIQUE","ID","1"
"UI_ROLLUP_SCREEN_GROUP_XREF","UIROLLUPSCRGRP_SCRGRPID_UDX","UNIQUE","SCREEN_ID","1"
"UI_ROLLUP_SCREEN_GROUP_XREF","UIROLLUPSCRGRP_SCRGRPID_UDX","UNIQUE","GROUP_ID","2"
"UI_ROLLUP_SCREEN_GROUP_XREF","UIROLLUPSCRGRP_SCRGRPID_UDX","UNIQUE","ORDER_INDEX","3"
"UI_TYPE","UI_TYPE_PK","UNIQUE","UI_TYPE","1"
"UI_VALIDATION_MASK","UI_VALID_MASK_PK","UNIQUE","VALIDATION_TYPE_ID","1"
"UI_VIEWCOMPANYCTRL","UI_VIEWCOMPANY_PK","UNIQUE","UI_VIEWCUSTOMCONTROL_ID","1"
"UI_VIEWCUSTCONTROLMD","TM_UI_VIEWCUSTCO_IDX1","NONUNIQUE","CONTROL_TYPE_ID","1"
"UI_VIEWCUSTCONTROLMD","TM_UI_VIEWCUSTCO_IDX2","NONUNIQUE","PRODUCT_TYPE_ID","1"
"UI_VIEWCUSTCONTROLMD","UI_VIEWCUSCON_PK","UNIQUE","UI_VIEWCUSTOMCONTROL_ID","1"
"UI_VIEWFIELDMETADATA","TM_UI_VIEWFIELDM_IDX1","NONUNIQUE","OBJECT_TYPE_ID","1"
"UI_VIEWFIELDMETADATA","UI_VIEWFIELDMET_PK","UNIQUE","VIEWFIELDMETADATA_ID","1"
"UI_VIEWMENUMETADATA","TM_UI_VIEWMENUME_IDX1","NONUNIQUE","OBJECT_TYPE_ID","1"
"UI_VIEWMENUMETADATA","TM_UI_VIEWMENUME_IDX2","NONUNIQUE","PRODUCT_TYPE_ID","1"
"UI_VIEWMENUMETADATA","UI_VIEWMENUMET_PK","UNIQUE","VIEWMENUMETADATA_ID","1"
"UI_VIEWPANELMETADATA","TM_UI_VIEWPANELM_IDX1","NONUNIQUE","OBJECT_TYPE_ID","1"
"UI_VIEWPANELMETADATA","TM_UI_VIEWPANELM_IDX2","NONUNIQUE","PRODUCT_TYPE_ID","1"
"UI_VIEWPANELMETADATA","UI_VIEWPANEL_PK","UNIQUE","VIEWPANELMETADATA_ID","1"
"UNIQUE_IDS","PK_UNIQUE_IDS","UNIQUE","REC_TYPE","1"
"UNIQUE_IDS","PK_UNIQUE_IDS","UNIQUE","WHSE_CODE","2"
"UN_ASSIGNED_APPT_OBJECT","UN_ASSIGNED_APPT_OBJECT_PK","UNIQUE","APPT_OBJECT_PK_ID","1"
"UOM_CONV","PK_UOM_CONV","UNIQUE","UOM_CONV_ID","1"
"UOM_CONV","UK_UOM_CONV","UNIQUE","FROM_UOM","1"
"UOM_CONV","UK_UOM_CONV","UNIQUE","TO_UOM","2"
"UPS_DDU_DATA","UPS_DDU_DATA_PK","UNIQUE","SERVICE_LEVEL","1"
"UPS_DDU_DATA","UPS_DDU_DATA_PK","UNIQUE","DATE_EFF","2"
"UPS_DDU_DATA","UPS_DDU_DATA_PK","UNIQUE","ZIP","3"
"UPS_EMT_UPLOAD_RPT","PK_UPS_EMT_UPLOAD_RPT","UNIQUE","UPS_EMT_UPLOAD_RPT_ID","1"
"UPS_EMT_UPLOAD_RPT","UPSUPLOADRPT_MANIFSHPRID_UDX","UNIQUE","MANIF_NBR","1"
"UPS_EMT_UPLOAD_RPT","UPSUPLOADRPT_MANIFSHPRID_UDX","UNIQUE","SHPR_ID","2"
"UPS_EMT_UPLOAD_RPT","UPSUPLOADRPT_MANIFSHPRID_UDX","UNIQUE","RPT_TYPE","3"
"UPS_LANE_DATA","UPS_LANE_DATA_PK","UNIQUE","FROM_ZIP","1"
"UPS_LANE_DATA","UPS_LANE_DATA_PK","UNIQUE","TO_ZIP","2"
"URI_TYPE","URI_TYPE_PK","UNIQUE","URI_TYPE_ID","1"
"USER_ACCESS","PK_USER_ACCESS","UNIQUE","USER_ACCESS_ID","1"
"USER_ACCESS","UK_USER_ACCESS","UNIQUE","JOB_NBR","1"
"USER_ACCESS","USERACCESS_LOGINUSERID_IDX","NONUNIQUE","LOGIN_USER_ID","1"
"USER_AUDIT_DETAIL_GTK","USER_DTL_NAME_SESSION_ID","NONUNIQUE","USER_NAME","1"
"USER_AUDIT_DETAIL_GTK","USER_DTL_NAME_SESSION_ID","NONUNIQUE","SESSION_ID","2"
"USER_AUDIT_EVENT_GTK","SYS_C0062950","UNIQUE","SEQ_USER_AUDIT_EVENT_GTK_ID","1"
"USER_AUDIT_EVENT_GTK","USER_NAME_SESSION_ID","NONUNIQUE","USER_NAME","1"
"USER_AUDIT_EVENT_GTK","USER_NAME_SESSION_ID","NONUNIQUE","SESSION_ID","2"
"USER_NAVIGATION","USERNAV_ID_PK","UNIQUE","USER_NAVIGATION_ID","1"
"USER_NAVIGATION","USERNAV_PAR_IDX","NONUNIQUE","PARENT_ID","1"
"USER_NAVIGATION","USERNAV_USR_IDX","NONUNIQUE","USER_ID","1"
"USER_NAVIGATION","USER_NAVIGATION_FK1_1_IX","NONUNIQUE","NAVIGATION_ID","1"
"USER_NAVIGATION","USER_NAVIGATION_UX1","UNIQUE","USER_ID","1"
"USER_NAVIGATION","USER_NAVIGATION_UX1","UNIQUE","NAVIGATION_ID","2"
"USER_NAVIGATION","USER_NAVIGATION_UX1","UNIQUE","PARENT_ID","3"
"USER_NAVIGATION","USER_NAVIGATION_UX1","UNIQUE","TITLE","4"
"USER_NAVIGATION","USER_NAVIGATION_UX1","UNIQUE","REC_TYPE","5"
"USER_NAVIGATION","USER_NAVIGATION_UX1","UNIQUE","REF_ID","6"
"USER_PROFILE","PK_USER_PROFILE","UNIQUE","USER_PROFILE_ID","1"
"USER_PROFILE","TM_USER_PROFILE_IDX1","NONUNIQUE","SECURITY_CONTEXT_ID","1"
"USER_PROFILE","UK_USER_PROFILE","UNIQUE","LOGIN_USER_ID","1"
"USER_PROFILE_XREF","IDX_USR_PRFL_XREF_PROFILE_ID","NONUNIQUE","PROFILE_ID","1"
"USER_PROFILE_XREF","PK_USER_PROFILE_XREF","UNIQUE","USER_PROFILE_XREF_ID","1"
"USER_PROFILE_XREF","UK_USER_PROFILE_XREF","UNIQUE","USER_ID","1"
"USER_PROFILE_XREF","UK_USER_PROFILE_XREF","UNIQUE","WHSE_CODE","2"
"USER_RANGE_XREF","PK_USER_RANGE_XREF","UNIQUE","USER_RANGE_XREF_ID","1"
"USER_RANGE_XREF","UK_USER_RANGE_XREF","UNIQUE","USER_ID","1"
"USER_RANGE_XREF","UK_USER_RANGE_XREF","UNIQUE","TREE_ID","2"
"USER_RANGE_XREF","UK_USER_RANGE_XREF","UNIQUE","NODE_ID","3"
"USER_SECURITY_CONTEXT","PK_USER_SECURITY_CONTEXT","UNIQUE","SECURITY_CONTEXT_ID","1"
"USER_SYS_PREF","PK_USER_SYS_PREF","UNIQUE","USER_SYS_PREF_ID","1"
"USER_SYS_PREF","UK_USER_SYS_PREF","UNIQUE","LOGIN_USER_ID","1"
"USER_SYS_PREF","UK_USER_SYS_PREF","UNIQUE","SYS_PREF_ID","2"
"USER_SYS_PREF","UK_USER_SYS_PREF","UNIQUE","SEQ_NBR","3"
"USER_TASK_GRP","PK_USER_TASK_GRP","UNIQUE","USER_TASK_GRP_ID","1"
"USER_TASK_GRP","TM_USER_TASK_GRP_IDX1","NONUNIQUE","USER_PROFILE_ID","1"
"USER_TASK_GRP","UK_USERTSKGRP_LGNUSR_ID_TSKGRP","UNIQUE","LOGIN_USER_ID","1"
"USER_TASK_GRP","UK_USERTSKGRP_LGNUSR_ID_TSKGRP","UNIQUE","TASK_GRP","2"
"VAL_EXPECTED_RESULTS","PK_VAL_EXPECTED_RESULTS","UNIQUE","VAL_JOB_DTL_ID","1"
"VAL_EXPECTED_RESULTS","PK_VAL_EXPECTED_RESULTS","UNIQUE","ROW_NUM","2"
"VAL_EXPECTED_RESULTS","PK_VAL_EXPECTED_RESULTS","UNIQUE","POS","3"
"VAL_JOB_DTL","FK_VJD_TO_VJH_1_IX","NONUNIQUE","VAL_JOB_HDR_ID","1"
"VAL_JOB_DTL","FK_VJD_TO_VS_1_IX","NONUNIQUE","SQL_ID","1"
"VAL_JOB_DTL","PK_VAL_JOB_DTL","UNIQUE","VAL_JOB_DTL_ID","1"
"VAL_JOB_HDR","PK_VAL_JOB_HDR","UNIQUE","VAL_JOB_HDR_ID","1"
"VAL_JOB_HDR","UK_VAL_JOB_HDR","UNIQUE","JOB_NAME","1"
"VAL_JOB_SEQ","FK_VJS_TO_VJH_1_IX","NONUNIQUE","JOB_NAME","1"
"VAL_JOB_SEQ","PK_VAL_JOB_SEQ","UNIQUE","APP_HOOK","1"
"VAL_JOB_SEQ","PK_VAL_JOB_SEQ","UNIQUE","PGM_ID","2"
"VAL_JOB_SEQ","PK_VAL_JOB_SEQ","UNIQUE","SEQ_NBR","3"
"VAL_JOB_TAGS","FK_VJT_TO_VJH_1_IX","NONUNIQUE","VAL_JOB_HDR_ID","1"
"VAL_JOB_TAGS","PK_VAL_JOB_TAGS","UNIQUE","TYPE","1"
"VAL_JOB_TAGS","PK_VAL_JOB_TAGS","UNIQUE","TAG","2"
"VAL_JOB_TAGS","PK_VAL_JOB_TAGS","UNIQUE","VAL_JOB_HDR_ID","3"
"VAL_PARSED_SELECT_LIST","PK_VPSL","UNIQUE","SQL_ID","1"
"VAL_PARSED_SELECT_LIST","PK_VPSL","UNIQUE","POS","2"
"VAL_RESULT_HIST","FK_VRH_TO_VJD_1_IX","NONUNIQUE","VAL_JOB_DTL_ID","1"
"VAL_RESULT_HIST","PK_VAL_RESULT_HIST","UNIQUE","TXN_ID","1"
"VAL_RESULT_HIST","PK_VAL_RESULT_HIST","UNIQUE","VAL_JOB_DTL_ID","2"
"VAL_RUNTIME_BINDS","FK_VRB_TO_VJD_1_IX","NONUNIQUE","VAL_JOB_DTL_ID","1"
"VAL_RUNTIME_BINDS","PK_VAL_RUNTIME_BINDS","UNIQUE","TXN_ID","1"
"VAL_RUNTIME_BINDS","PK_VAL_RUNTIME_BINDS","UNIQUE","VAL_JOB_DTL_ID","2"
"VAL_RUNTIME_BINDS","PK_VAL_RUNTIME_BINDS","UNIQUE","BIND_VAR","3"
"VAL_SQL","PK_VAL_SQL","UNIQUE","SQL_ID","1"
"VAL_SQL","UK_VAL_SQL","UNIQUE","IDENT","1"
"VAL_SQL_BINDS","PK_VAL_SQL_BINDS","UNIQUE","VAL_JOB_DTL_ID","1"
"VAL_SQL_BINDS","PK_VAL_SQL_BINDS","UNIQUE","BIND_VAR","2"
"VAL_SQL_TAGS","FK_VST_TO_VS_1_IX","NONUNIQUE","SQL_ID","1"
"VAL_SQL_TAGS","PK_VAL_SQL_TAGS","UNIQUE","TYPE","1"
"VAL_SQL_TAGS","PK_VAL_SQL_TAGS","UNIQUE","TAG","2"
"VAL_SQL_TAGS","PK_VAL_SQL_TAGS","UNIQUE","SQL_ID","3"
"VAL_TAG","PK_VAL_TAG","UNIQUE","TAG","1"
"VAL_TAG_TYPE","PK_VAL_TAG_TYPE","UNIQUE","TYPE","1"
"VAL_TAG_TYPE_XREF","FK_VTTX_TO_VT_1_IX","NONUNIQUE","TAG","1"
"VAL_TAG_TYPE_XREF","PK_VAL_TAG_TYPE_XREF","UNIQUE","TYPE","1"
"VAL_TAG_TYPE_XREF","PK_VAL_TAG_TYPE_XREF","UNIQUE","TAG","2"
"VAS_CARTON","PK_VAS_CARTON","UNIQUE","VAS_CARTON_ID","1"
"VAS_CARTON","UK_VAS_CARTON","UNIQUE","CARTON_NBR","1"
"VAS_CARTON","UK_VAS_CARTON","UNIQUE","CARTON_SEQ_NBR","2"
"VAS_CARTON","UK_VAS_CARTON","UNIQUE","GRP_TYPE","3"
"VAS_PATH_DTL","PK_VAS_PATH_DTL","UNIQUE","VAS_PATH_DTL_ID","1"
"VAS_PATH_DTL","UK_VAS_PATH_DTL","UNIQUE","VAS_PATH","1"
"VAS_PATH_DTL","UK_VAS_PATH_DTL","UNIQUE","VAS_PATH_SEQ","2"
"VAS_PATH_DTL","VASPATHDTL_VASPATH_IDX","NONUNIQUE","VAS_PATH","1"
"VAS_PATH_HDR","PK_VAS_PATH_HDR","UNIQUE","VAS_PATH_HDR_ID","1"
"VAS_PATH_HDR","UK_VAS_PATH_HDR","UNIQUE","VAS_PATH","1"
"VAS_PKT","PK_VAS_PKT","UNIQUE","VAS_PKT_ID","1"
"VAS_PKT","TM_VAS_PKT_IDX1","NONUNIQUE","ORDER_ID","1"
"VAS_PKT","TM_VAS_PKT_IDX1","NONUNIQUE","LINE_ITEM_ID","2"
"VAS_PKT","TM_VAS_PKT_IDX2","NONUNIQUE","PKT_CTRL_NBR","1"
"VAS_PKT","TM_VAS_PKT_IDX2","NONUNIQUE","PKT_SEQ_NBR","2"
"VAS_PKT","TM_VAS_PKT_IDX3","NONUNIQUE","PKT_DTL_ID","1"
"VAS_PKT","UK_VAS_PKT","UNIQUE","PKT_CTRL_NBR","1"
"VAS_PKT","UK_VAS_PKT","UNIQUE","PKT_SEQ_NBR","2"
"VAS_PKT","UK_VAS_PKT","UNIQUE","GRP_TYPE","3"
"VCP_COMPANY_PARAMETER","TM_VCP_COMPANY_P_IDX1","NONUNIQUE","BP_COMPANY_ID","1"
"VCP_COMPANY_PARAMETER","TM_VCP_COMPANY_P_IDX2","NONUNIQUE","BP_ID","1"
"VCP_COMPANY_PARAMETER","TM_VCP_COMPANY_P_IDX3","NONUNIQUE","PARAM_DEF_ID","1"
"VCP_COMPANY_PARAMETER","TM_VCP_COMPANY_P_IDX3","NONUNIQUE","PARAM_GROUP_ID","2"
"VCP_COMPANY_PARAMETER","TM_VCP_COMPANY_P_IDX4","NONUNIQUE","PARAM_GROUP_ID","1"
"VCP_COMPANY_PARAMETER","VCPCOMPPARAM_PK","UNIQUE","PARAM_DEF_ID","1"
"VCP_COMPANY_PARAMETER","VCPCOMPPARAM_PK","UNIQUE","BUSINESS_PARTNER_ID","2"
"VCP_COMPANY_PARAMETER","VCPCOMPPARAM_PK","UNIQUE","TC_COMPANY_ID","3"
"VCP_COMPANY_PARAMETER","VCPCPAR_BPART_FK1_1_IX","NONUNIQUE","BUSINESS_PARTNER_ID","1"
"VCP_COMPANY_PARAMETER","VCPCPAR_BPART_FK1_1_IX","NONUNIQUE","TC_COMPANY_ID","2"
"VENDOR_ESC","VENDOR_ESC_GOBATCHNBR_INX","NONUNIQUE","GO_BATCHNBR","1"
"VENDOR_ESC","VENDOR_ESC_GOGOODSID_INX","NONUNIQUE","GO_GOODSID","1"
"VENDOR_ESC","VENDOR_ESC_GOMAXPACKCODE_INX","NONUNIQUE","GO_MAXPACKCODE","1"
"VENDOR_ESC","VENDOR_ESC_GOMIDPACKCODE_INX","NONUNIQUE","GO_MIDPACKCODE","1"
"VENDOR_ESC","VENDOR_ESC_GOMINPACKCODE_INX","NONUNIQUE","GO_MINPACKCODE","1"
"VENDOR_ESC","VENDOR_ESC_PKT_CTRL_NBR_INX","NONUNIQUE","PKT_CTRL_NBR","1"
"VENDOR_MASTER","PK_VENDOR_MASTER","UNIQUE","VENDOR_MASTER_ID","1"
"VENDOR_MASTER","TM_VENDOR_MASTER_IDX1","NONUNIQUE","CD_MASTER_ID","1"
"VENDOR_MASTER","VENDOR_ID_UDX","UNIQUE","CD_MASTER_ID","1"
"VENDOR_MASTER","VENDOR_ID_UDX","UNIQUE","VENDOR_ID","2"
"VEND_PERF_CODE","PK_VEND_PERF_CODE","UNIQUE","VEND_PERF_CODE_ID","1"
"VEND_PERF_CODE","UK_VEND_PERF_CODE","UNIQUE","PERF_CODE","1"
"VEND_PERF_QUAL_RSLT","PK_VEND_PERF_QUAL_RSLT","UNIQUE","SHPMT_NBR","1"
"VEND_PERF_QUAL_RSLT","PK_VEND_PERF_QUAL_RSLT","UNIQUE","VENDOR_MASTER_ID","2"
"VEND_PERF_QUAL_RSLT","PK_VEND_PERF_QUAL_RSLT","UNIQUE","PAGE_SEQ_NBR","3"
"VEND_PERF_TRAN","PK_VEND_PERF_TRAN","UNIQUE","VEND_PERF_TRAN_ID","1"
"VEND_PERF_TRAN","VENDPTRAN_CDMASID_IDX","NONUNIQUE","CD_MASTER_ID","1"
"VEND_PERF_TRAN","VENDPTRAN_PERFCODE_IDX","NONUNIQUE","PERF_CODE","1"
"VEND_PERF_TRAN","VENDPTRAN_VENDMASID_IDX","NONUNIQUE","VENDOR_MASTER_ID","1"
"VEND_QUAL_AUDIT_LVL","PK_VEND_QUAL_AUDIT_LVL","UNIQUE","VEND_QUAL_AUDIT_LVL_ID","1"
"VEND_QUAL_AUDIT_LVL","UK_VEND_QUAL_AUDIT_LVL","UNIQUE","CD_MASTER_ID","1"
"VEND_QUAL_AUDIT_LVL","UK_VEND_QUAL_AUDIT_LVL","UNIQUE","INSPECT_GRP","2"
"VEND_QUAL_AUDIT_LVL","VQAL_CDMASID_IDX","NONUNIQUE","CD_MASTER_ID","1"
"VOCOLLECT_ACTIVE_CARTON","IDX_VOCOLLECT_ACTIVE_CARTON","NONUNIQUE","ACTIVE_CARTON","1"
"VOCOLLECT_ACTIVE_CARTON","PK_VOCOLLECT_ACTIVE_CARTON","UNIQUE","VOCOLLECT_ACTIVE_CARTON_ID","1"
"VOCOLLECT_ACTIVE_CARTON","UK_VOCOLLECT_ACTIVE_CARTON","UNIQUE","VOCOLLECT_ASSIGN_ID","1"
"VOCOLLECT_ACTIVE_CARTON","UK_VOCOLLECT_ACTIVE_CARTON","UNIQUE","WORK_ID","2"
"VOCOLLECT_ACTIVE_CARTON","UK_VOCOLLECT_ACTIVE_CARTON","UNIQUE","ACTIVE_CARTON","3"
"VOCOLLECT_PARM","PK_VOCOLLECT_PARM","UNIQUE","VOCOLLECT_PARM_ID","1"
"VOCOLLECT_PARM","UK_VOCOLLECT_PARM","UNIQUE","WHSE","1"
"VOCOLLECT_USER_LOGIN","PK_VOCOLLECT_USER_LOGIN","UNIQUE","VOCOLLECT_USER_LOGIN_ID","1"
"VOCOLLECT_USER_LOGIN","UK_VOCOLLECT_USER_LOGIN","UNIQUE","LOGIN_USER_ID","1"
"VOCOLLECT_WORK_TYPE","PK_VOCOLLECT_WORK_TYPE","UNIQUE","VOCOLLECT_WORK_TYPE_ID","1"
"VOCOLLECT_WORK_TYPE","UK_VOCOLLECT_WORK_TYPE","UNIQUE","WHSE","1"
"VOCOLLECT_WORK_TYPE","UK_VOCOLLECT_WORK_TYPE","UNIQUE","VOCOLLECT_WORK_TYPE","2"
"VOCOLLECT_WORK_TYPE","UK_VOCOLLECT_WORK_TYPE","UNIQUE","TASK_GRP","3"
"WAVE","WAVE_PK","UNIQUE","WAVE_ID","1"
"WAVE","WAVE_PK","UNIQUE","TC_COMPANY_ID","2"
"WAVE_DISPATCHER","PK_WAVE_DISPATCHER","UNIQUE","WAVE_DISPATCHER_ID","1"
"WAVE_DISPATCHER","UK_WAVE_DISPATCHER","UNIQUE","IS_ACTIVE","1"
"WAVE_DISPATCHER","UK_WAVE_DISPATCHER","UNIQUE","HOST_ID","2"
"WAVE_OPTION","WAVE_OPTION_PK","UNIQUE","WAVE_OPTION_ID","1"
"WAVE_OPTION_LIST","TM_WAVE_OPTION_L_IDX1","NONUNIQUE","FACILITY_ID","1"
"WAVE_OPTION_LIST","TM_WAVE_OPTION_L_IDX1","NONUNIQUE","DOCK_ID","2"
"WAVE_OPTION_LIST","TM_WAVE_OPTION_L_IDX1","NONUNIQUE","DOCK_HOURS_ID","3"
"WAVE_OPTION_LIST","TM_WAVE_OPTION_L_IDX2","NONUNIQUE","MAX_CAPACITY_UOM","1"
"WAVE_OPTION_LIST","TM_WAVE_OPTION_L_IDX3","NONUNIQUE","WAVE_ID","1"
"WAVE_OPTION_LIST","TM_WAVE_OPTION_L_IDX3","NONUNIQUE","TC_COMPANY_ID","2"
"WAVE_OPTION_LIST","TM_WAVE_OPTION_L_IDX4","NONUNIQUE","WAVE_OPTION_ID","1"
"WAVE_OPTION_LIST","WAVE_OPTION_LIST_PK","UNIQUE","WAVE_OPTION_LIST_ID","1"
"WAVE_OPTION_LIST","WAVE_OP_DOCKH_IDX1","NONUNIQUE","DOCK_HOURS_ID","1"
"WAVE_OPTION_LIST","WAVE_OP_DOCK_IDX1","NONUNIQUE","DOCK_ID","1"
"WAVE_OPTION_LIST","WAVE_OP_FACIL_IDX1","NONUNIQUE","FACILITY_ID","1"
"WAVE_OPTION_LIST","WAVE_OP_TC_CO_IDX1","NONUNIQUE","TC_COMPANY_ID","1"
"WAVE_OPTION_LIST","WAVE_OP_WAVE_IDX1","NONUNIQUE","WAVE_ID","1"
"WAVE_OPTION_LIST_USED","WAVE_OPT_LST_UD_PK","UNIQUE","WAVE_OPTION_LIST_USED_ID","1"
"WAVE_OPTION_LIST_USED","WV_OPT_LST_UD_IDX","NONUNIQUE","WAVE_OPTION_LIST_ID","1"
"WAVE_PARM","PK_WAVE_PARM","UNIQUE","WAVE_PARM_ID","1"
"WAVE_PARM","WAVEPARM_SHIPVIA_IDX","NONUNIQUE","SHIP_VIA","1"
"WAVE_PARM","WAVEPARM_WAVENBR_IDX","NONUNIQUE","WAVE_NBR","1"
"WAVE_PARM","WAVEPARM_WHSEPCONSPROF_IDX","NONUNIQUE","WHSE","1"
"WAVE_PARM","WAVEPARM_WHSEPCONSPROF_IDX","NONUNIQUE","PKT_CONSOL_PROF","2"
"WAVE_PROC_TYPE","PK_WAVE_PROC_TYPE","UNIQUE","WAVE_PROC_TYPE_ID","1"
"WAVE_PROC_TYPE","UK_WAVE_PROC_TYPE","UNIQUE","WHSE","1"
"WAVE_PROC_TYPE","UK_WAVE_PROC_TYPE","UNIQUE","WAVE_PROC_TYPE","2"
"WAVE_QUEUE","PK_WAVE_QUEUE","UNIQUE","WAVE_QUEUE_ID","1"
"WAVE_QUEUE","UK_WAVE_QUEUE_2","UNIQUE","SHIP_WAVE_PARM_ID","1"
"WAVE_QUEUE","UK_WAVE_QUEUE_2","UNIQUE","WAVE_TYPE","2"
"WAVE_QUEUE","WAVEQUEUE_LOGINUSERID_IDX","NONUNIQUE","LOGIN_USER_ID","1"
"WAVE_QUEUE","WAVEQUEUE_WAVETYPE_IDX","NONUNIQUE","WAVE_TYPE","1"
"WAVE_QUEUE_LOAD","PK_WAVE_QUEUE_LOAD","UNIQUE","WAVE_QUEUE_LOAD_ID","1"
"WAVE_QUEUE_LOAD","TM_WAVE_QUEUE_LOAD_IDX1","NONUNIQUE","SHIP_WAVE_PARM_ID","1"
"WAVE_QUEUE_LOAD","TM_WAVE_QUEUE_LOAD_IDX2","NONUNIQUE","WAVE_QUEUE_ID","1"
"WAVE_QUEUE_LOAD","UK_WAVE_QUEUE_LOAD","UNIQUE","SHIP_WAVE_PARM_ID","1"
"WAVE_QUEUE_LOAD","UK_WAVE_QUEUE_LOAD","UNIQUE","SEQ_NBR","2"
"WAVE_QUEUE_LOAD","WAVEQLOAD_LOADNBR_IDX","NONUNIQUE","LOAD_NBR","1"
"WAVE_QUEUE_PKT","PK_WAVE_QUEUE_PKT","UNIQUE","WAVE_QUEUE_PKT_ID","1"
"WAVE_QUEUE_PKT","TM_WAVE_QUEUE_PKT_IDX1","NONUNIQUE","SHIP_WAVE_PARM_ID","1"
"WAVE_QUEUE_PKT","TM_WAVE_QUEUE_PKT_IDX2","NONUNIQUE","WAVE_QUEUE_ID","1"
"WAVE_QUEUE_PKT","UK_WAVE_QUEUE_PKT","UNIQUE","SHIP_WAVE_PARM_ID","1"
"WAVE_QUEUE_PKT","UK_WAVE_QUEUE_PKT","UNIQUE","SEQ_NBR","2"
"WAVE_QUEUE_PKT","WAVEQPKT_PKTCTRLNBR_IDX","NONUNIQUE","PKT_CTRL_NBR","1"
"WAVE_QUEUE_WORK_ORD","PK_WAVE_QUEUE_WORK_ORD","UNIQUE","WAVE_QUEUE_WORK_ORD_ID","1"
"WAVE_QUEUE_WORK_ORD","TM_WAVE_QUEUE_WORK_ORD_IDX1","NONUNIQUE","SHIP_WAVE_PARM_ID","1"
"WAVE_QUEUE_WORK_ORD","TM_WAVE_QUEUE_WORK_ORD_IDX2","NONUNIQUE","WAVE_QUEUE_ID","1"
"WAVE_QUEUE_WORK_ORD","UK_WAVE_QUEUE_WORK_ORD","UNIQUE","SHIP_WAVE_PARM_ID","1"
"WAVE_QUEUE_WORK_ORD","UK_WAVE_QUEUE_WORK_ORD","UNIQUE","SEQ_NBR","2"
"WAVE_QUEUE_WORK_ORD","WAVEQWRKORD_WRKORDNBR_IDX","NONUNIQUE","WORK_ORD_NBR","1"
"WAVE_RULE_PARM","PK_WAVE_RULE_PARM","UNIQUE","WAVE_RULE_PARM_ID","1"
"WAVE_RULE_PARM","TM_WAVE_RULE_PARM_IDX1","NONUNIQUE","RULE_HDR_ID","1"
"WAVE_RULE_PARM","TM_WAVE_RULE_PARM_IDX2","NONUNIQUE","SHIP_WAVE_PARM_ID","1"
"WAVE_RULE_PARM","TM_WAVE_RULE_PARM_IDX3","NONUNIQUE","WAVE_PARM_ID","1"
"WAVE_RULE_PARM","UK_WAVE_RULE_PARM","UNIQUE","WAVE_PARM_ID","1"
"WAVE_RULE_PARM","UK_WAVE_RULE_PARM","UNIQUE","RULE_ID","2"
"WAVE_RULE_PARM","WAVERULEPARM_RULEID_IDX","NONUNIQUE","RULE_ID","1"
"WAVE_STATS","PK_WAVE_STATS_ID","UNIQUE","WAVE_STATS_ID","1"
"WAVE_TASK_CRIT","PK_WAVE_TASK_CRIT","UNIQUE","WAVE_TASK_CRIT_ID","1"
"WAVE_TASK_CRIT","UK_WAVE_TASK_CRIT","UNIQUE","WAVE_PARM_ID","1"
"WAVE_TASK_CRIT","UK_WAVE_TASK_CRIT","UNIQUE","CRIT_NBR","2"
"WAVE_TASK_CRIT","UK_WAVE_TASK_CRIT","UNIQUE","SEQ_NBR","3"
"WAVE_WORK_TYPE_STATS","PK_WAVE_WORK_TYPE_STATS","UNIQUE","WAVE_WORK_TYPE_STATS_ID","1"
"WAVE_WORK_TYPE_STATS","TM_WAVE_WORK_TYPE_STATS_IDX1","NONUNIQUE","WAVE_PARM_ID","1"
"WAVE_WORK_TYPE_STATS","UK_WAVE_WORK_TYPE_STATS","UNIQUE","WAVE_PARM_ID","1"
"WAVE_WORK_TYPE_STATS","UK_WAVE_WORK_TYPE_STATS","UNIQUE","WORK_TYPE","2"
"WAVE_WORK_TYPE_STATS","WAVEWRKTYPSTATS_WORKTYPE_IDX","NONUNIQUE","WORK_TYPE","1"
"WA_DETAIL","IDX_WA_DETAIL_SLOT_ID","NONUNIQUE","SLOT_ID","1"
"WA_DETAIL","IDX_WA_DETAIL_WANUM_SKUID","NONUNIQUE","WA_NUMBER","1"
"WA_DETAIL","IDX_WA_DETAIL_WANUM_SKUID","NONUNIQUE","SKU_ID","2"
"WA_DETAIL","IDX_WA_DETAIL_WA_NUMBER","NONUNIQUE","WA_NUMBER","1"
"WA_DETAIL","PK_WA_DETAIL","UNIQUE","WA_DTL_ID","1"
"WA_HEADER","IDXWAHEADERPICKZONEWHSECODE","NONUNIQUE","PICK_ZONE_ID","1"
"WA_HEADER","IDXWAHEADERPICKZONEWHSECODE","NONUNIQUE","WHSE_CODE","2"
"WA_HEADER","PK_WA_HEADER","UNIQUE","WA_NUMBER","1"
"WHPREFS","IDX_WHPREFS_CC_ID","NONUNIQUE","CC_ID","1"
"WHPREFS","IDX_WHPREFS_CRUSH_ID","NONUNIQUE","CRUSH_ID","1"
"WHPREFS","IDX_WHPREFS_DEFAULT_BIN","NONUNIQUE","DEFAULT_BIN","1"
"WHPREFS","IDX_WHPREFS_DEFAULT_PALLET","NONUNIQUE","DEFAULT_PALLET","1"
"WHPREFS","IDX_WHPREFS_FG_ID","NONUNIQUE","FG_ID","1"
"WHPREFS","IDX_WHPREFS_HAZ_ID","NONUNIQUE","HAZ_ID","1"
"WHPREFS","IDX_WHPREFS_MISC1_ID","NONUNIQUE","MISC1_ID","1"
"WHPREFS","IDX_WHPREFS_MISC2_ID","NONUNIQUE","MISC2_ID","1"
"WHPREFS","IDX_WHPREFS_MISC3_ID","NONUNIQUE","MISC3_ID","1"
"WHPREFS","IDX_WHPREFS_MISC4_ID","NONUNIQUE","MISC4_ID","1"
"WHPREFS","IDX_WHPREFS_MISC5_ID","NONUNIQUE","MISC5_ID","1"
"WHPREFS","IDX_WHPREFS_MISC6_ID","NONUNIQUE","MISC6_ID","1"
"WHPREFS","IDX_WHPREFS_VEN_ID","NONUNIQUE","VEN_ID","1"
"WHPREFS","PK_WHPREFS","UNIQUE","WHSE_CODE","1"
"WHSE_ENGINE_CONFIG","PK_WHSE_ENGINE_CONFIG","UNIQUE","ENGINE_ID","1"
"WHSE_ENGINE_CONFIG","UX_WHSE_ENGINE_CONFIG","UNIQUE","WHSE","1"
"WHSE_ENGINE_CONFIG","UX_WHSE_ENGINE_CONFIG","UNIQUE","ENGINE_CODE","2"
"WHSE_IMPORT_PREFS","PK_WHSE_IMPORT_PREFS","UNIQUE","IMPORT_PREF_ID","1"
"WHSE_IMPORT_PREFS","UK_WHSE_IMPORT_PREFS","UNIQUE","WHSE_CODE","1"
"WHSE_LABOR_PARAMETERS","WHSE_LABOR_PARM_PK","UNIQUE","LABOR_PARM_ID","1"
"WHSE_LABOR_PARAMETERS","WHSE_LABOR_PARM_UK","UNIQUE","FACILITY_ID","1"
"WHSE_LOCN_MASK","WHSE_LOCN_MASK_PK","UNIQUE","WHSE_LOCN_MASK_ID","1"
"WHSE_LOCN_MASK","WHSE_LOCN_MASK_UK","UNIQUE","FACILITY_ID","1"
"WHSE_LOCN_MASK","WHSE_LOCN_MASK_UK","UNIQUE","LOCN_CLASS","2"
"WHSE_MASTER","PK_WHSE_MASTER","UNIQUE","WHSE_MASTER_ID","1"
"WHSE_MASTER_DTL","PK_WHSE_MASTER_DTL","UNIQUE","WHSE_MASTER_DTL_ID","1"
"WHSE_MASTER_DTL","TM_WHSE_MASTER_D_IDX1","NONUNIQUE","WHSE_MASTER_ID","1"
"WHSE_PARAMETERS","WHSE_PARAMETERS_PK","UNIQUE","WHSE_MASTER_ID","1"
"WHSE_PAY","PK_WHSE_PAY","UNIQUE","WHSE_PAY_ID","1"
"WHSE_PAY_DATE","PK_WHSE_PAY_DATE","UNIQUE","WHSE","1"
"WHSE_PAY_DATE","PK_WHSE_PAY_DATE","UNIQUE","PAY_END_DATE","2"
"WHSE_PROCESS","INDX_WHSE_PROCESS_1","NONUNIQUE","SESSION_ID","1"
"WHSE_PROCESS","INDX_WHSE_PROCESS_2","NONUNIQUE","WHSE_CODE","1"
"WHSE_PROCESS","INDX_WHSE_PROCESS_2","NONUNIQUE","PROCESS_CODE","2"
"WHSE_PROCESS","INDX_WHSE_PROCESS_2","NONUNIQUE","SESSION_ID","3"
"WHSE_PROCESS","INDX_WHSE_PROCESS_3","NONUNIQUE","MOD_DATE_TIME","1"
"WHSE_PROCESS","INDX_WHSE_PROCESS_3","NONUNIQUE","WHSE_CODE","2"
"WHSE_PROCESS","INDX_WHSE_PROCESS_4","NONUNIQUE","MOD_USER","1"
"WHSE_PROCESS","INDX_WHSE_PROCESS_4","NONUNIQUE","WHSE_CODE","2"
"WHSE_PROCESS","INDX_WHSE_PROCESS_5","NONUNIQUE","WHSE_CODE","1"
"WHSE_PROCESS","INDX_WHSE_PROCESS_5","NONUNIQUE","SESSION_ID","2"
"WHSE_PROCESS","PK_WHSE_PROCESS","UNIQUE","WHSE_PROCESS_ID","1"
"WHSE_PROCESS","UK_WHSE_PROCESS","UNIQUE","WHSE_CODE","1"
"WHSE_PROCESS","UK_WHSE_PROCESS","UNIQUE","PROCESS_CODE","2"
"WHSE_PROCESS","UK_WHSE_PROCESS","UNIQUE","SESSION_ID","3"
"WHSE_PROCESS","UK_WHSE_PROCESS","UNIQUE","AFFECTED_NODE_ID","4"
"WHSE_PROCESS_STAGE","IDX_WHSE_PROCESS_STAGE_ITEM_ID","NONUNIQUE","ITEM_ID","1"
"WHSE_PROCESS_STAGE","IDX_WPS_SLOT_ID","NONUNIQUE","SLOT_ID","1"
"WHSE_PROCESS_STAGE","IDX_WPS_STAGE_SLOT_FILTER_ID","NONUNIQUE","SLOT_FILTER_ID","1"
"WHSE_PROCESS_STAGE","IDX_WPS_WHSE_CODE","NONUNIQUE","WHSE_CODE","1"
"WHSE_PROCESS_STAGE","PK_WP_STAGE","UNIQUE","ID","1"
"WHSE_PROCESS_STAGE_PARM","IDX_WPS_PARM_WHSE_PRCS_STG_ID","NONUNIQUE","WHSE_PROCESS_STAGE_ID","1"
"WHSE_PROCESS_STAGE_PARM","PK_WHSE_PROCESS_STAGE_PARM","UNIQUE","WHSE_PROCESS_STAGE_PARM_ID","1"
"WHSE_SAFE_PERIOD","PK_WHSE_SAFE_PERIOD","UNIQUE","WHSE","1"
"WHSE_SERVER","PK_WHSE_SERVER","UNIQUE","SERVER_ID","1"
"WMSFE_MESSAGES","AQ$_WMSFE_MESSAGES_I","NONUNIQUE","Q_NAME","1"
"WMSFE_MESSAGES","AQ$_WMSFE_MESSAGES_I","NONUNIQUE","STATE","2"
"WMSFE_MESSAGES","AQ$_WMSFE_MESSAGES_I","NONUNIQUE","ENQ_TIME","3"
"WMSFE_MESSAGES","AQ$_WMSFE_MESSAGES_I","NONUNIQUE","STEP_NO","4"
"WMSFE_MESSAGES","AQ$_WMSFE_MESSAGES_I","NONUNIQUE","CHAIN_NO","5"
"WMSFE_MESSAGES","AQ$_WMSFE_MESSAGES_I","NONUNIQUE","LOCAL_ORDER_NO","6"
"WMSFE_MESSAGES","AQ$_WMSFE_MESSAGES_T","NONUNIQUE","TIME_MANAGER_INFO","1"
"WMSFE_MESSAGES","SYS_C0063298","UNIQUE","MSGID","1"
"WMSFE_MSG_LOG","INPT_WMSFE_MSG_LOG_IND_1","NONUNIQUE","BUSINESSTYPE","1"
"WMSFE_MSG_LOG","INPT_WMSFE_MSG_LOG_IND_2","NONUNIQUE","BUSINESSPK","1"
"WMSFE_MSG_LOG","INPT_WMSFE_MSG_LOG_IND_3","NONUNIQUE","BUSINESSID","1"
"WMSFE_MSG_LOG","PK_WMSFE_MSG_LOG_GUID","UNIQUE","GUID","1"
"WMSFE_MSG_LOG_BAK","INPT_WMSFE_MSG_LOG_BAK_IND_1","NONUNIQUE","BUSINESSTYPE","1"
"WMSFE_MSG_LOG_BAK","INPT_WMSFE_MSG_LOG_BAK_IND_2","NONUNIQUE","BUSINESSPK","1"
"WMSFE_MSG_LOG_BAK","INPT_WMSFE_MSG_LOG_BAK_IND_3","NONUNIQUE","BUSINESSID","1"
"WMSFE_MSG_LOG_BAK","PK_WMSFE_MSG_LOG_BAK_GUID","UNIQUE","GUID","1"
"WM_INVENTORY","PK_WM_INVENTORY","UNIQUE","WM_INVENTORY_ID","1"
"WM_INVENTORY","TM_WM_INVENTORY_IDX3","NONUNIQUE","LPN_ID","1"
"WM_INVENTORY","TM_WM_INVENTORY_IDX3","NONUNIQUE","LPN_DETAIL_ID","2"
"WM_INVENTORY","WMINVN_CFACID_IDX","NONUNIQUE","C_FACILITY_ID","1"
"WM_INVENTORY","WMINVN_ITEMCFACLPNID_IDX","NONUNIQUE","ITEM_ID","1"
"WM_INVENTORY","WMINVN_ITEMCFACLPNID_IDX","NONUNIQUE","C_FACILITY_ID","2"
"WM_INVENTORY","WMINVN_ITEMCFACLPNID_IDX","NONUNIQUE","TC_COMPANY_ID","3"
"WM_INVENTORY","WMINVN_ITEMCFACLPNID_IDX","NONUNIQUE","LPN_ID","4"
"WM_INVENTORY","WMINVN_ITEMCFACLPNID_IDX","NONUNIQUE","LPN_DETAIL_ID","5"
"WM_INVENTORY","WMINVN_ITEMCFACLPNID_IDX","NONUNIQUE","LOCATION_ID","6"
"WM_INVENTORY","WMINVN_ITEMCFACLPNID_IDX","NONUNIQUE","LOCATION_DTL_ID","7"
"WM_INVENTORY","WMINVN_ITEMCFACLPNID_IDX","NONUNIQUE","TRANSITIONAL_INVENTORY_TYPE","8"
"WM_INVENTORY","WMINVN_LOCNDTLID_IDX","NONUNIQUE","LOCATION_DTL_ID","1"
"WM_INVENTORY","WMINVN_LOCNID_IDX","NONUNIQUE","LOCATION_ID","1"
"WM_INVENTORY","WMINVN_LOCNID_IDX","NONUNIQUE","ITEM_ID","2"
"WM_INVENTORY","WMINVN_LOCNID_IDX","NONUNIQUE","ON_HAND_QTY","3"
"WM_INVENTORY","WMINVN_LOCNID_IDX","NONUNIQUE","TO_BE_FILLED_QTY","4"
"WM_INVENTORY","WMINVN_LPNDTLID_IDX","NONUNIQUE","LPN_DETAIL_ID","1"
"WM_INVENTORY","WMINVN_LPNID_IDX","NONUNIQUE","LPN_ID","1"
"WM_INVENTORY","WMINVN_QTYS_IDX","NONUNIQUE","ON_HAND_QTY","1"
"WM_INVENTORY","WMINVN_QTYS_IDX","NONUNIQUE","WM_ALLOCATED_QTY","2"
"WM_INVENTORY","WMINVN_QTYS_IDX","NONUNIQUE","TO_BE_FILLED_QTY","3"
"WM_INVENTORY","WMINVN_RCLID_LCNCLS_IDX","NONUNIQUE","RECALL_ID","1"
"WM_INVENTORY","WMINVN_RCLID_LCNCLS_IDX","NONUNIQUE","LOCN_CLASS","2"
"WM_INVENTORY","WM_INVENTORY_IDX5","NONUNIQUE","TC_LPN_ID","1"
"WM_INVENTORY","WM_INVENTORY_IDX5","NONUNIQUE","ON_HAND_QTY","2"
"WM_INVENTORY","WM_INVN_SI_IDX1","NONUNIQUE","ITEM_ID","1"
"WM_INVENTORY","WM_INVN_SI_IDX1","NONUNIQUE","LOCN_CLASS","2"
"WM_INVENTORY","WM_INVN_SI_IDX1","NONUNIQUE","LPN_ID","3"
"WM_INVENTORY","WM_INVN_SI_IDX1","NONUNIQUE","ON_HAND_QTY","4"
"WM_INVENTORY","WM_INVN_SI_IDX1","NONUNIQUE","WM_ALLOCATED_QTY","5"
"WM_INVENTORY","WM_INVN_SI_IDX1","NONUNIQUE","TO_BE_FILLED_QTY","6"
"WM_MHE_MSG_FORMAT_DTL","FK_WMMHEMSGFRMTDTL_HDR_ID_IDX","NONUNIQUE","WM_MHE_MSG_FORMAT_HDR_ID","1"
"WM_MHE_MSG_FORMAT_DTL","PK_WMMHEMSGFRMTDTL_ID","UNIQUE","WM_MHE_MSG_FORMAT_DTL_ID","1"
"WM_MHE_MSG_FORMAT_HDR","FK_WMMHEMSGFRMTHDR_FAC_ID_IDX","NONUNIQUE","FACILITY_ID","1"
"WM_MHE_MSG_FORMAT_HDR","FK_WMMHEMSGFRMTHDR_MHERLGP_IDX","NONUNIQUE","MHE_RULE_GROUP_ID","1"
"WM_MHE_MSG_FORMAT_HDR","FK_WMMHEMSGFRMTHDR_PRTAPLY_IDX","NONUNIQUE","PRINT_AND_APPLY_ID","1"
"WM_MHE_MSG_FORMAT_HDR","PK_WMMHEMSGFRMTHDR_ID","UNIQUE","WM_MHE_MSG_FORMAT_HDR_ID","1"
"WM_QUEUE_CLASS","PK_WM_QUEUE_CLASS","UNIQUE","QUEUE_NAME","1"
"WM_RULE_TAB_COLUMNS","PK_WM_RULE_TAB_COLUMNS","UNIQUE","TABLE_NAME","1"
"WM_RULE_TAB_COLUMNS","PK_WM_RULE_TAB_COLUMNS","UNIQUE","COLUMN_NAME","2"
"WM_RULE_TAB_COLUMNS","PK_WM_RULE_TAB_COLUMNS","UNIQUE","OWNER","3"
"WORKFLOW_COMPONENT","PK_WORKFLOW_COMPONENT","UNIQUE","WORKFLOW_COMPONENT_ID","1"
"WORKFLOW_COMPONENT","UK1_WORKFLOW_COMPONENT","UNIQUE","SCRIPT_NAME","1"
"WORKFLOW_COMPONENT","UK1_WORKFLOW_COMPONENT","UNIQUE","COMPONENT_NAME","2"
"WORKFLOW_COMPONENT","WORKFLOW_COMPONENT_FK1_IDX","NONUNIQUE","SCRIPT_NAME","1"
"WORKFLOW_COMPONENT_PERM","WORKFLOW_COMPONENT_PERM_PK","UNIQUE","WORKFLOW_COMPONENT_PERM_ID","1"
"WORKFLOW_COMPONENT_PERM","WORKFLOW_COMPONENT_PERM_UK1","UNIQUE","SCRIPT_NAME","1"
"WORKFLOW_COMPONENT_PERM","WORKFLOW_COMPONENT_PERM_UK1","UNIQUE","COMPONENT_NAME","2"
"WORKFLOW_COMPONENT_PERM","WORKFLOW_COMPONENT_PERM_UK1","UNIQUE","PERMISSION_CODE","3"
"WORKFLOW_MSG_ASSOCIATION","PK_WORKFLOW_MSG_ASSOCIATION","UNIQUE","WORKFLOW_MSG_ASSOCIATION_ID","1"
"WORKFLOW_MSG_ASSOCIATION","UK1_WORKFLOW_MSG_ASSOCIATION","UNIQUE","SCRIPT_NAME","1"
"WORKFLOW_MSG_ASSOCIATION","UK1_WORKFLOW_MSG_ASSOCIATION","UNIQUE","FROM_MESSAGE_KEY","2"
"WORKFLOW_MSG_ASSOCIATION","UK1_WORKFLOW_MSG_ASSOCIATION","UNIQUE","TO_MESSAGE_KEY","3"
"WORKFLOW_MSG_ASSOCIATION","WORKFLOW_MSG_ASSTN_FK1_IDX","NONUNIQUE","SCRIPT_NAME","1"
"WORKFLOW_SCRIPT","PK_WORKFLOW_SCRIPT","UNIQUE","WORKFLOW_SCRIPT_ID","1"
"WORKFLOW_SCRIPT","UK1_WORKFLOW_SCRIPT","UNIQUE","SCRIPT_NAME","1"
"WORKFLOW_VALUE_ASSOCIATION","WORKFLOW_VALUE_ASSOCIATION_PK","UNIQUE","VALUE_ASSOCIATION_ID","1"
"WORKFLOW_VALUE_ASSOCIATION","WORKFLOW_VALUE_ASSOCIATION_UK","UNIQUE","SCRIPT_NAME","1"
"WORKFLOW_VALUE_ASSOCIATION","WORKFLOW_VALUE_ASSOCIATION_UK","UNIQUE","VALUE_ASSOCIATION_VALUE","2"
"WORK_AREA_MASTER","PK_WORK_AREA_MAST1","UNIQUE","WORK_AREA_MASTER_ID","1"
"WORK_AREA_MASTER","UK_WORK_AREA_MAST1","UNIQUE","FACILITY_ID","1"
"WORK_AREA_MASTER","UK_WORK_AREA_MAST1","UNIQUE","WORK_GRP","2"
"WORK_AREA_MASTER","UK_WORK_AREA_MAST1","UNIQUE","WORK_AREA","3"
"WORK_GRP_PRXMTY","PK_WORK_GRP_PRXMTY","UNIQUE","WORK_GRP_PRXMTY_ID","1"
"WORK_GRP_PRXMTY","UK_WORK_GRP_PRXMTY","UNIQUE","FACILITY_ID","1"
"WORK_GRP_PRXMTY","UK_WORK_GRP_PRXMTY","UNIQUE","FROM_WORK_GRP","2"
"WORK_GRP_PRXMTY","UK_WORK_GRP_PRXMTY","UNIQUE","FROM_WORK_AREA","3"
"WORK_GRP_PRXMTY","UK_WORK_GRP_PRXMTY","UNIQUE","TO_WORK_GRP","4"
"WORK_GRP_PRXMTY","UK_WORK_GRP_PRXMTY","UNIQUE","TO_WORK_AREA","5"
"WORK_GRP_PRXMTY","WGPRXMTY_WHSETOWORKGRPAREA_IDX","NONUNIQUE","FACILITY_ID","1"
"WORK_GRP_PRXMTY","WGPRXMTY_WHSETOWORKGRPAREA_IDX","NONUNIQUE","TO_WORK_GRP","2"
"WORK_GRP_PRXMTY","WGPRXMTY_WHSETOWORKGRPAREA_IDX","NONUNIQUE","TO_WORK_AREA","3"
"WORK_ORD_CMNT","PK_WORK_ORD_CMNT","UNIQUE","WORK_ORD_CMNT_ID","1"
"WORK_ORD_CMNT","TM_WORK_ORD_CMNT_IDX1","NONUNIQUE","WORK_ORD_HDR_ID","1"
"WORK_ORD_CMNT","TM_WORK_ORD_CMNT_IDX2","NONUNIQUE","WORK_ORD_NBR","1"
"WORK_ORD_CMNT","UK_WORK_ORD_CMNT","UNIQUE","WORK_ORD_NBR","1"
"WORK_ORD_CMNT","UK_WORK_ORD_CMNT","UNIQUE","CMNT_SEQ","2"
"WORK_ORD_DTL","PK_WORK_ORD_DTL_ID","UNIQUE","WORK_ORD_DTL_ID","1"
"WORK_ORD_DTL","TM_WORK_ORD_DTL_IDX1","NONUNIQUE","WORK_ORD_HDR_ID","1"
"WORK_ORD_DTL","TM_WORK_ORD_DTL_IDX2","NONUNIQUE","WORK_ORD_NBR","1"
"WORK_ORD_DTL","UK_WORK_ORD_DTL","UNIQUE","WORK_ORD_NBR","1"
"WORK_ORD_DTL","UK_WORK_ORD_DTL","UNIQUE","SEQ_NBR","2"
"WORK_ORD_DTL","WORKORDDTL_ITEMID_IDX","NONUNIQUE","ITEM_ID","1"
"WORK_ORD_DTL","WORKORDDTL_LOCNID_IDX","NONUNIQUE","LOCN_ID","1"
"WORK_ORD_HDR","PK_WORK_ORD_HDR","UNIQUE","WORK_ORD_HDR_ID","1"
"WORK_ORD_HDR","UK_WORK_ORD_HDR","UNIQUE","WORK_ORD_NBR","1"
"WORK_ORD_HDR","WORKORDHDR_CDMASID_IDX","NONUNIQUE","CD_MASTER_ID","1"
"WORK_ORD_HDR","WORKORDHDR_WSTATCD_IDX","NONUNIQUE","WAVE_STAT_CODE","1"
"WORK_ORD_HDR","WORKORDHDR_WSTATCD_IDX","NONUNIQUE","STAT_CODE","2"
"WORK_ORD_VAS","PK_WORK_ORDER_VAS","UNIQUE","WORK_ORD_VAS_ID","1"
"WORK_ORD_WORK_TYPE","PK_WORK_ORD_WORK_TYPE","UNIQUE","WORK_ORD_WORK_TYPE_ID","1"
"WORK_ORD_WORK_TYPE","TM_WORK_ORD_WORK_TYPE_IDX1","NONUNIQUE","WORK_ORD_HDR_ID","1"
"WORK_ORD_WORK_TYPE","TM_WORK_ORD_WORK_TYPE_IDX2","NONUNIQUE","WORK_ORD_NBR","1"
"WORK_ORD_WORK_TYPE","UK_WORK_ORD_WORK_TYPE","UNIQUE","WORK_ORD_NBR","1"
"WORK_ORD_WORK_TYPE","UK_WORK_ORD_WORK_TYPE","UNIQUE","WORK_TYPE","2"
"WSDL_BINDINGS","TM_WSDL_BINDINGS_IDX1","NONUNIQUE","BINDING_TYPE_ID","1"
"WSDL_BINDINGS","TM_WSDL_BINDINGS_IDX2","NONUNIQUE","OPERATION_ID","1"
"WSDL_BINDINGS","TM_WSDL_BINDINGS_IDX3","NONUNIQUE","SERVICE_ID","1"
"WSDL_BINDINGS","WSDL_BINDINGS_PK","UNIQUE","BINDING_ID","1"
"WSDL_IMPORTS","TM_WSDL_IMPORTS_IDX1","NONUNIQUE","SERVICE_ID","1"
"WSDL_IMPORTS","WSDL_IMPORTS_PK","UNIQUE","IMPORT_ID","1"
"WSDL_MESSAGES","TM_WSDL_MESSAGES_IDX1","NONUNIQUE","SERVICE_ID","1"
"WSDL_MESSAGES","WSDL_MESSAGES_PK","UNIQUE","MSG_ID","1"
"WSDL_MSG_PARTS","TM_WSDL_MSG_PART_IDX1","NONUNIQUE","MSG_ID","1"
"WSDL_MSG_PARTS","TM_WSDL_MSG_PART_IDX2","NONUNIQUE","SERVICE_ID","1"
"WSDL_MSG_PARTS","WSDL_MSG_PARTS_PK","UNIQUE","MSG_PART_ID","1"
"WSDL_PARTNERLINK_TYPE_ROLE","TM_WSDL_PARTNERL_IDX1","NONUNIQUE","PARTNER_LINK_ID","1"
"WSDL_PARTNERLINK_TYPE_ROLE","WSDLPRTLNTYPROL_PK","UNIQUE","PARTNER_LINK_ROLE_ID","1"
"WSDL_PARTNER_LINK_TYPE","TM_WSDL_PARTNER__IDX1","NONUNIQUE","SERVICE_ID","1"
"WSDL_PARTNER_LINK_TYPE","WSDLPARTNLNTYP_PK","UNIQUE","PARTNER_LINK_ID","1"
"WSDL_PORT_TYPES","TM_WSDL_PORT_TYP_IDX1","NONUNIQUE","SERVICE_ID","1"
"WSDL_PORT_TYPES","WSDL_PORT_TYPES_PK","UNIQUE","PORT_TYPE_ID","1"
"WSDL_PT_OPERATIONS","TM_WSDL_PT_OPERA_IDX1","NONUNIQUE","PORT_TYPE_ID","1"
"WSDL_PT_OPERATIONS","WSDL_PT_OPER_PK","UNIQUE","OPERATION_ID","1"
"WSDL_PT_OPERATIONS_ARGS","TM_WSDL_PT_OPRA_IDX1","NONUNIQUE","OPERATION_ID","1"
"WSDL_PT_OPERATIONS_ARGS","TM_WSDL_PT_OPRA_IDX2","NONUNIQUE","SERVICE_ID","1"
"WSDL_PT_OPERATIONS_ARGS","WSDL_PTOPERARGS_PK","UNIQUE","OPR_ARG_ID","1"
"WSDL_TYPES","TM_WSDL_TYPES_IDX1","NONUNIQUE","SERVICE_ID","1"
"WSDL_TYPES","WSDL_TYPES_PK","UNIQUE","TYPE_ID","1"
"WSDL_TYPES_SCHEMA_IMPTS","TM_WSDL_TYPES_SC_IDX1","NONUNIQUE","SERVICE_ID","1"
"WSDL_TYPES_SCHEMA_IMPTS","WTSI_PK","UNIQUE","SCHEMA_IMPT_ID","1"
"WZ_USERLIST","唯一","UNIQUE","USERCODE","1"
"XBASE_MENU_ITEM","XBASE_MEN_ITE_FK2_1_IX","NONUNIQUE","XMENU_ITEM_ID","1"
"XBASE_MENU_ITEM","XBASE_MEN_ITE_PK","UNIQUE","XBASE_MENU_ITEM_ID","1"
"XBASE_MENU_ITEM","XBASE_MEN_ITE_UK","UNIQUE","XBASE_MENU_PART_ID","1"
"XBASE_MENU_ITEM","XBASE_MEN_ITE_UK","UNIQUE","XBASE_MENU_ITEM_ID","2"
"XBASE_MENU_PART","XBASE_MEN_PT_PK","UNIQUE","XBASE_MENU_PART_ID","1"
"XBASE_MENU_PART","XBASE_MEN_PT_UK","UNIQUE","XBASE_MENU_SECTION_ID","1"
"XBASE_MENU_PART","XBASE_MEN_PT_UK","UNIQUE","NAME","2"
"XBASE_MENU_PART_PERMISSION","XBAS_MENU_PART_PERM_FK2_1_IX","NONUNIQUE","PERMISSION_CODE","1"
"XBASE_MENU_PART_PERMISSION","XBAS_MENU_PART_PERM_PK","UNIQUE","XBASE_MENU_PART_ID","1"
"XBASE_MENU_PART_PERMISSION","XBAS_MENU_PART_PERM_PK","UNIQUE","PERMISSION_CODE","2"
"XBASE_MENU_SECTION","XBASE_MENU_SECTION_IDX1","NONUNIQUE","APP_ID","1"
"XBASE_MENU_SECTION","XBASE_MEN_SEC_PK","UNIQUE","XBASE_MENU_SECTION_ID","1"
"XBASE_MENU_SECTION","XBASE_MEN_SEC_UK","UNIQUE","XBASE_MENU_SECTION_ID","1"
"XBASE_MENU_SECTION","XBASE_MEN_SEC_UK","UNIQUE","NAME","2"
"XBASE_MENU_SECTION_PERMISSION","XBAS_MENU_SECT_PERM_FK2_1_IX","NONUNIQUE","PERMISSION_CODE","1"
"XBASE_MENU_SECTION_PERMISSION","XBAS_MENU_SECT_PERM_PK","UNIQUE","XBASE_MENU_SECTION_ID","1"
"XBASE_MENU_SECTION_PERMISSION","XBAS_MENU_SECT_PERM_PK","UNIQUE","PERMISSION_CODE","2"
"XCUSTOM_ATTRIBUTE_METADATA","XCUSTOM_ATTRIBUTE_METADATA_PK","UNIQUE","XCUSTOM_ATTRIB_METADATA_ID","1"
"XCUSTOM_ATTRIBUTE_METADATA","XCUSTOM_ATTRIBUTE_METADATA_UK","UNIQUE","CUSTOM_ATTRIB_OBJ_TYPE","1"
"XFIELD_RESTRICTION","XFIELD_RESTRICTION_PK","UNIQUE","XFIELD_RESTRICTION_ID","1"
"XFIELD_RESTRICTION","XFIELD_RESTRICTION_UK","UNIQUE","XMODEL_NAME","1"
"XFIELD_RESTRICTION","XFIELD_RESTRICTION_UK","UNIQUE","XFIELD_NAME","2"
"XFIELD_RESTRICTION","XFIELD_RESTRICTION_UK","UNIQUE","XRESTRICTION_ID","3"
"XFILTER","XFILTER_FK1_1_IX","NONUNIQUE","COMPANY_ID","1"
"XFILTER","XFILTER_FK3_1_IX","NONUNIQUE","OWNER_USER_ID","1"
"XFILTER","XFILTER_PK","UNIQUE","XFILTER_ID","1"
"XFILTER","XFILTER_UK","UNIQUE","NAME","1"
"XFILTER","XFILTER_UK","UNIQUE","OWNER_USER_ID","2"
"XFILTER","XFILTER_UK","UNIQUE","COMPONENT_NAME","3"
"XFILTER_MIGR","XFILTER_MIGR_PK","UNIQUE","XSCREEN_NAMESPACE","1"
"XFILTER_PREF","XFILTER_PREF_FK2_1_IX","NONUNIQUE","XFILTER_ID","1"
"XFILTER_PREF","XFILTER_PREF_PK","UNIQUE","XFILTER_PREF_ID","1"
"XFILTER_PREF","XFILTER_PREF_UK","UNIQUE","UCL_USER_ID","1"
"XFILTER_PREF","XFILTER_PREF_UK","UNIQUE","XFILTER_ID","2"
"XLAYOUT","XLAYOUT_PK","UNIQUE","XLAYOUT_ID","1"
"XLAYOUT","XLAYOUT_UK","UNIQUE","NAME","1"
"XLAYOUT","XLAYOUT_UK","UNIQUE","COMPANY_ID","2"
"XLAYOUT","XLAYOUT_UK","UNIQUE","SCREEN_NAME","3"
"XLAYOUT","XLAYOUT_UK","UNIQUE","COMPONENT_NAME","4"
"XLAYOUT","XLAYOUT_UK","UNIQUE","SCREEN_COMPONENT_KEY","5"
"XLAYOUT_COMPANY_GROUP","XLAYOUT_CMPNY_GRPCMP_GRPFK1_IX","NONUNIQUE","XCOMPANY_GROUP_ID","1"
"XLAYOUT_COMPANY_GROUP","XLAYOUT_COMPANY_GROUP_PK","UNIQUE","XLAYOUT_COMPANY_GROUP_ID","1"
"XLAYOUT_COMPANY_GROUP","XLAYOUT_COMPANY_GROUP_UK","UNIQUE","XLAYOUT_ID","1"
"XLAYOUT_COMPANY_GROUP","XLAYOUT_COMPANY_GROUP_UK","UNIQUE","XCOMPANY_GROUP_ID","2"
"XLAYOUT_COMPONENT","XLAYOUT_COMPONENT_PK","UNIQUE","XLAYOUT_COMPONENT_ID","1"
"XLAYOUT_COMPONENT","XLAYOUT_COMT_UK","UNIQUE","XLAYOUT_ID","1"
"XLAYOUT_COMPONENT","XLAYOUT_COMT_UK","UNIQUE","NAME","2"
"XLAYOUT_ITEM","XLAYOUT_ITEM_PK","UNIQUE","XLAYOUT_ITEM_ID","1"
"XLAYOUT_ITEM","XLAYOUT_ITEM_UK1","UNIQUE","XLAYOUT_PART_ID","1"
"XLAYOUT_ITEM","XLAYOUT_ITEM_UK1","UNIQUE","NAME","2"
"XLAYOUT_PART","XLAYOUT_PART_PK","UNIQUE","XLAYOUT_PART_ID","1"
"XLAYOUT_PART","XLAYOUT_PART_UK","UNIQUE","NAME","1"
"XLAYOUT_PART","XLAYOUT_PART_UK","UNIQUE","XLAYOUT_SECTION_ID","2"
"XLAYOUT_SECTION","XLAYOUT_SECTION_PK","UNIQUE","XLAYOUT_SECTION_ID","1"
"XLAYOUT_SECTION","XLAYOUT_SECTION_UK","UNIQUE","NAME","1"
"XLAYOUT_SECTION","XLAYOUT_SECTION_UK","UNIQUE","XLAYOUT_COMPONENT_ID","2"
"XLAYOUT_SECTION","XLAYOUT_SECTION_XLAYCOM_FK1_IX","NONUNIQUE","XLAYOUT_COMPONENT_ID","1"
"XLAYOUT_USER","XLAYOUT_USER_PK","UNIQUE","XLAYOUT_USER_ID","1"
"XLAYOUT_USER","XLAYOUT_USER_UCL_USER_FK_1_IX","NONUNIQUE","USER_ID","1"
"XLAYOUT_USER","XLAYOUT_USER_UK","UNIQUE","XLAYOUT_ID","1"
"XLAYOUT_USER","XLAYOUT_USER_UK","UNIQUE","USER_ID","2"
"XLAYOUT_USER_GROUP","XLAYOUT_USER_GROUP_FK1_1_IX","NONUNIQUE","XUSER_GROUP_ID","1"
"XLAYOUT_USER_GROUP","XLAYOUT_USER_GROUP_PK","UNIQUE","XLAYOUT_USER_GROUP_ID","1"
"XLAYOUT_USER_GROUP","XLAYOUT_USER_GROUP_UK","UNIQUE","XLAYOUT_ID","1"
"XLAYOUT_USER_GROUP","XLAYOUT_USER_GROUP_UK","UNIQUE","XUSER_GROUP_ID","2"
"XMAUI_MIGRATION","XMAUI_MIGRATION_PK","UNIQUE","XMAUI_MIGRATION_ID","1"
"XMENU_ITEM","UC_XMENU_ITEM","UNIQUE","NAME","1"
"XMENU_ITEM","UC_XMENU_ITEM","UNIQUE","NAVIGATION_KEY","2"
"XMENU_ITEM","UC_XMENU_ITEM","UNIQUE","BASE_SECTION_NAME","3"
"XMENU_ITEM","XMENU_ITEM_PK","UNIQUE","XMENU_ITEM_ID","1"
"XMENU_ITEM_APP","XMEN_ITM_APP_FK2_1_IX","NONUNIQUE","APP_ID","1"
"XMENU_ITEM_APP","XMEN_ITM_APP_PK","UNIQUE","XMENU_ITEM_ID","1"
"XMENU_ITEM_APP","XMEN_ITM_APP_PK","UNIQUE","APP_ID","2"
"XMENU_ITEM_PARAMETER","XMEN_ITM_PARAM_PK","UNIQUE","XMENU_ITEM_PARAMETER_ID","1"
"XMENU_ITEM_PARAMETER","XMEN_ITM_PARAM_UK","UNIQUE","XMENU_ITEM_ID","1"
"XMENU_ITEM_PARAMETER","XMEN_ITM_PARAM_UK","UNIQUE","KEY","2"
"XMENU_ITEM_PARAMETER","XMEN_ITM_PARAM_UK","UNIQUE","VALUE","3"
"XMENU_ITEM_PERMISSION","XMEN_ITM_PERM_FK1_1_IX","NONUNIQUE","PERMISSION_CODE","1"
"XMENU_ITEM_PERMISSION","XMEN_ITM_PERM_PK","UNIQUE","XMENU_ITEM_ID","1"
"XMENU_ITEM_PERMISSION","XMEN_ITM_PERM_PK","UNIQUE","PERMISSION_CODE","2"
"XML_TRANSLATOR_TYPE","XML_TRANST_PK","UNIQUE","XML_TRANSLATOR_TYPE","1"
"XPREFERENCES","XPREFERENCES_PK","UNIQUE","XPREFERENCES_ID","1"
"XQUICK_MENU","XQUK_MEN_FK2_1_IX","NONUNIQUE","UCL_USER_ID","1"
"XQUICK_MENU","XQUK_MEN_PK","UNIQUE","XQUICK_MENU_ID","1"
"XQUICK_MENU","XQUK_MEN_UK","UNIQUE","XSOLUTION_ID","1"
"XQUICK_MENU","XQUK_MEN_UK","UNIQUE","UCL_USER_ID","2"
"XQUICK_MENU_ITEM","XQUK_MEN_ITM_FK2_1_IX","NONUNIQUE","XMENU_ITEM_ID","1"
"XQUICK_MENU_ITEM","XQUK_MEN_ITM_PK","UNIQUE","XQUICK_MENU_ITEM_ID","1"
"XQUICK_MENU_ITEM","XQUK_MEN_ITM_UK","UNIQUE","XQUICK_MENU_PART_ID","1"
"XQUICK_MENU_ITEM","XQUK_MEN_ITM_UK","UNIQUE","XQUICK_MENU_ITEM_ID","2"
"XQUICK_MENU_PART","XQUK_MEN_PT_PK","UNIQUE","XQUICK_MENU_PART_ID","1"
"XQUICK_MENU_PART","XQUK_MEN_PT_UK","UNIQUE","XQUICK_MENU_SECTION_ID","1"
"XQUICK_MENU_PART","XQUK_MEN_PT_UK","UNIQUE","NAME","2"
"XQUICK_MENU_SECTION","XQUK_MEN_SEC_PK","UNIQUE","XQUICK_MENU_SECTION_ID","1"
"XQUICK_MENU_SECTION","XQUK_MEN_SEC_UK","UNIQUE","XQUICK_MENU_ID","1"
"XQUICK_MENU_SECTION","XQUK_MEN_SEC_UK","UNIQUE","NAME","2"
"XREF","PK_XREF","UNIQUE","XREF_ID","1"
"XREF","UK_XREF","UNIQUE","VENDOR_BRCD","1"
"XREF","UK_XREF","UNIQUE","CD_MASTER_ID","2"
"XREF","XREF_CDMASID_IDX","NONUNIQUE","CD_MASTER_ID","1"
"XREF","XREF_SKUBRCD_IDX","NONUNIQUE","SKU_BRCD","1"
"XREMOTE_LOG_CONFIG","XREMOTE_LOG_CONFIG_FK1_1_IX","NONUNIQUE","CREATED_SOURCE","1"
"XREMOTE_LOG_CONFIG","XREMOTE_LOG_CONFIG_FK2_1_IX","NONUNIQUE","LAST_UPDATED_SOURCE","1"
"XREMOTE_LOG_CONFIG","XREMOTE_LOG_CONFIG_PK","UNIQUE","CLIENT_ID","1"
"XTHEME_RESOURCE","THEME_DATA_ID_FK_1_IX","NONUNIQUE","THEME_DATA_ID","1"
"XTHEME_RESOURCE","XTHEME_RESOURCE_PK","UNIQUE","XTHEME_RESOURCE_ID","1"
"XTHEME_RESOURCE","XTHEME_RESOURCE_UK","UNIQUE","RESOURCE_NAME","1"
"XTILE","XTILE_FK1_1_IX","NONUNIQUE","XWORKSPACE_ID","1"
"XTILE","XTILE_PK","UNIQUE","XTILE_ID","1"
"XWORKSPACE","XWORKSPACE_FK2_1_IX","NONUNIQUE","XSOLUTION_ID","1"
"XWORKSPACE","XWORKSPACE_PK","UNIQUE","XWORKSPACE_ID","1"
"XWORKSPACE","XWORKSPACE_UK","UNIQUE","UCL_USER_ID","1"
"XWORKSPACE","XWORKSPACE_UK","UNIQUE","WORKSPACE_NAME","2"
"XWORKSPACE","XWORKSPACE_UK","UNIQUE","XSOLUTION_ID","3"
"YARD_AUDIT_DETAIL","YARD_AUDIT_DETAIL_PK","UNIQUE","YARD_AUDIT_DETAIL_ID","1"
"YARD_AUDIT_TASK","YARD_AUDIT_TASK_PK","UNIQUE","YARD_AUDIT_ID","1"
"YARD_RECURRING_TASK","FK_YARD_RECR_TASK_ID_IDX","NONUNIQUE","TASK_ID","1"
"YARD_RECURRING_TASK","PK_YARD_RECURRING_TASK","UNIQUE","RECURRING_ID","1"
"YARD_TASK_GRP_ELGBLTY","FK_YARD_TASK_GRP_ELGBLTY_1_IX","NONUNIQUE","FACILITY_ID","1"
"YARD_TASK_GRP_ELGBLTY","WORK_AREA_MASTER_ID_FK_1_IX","NONUNIQUE","WORK_AREA_MASTER_ID","1"
"YARD_TASK_GRP_ELGBLTY","YARD_TASK_GRP_ELGBLTY_PK","UNIQUE","YARD_TASK_GRP_ELGBLTY_ID","1"
"YARD_TASK_PATH_DEFN","FK_YARD_TASK_PATH_DEFN_1_1_IX","NONUNIQUE","SOURCE_WORK_AREA_MASTER_ID","1"
"YARD_TASK_PATH_DEFN","FK_YARD_TASK_PATH_DEFN_1_IX","NONUNIQUE","FACILITY_ID","1"
"YARD_TASK_PATH_DEFN","FK_YARD_TASK_PATH_DEFN_2_1_IX","NONUNIQUE","DEST_WORK_AREA_MASTER_ID","1"
"YARD_TASK_PATH_DEFN","YARD_TASK_PATH_DEFN_PK","UNIQUE","YARD_TASK_PATH_DEFN_ID","1"
"YARD_USER_PROFILE","YARD_USER_PROFILE_PK","UNIQUE","YARD_USER_PROFILE_ID","1"
"YARD_USER_TASK_GRP","YARD_USER_TASK_GRP_PK","UNIQUE","YARD_USER_TASK_GRP_ID","1"
"Z_ADD_LOCK_CODE","PK_Z_ADD_LOCK_CODE","UNIQUE","LOCK_CODE_ID","1"
"Z_WMS_ORDER_TMP_LOCAL","IDX_WMS_ORDER_TMP_LOCAL_BILLNO","NONUNIQUE","BILLNO","1"
"Z_WZ_ASN_REF","Z_WZ_ASN_REF","UNIQUE","ASN_ID","1"
"Z_WZ_DESTRUCTION","DESTRUCTION_DTL","UNIQUE","PKT_CTRL_NBR","1"
"Z_WZ_DESTRUCTION","DESTRUCTION_DTL","UNIQUE","PKT_SEQ_NBR","2"
"Z_WZ_DESTRUCTION","DESTRUCTION_DTL","UNIQUE","STAT_CODE","3"
"Z_WZ_ORDER_HDR","Z_WZ_ORDER_HDR_D","UNIQUE","LINE_ITEM_ID","1"
"Z_WZ_PRINT_PSD","IDX_Z_WZ_PRINT_PSD_1","NONUNIQUE","WAVE_NBR","1"
"Z_WZ_PRINT_PSD","IDX_Z_WZ_PRINT_PSD_1","NONUNIQUE","ACCT_RCVBL_ACCT_NBR","2"
"Z_WZ_PRINT_PSD","IDX_Z_WZ_PRINT_PSD_1","NONUNIQUE","WHSE","3"
"Z_WZ_PRINT_PSD","IDX_Z_WZ_PRINT_PSD_1","NONUNIQUE","SPL_INSTR_CODE_2","4"
"Z_WZ_PRINT_PSD","SYS_C0063304","UNIQUE","PK_NBR","1"
"Z_WZ_PRINT_PSD_MB","IDX_Z_WZ_PRINT_PSD_MB_1","NONUNIQUE","WAVE_NBR","1"
"Z_WZ_PRINT_PSD_MB","IDX_Z_WZ_PRINT_PSD_MB_1","NONUNIQUE","ACCT_RCVBL_ACCT_NBR","2"
"Z_WZ_PRINT_PSD_MB","IDX_Z_WZ_PRINT_PSD_MB_1","NONUNIQUE","WHSE","3"
"Z_WZ_PRINT_PSD_MB","IDX_Z_WZ_PRINT_PSD_MB_1","NONUNIQUE","SPL_INSTR_CODE_2","4"
"Z_WZ_PUTAWAY_PRINT","Z_WZ_PUTAWAY_PRINT_U","UNIQUE","TC_ASN_ID","1"
"Z_WZ_PUTAWAY_PRINT","Z_WZ_PUTAWAY_PRINT_U","UNIQUE","TC_LPN_ID","2"
